student_id,student_no,first_calculus_score,second_calculus_score,third_calculus_score,calculus_avg_score,study_hours,attendance_count,homework_score,practice_count
1,20221000001,54.2,42.64,41.97,46.27,11.71,79,87.56,17
2,20221000002,41.15,49.41,61.0,50.52,11.35,82,62.66,22
3,20221000003,28.12,35.3,20.41,27.94,9.01,83,35.26,20
4,20221000004,76.67,82.18,75.0,77.95,15.76,87,47.7,18
5,20221000005,66.08,58.24,50.95,58.42,8.9,89,66.67,22
6,20221000006,58.04,59.89,68.7,62.21,30.27,94,71.79,23
7,20221000007,77.53,75.87,88.8,80.73,18.7,90,71.92,32
8,20221000008,33.45,37.08,31.88,34.14,10.36,88,68.31,8
9,20221000009,31.55,29.52,25.38,28.82,10.32,97,59.81,8
10,20221000010,48.79,27.34,25.68,33.94,15.67,93,51.94,18
11,20221000011,66.23,61.95,59.24,62.47,23.97,70,55.88,7
12,20221000012,54.1,58.33,48.88,53.77,6.94,78,92.3,14
13,20221000013,76.64,94.81,100,90.48,12.79,89,49.84,85
14,20221000014,69.18,69.8,70.02,69.67,22.27,80,87.78,20
15,20221000015,33.74,31.86,37.43,34.34,18.93,86,41.65,23
16,20221000016,30.69,30.46,29.3,30.15,16.82,100,85.42,12
17,20221000017,61.05,51.61,61.83,58.16,6.11,95,42.24,22
18,20221000018,73.97,64.76,56.91,65.21,18.39,91,72.91,9
19,20221000019,28.92,20.46,20,23.13,22.9,87,92.76,22
20,20221000020,38.0,36.68,37.34,37.34,10.68,99,62.03,62
21,20221000021,57.48,52.1,64.35,57.98,13.34,92,82.94,25
22,20221000022,41.81,53.71,49.07,48.2,15.73,97,91.54,21
23,20221000023,57.99,54.6,58.34,56.98,12.53,95,66.24,24
24,20221000024,62.83,55.41,76.74,64.99,2.34,97,98.04,10
25,20221000025,34.44,43.59,42.23,40.09,22.75,94,100,36
26,20221000026,41.21,45.11,48.22,44.85,27.12,92,91.48,33
27,20221000027,67.82,68.59,71.34,69.25,16.0,90,92.41,16
28,20221000028,73.84,49.27,58.14,60.42,10.61,70,62.07,24
29,20221000029,72.64,68.09,74.29,71.67,4.41,96,49.22,39
30,20221000030,25.59,38.92,37.4,33.97,20.49,100,46.69,28
31,20221000031,40.74,23.86,29.14,31.25,19.03,93,67.21,16
32,20221000032,31.71,49.55,47.47,42.91,16.94,69,54.34,91
33,20221000033,60.26,69.94,65.79,65.33,4.28,99,72.29,17
34,20221000034,63.06,60.72,56.57,60.12,16.71,96,65.28,20
35,20221000035,46.21,61.75,67.73,58.56,21.25,100,89.82,29
36,20221000036,69.01,62.02,74.91,68.65,20.75,93,69.21,26
37,20221000037,50.94,34.51,29.88,38.44,18.5,78,86.09,18
38,20221000038,66.0,52.94,59.32,59.42,16.33,82,54.12,100
39,20221000039,72.63,69.71,57.31,66.55,11.04,77,77.58,36
40,20221000040,79.8,93.07,100,90.96,9.17,100,86.66,9
41,20221000041,37.22,40.77,48.06,42.02,20.82,100,80.03,123
42,20221000042,54.22,42.43,29.95,42.2,11.11,93,65.09,22
43,20221000043,34.17,22.68,20,25.62,22.12,89,77.18,22
44,20221000044,45.02,45.04,57.56,49.21,18.21,95,100,17
45,20221000045,23.67,20,20,21.22,5.78,100,58.31,66
46,20221000046,35.06,20,20,25.02,15.65,100,52.95,66
47,20221000047,78.41,87.24,81.92,82.52,30.55,77,90.43,21
48,20221000048,81.05,96.11,100,92.39,15.0,100,60.31,63
49,20221000049,56.63,56.39,40.22,51.08,30.18,83,81.53,24
50,20221000050,68.22,58.72,50.44,59.13,21.97,81,80.83,25
51,20221000051,71.78,81.3,81.87,78.32,17.69,92,79.38,32
52,20221000052,23.91,73.24,65.48,54.21,15.57,93,67.39,30
53,20221000053,73.1,99.06,95.47,89.21,17.58,81,61.81,30
54,20221000054,55.32,56.38,47.65,53.12,14.52,75,60.22,17
55,20221000055,60.99,63.62,58.27,60.96,14.9,72,86.01,30
56,20221000056,40.5,45.47,59.33,48.43,21.32,84,64.95,12
57,20221000057,44.37,49.47,46.58,46.81,17.44,89,86.69,17
58,20221000058,60.49,44.31,32.77,45.86,18.64,93,88.21,28
59,20221000059,48.36,46.37,48.34,47.69,22.83,98,53.94,29
60,20221000060,80.3,100,100,93.43,25.52,86,89.25,61
61,20221000061,50.32,57.3,53.77,53.8,33.1,90,94.41,50
62,20221000062,31.54,30.63,24.53,28.9,5.1,77,52.49,22
63,20221000063,29.35,28.05,23.51,26.97,23.04,87,91.09,30
64,20221000064,47.57,22.93,29.57,33.36,18.48,83,75.22,18
65,20221000065,60.8,60.6,58.24,59.88,11.3,79,93.29,59
66,20221000066,58.29,66.69,55.51,60.16,19.27,74,100,18
67,20221000067,35.11,34.21,40.21,36.51,12.31,91,75.32,44
68,20221000068,63.34,70.02,72.61,68.66,30.41,77,70.44,24
69,20221000069,64.9,46.52,44.02,51.81,10.07,100,96.31,22
70,20221000070,53.26,54.48,62.16,56.63,16.91,75,89.8,25
71,20221000071,58.03,46.58,49.73,51.45,16.92,100,87.44,17
72,20221000072,51.09,52.84,63.7,55.88,19.78,100,62.36,11
73,20221000073,56.03,56.7,62.4,58.38,9.6,75,100,54
74,20221000074,42.51,32.86,30.06,35.14,18.57,78,41.89,52
75,20221000075,76.18,85.03,67.12,76.11,18.13,77,65.46,27
76,20221000076,44.77,33.11,41.23,39.7,19.04,80,79.56,18
77,20221000077,82.71,79.27,65.11,75.7,25.83,90,78.6,16
78,20221000078,63.28,67.88,64.54,65.23,24.98,92,60.89,25
79,20221000079,63.49,53.5,50.82,55.94,22.57,82,70.47,44
80,20221000080,55.52,77.0,67.36,66.63,11.31,83,46.93,36
81,20221000081,59.34,77.25,84.18,73.59,21.41,81,65.31,40
82,20221000082,34.81,30.34,24.54,29.9,21.96,88,74.63,21
83,20221000083,60.66,60.2,67.2,62.69,11.13,84,69.6,40
84,20221000084,50.79,57.26,69.64,59.23,28.34,96,66.87,19
85,20221000085,64.14,73.42,76.77,71.44,12.91,81,61.51,16
86,20221000086,32.23,20,20,24.08,15.15,77,77.36,60
87,20221000087,62.79,74.35,65.85,67.66,12.89,88,65.31,29
88,20221000088,70.75,74.8,68.07,71.21,16.74,89,90.29,20
89,20221000089,52.0,50.09,42.21,48.1,8.55,76,87.95,16
90,20221000090,45.12,46.8,51.15,47.69,30.28,77,46.02,15
91,20221000091,77.15,67.08,52.96,65.73,22.35,97,58.23,38
92,20221000092,70.18,100,100,90.06,17.15,65,56.97,44
93,20221000093,43.23,59.8,48.15,50.39,20.97,93,68.81,19
94,20221000094,60.58,60.44,74.09,65.04,21.46,91,57.53,28
95,20221000095,32.22,40.3,45.31,39.28,20.8,99,73.87,29
96,20221000096,63.3,51.57,56.89,57.25,16.46,95,42.87,15
97,20221000097,65.1,78.31,56.02,66.48,20.48,67,99.84,24
98,20221000098,46.48,55.22,50.11,50.6,15.18,85,68.52,6
99,20221000099,60.8,55.77,57.57,58.05,14.71,87,84.25,44
100,20221000100,54.64,58.01,58.48,57.04,12.79,75,84.06,49
101,20221000101,60.64,63.81,70.27,64.91,3.74,81,62.59,14
102,20221000102,66.59,57.73,53.52,59.28,6.94,86,59.44,16
103,20221000103,67.75,74.13,62.62,68.17,13.49,75,66.33,23
104,20221000104,51.07,75.59,78.66,68.44,5.96,85,59.0,27
105,20221000105,39.66,42.68,47.06,43.13,26.55,94,54.82,38
106,20221000106,41.4,41.28,34.4,39.03,21.64,100,53.15,34
107,20221000107,51.04,72.32,85.1,69.49,24.31,67,60.92,44
108,20221000108,61.98,83.12,80.98,75.36,11.82,100,34.54,10
109,20221000109,54.62,53.11,69.87,59.2,9.54,100,71.47,74
110,20221000110,73.93,96.5,90.92,87.12,17.31,89,100,31
111,20221000111,49.55,60.39,63.29,57.74,18.16,82,84.95,49
112,20221000112,30.94,49.2,49.38,43.17,11.61,80,89.11,16
113,20221000113,58.7,40.24,46.47,48.47,8.68,82,75.03,14
114,20221000114,45.63,48.52,46.56,46.9,20.65,86,90.73,43
115,20221000115,47.75,42.85,38.21,42.94,20.93,94,70.9,14
116,20221000116,71.03,56.58,42.81,56.81,5.76,99,95.45,66
117,20221000117,79.74,84.53,86.79,83.69,18.28,84,79.56,34
118,20221000118,49.94,66.75,62.43,59.71,21.76,81,69.9,20
119,20221000119,88.18,86.82,70.22,81.74,21.25,90,74.7,27
120,20221000120,40.14,51.17,63.36,51.56,15.39,93,60.54,49
121,20221000121,62.7,65.0,71.55,66.42,15.99,82,83.19,40
122,20221000122,77.78,73.9,52.56,68.08,19.51,77,57.33,38
123,20221000123,75.03,83.63,79.6,79.42,24.11,90,84.83,34
124,20221000124,39.94,41.79,53.37,45.03,3.49,84,46.74,35
125,20221000125,35.31,54.95,47.6,45.95,10.59,83,50.54,48
126,20221000126,37.76,43.28,45.24,42.09,11.18,92,56.01,20
127,20221000127,51.42,43.61,47.93,47.65,19.67,69,100,41
128,20221000128,35.17,53.79,56.18,48.38,10.54,88,86.15,27
129,20221000129,44.32,52.98,56.13,51.14,2,76,88.08,38
130,20221000130,42.44,71.54,86.4,66.79,14.25,95,65.84,37
131,20221000131,71.51,71.53,52.36,65.13,4.48,91,72.57,20
132,20221000132,48.22,57.03,65.49,56.91,16.85,90,41.62,11
133,20221000133,64.52,65.16,49.11,59.6,20.41,95,55.54,40
134,20221000134,60.42,63.14,69.49,64.35,21.29,91,65.26,55
135,20221000135,43.61,44.28,54.68,47.52,16.48,96,63.78,10
136,20221000136,73.36,64.67,60.45,66.16,7.58,89,100,26
137,20221000137,84.15,73.97,97.3,85.14,6.16,95,73.04,13
138,20221000138,42.13,28.26,34.61,35.0,16.27,72,52.9,21
139,20221000139,37.05,32.17,25.85,31.69,16.43,100,90.38,13
140,20221000140,52.36,58.38,31.82,47.52,19.12,98,69.08,38
141,20221000141,44.14,38.13,33.44,38.57,12.55,79,69.12,12
142,20221000142,65.48,91.04,100,85.51,17.08,83,52.79,26
143,20221000143,44.97,57.7,77.15,59.94,20.53,87,63.0,11
144,20221000144,78.99,100,93.57,90.85,16.2,88,71.6,20
145,20221000145,45.47,48.83,56.91,50.4,5.79,74,75.92,70
146,20221000146,62.0,53.86,41.21,52.36,24.36,100,100,51
147,20221000147,46.8,43.87,43.37,44.68,17.59,80,77.39,27
148,20221000148,59.45,55.26,66.46,60.39,14.95,75,56.22,27
149,20221000149,66.29,62.9,48.13,59.11,20.67,100,56.95,15
150,20221000150,45.13,30.31,26.2,33.88,4.96,100,73.93,23
151,20221000151,50.87,26.42,20,32.43,14.75,89,40.01,12
152,20221000152,77.97,70.85,88.08,78.97,11.75,89,62.66,38
153,20221000153,75.84,89.17,88.99,84.67,2,95,80.37,23
154,20221000154,47.33,47.46,48.8,47.86,23.81,100,81.87,36
155,20221000155,60.63,47.07,48.96,52.22,15.84,89,94.06,31
156,20221000156,64.14,66.62,60.2,63.65,18.95,91,88.19,15
157,20221000157,35.52,26.81,20,27.44,12.21,87,77.72,32
158,20221000158,59.94,30.1,36.76,42.27,21.58,65,67.92,14
159,20221000159,78.05,75.22,72.74,75.34,18.56,71,48.28,23
160,20221000160,65.7,71.12,69.86,68.89,5.79,100,57.37,15
161,20221000161,33.57,81.36,68.16,61.03,21.28,100,54.34,47
162,20221000162,57.24,68.43,82.24,69.3,7.8,85,85.17,20
163,20221000163,68.83,66.48,64.92,66.74,21.29,82,80.25,14
164,20221000164,82.0,91.95,100,91.32,30.14,92,48.75,20
165,20221000165,28.56,49.39,46.89,41.61,19.64,95,54.81,31
166,20221000166,53.55,63.04,68.62,61.74,23.13,94,92.35,78
167,20221000167,51.3,42.45,60.26,51.34,25.82,84,59.6,15
168,20221000168,44.66,26.14,31.29,34.03,11.71,95,73.45,25
169,20221000169,43.36,54.53,54.67,50.85,11.69,91,72.76,55
170,20221000170,54.52,69.06,70.89,64.82,19.24,100,55.85,19
171,20221000171,62.74,71.28,77.51,70.51,17.87,86,85.05,35
172,20221000172,56.97,70.19,91.22,72.79,16.4,91,66.47,47
173,20221000173,56.86,57.6,60.74,58.4,11.07,85,57.51,17
174,20221000174,74.06,47.71,50.4,57.39,7.25,85,76.48,11
175,20221000175,50.6,47.72,53.52,50.61,9.0,75,100,22
176,20221000176,66.31,64.09,61.38,63.93,9.44,90,53.97,69
177,20221000177,35.48,44.76,34.71,38.32,16.09,86,55.62,28
178,20221000178,76.16,54.35,59.04,63.18,16.66,92,83.94,91
179,20221000179,74.23,67.07,70.56,70.62,17.7,100,97.1,64
180,20221000180,29.67,55.32,58.83,47.94,13.39,98,38.72,50
181,20221000181,32.68,47.97,43.76,41.47,17.67,100,100,14
182,20221000182,36.23,55.54,68.95,53.57,15.58,72,74.73,20
183,20221000183,83.31,92.16,97.9,91.12,15.52,84,91.07,15
184,20221000184,49.82,70.14,81.53,67.16,14.58,91,70.59,8
185,20221000185,69.85,47.17,48.89,55.3,14.89,92,51.53,10
186,20221000186,28.26,20,20,22.75,18.6,99,54.97,14
187,20221000187,49.63,45.42,47.24,47.43,13.47,85,49.21,44
188,20221000188,28.67,27.16,38.13,31.32,11.59,91,73.61,9
189,20221000189,70.02,69.97,77.75,72.58,28.09,98,98.0,38
190,20221000190,44.56,61.13,78.88,61.52,23.46,88,100,42
191,20221000191,41.05,37.99,42.81,40.62,26.83,95,51.94,43
192,20221000192,43.42,53.43,60.23,52.36,14.74,83,75.67,20
193,20221000193,35.73,24.46,20,26.73,13.36,97,86.67,44
194,20221000194,69.73,70.71,52.11,64.18,15.11,93,50.36,34
195,20221000195,68.28,63.61,39.9,57.26,10.67,85,93.01,180
196,20221000196,58.49,48.79,47.22,51.5,16.39,97,56.63,30
197,20221000197,61.52,64.23,67.35,64.37,6.47,74,76.58,56
198,20221000198,55.06,53.7,57.18,55.31,18.31,79,99.03,23
199,20221000199,50.24,55.27,51.76,52.42,10.7,100,64.01,27
200,20221000200,40.23,45.65,54.09,46.66,19.16,84,79.65,27
201,20221000201,71.96,83.06,83.0,79.34,17.28,85,82.87,16
202,20221000202,66.33,84.19,63.58,71.37,17.68,83,36.84,27
203,20221000203,51.07,34.16,23.58,36.27,14.18,95,67.66,43
204,20221000204,42.92,40.5,36.04,39.82,7.9,75,73.09,75
205,20221000205,50.66,50.8,48.21,49.89,21.46,84,54.58,15
206,20221000206,48.13,38.79,37.93,41.62,13.93,99,94.6,42
207,20221000207,55.8,56.38,56.59,56.26,18.96,73,99.04,33
208,20221000208,40.64,59.69,61.55,53.96,12.73,82,56.02,21
209,20221000209,62.0,76.21,76.7,71.64,3.61,94,95.83,30
210,20221000210,32.58,35.58,24.62,30.93,25.63,82,47.8,41
211,20221000211,47.62,48.07,58.51,51.4,22.61,92,99.21,18
212,20221000212,58.53,62.47,83.5,68.17,13.73,78,63.12,29
213,20221000213,68.69,68.89,58.92,65.5,16.25,71,68.42,35
214,20221000214,46.71,68.95,65.88,60.51,20.12,88,54.54,16
215,20221000215,58.88,72.37,78.84,70.03,13.37,80,56.4,20
216,20221000216,63.52,67.25,60.61,63.79,13.24,91,55.09,33
217,20221000217,52.52,64.7,68.29,61.84,23.63,84,83.48,47
218,20221000218,35.64,41.74,44.98,40.79,19.72,94,96.88,11
219,20221000219,61.29,61.94,50.84,58.02,13.43,92,65.21,14
220,20221000220,67.34,67.49,53.55,62.79,24.17,93,64.44,54
221,20221000221,28.99,24.98,23.45,25.81,27.85,80,55.39,36
222,20221000222,43.81,41.83,52.83,46.16,22.15,97,71.09,17
223,20221000223,35.91,26.39,30.55,30.95,24.21,98,52.91,20
224,20221000224,36.32,51.75,49.11,45.73,16.53,88,57.99,39
225,20221000225,46.68,20,22.72,29.8,18.32,93,78.31,11
226,20221000226,59.18,61.18,46.05,55.47,9.51,97,100,25
227,20221000227,65.71,72.82,77.42,71.98,6.97,90,91.96,28
228,20221000228,28.97,39.21,31.83,33.34,9.57,95,42.61,24
229,20221000229,52.89,57.7,55.04,55.21,9.46,85,73.44,21
230,20221000230,28.82,38.09,34.83,33.91,23.0,76,55.04,27
231,20221000231,28.84,50.93,36.33,38.7,15.73,75,69.09,34
232,20221000232,81.03,88.01,89.57,86.2,5.7,89,70.58,21
233,20221000233,36.52,34.38,44.87,38.59,14.39,95,58.66,63
234,20221000234,82.54,98.14,97.2,92.63,26.67,61,94.27,41
235,20221000235,64.3,78.98,77.86,73.71,6.41,94,99.57,13
236,20221000236,46.0,63.41,57.24,55.55,11.52,85,62.87,12
237,20221000237,57.49,72.32,70.08,66.63,2.88,100,100,36
238,20221000238,37.08,35.64,23.4,32.04,13.1,90,51.74,26
239,20221000239,90.79,96.07,85.76,90.87,8.66,84,100,77
240,20221000240,80.57,84.17,80.75,81.83,14.23,100,54.45,81
241,20221000241,65.32,62.11,45.47,57.63,8.78,90,56.82,15
242,20221000242,55.73,68.05,71.37,65.05,16.34,77,86.05,35
243,20221000243,62.91,56.68,70.94,63.51,14.99,91,40.59,32
244,20221000244,41.31,20,21.23,27.51,17.28,100,84.11,22
245,20221000245,63.8,41.56,52.45,52.6,24.12,90,85.81,21
246,20221000246,52.84,57.1,59.01,56.32,7.73,90,48.42,12
247,20221000247,56.88,64.65,57.6,59.71,18.15,94,99.51,56
248,20221000248,36.7,41.71,41.1,39.84,20.58,85,100,21
249,20221000249,57.04,52.38,47.39,52.27,16.41,86,83.04,24
250,20221000250,72.21,88.07,92.58,84.29,18.41,84,91.82,69
251,20221000251,51.82,53.01,40.85,48.56,12.67,95,74.74,58
252,20221000252,47.24,26.5,29.34,34.36,12.28,81,54.08,32
253,20221000253,67.53,75.64,61.52,68.23,4.73,96,63.59,12
254,20221000254,35.68,25.37,25.25,28.77,19.6,89,96.09,19
255,20221000255,64.11,52.11,63.62,59.95,3.44,94,60.58,14
256,20221000256,45.08,73.86,79.57,66.17,16.35,86,64.25,28
257,20221000257,31.86,20,20,23.95,17.31,100,56.5,48
258,20221000258,53.71,49.93,60.94,54.86,20.74,92,81.8,20
259,20221000259,62.07,68.48,80.73,70.43,12.43,85,57.42,49
260,20221000260,20.08,20,28.35,22.81,19.22,96,48.21,25
261,20221000261,29.79,20.8,20,23.53,12.07,96,55.62,9
262,20221000262,35.2,43.09,47.55,41.95,20.82,89,55.29,20
263,20221000263,78.5,71.5,65.58,71.86,19.27,100,79.63,20
264,20221000264,54.22,60.27,59.58,58.02,14.17,81,70.48,21
265,20221000265,23.54,20,20,21.18,13.62,100,82.78,31
266,20221000266,41.32,40.39,42.81,41.51,15.75,69,66.46,18
267,20221000267,66.78,58.42,87.7,70.97,20.53,84,92.44,30
268,20221000268,80.72,93.3,95.15,89.72,14.1,91,79.1,18
269,20221000269,40.16,59.59,51.45,50.4,23.42,81,41.13,14
270,20221000270,46.05,37.1,43.65,42.27,9.62,76,47.64,51
271,20221000271,29.52,23.13,39.04,30.56,9.53,68,49.75,46
272,20221000272,27.9,36.13,28.25,30.76,12.42,71,48.81,21
273,20221000273,48.18,63.24,64.27,58.56,5.37,92,75.53,18
274,20221000274,54.04,62.47,69.85,62.12,11.08,100,70.64,54
275,20221000275,49.35,54.91,52.34,52.2,21.62,100,59.94,49
276,20221000276,62.41,52.33,63.08,59.27,12.26,100,43.65,25
277,20221000277,43.72,47.26,37.18,42.72,25.72,88,75.5,26
278,20221000278,59.51,60.63,57.1,59.08,9.83,69,83.86,35
279,20221000279,37.02,38.74,48.75,41.5,25.4,100,83.28,20
280,20221000280,56.86,56.51,59.13,57.5,30.51,93,96.12,36
281,20221000281,47.93,48.8,56.46,51.06,15.84,83,34.73,15
282,20221000282,60.09,65.33,66.43,63.95,8.52,91,48.14,40
283,20221000283,29.33,25.64,20.67,25.21,13.11,91,52.21,24
284,20221000284,88.9,68.0,62.91,73.27,14.14,100,66.03,10
285,20221000285,68.13,62.97,51.43,60.84,14.86,73,61.61,10
286,20221000286,44.65,42.52,38.46,41.88,18.32,78,85.82,10
287,20221000287,37.65,30.52,40.53,36.23,18.77,86,32.53,10
288,20221000288,71.47,69.58,69.95,70.33,21.23,100,53.86,12
289,20221000289,43.79,36.82,40.44,40.35,22.74,98,88.4,25
290,20221000290,80.04,63.61,68.72,70.79,21.86,98,87.81,31
291,20221000291,67.66,53.7,69.56,63.64,18.48,89,59.72,18
292,20221000292,65.95,61.48,73.49,66.97,19.47,96,69.13,14
293,20221000293,24.6,26.56,42.45,31.2,13.31,74,44.45,22
294,20221000294,39.64,52.25,53.63,48.51,17.82,84,43.5,13
295,20221000295,32.36,21.57,23.27,25.73,11.02,87,65.35,17
296,20221000296,34.62,20,30.9,28.51,16.63,100,99.22,9
297,20221000297,29.64,20.33,26.45,25.47,17.7,79,59.53,32
298,20221000298,33.16,27.23,20,26.8,15.88,90,82.68,20
299,20221000299,40.88,45.22,42.37,42.82,2.96,96,94.88,46
300,20221000300,75.29,66.03,75.4,72.24,15.95,100,46.35,15
301,20221000301,44.54,37.38,60.05,47.32,15.54,88,88.87,23
302,20221000302,62.3,56.89,57.74,58.98,18.02,94,69.8,17
303,20221000303,36.42,27.77,20,28.06,15.22,100,52.24,17
304,20221000304,67.61,72.01,72.82,70.81,11.82,95,77.49,14
305,20221000305,46.94,75.36,74.46,65.59,18.9,89,96.16,22
306,20221000306,67.17,100,87.88,85.02,13.51,80,72.65,29
307,20221000307,45.59,50.26,63.37,53.07,21.16,94,58.0,18
308,20221000308,51.52,30.03,20,33.85,15.67,97,59.09,12
309,20221000309,76.19,72.42,57.82,68.81,15.85,89,93.31,23
310,20221000310,56.1,60.22,66.69,61.0,12.45,96,71.34,31
311,20221000311,62.24,65.47,73.27,66.99,17.31,92,70.8,26
312,20221000312,36.94,36.04,27.92,33.63,24.51,89,57.75,7
313,20221000313,53.6,47.11,30.2,43.64,12.01,87,52.1,6
314,20221000314,70.26,44.1,35.25,49.87,20.3,97,79.56,15
315,20221000315,66.72,57.93,61.52,62.06,18.45,97,46.11,75
316,20221000316,36.52,40.46,30.39,35.79,9.88,96,94.81,62
317,20221000317,74.38,69.43,83.97,75.93,15.56,77,92.05,15
318,20221000318,33.55,46.27,57.7,45.84,13.79,84,58.82,74
319,20221000319,70.46,72.0,72.02,71.49,7.78,94,88.75,43
320,20221000320,50.92,70.35,76.88,66.05,14.05,66,47.44,33
321,20221000321,51.43,35.95,20.78,36.05,17.5,86,58.28,36
322,20221000322,79.44,79.69,83.9,81.01,19.46,95,47.65,41
323,20221000323,61.49,52.27,51.53,55.1,22.2,77,47.19,11
324,20221000324,74.73,78.16,76.22,76.37,26.2,85,66.99,35
325,20221000325,45.97,58.39,67.83,57.4,15.94,100,84.25,6
326,20221000326,76.48,85.5,79.95,80.64,23.94,91,100,23
327,20221000327,50.97,44.36,42.05,45.79,24.78,92,46.87,10
328,20221000328,66.07,53.86,48.05,55.99,10.27,93,78.63,49
329,20221000329,37.85,62.44,41.15,47.15,22.26,80,82.28,30
330,20221000330,27.2,32.88,40.95,33.68,26.9,71,69.27,9
331,20221000331,85.72,98.91,96.13,93.59,23.86,91,80.95,16
332,20221000332,50.61,65.18,57.45,57.75,18.01,96,41.87,60
333,20221000333,52.4,56.4,63.94,57.58,15.78,90,76.75,18
334,20221000334,49.63,53.81,51.1,51.51,31.1,88,63.09,58
335,20221000335,65.67,74.01,74.75,71.48,21.14,83,60.48,55
336,20221000336,36.93,44.46,38.93,40.11,13.65,86,49.17,43
337,20221000337,33.82,36.58,33.39,34.6,15.1,84,65.25,18
338,20221000338,63.32,83.51,82.97,76.6,16.63,89,62.95,61
339,20221000339,56.07,63.04,56.28,58.46,21.09,79,100,149
340,20221000340,75.96,74.69,66.97,72.54,12.91,92,98.4,33
341,20221000341,70.12,59.35,51.53,60.33,16.43,73,55.08,31
342,20221000342,51.96,57.16,68.12,59.08,18.79,100,85.22,21
343,20221000343,56.42,54.14,68.1,59.55,11.07,71,68.15,40
344,20221000344,46.09,35.96,39.57,40.54,7.32,92,77.45,40
345,20221000345,65.52,52.79,56.66,58.32,17.76,87,59.96,15
346,20221000346,76.43,48.13,56.86,60.47,15.89,89,51.7,68
347,20221000347,46.78,35.09,56.97,46.28,9.26,90,85.87,9
348,20221000348,64.81,85.07,90.8,80.23,13.28,93,88.27,17
349,20221000349,67.63,77.85,73.85,73.11,22.02,97,100,24
350,20221000350,55.02,47.3,51.02,51.11,21.39,75,95.01,29
351,20221000351,72.57,82.14,86.12,80.28,9.97,73,48.31,24
352,20221000352,51.43,45.4,47.81,48.21,20.85,86,70.91,44
353,20221000353,37.73,42.76,44.38,41.62,13.16,83,39.0,19
354,20221000354,42.66,50.95,63.84,52.48,16.2,88,43.8,23
355,20221000355,36.23,35.57,52.54,41.45,14.37,79,99.85,24
356,20221000356,65.52,73.84,68.35,69.24,6.85,100,100,14
357,20221000357,72.84,85.41,95.52,84.59,24.02,88,75.48,86
358,20221000358,37.74,59.78,25.86,41.13,12.95,82,93.36,29
359,20221000359,73.28,45.62,39.92,52.94,20.05,76,73.99,43
360,20221000360,87.51,73.15,75.02,78.56,20.39,79,97.35,19
361,20221000361,68.23,82.05,67.32,72.53,26.68,84,48.45,25
362,20221000362,89.46,100,92.16,93.87,23.28,85,90.23,44
363,20221000363,75.78,85.9,66.37,76.02,11.83,89,86.9,29
364,20221000364,77.89,88.04,80.89,82.27,16.58,90,67.24,41
365,20221000365,71.87,70.77,82.5,75.05,23.33,94,53.17,21
366,20221000366,70.08,73.93,84.21,76.07,10.08,87,88.78,34
367,20221000367,44.13,50.03,34.24,42.8,22.55,87,86.81,13
368,20221000368,32.51,37.5,42.61,37.54,12.8,100,67.42,43
369,20221000369,58.08,62.75,59.95,60.26,18.01,85,63.41,55
370,20221000370,56.88,59.76,52.2,56.28,15.22,90,63.84,13
371,20221000371,35.86,30.67,48.42,38.32,15.6,100,96.91,61
372,20221000372,42.47,39.93,20,34.13,10.34,79,62.15,6
373,20221000373,66.45,86.75,80.29,77.83,22.74,95,96.0,11
374,20221000374,31.83,24.01,20.53,25.46,6.66,87,81.28,18
375,20221000375,55.16,83.63,77.97,72.25,15.89,81,71.5,14
376,20221000376,31.15,20,20,23.72,17.12,85,78.06,59
377,20221000377,37.67,37.97,43.22,39.62,24.84,81,52.36,22
378,20221000378,48.19,60.37,68.55,59.04,15.1,77,80.08,48
379,20221000379,78.75,74.04,66.34,73.04,20.24,81,86.91,15
380,20221000380,73.78,60.45,88.99,74.41,13.51,85,51.99,41
381,20221000381,59.26,51.85,62.36,57.82,13.72,100,63.83,19
382,20221000382,52.24,67.45,65.49,61.73,17.18,83,52.38,39
383,20221000383,56.72,54.53,53.73,54.99,12.74,97,70.03,38
384,20221000384,58.93,55.76,54.11,56.27,16.02,87,73.19,39
385,20221000385,32.58,23.63,20,25.4,8.79,78,85.37,14
386,20221000386,50.7,69.55,65.19,61.81,24.44,96,45.89,33
387,20221000387,75.31,69.12,57.05,67.16,19.49,83,79.5,8
388,20221000388,69.11,68.3,74.82,70.74,25.81,92,64.84,23
389,20221000389,26.95,20,38.89,28.61,13.92,83,83.22,89
390,20221000390,39.23,31.6,26.98,32.6,23.33,84,93.81,13
391,20221000391,47.19,42.89,29.56,39.88,13.19,81,100,22
392,20221000392,53.65,36.99,28.92,39.85,12.88,80,92.41,52
393,20221000393,20.74,25.82,22.77,23.11,22.66,65,54.68,13
394,20221000394,72.79,76.61,58.75,69.38,15.93,99,47.04,29
395,20221000395,53.76,70.92,51.23,58.64,17.17,90,64.07,50
396,20221000396,39.25,40.25,46.58,42.03,17.18,73,56.02,18
397,20221000397,68.29,63.1,71.33,67.57,25.21,73,99.03,31
398,20221000398,27.73,27.42,25.23,26.79,14.33,68,53.69,26
399,20221000399,46.81,39.29,40.87,42.32,24.23,86,96.21,22
400,20221000400,40.79,55.49,52.38,49.55,16.58,100,63.82,25
401,20221000401,57.56,64.44,55.31,59.1,23.86,89,47.86,20
402,20221000402,78.25,63.2,52.56,64.67,10.77,95,66.38,20
403,20221000403,49.71,56.19,49.73,51.88,12.69,81,92.84,26
404,20221000404,41.51,49.39,51.21,47.37,19.99,84,82.91,17
405,20221000405,49.42,37.05,42.17,42.88,17.01,82,96.15,5
406,20221000406,53.52,52.93,40.72,49.06,33.79,100,58.78,40
407,20221000407,30.33,20,20,23.44,11.06,94,91.28,37
408,20221000408,38.97,21.42,20,26.8,18.17,93,83.38,80
409,20221000409,71.09,85.69,91.58,82.79,30.27,83,57.23,15
410,20221000410,62.07,69.87,74.11,68.68,20.66,95,73.86,11
411,20221000411,59.74,59.29,60.46,59.83,17.11,90,100,18
412,20221000412,34.76,34.47,42.15,37.13,13.96,94,69.44,25
413,20221000413,42.74,45.9,42.23,43.62,10.49,100,94.54,14
414,20221000414,66.62,51.18,30.3,49.37,9.43,97,69.8,17
415,20221000415,36.39,33.28,42.27,37.31,17.16,89,85.43,12
416,20221000416,80.22,66.58,57.8,68.2,2.82,89,73.33,32
417,20221000417,63.32,46.68,43.32,51.11,23.99,86,89.32,36
418,20221000418,43.37,58.99,50.55,50.97,11.46,99,52.76,25
419,20221000419,79.49,76.72,87.27,81.16,21.8,89,89.17,44
420,20221000420,69.61,73.95,72.73,72.1,15.25,88,100,43
421,20221000421,50.62,64.24,56.45,57.1,12.38,82,71.13,26
422,20221000422,83.11,88.19,64.54,78.61,16.73,63,100,33
423,20221000423,64.6,45.51,31.56,47.22,17.69,70,84.72,29
424,20221000424,70.64,65.42,60.73,65.6,18.16,99,75.3,18
425,20221000425,58.62,64.01,71.71,64.78,22.0,84,86.84,43
426,20221000426,62.96,66.01,69.64,66.2,18.69,100,44.95,16
427,20221000427,36.95,30.94,30.6,32.83,23.8,80,73.52,20
428,20221000428,69.05,63.89,60.77,64.57,18.36,96,81.22,14
429,20221000429,36.53,23.93,24.42,28.29,18.8,73,79.3,7
430,20221000430,64.79,53.65,62.77,60.4,18.24,100,95.37,18
431,20221000431,76.81,81.8,76.01,78.21,15.2,99,75.34,58
432,20221000432,43.4,60.86,32.78,45.68,26.26,86,64.05,11
433,20221000433,59.76,72.12,56.58,62.82,19.16,94,80.45,10
434,20221000434,49.87,45.75,42.83,46.15,22.97,69,42.42,69
435,20221000435,69.48,71.66,63.03,68.06,18.21,69,88.47,25
436,20221000436,35.65,35.24,26.45,32.45,18.48,75,94.28,6
437,20221000437,44.08,36.81,33.04,37.98,6.43,83,74.68,28
438,20221000438,83.39,86.78,78.92,83.03,2.94,79,74.02,25
439,20221000439,40.65,49.45,62.15,50.75,29.21,85,83.24,38
440,20221000440,34.3,34.78,34.27,34.45,21.41,100,45.27,11
441,20221000441,39.02,54.29,69.5,54.27,5.96,88,71.2,32
442,20221000442,57.67,65.76,64.28,62.57,13.79,88,84.47,31
443,20221000443,82.96,90.71,76.26,83.31,14.49,93,45.5,53
444,20221000444,52.01,29.4,21.54,34.32,13.11,100,90.84,33
445,20221000445,61.64,54.7,55.35,57.23,21.06,100,48.35,22
446,20221000446,55.24,45.25,59.02,53.17,12.17,86,57.85,7
447,20221000447,51.93,57.7,48.14,52.59,21.67,87,69.06,41
448,20221000448,41.36,62.95,59.81,54.71,14.12,100,74.01,18
449,20221000449,75.05,92.29,77.98,81.77,21.73,80,36.25,14
450,20221000450,49.7,38.4,46.22,44.77,17.49,100,60.75,27
451,20221000451,55.87,57.91,56.29,56.69,15.75,88,92.47,140
452,20221000452,38.04,57.61,44.2,46.62,27.82,100,46.94,25
453,20221000453,35.01,30.26,25.52,30.26,9.39,87,93.75,18
454,20221000454,38.42,37.68,59.32,45.14,26.68,96,43.81,44
455,20221000455,61.2,73.81,68.97,67.99,17.68,80,52.52,31
456,20221000456,53.97,57.99,40.97,50.98,9.76,96,72.29,52
457,20221000457,73.02,58.02,39.36,56.8,12.05,59,56.12,10
458,20221000458,62.53,70.55,57.3,63.46,24.35,88,72.62,4
459,20221000459,58.42,57.61,55.21,57.08,22.94,85,60.49,55
460,20221000460,78.8,79.24,83.82,80.62,21.46,100,90.18,9
461,20221000461,34.9,48.31,28.48,37.23,23.3,90,77.13,31
462,20221000462,69.66,57.19,51.6,59.48,20.74,77,92.63,24
463,20221000463,56.56,61.77,68.55,62.29,11.47,70,94.62,43
464,20221000464,55.29,56.92,67.98,60.06,10.21,92,48.8,10
465,20221000465,69.19,79.82,97.2,82.07,19.68,99,96.81,30
466,20221000466,61.2,40.24,23.64,41.69,10.6,83,42.89,15
467,20221000467,46.47,60.48,75.82,60.92,13.26,82,63.55,16
468,20221000468,37.77,59.82,45.55,47.71,20.0,74,63.17,16
469,20221000469,37.43,33.98,28.82,33.41,9.51,93,53.75,28
470,20221000470,78.68,80.15,70.19,76.34,14.08,86,42.14,15
471,20221000471,32.6,29.62,27.78,30.0,11.53,75,53.1,12
472,20221000472,31.6,38.26,20,29.95,13.85,86,83.58,18
473,20221000473,69.01,69.75,52.45,63.74,19.05,87,85.98,15
474,20221000474,50.61,48.21,46.63,48.48,19.27,94,87.38,19
475,20221000475,61.49,64.32,63.78,63.2,22.15,95,54.59,27
476,20221000476,48.61,60.7,51.52,53.61,17.71,73,44.79,58
477,20221000477,55.58,55.77,74.9,62.08,16.24,84,43.02,60
478,20221000478,77.51,70.53,73.18,73.74,18.13,82,100,15
479,20221000479,60.86,66.51,62.23,63.2,17.83,78,92.61,29
480,20221000480,78.12,85.58,68.61,77.44,10.17,92,74.46,15
481,20221000481,39.96,20.58,20,26.85,9.84,88,70.02,16
482,20221000482,34.12,44.07,45.4,41.2,10.26,98,46.6,16
483,20221000483,46.04,41.03,42.79,43.29,20.95,79,78.64,43
484,20221000484,75.68,61.61,45.87,61.05,11.62,93,60.85,37
485,20221000485,66.75,76.8,50.5,64.68,24.22,84,58.16,16
486,20221000486,67.07,78.56,72.86,72.83,11.44,99,34.22,38
487,20221000487,59.32,59.13,68.03,62.16,29.14,90,46.89,13
488,20221000488,44.35,30.9,45.01,40.09,22.12,89,85.34,18
489,20221000489,31.59,30.37,42.37,34.78,20.52,78,74.36,29
490,20221000490,50.79,51.24,55.91,52.65,20.52,77,75.18,28
491,20221000491,62.25,67.67,68.49,66.14,14.91,86,63.84,26
492,20221000492,40.33,44.5,44.77,43.2,22.4,93,97.82,13
493,20221000493,51.12,49.01,63.02,54.38,12.18,86,44.75,26
494,20221000494,72.26,51.6,45.21,56.36,20.08,69,89.31,18
495,20221000495,40.53,33.01,35.26,36.27,30.75,82,73.85,42
496,20221000496,77.57,82.81,78.84,79.74,22.72,84,54.75,19
497,20221000497,28.16,25.41,26.3,26.62,25.3,91,36.08,14
498,20221000498,61.75,71.18,71.25,68.06,16.11,100,100,49
499,20221000499,58.17,45.41,48.41,50.66,16.56,91,79.38,16
500,20221000500,40.68,35.39,31.54,35.87,15.07,82,65.87,19
501,20221000501,39.51,42.96,55.27,45.91,19.18,89,44.05,22
502,20221000502,82.38,85.03,90.9,86.1,18.56,90,49.56,17
503,20221000503,34.99,22.51,20,25.83,26.0,71,57.13,23
504,20221000504,57.97,69.81,75.52,67.77,19.91,100,61.57,9
505,20221000505,72.1,79.1,66.75,72.65,14.91,96,72.15,22
506,20221000506,46.35,40.68,43.53,43.52,16.44,78,51.52,26
507,20221000507,65.09,69.65,68.44,67.73,12.25,74,48.13,16
508,20221000508,58.89,53.45,61.77,58.04,14.0,83,74.31,19
509,20221000509,64.87,65.36,68.86,66.36,7.71,67,42.15,47
510,20221000510,40.66,60.62,59.12,53.47,8.11,100,58.82,11
511,20221000511,55.0,60.75,68.77,61.51,15.93,100,51.55,21
512,20221000512,62.72,48.21,65.3,58.74,7.94,83,65.75,51
513,20221000513,37.35,61.35,58.86,52.52,2.52,100,44.42,61
514,20221000514,43.23,23.89,46.42,37.85,19.77,96,62.14,13
515,20221000515,35.14,48.22,50.06,44.47,14.16,100,67.84,31
516,20221000516,43.3,65.57,70.61,59.83,19.81,100,61.13,12
517,20221000517,41.59,35.56,20,32.38,18.22,86,45.88,64
518,20221000518,48.79,43.36,54.86,49.0,2,76,43.25,20
519,20221000519,73.35,70.33,69.98,71.22,10.88,100,68.93,21
520,20221000520,38.16,33.08,22.63,31.29,24.32,87,92.96,16
521,20221000521,49.21,49.5,38.56,45.76,7.57,91,74.11,51
522,20221000522,37.11,48.6,56.99,47.57,10.74,89,51.69,24
523,20221000523,42.61,55.93,45.88,48.14,23.32,72,59.35,55
524,20221000524,50.27,39.32,32.32,40.64,18.02,100,85.47,16
525,20221000525,36.17,33.71,32.08,33.99,3.88,76,86.35,9
526,20221000526,32.02,20,29.63,27.22,20.41,93,62.25,12
527,20221000527,81.76,97.08,97.41,92.08,16.3,90,82.19,17
528,20221000528,53.47,74.9,77.74,68.7,8.4,83,100,21
529,20221000529,50.76,57.17,56.33,54.75,15.04,85,61.47,30
530,20221000530,76.02,96.8,100,90.94,19.58,78,41.96,18
531,20221000531,50.01,32.11,32.3,38.14,13.21,87,76.9,25
532,20221000532,48.48,43.11,26.83,39.47,18.9,92,78.62,23
533,20221000533,60.37,49.04,48.98,52.8,16.19,96,94.57,13
534,20221000534,38.72,20,22.59,27.1,17.76,82,67.02,24
535,20221000535,48.12,55.73,36.81,46.89,14.5,83,58.61,59
536,20221000536,52.02,23.85,20,31.96,31.86,89,42.98,31
537,20221000537,71.4,87.58,81.27,80.08,18.37,65,70.14,143
538,20221000538,62.45,84.9,95.51,80.95,11.54,85,36.58,31
539,20221000539,75.65,84.4,69.88,76.64,17.98,87,57.95,17
540,20221000540,65.69,84.11,89.58,79.79,17.01,94,60.48,27
541,20221000541,72.82,98.32,100,90.38,19.56,96,41.01,23
542,20221000542,55.48,49.75,35.51,46.91,14.17,82,98.0,11
543,20221000543,40.64,47.44,39.61,42.56,7.35,80,36.03,15
544,20221000544,55.32,61.06,65.52,60.63,11.64,94,76.87,17
545,20221000545,40.03,30.67,38.25,36.32,26.06,94,78.94,20
546,20221000546,60.85,69.42,78.76,69.68,13.01,87,46.59,4
547,20221000547,41.86,32.46,34.1,36.14,11.95,82,100,18
548,20221000548,20.36,20,20,20.12,19.73,92,34.98,11
549,20221000549,75.95,92.23,86.37,84.85,20.92,83,69.5,47
550,20221000550,48.93,57.35,52.43,52.9,19.84,91,62.43,9
551,20221000551,47.42,20,20.55,29.32,29.66,74,87.18,20
552,20221000552,65.06,64.05,64.56,64.56,9.14,62,96.05,19
553,20221000553,29.36,35.65,20,28.34,16.65,65,38.59,7
554,20221000554,82.52,82.1,53.78,72.8,21.59,99,54.06,12
555,20221000555,47.12,42.58,42.57,44.09,21.06,78,71.64,12
556,20221000556,20.61,21.33,28.73,23.56,14.66,94,40.13,23
557,20221000557,52.86,52.84,68.36,58.02,11.59,84,75.82,35
558,20221000558,47.25,62.04,73.23,60.84,19.96,100,95.19,42
559,20221000559,55.92,53.64,67.29,58.95,22.94,83,42.84,11
560,20221000560,43.83,55.77,50.88,50.16,12.46,81,87.7,29
561,20221000561,70.01,90.6,87.3,82.64,12.33,82,87.81,19
562,20221000562,50.26,38.47,26.64,38.46,16.74,77,72.38,18
563,20221000563,49.5,32.21,27.32,36.34,21.88,98,40.2,23
564,20221000564,47.7,38.99,42.74,43.14,9.04,100,92.48,33
565,20221000565,38.35,31.81,33.68,34.61,11.32,100,53.35,15
566,20221000566,66.37,87.27,73.34,75.66,14.59,76,90.12,30
567,20221000567,40.55,25.64,23.01,29.73,17.54,100,100,27
568,20221000568,59.05,46.45,34.34,46.61,10.64,80,90.24,44
569,20221000569,74.5,75.11,77.15,75.59,31.46,72,90.42,13
570,20221000570,47.55,47.68,56.36,50.53,28.02,100,72.15,35
571,20221000571,58.99,64.21,55.53,59.58,14.65,84,53.71,32
572,20221000572,62.07,59.9,51.5,57.82,22.71,85,88.79,30
573,20221000573,41.4,54.52,63.05,52.99,10.75,90,82.69,31
574,20221000574,34.27,35.34,29.65,33.09,21.75,76,74.4,14
575,20221000575,51.47,69.31,69.34,63.37,5.11,87,91.78,13
576,20221000576,28.21,20,30.89,26.37,30.01,74,87.56,45
577,20221000577,56.51,39.37,38.09,44.66,15.41,79,91.49,17
578,20221000578,62.17,63.8,55.45,60.47,5.8,66,90.82,78
579,20221000579,73.44,79.05,96.22,82.9,22.69,99,92.13,30
580,20221000580,70.79,68.07,88.11,75.66,24.55,98,52.14,12
581,20221000581,32.95,41.89,43.08,39.31,15.02,77,38.76,24
582,20221000582,27.85,38.42,41.52,35.93,7.04,89,76.47,32
583,20221000583,66.87,52.37,72.54,63.93,14.19,75,85.08,30
584,20221000584,74.12,82.44,99.24,85.27,14.39,90,68.14,7
585,20221000585,50.62,57.57,48.66,52.28,15.75,84,88.55,30
586,20221000586,56.4,35.72,37.54,43.22,22.36,78,92.9,66
587,20221000587,76.63,90.65,95.49,87.59,23.21,100,86.88,58
588,20221000588,43.57,20,22.63,28.73,20.65,79,83.85,18
589,20221000589,48.0,54.22,48.05,50.09,20.99,84,58.16,24
590,20221000590,49.73,62.29,65.26,59.09,17.88,91,80.19,22
591,20221000591,56.52,64.8,67.88,63.07,22.24,80,41.88,29
592,20221000592,55.76,72.4,68.46,65.54,14.61,87,81.65,28
593,20221000593,61.25,74.24,62.26,65.92,13.5,100,79.85,31
594,20221000594,36.64,20,32.51,29.72,2,76,99.21,51
595,20221000595,64.25,61.57,67.17,64.33,23.22,74,59.74,22
596,20221000596,64.88,78.56,68.0,70.48,14.39,78,82.33,9
597,20221000597,57.04,82.25,78.16,72.48,23.37,94,88.02,21
598,20221000598,22.72,20,27.98,23.57,2,95,47.3,23
599,20221000599,64.27,58.91,65.11,62.76,14.26,90,68.68,10
600,20221000600,58.5,63.15,38.52,53.39,18.18,88,41.01,37
601,20221000601,36.9,41.65,34.02,37.52,11.63,77,53.6,69
602,20221000602,41.03,30.8,22.71,31.51,12.78,100,58.4,12
603,20221000603,42.26,23.99,20,28.75,17.09,84,56.07,19
604,20221000604,48.88,72.15,86.67,69.23,16.24,97,55.59,42
605,20221000605,64.73,53.95,46.44,55.04,15.57,100,66.25,43
606,20221000606,52.69,48.15,38.12,46.32,16.01,76,61.96,31
607,20221000607,34.43,23.38,30.53,29.45,18.3,73,44.76,45
608,20221000608,40.35,33.46,31.7,35.17,26.61,100,41.72,19
609,20221000609,21.66,25.87,20,22.51,18.6,75,58.66,27
610,20221000610,65.85,78.87,90.26,78.33,14.33,68,62.41,15
611,20221000611,76.39,79.45,94.69,83.51,24.76,94,80.64,21
612,20221000612,76.29,89.98,84.13,83.47,10.59,100,79.84,28
613,20221000613,61.96,50.14,72.8,61.63,16.8,85,65.28,29
614,20221000614,68.33,56.94,39.13,54.8,9.12,97,63.53,50
615,20221000615,43.42,43.44,47.07,44.64,22.69,83,67.51,11
616,20221000616,39.97,36.21,44.78,40.32,13.13,78,66.64,101
617,20221000617,58.23,69.48,60.02,62.58,16.64,78,74.02,34
618,20221000618,43.48,32.09,20,31.86,19.92,91,87.21,44
619,20221000619,65.44,59.55,56.85,60.61,10.55,88,97.25,20
620,20221000620,60.45,53.71,30.97,48.38,8.14,79,37.81,24
621,20221000621,71.64,62.59,58.55,64.26,18.25,91,36.58,19
622,20221000622,66.67,63.39,55.56,61.87,14.65,100,79.13,18
623,20221000623,36.76,22.76,38.84,32.79,7.49,91,72.95,21
624,20221000624,41.68,64.03,58.98,54.9,5.55,91,45.93,36
625,20221000625,57.16,58.75,68.65,61.52,16.36,80,45.21,50
626,20221000626,36.19,23.3,20,26.5,19.06,85,89.69,21
627,20221000627,35.79,36.55,48.43,40.26,19.12,88,56.16,13
628,20221000628,63.28,53.48,71.13,62.63,18.88,92,61.71,27
629,20221000629,53.67,50.79,50.92,51.79,21.71,87,100,14
630,20221000630,57.02,77.09,85.48,73.2,12.72,90,73.46,13
631,20221000631,48.03,34.41,38.87,40.44,13.11,93,69.62,23
632,20221000632,63.98,57.01,53.15,58.05,21.48,100,94.77,25
633,20221000633,57.81,69.72,70.56,66.03,19.99,82,99.86,27
634,20221000634,44.72,59.42,67.32,57.15,22.36,79,58.67,17
635,20221000635,39.54,33.94,39.16,37.55,19.95,90,60.11,36
636,20221000636,70.69,73.21,78.8,74.23,8.23,100,97.47,41
637,20221000637,35.45,44.37,57.99,45.94,10.32,100,46.63,35
638,20221000638,48.8,55.18,39.18,47.72,9.79,73,87.85,12
639,20221000639,36.84,37.05,31.54,35.14,13.04,96,68.02,31
640,20221000640,78.9,68.24,57.04,68.06,25.59,96,56.4,20
641,20221000641,42.2,43.92,55.05,47.06,11.37,92,53.33,36
642,20221000642,65.2,69.52,62.62,65.78,21.66,97,100,22
643,20221000643,28.85,43.04,35.89,35.93,21.22,86,69.4,40
644,20221000644,49.18,52.38,50.97,50.84,15.72,87,75.63,10
645,20221000645,61.26,67.58,66.54,65.13,22.76,71,71.41,39
646,20221000646,30.75,67.22,50.26,49.41,23.5,92,55.78,13
647,20221000647,52.9,71.22,77.81,67.31,20.7,100,75.38,20
648,20221000648,62.21,72.1,70.01,68.11,11.52,85,90.49,40
649,20221000649,63.43,40.75,20,41.39,2.76,81,94.65,17
650,20221000650,45.7,34.77,34.05,38.17,15.84,84,52.43,10
651,20221000651,57.64,50.84,68.78,59.09,9.54,90,82.74,30
652,20221000652,43.11,29.49,24.19,32.26,15.17,91,83.44,5
653,20221000653,51.72,59.58,42.04,51.11,9.85,100,92.56,37
654,20221000654,69.29,82.51,85.64,79.15,8.28,89,75.26,27
655,20221000655,64.04,52.55,68.01,61.53,17.53,78,83.66,15
656,20221000656,33.95,25.69,49.49,36.38,19.24,71,43.39,9
657,20221000657,68.63,72.84,82.42,74.63,8.47,97,100,38
658,20221000658,42.77,40.51,29.24,37.51,23.24,97,58.26,17
659,20221000659,45.62,69.47,72.67,62.59,14.97,71,95.58,68
660,20221000660,60.36,56.44,63.5,60.1,22.11,97,66.62,63
661,20221000661,48.66,47.39,52.84,49.63,12.73,100,47.37,27
662,20221000662,43.2,60.66,62.35,55.4,18.9,87,77.53,14
663,20221000663,28.54,44.63,36.31,36.49,16.29,89,71.61,22
664,20221000664,60.88,55.46,47.67,54.67,15.33,98,75.66,28
665,20221000665,42.83,67.94,84.14,64.97,20.65,89,53.81,15
666,20221000666,65.11,74.05,66.78,68.65,11.67,88,58.05,26
667,20221000667,74.39,58.07,51.74,61.4,24.01,93,58.33,48
668,20221000668,51.16,65.19,76.61,64.32,9.95,79,51.38,28
669,20221000669,39.92,38.72,37.85,38.83,16.03,97,55.3,22
670,20221000670,46.96,45.32,31.65,41.31,17.71,87,78.8,16
671,20221000671,76.79,70.62,69.47,72.29,19.96,95,42.33,11
672,20221000672,78.0,96.22,98.74,90.99,16.12,100,100,64
673,20221000673,73.02,71.25,76.13,73.47,28.03,78,81.09,20
674,20221000674,56.21,38.85,24.24,39.77,7.83,83,91.35,15
675,20221000675,60.14,78.06,60.75,66.32,14.9,94,100,49
676,20221000676,42.59,37.36,40.63,40.19,11.38,100,56.47,16
677,20221000677,53.56,73.85,66.32,64.58,13.86,95,74.07,45
678,20221000678,65.16,80.82,83.89,76.62,7.69,98,60.15,11
679,20221000679,27.33,23.09,20,23.47,12.49,99,44.69,15
680,20221000680,39.0,42.86,39.64,40.5,21.72,86,86.78,20
681,20221000681,55.69,57.3,49.53,54.17,13.46,83,98.24,13
682,20221000682,59.62,54.34,54.47,56.14,17.88,92,68.44,16
683,20221000683,69.39,81.56,80.85,77.27,11.37,94,44.72,21
684,20221000684,45.32,34.28,27.02,35.54,15.52,95,68.03,15
685,20221000685,55.5,48.23,53.94,52.56,22.39,89,35.39,32
686,20221000686,59.74,61.07,47.02,55.94,21.9,90,69.24,37
687,20221000687,73.44,42.13,43.26,52.94,23.41,90,45.78,6
688,20221000688,60.61,44.36,53.49,52.82,20.76,94,78.43,31
689,20221000689,78.09,58.79,52.04,62.97,20.5,86,78.41,11
690,20221000690,64.44,73.31,66.27,68.01,19.96,91,86.44,13
691,20221000691,51.15,41.71,47.52,46.79,16.42,100,75.86,30
692,20221000692,45.5,40.57,40.69,42.25,3.41,94,65.23,21
693,20221000693,52.77,51.49,58.78,54.35,13.96,95,98.71,21
694,20221000694,50.86,58.13,60.58,56.52,18.55,94,77.21,50
695,20221000695,70.44,69.68,67.61,69.24,18.17,87,61.36,28
696,20221000696,60.65,61.28,67.74,63.22,11.32,90,85.39,32
697,20221000697,52.52,35.44,43.69,43.88,17.22,92,80.37,20
698,20221000698,53.73,34.78,50.38,46.3,10.83,87,77.09,37
699,20221000699,58.28,56.96,55.91,57.05,13.88,85,85.13,28
700,20221000700,31.34,21.39,20,24.24,18.07,100,40.92,24
701,20221000701,63.22,76.36,63.24,67.61,19.73,84,41.14,39
702,20221000702,74.0,64.64,68.3,68.98,12.05,99,66.83,20
703,20221000703,60.71,51.64,35.7,49.35,6.3,97,64.0,53
704,20221000704,67.07,74.02,62.05,67.71,12.39,87,68.16,22
705,20221000705,62.68,77.61,85.86,75.38,16.8,86,100,56
706,20221000706,71.91,93.25,92.89,86.02,12.91,75,53.18,22
707,20221000707,49.81,54.51,47.55,50.62,14.52,78,54.04,17
708,20221000708,35.28,34.27,42.05,37.2,17.36,70,81.19,29
709,20221000709,45.4,60.62,70.67,58.9,14.98,73,59.77,13
710,20221000710,70.7,59.4,55.58,61.89,30.5,100,88.83,83
711,20221000711,79.61,70.94,56.08,68.88,17.26,72,75.65,19
712,20221000712,40.43,37.22,42.16,39.94,13.2,96,31.26,22
713,20221000713,47.18,40.54,30.22,39.31,20.37,95,79.44,38
714,20221000714,50.98,57.51,37.06,48.52,7.76,100,54.4,61
715,20221000715,53.99,33.08,24.94,37.34,20.59,76,66.15,25
716,20221000716,73.74,91.13,90.21,85.03,11.85,75,57.84,17
717,20221000717,44.51,40.63,23.92,36.35,13.49,100,89.41,36
718,20221000718,37.74,36.3,48.66,40.9,12.08,98,39.59,84
719,20221000719,78.18,68.8,66.57,71.18,18.04,98,90.9,25
720,20221000720,66.27,76.5,71.96,71.58,21.41,84,70.3,33
721,20221000721,41.84,51.24,54.96,49.35,23.37,83,80.69,15
722,20221000722,68.76,86.29,68.03,74.36,14.62,93,85.77,29
723,20221000723,68.14,87.56,88.5,81.4,13.37,100,65.17,34
724,20221000724,71.14,66.35,42.46,59.98,19.71,89,70.52,35
725,20221000725,49.81,66.73,54.91,57.15,17.99,89,81.36,35
726,20221000726,56.72,23.89,20,33.54,12.18,98,40.71,19
727,20221000727,25.66,35.94,22.62,28.07,2,88,53.31,43
728,20221000728,71.24,70.87,75.76,72.62,15.75,100,40.82,20
729,20221000729,26.21,20,20,22.07,11.35,90,97.63,17
730,20221000730,45.28,36.49,43.49,41.75,23.26,91,93.32,20
731,20221000731,28.79,24.41,20,24.4,2,92,66.07,27
732,20221000732,72.8,64.34,76.97,71.37,8.97,99,78.82,77
733,20221000733,65.16,59.69,55.48,60.11,24.56,78,92.29,8
734,20221000734,44.14,57.4,73.34,58.29,7.61,74,85.11,18
735,20221000735,35.05,24.22,28.62,29.3,9.97,94,83.73,27
736,20221000736,31.2,29.17,20,26.79,18.7,98,74.76,25
737,20221000737,32.99,43.09,37.36,37.81,14.55,92,84.95,49
738,20221000738,35.88,43.34,42.29,40.5,17.07,100,82.71,16
739,20221000739,40.93,39.81,57.03,45.92,11.05,98,66.17,27
740,20221000740,70.44,69.68,78.01,72.71,20.66,98,96.06,12
741,20221000741,37.17,64.5,63.91,55.19,18.45,96,100,40
742,20221000742,32.73,20,33.16,28.63,8.96,87,53.12,29
743,20221000743,62.67,72.52,69.92,68.37,21.49,84,61.38,12
744,20221000744,31.86,45.97,57.79,45.21,19.24,100,82.0,10
745,20221000745,58.58,57.91,55.44,57.31,14.39,83,55.83,62
746,20221000746,78.15,75.96,82.26,78.79,20.04,100,38.11,31
747,20221000747,38.78,20,29.35,29.38,13.4,93,82.15,19
748,20221000748,52.5,49.38,42.66,48.18,18.2,78,48.38,16
749,20221000749,48.27,60.5,82.28,63.68,29.36,79,79.2,41
750,20221000750,77.65,68.94,87.37,77.99,17.63,72,68.71,12
751,20221000751,54.13,61.81,67.28,61.07,24.17,70,77.45,47
752,20221000752,45.47,45.61,27.71,39.6,16.11,93,100,13
753,20221000753,38.5,52.0,69.69,53.4,23.42,80,62.5,11
754,20221000754,72.55,76.27,83.83,77.55,19.4,83,78.12,33
755,20221000755,51.2,34.81,37.78,41.26,11.63,99,77.13,15
756,20221000756,44.17,39.34,53.29,45.6,18.29,79,78.91,31
757,20221000757,33.57,49.07,76.27,52.97,13.2,72,41.49,9
758,20221000758,39.43,22.06,25.58,29.02,19.17,78,68.52,20
759,20221000759,56.53,59.6,55.98,57.37,9.31,90,98.35,21
760,20221000760,49.39,51.44,62.56,54.46,11.81,76,97.79,72
761,20221000761,49.23,32.93,35.45,39.2,16.08,100,90.17,38
762,20221000762,75.37,81.3,85.15,80.61,30.97,96,59.58,65
763,20221000763,35.75,43.63,29.21,36.2,21.99,92,41.7,10
764,20221000764,56.96,59.22,60.25,58.81,21.01,74,74.28,44
765,20221000765,58.53,60.93,53.44,57.63,19.21,77,48.99,20
766,20221000766,32.91,22.83,40.46,32.07,15.48,90,96.53,33
767,20221000767,64.07,44.06,38.12,48.75,10.24,78,100,10
768,20221000768,61.75,54.34,70.68,62.26,21.3,83,42.71,10
769,20221000769,33.26,26.97,23.31,27.85,13.13,85,84.59,18
770,20221000770,58.41,78.04,57.68,64.71,18.37,77,77.48,29
771,20221000771,66.86,50.22,48.99,55.36,20.58,86,32.13,22
772,20221000772,62.86,72.34,81.4,72.2,11.02,94,100,48
773,20221000773,30.78,29.71,31.81,30.77,12.11,100,69.95,48
774,20221000774,83.46,69.28,64.4,72.38,26.74,100,76.15,38
775,20221000775,60.94,49.51,51.78,54.08,18.56,98,72.03,18
776,20221000776,58.38,51.4,44.36,51.38,21.69,89,32.11,40
777,20221000777,53.89,58.04,52.92,54.95,23.05,77,65.92,8
778,20221000778,55.5,59.7,49.55,54.92,22.04,88,59.06,77
779,20221000779,47.66,39.52,47.0,44.73,14.84,100,89.27,39
780,20221000780,40.12,41.83,51.69,44.55,23.26,82,56.48,15
781,20221000781,34.32,31.2,20,28.51,15.46,79,86.43,58
782,20221000782,81.96,89.56,75.25,82.26,15.18,80,67.63,20
783,20221000783,62.96,70.31,69.61,67.63,11.42,74,77.93,37
784,20221000784,70.91,43.72,33.22,49.28,20.23,67,46.0,38
785,20221000785,70.89,73.46,84.21,76.19,20.82,100,84.77,20
786,20221000786,38.63,33.73,41.12,37.83,11.03,86,99.22,36
787,20221000787,72.2,88.61,76.0,78.94,21.49,80,59.7,32
788,20221000788,48.52,47.54,48.91,48.32,6.21,81,87.27,34
789,20221000789,43.82,52.64,55.45,50.64,15.48,81,81.91,15
790,20221000790,75.27,94.25,81.93,83.82,18.63,92,91.92,23
791,20221000791,28.99,28.1,35.87,30.99,11.31,79,52.69,18
792,20221000792,60.76,61.65,57.97,60.13,20.73,90,62.09,34
793,20221000793,67.08,84.99,91.34,81.14,23.33,77,67.0,32
794,20221000794,28.74,28.22,32.0,29.65,9.34,83,37.52,97
795,20221000795,82.42,85.97,87.77,85.39,19.43,99,57.72,15
796,20221000796,78.97,65.1,82.03,75.37,17.61,100,65.32,33
797,20221000797,55.67,39.93,66.42,54.01,18.13,87,100,158
798,20221000798,41.72,44.54,44.35,43.54,14.38,72,51.41,5
799,20221000799,49.76,72.17,92.26,71.4,16.98,98,47.31,20
800,20221000800,42.03,74.13,59.01,58.39,8.62,78,45.78,36
801,20221000801,51.88,43.93,52.15,49.32,19.01,99,93.08,8
802,20221000802,33.39,47.15,65.76,48.77,12.09,83,78.85,20
803,20221000803,69.84,78.34,92.16,80.11,15.83,98,100,95
804,20221000804,63.92,66.97,89.01,73.3,18.67,63,30,81
805,20221000805,50.18,51.52,51.15,50.95,7.29,100,51.12,12
806,20221000806,55.0,58.97,62.01,58.66,14.87,90,74.63,37
807,20221000807,56.19,44.49,56.12,52.27,9.18,97,52.37,38
808,20221000808,72.02,58.24,64.47,64.91,16.96,81,93.72,17
809,20221000809,43.2,41.1,38.8,41.03,19.62,91,46.93,29
810,20221000810,66.44,96.62,95.77,86.28,21.26,81,78.93,17
811,20221000811,61.67,52.93,59.21,57.94,19.49,91,81.48,18
812,20221000812,64.69,81.22,77.97,74.63,13.13,97,82.25,6
813,20221000813,65.9,73.08,100,79.66,16.82,91,75.66,64
814,20221000814,36.78,50.67,51.59,46.35,11.48,90,67.86,52
815,20221000815,23.82,42.26,38.34,34.81,16.7,83,43.41,22
816,20221000816,47.77,64.59,61.7,58.02,23.07,94,72.03,12
817,20221000817,70.47,44.58,36.07,50.37,24.73,96,58.88,45
818,20221000818,45.86,69.63,74.95,63.48,15.26,81,97.87,38
819,20221000819,75.82,88.47,84.24,82.84,18.68,94,75.3,19
820,20221000820,49.03,62.09,39.52,50.21,14.81,95,56.31,21
821,20221000821,53.56,56.0,62.83,57.46,19.72,100,72.71,48
822,20221000822,55.3,28.01,33.62,38.98,13.39,96,76.55,32
823,20221000823,33.22,26.73,37.36,32.44,12.51,87,95.57,13
824,20221000824,34.93,35.87,32.85,34.55,15.24,75,91.93,13
825,20221000825,84.42,78.23,100,87.55,17.95,84,67.74,22
826,20221000826,37.94,33.74,28.98,33.55,27.18,91,47.26,71
827,20221000827,36.88,51.62,52.79,47.1,19.33,83,36.26,121
828,20221000828,69.58,67.37,67.72,68.22,15.1,100,99.22,31
829,20221000829,55.6,52.38,37.66,48.55,21.01,91,94.59,42
830,20221000830,72.42,73.19,87.17,77.59,31.73,99,78.34,60
831,20221000831,82.58,79.89,61.16,74.54,20.1,80,76.41,23
832,20221000832,68.18,76.99,66.17,70.45,19.4,100,56.73,29
833,20221000833,77.7,50.22,40.43,56.12,20.02,90,60.48,106
834,20221000834,70.44,70.32,67.56,69.44,17.54,100,58.21,21
835,20221000835,73.87,81.89,87.59,81.12,9.94,68,69.29,16
836,20221000836,54.9,75.9,61.4,64.07,9.88,75,67.66,11
837,20221000837,71.97,71.58,51.54,65.03,10.36,84,77.84,13
838,20221000838,48.63,59.13,56.66,54.81,15.53,82,88.74,27
839,20221000839,68.52,70.31,62.81,67.21,14.18,88,75.9,17
840,20221000840,72.46,85.61,83.66,80.58,24.14,97,74.95,33
841,20221000841,50.93,69.67,39.99,53.53,22.72,98,46.51,18
842,20221000842,48.3,68.15,57.11,57.85,25.64,92,85.98,57
843,20221000843,49.03,59.36,54.33,54.24,18.86,100,100,61
844,20221000844,35.92,29.61,21.48,29.0,23.06,100,54.07,28
845,20221000845,37.12,35.81,31.14,34.69,10.42,99,74.17,34
846,20221000846,56.73,66.17,52.14,58.35,14.65,75,49.83,20
847,20221000847,52.69,44.73,39.55,45.66,17.34,92,66.35,13
848,20221000848,53.55,56.37,53.85,54.59,10.84,70,50.31,55
849,20221000849,72.22,70.47,58.78,67.16,28.61,97,84.08,18
850,20221000850,43.85,42.46,42.11,42.81,10.31,91,53.21,22
851,20221000851,47.71,37.24,27.72,37.56,12.75,100,60.25,16
852,20221000852,37.25,65.36,60.72,54.44,9.61,87,40.88,12
853,20221000853,77.97,87.9,82.66,82.84,23.34,94,62.62,29
854,20221000854,47.16,64.0,67.24,59.47,13.16,83,52.23,33
855,20221000855,35.81,20,26.64,27.48,24.46,88,49.16,16
856,20221000856,62.88,64.19,61.52,62.86,8.39,84,79.23,78
857,20221000857,29.2,20,20.48,23.23,16.37,92,71.3,34
858,20221000858,43.61,45.01,51.46,46.69,3.73,92,93.82,76
859,20221000859,73.94,70.28,53.31,65.84,18.15,87,87.17,35
860,20221000860,61.44,74.47,66.0,67.3,9.62,100,69.51,11
861,20221000861,43.4,56.97,57.58,52.65,21.76,91,73.63,45
862,20221000862,37.46,34.66,25.18,32.43,9.02,74,99.94,15
863,20221000863,72.26,87.82,96.53,85.54,10.54,90,86.59,15
864,20221000864,59.48,67.6,66.59,64.56,13.04,83,40.69,44
865,20221000865,76.04,64.81,73.85,71.57,13.96,94,40.66,19
866,20221000866,46.17,30.26,30.5,35.64,21.48,92,90.8,20
867,20221000867,40.7,44.88,53.78,46.45,12.77,94,84.58,48
868,20221000868,71.49,83.4,94.52,83.14,22.02,85,52.51,21
869,20221000869,57.36,63.89,43.9,55.05,13.51,81,65.34,63
870,20221000870,32.86,23.53,30.02,28.8,13.44,99,67.83,19
871,20221000871,51.13,41.24,43.38,45.25,23.41,77,77.49,20
872,20221000872,64.74,66.1,70.87,67.24,4.21,90,68.68,21
873,20221000873,66.13,64.88,65.46,65.49,21.23,91,47.35,18
874,20221000874,56.8,58.82,65.38,60.33,10.51,90,59.81,55
875,20221000875,51.12,53.32,61.03,55.16,19.28,93,54.59,23
876,20221000876,49.16,58.99,42.66,50.27,20.7,91,67.73,39
877,20221000877,41.81,31.86,40.36,38.01,8.57,88,82.14,23
878,20221000878,51.49,62.18,56.7,56.79,9.68,100,72.27,43
879,20221000879,31.5,20.87,20,24.12,13.67,100,69.02,11
880,20221000880,57.69,44.07,20,40.59,9.3,87,57.56,19
881,20221000881,59.63,63.3,67.59,63.51,23.04,96,83.73,35
882,20221000882,74.37,53.63,61.46,63.15,11.98,92,54.42,30
883,20221000883,42.78,33.92,50.99,42.56,24.48,93,100,22
884,20221000884,50.75,33.76,56.48,47.0,19.62,78,71.92,81
885,20221000885,73.24,71.59,54.84,66.56,14.72,96,70.47,10
886,20221000886,66.18,79.74,66.51,70.81,11.42,86,51.52,161
887,20221000887,38.78,33.28,39.71,37.26,20.19,70,47.06,33
888,20221000888,36.19,20.72,20,25.64,20.58,75,90.97,25
889,20221000889,67.43,66.48,66.46,66.79,17.48,90,60.38,5
890,20221000890,63.72,79.09,80.66,74.49,4.28,100,47.32,21
891,20221000891,58.18,49.73,30.14,46.02,21.5,86,79.58,16
892,20221000892,44.74,32.06,34.94,37.25,26.35,85,78.48,14
893,20221000893,47.58,45.87,35.1,42.85,16.13,80,89.28,19
894,20221000894,34.62,52.28,49.09,45.33,28.25,83,90.32,15
895,20221000895,75.81,73.44,75.12,74.79,26.17,96,59.6,69
896,20221000896,47.2,45.03,55.88,49.37,10.39,92,76.51,19
897,20221000897,44.41,33.21,20.64,32.75,7.19,80,51.92,17
898,20221000898,46.6,54.06,34.99,45.22,25.03,100,39.86,27
899,20221000899,51.69,66.13,53.59,57.14,26.14,92,78.34,20
900,20221000900,65.29,57.24,55.07,59.2,24.51,89,53.3,52
901,20221000901,66.47,56.83,46.25,56.52,12.89,90,54.08,25
902,20221000902,71.78,65.67,60.53,65.99,10.38,75,78.54,47
903,20221000903,67.43,57.47,63.88,62.93,20.53,65,58.82,75
904,20221000904,47.79,52.82,43.95,48.19,10.75,88,96.97,36
905,20221000905,75.13,100,95.48,90.2,17.72,80,72.44,38
906,20221000906,49.23,46.93,65.03,53.73,15.15,85,65.99,62
907,20221000907,41.12,45.63,60.69,49.15,23.21,100,81.29,28
908,20221000908,43.48,52.89,43.75,46.71,2.81,100,46.61,37
909,20221000909,40.49,43.44,48.58,44.17,24.99,100,73.49,12
910,20221000910,71.99,68.33,62.44,67.59,4.65,88,44.63,24
911,20221000911,59.02,56.19,62.28,59.16,17.75,90,61.96,13
912,20221000912,66.75,83.77,95.33,81.95,18.7,100,85.61,32
913,20221000913,69.7,73.9,70.94,71.51,16.8,98,87.49,13
914,20221000914,56.24,76.03,65.13,65.8,14.01,98,49.0,22
915,20221000915,55.27,41.73,40.76,45.92,10.27,95,41.8,7
916,20221000916,49.91,56.3,52.99,53.07,12.48,93,56.1,44
917,20221000917,44.16,54.37,54.18,50.9,19.71,93,70.81,43
918,20221000918,39.66,38.91,41.14,39.9,26.17,87,98.63,20
919,20221000919,69.78,76.09,93.27,79.71,16.58,96,69.72,76
920,20221000920,36.9,44.16,41.7,40.92,12.87,85,61.92,16
921,20221000921,80.62,100,79.69,86.77,16.12,86,66.87,14
922,20221000922,35.5,37.96,44.12,39.19,13.75,75,99.97,27
923,20221000923,67.8,54.02,51.67,57.83,14.35,79,69.02,43
924,20221000924,55.24,65.21,55.4,58.62,28.54,87,100,18
925,20221000925,67.03,71.2,83.04,73.76,12.51,96,59.02,8
926,20221000926,45.57,21.63,41.63,36.28,16.72,76,78.28,64
927,20221000927,52.88,60.86,70.31,61.35,8.51,86,44.04,16
928,20221000928,44.59,44.16,38.19,42.31,16.83,99,75.61,34
929,20221000929,45.22,54.24,53.04,50.83,21.0,84,40.81,28
930,20221000930,57.89,51.84,52.61,54.11,17.57,89,50.07,19
931,20221000931,37.49,45.69,45.05,42.74,21.55,88,37.82,68
932,20221000932,40.66,27.81,29.19,32.55,15.45,93,69.19,29
933,20221000933,60.11,49.91,45.53,51.85,18.97,84,93.55,24
934,20221000934,44.94,21.86,26.0,30.93,18.28,88,82.3,41
935,20221000935,77.62,96.51,81.57,85.23,7.39,100,91.95,20
936,20221000936,39.78,41.25,40.5,40.51,6.44,80,60.16,23
937,20221000937,58.77,68.5,57.81,61.69,19.41,85,61.41,39
938,20221000938,67.2,78.76,88.79,78.25,20.04,93,52.72,11
939,20221000939,46.53,48.37,42.48,45.79,13.3,77,76.78,24
940,20221000940,37.03,33.6,29.23,33.29,19.96,90,93.65,10
941,20221000941,28.26,41.98,35.47,35.24,16.34,83,52.35,15
942,20221000942,70.33,73.88,92.59,78.93,27.77,95,53.97,14
943,20221000943,65.0,63.94,79.36,69.43,24.01,82,38.11,45
944,20221000944,51.74,40.79,45.64,46.06,28.16,98,74.26,35
945,20221000945,81.7,84.04,97.3,87.68,9.84,76,89.54,20
946,20221000946,64.33,54.81,62.42,60.52,17.43,98,100,28
947,20221000947,76.14,84.02,74.91,78.36,16.85,100,84.92,23
948,20221000948,49.87,44.03,46.03,46.64,17.76,77,52.77,42
949,20221000949,39.32,32.3,24.35,31.99,15.95,75,59.08,48
950,20221000950,38.56,36.57,40.04,38.39,12.4,92,32.45,130
951,20221000951,30.04,47.59,59.93,45.85,16.97,94,69.77,21
952,20221000952,41.66,32.42,20,31.36,15.12,76,71.36,31
953,20221000953,38.03,37.55,20,31.86,8.97,90,70.87,38
954,20221000954,64.03,74.65,99.62,79.43,6.96,89,72.74,21
955,20221000955,46.3,27.07,27.81,33.73,13.65,100,68.4,21
956,20221000956,73.17,67.69,64.47,68.44,9.54,100,94.85,20
957,20221000957,39.43,40.94,41.11,40.49,13.76,82,48.51,79
958,20221000958,63.78,83.09,88.22,78.36,11.24,83,89.4,33
959,20221000959,60.25,62.23,76.27,66.25,9.93,100,67.65,31
960,20221000960,57.34,74.83,84.4,72.19,25.21,76,50.93,47
961,20221000961,65.47,65.11,68.85,66.48,13.4,99,87.45,26
962,20221000962,60.6,60.18,67.94,62.91,8.13,69,77.74,17
963,20221000963,71.49,73.0,73.47,72.65,30.25,68,90.33,19
964,20221000964,62.86,61.32,79.74,67.97,15.62,100,51.66,15
965,20221000965,75.67,67.06,51.24,64.66,8.55,83,99.58,16
966,20221000966,86.99,65.66,60.29,70.98,23.95,79,74.23,13
967,20221000967,77.52,60.36,55.85,64.58,21.07,82,100,33
968,20221000968,52.17,34.1,40.52,42.26,15.28,77,53.64,38
969,20221000969,47.93,62.15,53.44,54.51,15.09,84,71.56,16
970,20221000970,44.31,28.12,20.62,31.02,27.77,83,46.93,50
971,20221000971,48.64,62.15,59.61,56.8,6.0,100,60.74,33
972,20221000972,42.26,49.06,46.04,45.79,11.96,72,74.06,15
973,20221000973,51.58,33.9,39.19,41.56,14.87,94,41.36,11
974,20221000974,48.64,51.98,40.12,46.91,22.02,83,52.34,34
975,20221000975,29.54,44.08,42.94,38.85,21.89,72,78.03,17
976,20221000976,31.63,29.15,53.65,38.14,20.12,75,73.15,18
977,20221000977,47.75,62.52,70.6,60.29,18.65,86,86.58,18
978,20221000978,31.51,21.16,20,24.22,6.29,88,88.22,36
979,20221000979,76.98,64.85,68.39,70.07,15.74,73,82.84,30
980,20221000980,59.0,64.42,66.86,63.43,24.26,97,63.43,24
981,20221000981,60.54,60.53,58.04,59.7,21.93,100,63.32,16
982,20221000982,71.53,59.61,54.3,61.81,19.18,100,59.2,28
983,20221000983,74.88,57.55,70.68,67.7,11.02,89,84.06,24
984,20221000984,49.98,41.64,41.87,44.5,28.24,96,44.82,68
985,20221000985,71.79,61.01,58.06,63.62,17.36,77,83.39,22
986,20221000986,75.05,76.67,82.38,78.03,26.95,78,57.01,97
987,20221000987,68.04,57.34,65.29,63.56,16.91,86,96.54,32
988,20221000988,59.42,57.75,64.84,60.67,3.87,80,84.16,25
989,20221000989,38.96,24.1,29.14,30.73,15.59,95,56.68,26
990,20221000990,53.77,71.54,80.93,68.75,17.59,96,71.16,20
991,20221000991,73.97,64.86,68.81,69.21,16.74,86,62.04,40
992,20221000992,83.32,59.73,50.07,64.37,9.02,93,100,35
993,20221000993,81.86,91.32,100,91.06,15.84,80,96.87,35
994,20221000994,24.11,20,40.21,28.11,19.73,85,88.29,12
995,20221000995,44.31,26.67,36.63,35.87,21.88,83,90.62,40
996,20221000996,52.19,53.18,70.77,58.71,16.84,81,62.47,18
997,20221000997,74.0,60.49,76.1,70.2,23.58,68,62.75,9
998,20221000998,32.78,26.33,40.9,33.34,19.15,92,83.1,71
999,20221000999,63.29,60.78,62.29,62.12,23.52,88,100,31
1000,20221001000,46.03,43.89,46.94,45.62,15.23,80,44.57,34
1001,20221001001,88.69,85.43,79.24,84.45,19.08,92,92.7,32
1002,20221001002,20.07,25.78,29.63,25.16,17.87,84,70.17,40
1003,20221001003,67.79,60.55,70.36,66.23,24.51,92,89.01,11
1004,20221001004,34.89,23.72,28.87,29.16,18.09,79,68.68,28
1005,20221001005,73.06,79.49,79.85,77.47,18.51,73,50.54,34
1006,20221001006,50.8,60.89,52.23,54.64,18.77,93,85.85,27
1007,20221001007,48.56,42.73,50.43,47.24,21.45,99,48.04,15
1008,20221001008,47.2,35.98,26.74,36.64,23.05,77,90.4,11
1009,20221001009,51.72,66.66,82.14,66.84,11.57,100,79.89,27
1010,20221001010,67.08,58.69,69.82,65.2,11.66,100,98.95,39
1011,20221001011,37.65,44.91,67.43,50.0,8.14,84,90.69,13
1012,20221001012,66.42,84.93,84.89,78.75,11.7,96,68.98,25
1013,20221001013,55.73,41.5,24.97,40.73,12.12,81,80.24,15
1014,20221001014,68.1,90.51,91.43,83.35,20.88,92,92.11,74
1015,20221001015,86.29,100,68.33,84.87,12.33,100,96.34,18
1016,20221001016,49.27,52.1,66.91,56.09,21.79,73,87.85,16
1017,20221001017,56.46,66.89,62.74,62.03,8.64,87,68.75,19
1018,20221001018,69.75,51.74,40.46,53.98,18.53,83,78.04,17
1019,20221001019,49.83,38.05,34.59,40.82,14.69,89,87.79,27
1020,20221001020,48.52,39.49,43.65,43.89,13.15,100,98.41,46
1021,20221001021,39.06,39.77,48.07,42.3,12.05,91,46.51,11
1022,20221001022,49.91,45.47,49.02,48.13,15.48,93,65.71,27
1023,20221001023,62.98,55.39,60.99,59.79,17.69,98,82.75,17
1024,20221001024,62.94,71.12,81.8,71.95,14.93,93,72.73,14
1025,20221001025,64.22,74.22,89.42,75.95,21.45,98,90.67,36
1026,20221001026,77.76,79.55,73.41,76.91,21.9,100,81.24,14
1027,20221001027,39.83,29.59,36.36,35.26,15.34,81,61.14,44
1028,20221001028,87.05,76.94,79.82,81.27,12.96,100,94.84,16
1029,20221001029,33.39,40.52,34.75,36.22,21.82,92,68.16,20
1030,20221001030,71.66,75.17,80.75,75.86,11.66,100,100,37
1031,20221001031,36.94,20,28.43,28.46,24.49,77,89.43,49
1032,20221001032,33.4,34.65,31.66,33.24,21.68,91,48.22,16
1033,20221001033,27.63,39.04,54.1,40.26,8.05,85,46.61,47
1034,20221001034,68.4,63.78,63.12,65.1,14.15,85,100,35
1035,20221001035,60.72,79.34,80.57,73.54,13.27,93,91.75,32
1036,20221001036,48.61,36.29,36.17,40.36,8.61,93,95.1,61
1037,20221001037,54.46,48.3,52.62,51.79,21.02,74,90.46,35
1038,20221001038,50.17,47.65,44.99,47.6,18.32,100,96.31,16
1039,20221001039,49.46,47.86,37.48,44.93,26.24,94,85.17,43
1040,20221001040,50.14,50.08,55.32,51.85,3.37,93,66.29,17
1041,20221001041,40.73,49.07,61.25,50.35,16.22,72,45.18,25
1042,20221001042,58.23,64.66,64.26,62.38,11.46,68,50.87,41
1043,20221001043,45.41,37.14,36.02,39.52,2,100,51.48,22
1044,20221001044,46.67,42.07,40.33,43.02,21.58,72,74.07,94
1045,20221001045,58.5,63.85,55.57,59.31,19.11,100,61.37,55
1046,20221001046,61.05,68.05,42.7,57.27,16.23,68,48.71,29
1047,20221001047,48.65,68.06,63.36,60.02,20.18,77,87.97,25
1048,20221001048,80.96,56.96,58.31,65.41,18.14,100,79.34,29
1049,20221001049,47.86,42.61,33.27,41.25,10.16,91,58.66,25
1050,20221001050,65.97,50.04,55.33,57.11,8.75,100,41.76,25
1051,20221001051,60.17,55.92,57.6,57.9,17.25,91,89.6,25
1052,20221001052,58.56,45.47,49.07,51.03,11.19,93,78.42,42
1053,20221001053,32.1,29.54,40.72,34.12,24.04,96,89.32,19
1054,20221001054,36.42,38.53,47.82,40.92,9.4,83,31.18,29
1055,20221001055,48.33,38.07,37.47,41.29,21.28,100,53.72,28
1056,20221001056,51.11,26.9,22.61,33.54,19.27,78,64.3,18
1057,20221001057,27.83,33.26,31.23,30.77,3.73,84,60.49,24
1058,20221001058,62.44,81.37,82.49,75.43,2,99,68.57,10
1059,20221001059,67.95,61.75,51.61,60.44,12.02,90,83.39,33
1060,20221001060,48.61,52.8,62.07,54.49,24.86,94,66.58,29
1061,20221001061,51.34,31.41,34.04,38.93,12.32,89,94.9,19
1062,20221001062,27.22,36.62,20,27.95,15.13,90,67.8,29
1063,20221001063,44.38,42.87,53.13,46.79,19.63,93,69.44,6
1064,20221001064,64.08,56.45,57.77,59.43,12.43,81,87.05,11
1065,20221001065,57.07,62.71,61.45,60.41,18.33,61,47.23,17
1066,20221001066,32.25,20.16,20,24.14,12.52,88,66.81,38
1067,20221001067,57.21,45.1,55.96,52.76,20.86,85,99.54,16
1068,20221001068,60.7,48.31,44.61,51.21,10.51,91,74.64,31
1069,20221001069,51.14,41.02,43.44,45.2,12.3,82,37.23,16
1070,20221001070,45.37,49.83,41.54,45.58,24.71,100,91.87,80
1071,20221001071,68.49,81.94,78.59,76.34,5.98,80,77.2,25
1072,20221001072,30.35,38.95,38.94,36.08,24.33,73,65.85,26
1073,20221001073,55.65,45.07,34.48,45.07,16.0,80,67.01,28
1074,20221001074,29.28,34.84,31.97,32.03,4.25,87,74.82,18
1075,20221001075,68.13,57.63,50.74,58.83,14.23,97,57.39,13
1076,20221001076,69.64,82.2,75.81,75.88,14.13,88,78.33,11
1077,20221001077,55.46,59.12,46.29,53.62,11.85,64,74.3,29
1078,20221001078,40.98,55.41,55.85,50.75,21.77,88,47.7,22
1079,20221001079,58.29,55.93,49.2,54.47,13.63,95,58.0,25
1080,20221001080,67.75,64.5,62.86,65.04,8.63,89,81.79,66
1081,20221001081,32.71,20,20,24.24,20.0,95,42.13,33
1082,20221001082,48.57,46.06,27.76,40.8,11.89,69,90.65,28
1083,20221001083,61.24,66.29,74.07,67.2,22.18,91,93.53,37
1084,20221001084,62.28,52.68,51.88,55.61,16.26,85,94.68,45
1085,20221001085,55.62,65.75,75.71,65.69,13.31,88,69.24,13
1086,20221001086,62.2,69.79,55.6,62.53,19.89,83,64.19,12
1087,20221001087,44.69,58.24,66.16,56.36,10.7,90,63.64,20
1088,20221001088,60.36,61.33,69.07,63.59,20.26,77,98.32,9
1089,20221001089,69.01,77.03,84.74,76.93,14.57,100,45.61,18
1090,20221001090,49.98,37.0,28.47,38.48,13.1,90,94.47,49
1091,20221001091,59.98,68.92,70.17,66.36,3.65,90,65.81,9
1092,20221001092,61.53,68.56,73.91,68.0,10.58,97,87.92,13
1093,20221001093,77.39,63.55,58.96,66.63,16.79,92,81.34,25
1094,20221001094,62.01,87.92,76.47,75.47,21.51,100,72.28,16
1095,20221001095,55.78,43.1,37.49,45.46,17.25,93,99.42,17
1096,20221001096,45.6,49.51,45.18,46.76,8.36,91,72.2,12
1097,20221001097,37.56,20,32.06,29.87,17.25,100,84.97,42
1098,20221001098,34.79,27.66,23.64,28.7,11.48,72,32.11,15
1099,20221001099,32.75,20,20.3,24.35,10.1,86,37.96,12
1100,20221001100,68.01,76.11,60.08,68.07,12.91,95,96.78,6
1101,20221001101,70.82,82.47,95.21,82.83,25.26,66,56.45,25
1102,20221001102,41.9,26.87,41.93,36.9,22.51,71,50.54,12
1103,20221001103,61.45,64.94,53.14,59.84,7.63,89,85.83,59
1104,20221001104,64.8,68.81,58.61,64.07,19.65,74,95.56,23
1105,20221001105,58.88,70.34,84.52,71.25,33.2,95,92.14,12
1106,20221001106,48.58,51.29,34.94,44.94,14.36,94,63.57,16
1107,20221001107,50.78,47.24,35.5,44.51,16.42,100,86.89,11
1108,20221001108,59.38,51.61,58.38,56.46,21.66,81,68.87,17
1109,20221001109,36.29,32.14,43.89,37.44,26.78,98,41.8,32
1110,20221001110,89.27,71.78,71.52,77.52,3.15,76,100,46
1111,20221001111,46.18,32.35,33.47,37.33,15.71,87,83.79,41
1112,20221001112,63.73,67.8,65.87,65.8,21.66,74,74.95,29
1113,20221001113,28.05,34.82,48.38,37.08,11.67,93,56.63,24
1114,20221001114,37.49,28.25,32.75,32.83,10.51,66,47.9,9
1115,20221001115,65.88,66.59,68.84,67.1,19.64,82,47.87,50
1116,20221001116,73.76,59.61,60.27,64.55,17.74,81,71.96,48
1117,20221001117,68.51,69.74,66.86,68.37,8.32,84,75.29,16
1118,20221001118,34.64,36.92,27.24,32.93,5.32,75,58.47,21
1119,20221001119,62.75,67.46,53.68,61.3,22.0,94,65.74,36
1120,20221001120,63.95,75.26,68.88,69.36,17.01,84,83.52,74
1121,20221001121,42.58,38.02,30.72,37.11,10.06,79,100,9
1122,20221001122,47.97,42.9,34.99,41.95,12.32,100,80.01,61
1123,20221001123,73.46,86.27,78.03,79.25,24.99,100,56.33,22
1124,20221001124,38.0,41.54,44.38,41.31,21.33,91,98.02,17
1125,20221001125,48.12,62.88,51.57,54.19,8.76,94,37.41,47
1126,20221001126,63.51,55.81,67.93,62.42,10.26,100,59.85,26
1127,20221001127,66.52,77.58,77.45,73.85,17.15,79,92.96,35
1128,20221001128,83.8,92.2,94.39,90.13,26.02,73,40.09,15
1129,20221001129,49.22,64.58,69.93,61.24,17.17,81,46.53,30
1130,20221001130,42.86,41.81,32.88,39.18,18.55,100,58.24,22
1131,20221001131,67.46,49.61,56.05,57.71,13.02,93,60.86,47
1132,20221001132,56.59,57.22,53.34,55.72,13.25,70,88.24,26
1133,20221001133,70.8,54.75,63.87,63.14,25.74,86,91.36,18
1134,20221001134,55.14,38.81,20,37.98,9.15,81,97.7,20
1135,20221001135,48.91,35.42,34.92,39.75,14.45,67,99.78,87
1136,20221001136,34.89,29.74,44.0,36.21,25.96,94,34.64,14
1137,20221001137,28.52,47.43,71.35,49.1,15.65,68,64.45,14
1138,20221001138,78.81,96.75,100,91.85,8.9,92,71.05,51
1139,20221001139,48.14,59.49,53.19,53.61,15.14,55,47.65,37
1140,20221001140,73.15,78.39,85.26,78.93,25.27,83,62.17,17
1141,20221001141,37.84,39.3,35.06,37.4,30.37,97,78.29,20
1142,20221001142,41.27,34.18,53.95,43.13,9.87,88,43.88,40
1143,20221001143,57.81,53.99,58.69,56.83,6.27,100,44.5,40
1144,20221001144,57.0,52.65,46.31,51.99,20.58,66,49.58,39
1145,20221001145,71.29,65.18,72.64,69.7,21.23,74,74.34,24
1146,20221001146,45.58,49.16,44.76,46.5,18.0,100,47.83,21
1147,20221001147,67.17,72.83,76.84,72.28,9.32,64,90.01,41
1148,20221001148,36.38,32.37,32.52,33.76,23.29,97,49.92,12
1149,20221001149,32.18,20,20,24.06,24.01,100,57.03,51
1150,20221001150,44.72,30.17,20,31.63,18.06,90,100,18
1151,20221001151,50.19,41.99,39.64,43.94,24.56,89,48.28,18
1152,20221001152,64.35,50.59,66.76,60.57,27.84,85,43.2,25
1153,20221001153,55.23,72.34,80.59,69.39,16.19,87,63.79,5
1154,20221001154,51.01,43.61,39.47,44.7,6.72,100,48.38,29
1155,20221001155,23.34,20,23.54,22.29,14.23,78,73.23,11
1156,20221001156,71.55,81.72,83.11,78.79,19.18,82,65.89,8
1157,20221001157,36.4,42.09,40.79,39.76,18.58,100,100,24
1158,20221001158,64.1,71.64,69.63,68.46,20.6,89,71.28,14
1159,20221001159,35.44,20,23.73,26.39,11.49,81,55.88,66
1160,20221001160,69.69,78.51,78.94,75.71,11.11,98,38.96,64
1161,20221001161,50.18,50.61,52.86,51.22,22.32,74,94.8,28
1162,20221001162,60.7,69.62,74.94,68.42,12.29,97,57.47,24
1163,20221001163,51.71,24.3,32.84,36.28,28.32,100,53.54,24
1164,20221001164,76.46,50.44,48.52,58.47,18.02,62,40.03,98
1165,20221001165,30.18,28.84,20,26.34,18.67,100,85.8,22
1166,20221001166,48.35,62.22,46.9,52.49,6.24,81,81.48,16
1167,20221001167,68.56,67.18,64.66,66.8,13.73,96,78.98,11
1168,20221001168,67.89,71.76,80.11,73.25,15.51,92,71.12,36
1169,20221001169,70.18,88.35,90.61,83.05,13.6,77,93.31,61
1170,20221001170,41.84,59.21,67.37,56.14,18.33,100,83.43,51
1171,20221001171,61.68,48.58,53.18,54.48,2,80,96.04,64
1172,20221001172,67.01,82.79,74.94,74.91,17.15,93,59.2,15
1173,20221001173,70.04,76.82,66.34,71.07,4.27,94,66.1,57
1174,20221001174,39.51,33.76,21.76,31.68,27.41,88,52.96,9
1175,20221001175,26.0,20,20,22.0,3.88,86,67.32,10
1176,20221001176,80.54,86.14,95.32,87.33,22.88,84,98.5,61
1177,20221001177,45.58,51.1,57.25,51.31,19.62,74,89.2,28
1178,20221001178,76.37,70.73,59.69,68.93,16.71,100,94.41,16
1179,20221001179,42.73,44.76,39.89,42.46,15.13,95,45.85,25
1180,20221001180,68.84,78.74,82.22,76.6,16.74,78,86.38,8
1181,20221001181,50.21,62.86,50.22,54.43,20.32,87,59.12,12
1182,20221001182,48.14,45.49,41.31,44.98,18.07,100,33.01,29
1183,20221001183,60.12,69.35,75.22,68.23,21.79,96,87.25,15
1184,20221001184,84.02,76.12,79.8,79.98,17.62,98,50.76,9
1185,20221001185,41.83,45.25,40.57,42.55,2,77,100,17
1186,20221001186,52.7,52.46,45.23,50.13,12.01,83,66.16,9
1187,20221001187,47.15,49.46,42.5,46.37,22.37,78,46.83,14
1188,20221001188,52.94,56.0,61.92,56.95,16.86,92,53.98,14
1189,20221001189,70.0,76.0,68.51,71.5,5.85,87,100,45
1190,20221001190,61.18,67.51,56.99,61.89,11.07,100,94.25,11
1191,20221001191,50.49,53.43,27.02,43.65,24.8,100,47.36,28
1192,20221001192,28.55,34.1,33.95,32.2,11.3,88,54.22,21
1193,20221001193,62.13,81.68,87.77,77.19,16.72,100,82.0,34
1194,20221001194,56.09,59.08,54.2,56.46,15.41,89,56.15,8
1195,20221001195,40.12,36.15,47.36,41.21,14.79,95,95.96,13
1196,20221001196,51.58,53.73,50.69,52.0,12.42,96,45.87,10
1197,20221001197,29.39,34.12,45.36,36.29,14.72,100,48.72,58
1198,20221001198,34.9,39.9,39.68,38.16,14.5,97,69.34,17
1199,20221001199,65.12,46.35,50.28,53.92,13.49,71,79.8,47
1200,20221001200,68.17,88.15,96.71,84.34,14.15,91,56.74,22
1201,20221001201,67.47,66.1,79.39,70.99,17.21,71,46.76,17
1202,20221001202,50.84,57.41,56.53,54.93,21.54,79,48.02,38
1203,20221001203,34.57,41.65,58.18,44.8,26.53,98,69.18,25
1204,20221001204,48.7,47.7,45.25,47.22,5.16,98,47.92,53
1205,20221001205,35.72,47.7,29.77,37.73,2.84,92,41.13,28
1206,20221001206,40.3,37.64,45.13,41.02,21.32,89,58.71,45
1207,20221001207,47.68,26.13,20,31.27,18.32,93,60.23,17
1208,20221001208,77.6,81.35,70.97,76.64,21.07,100,75.46,5
1209,20221001209,47.82,44.66,52.73,48.4,16.68,88,55.36,17
1210,20221001210,50.28,67.9,78.39,65.52,18.21,95,75.7,13
1211,20221001211,70.32,77.37,64.73,70.81,9.52,83,100,41
1212,20221001212,80.57,96.8,100,92.46,11.12,80,80.71,41
1213,20221001213,39.23,54.98,55.8,50.0,9.01,72,72.13,24
1214,20221001214,32.47,24.7,35.02,30.73,12.56,89,74.93,14
1215,20221001215,52.65,68.77,63.12,61.51,15.36,87,97.16,8
1216,20221001216,34.61,32.98,38.86,35.48,11.97,91,49.45,15
1217,20221001217,58.4,59.76,66.92,61.69,10.01,88,49.67,15
1218,20221001218,60.26,41.92,35.01,45.73,24.26,85,58.84,37
1219,20221001219,71.53,86.28,89.2,82.34,18.78,88,86.17,49
1220,20221001220,60.06,57.32,72.64,63.34,16.33,90,88.09,25
1221,20221001221,66.53,75.41,73.76,71.9,7.29,94,74.14,18
1222,20221001222,60.86,68.64,90.98,73.49,24.44,87,78.87,73
1223,20221001223,38.63,27.33,36.71,34.22,20.4,83,64.66,15
1224,20221001224,57.31,41.66,45.85,48.27,22.32,92,97.77,12
1225,20221001225,40.18,46.81,31.51,39.5,3.79,79,86.46,9
1226,20221001226,79.29,88.63,83.64,83.85,9.88,81,69.92,14
1227,20221001227,55.0,59.14,43.19,52.44,15.89,85,70.9,14
1228,20221001228,54.01,50.97,55.3,53.43,15.0,83,92.55,4
1229,20221001229,35.93,28.53,29.75,31.4,16.83,80,43.96,18
1230,20221001230,48.1,27.74,24.17,33.34,16.78,86,77.53,27
1231,20221001231,74.65,69.88,78.92,74.48,16.17,93,54.66,63
1232,20221001232,51.33,46.98,43.32,47.21,16.68,87,100,62
1233,20221001233,63.43,82.26,71.73,72.47,7.97,86,82.54,41
1234,20221001234,44.56,46.24,46.87,45.89,16.16,100,82.59,26
1235,20221001235,43.33,45.94,33.71,40.99,9.32,78,48.19,33
1236,20221001236,31.18,20.97,20.48,24.21,8.08,88,66.23,9
1237,20221001237,37.87,46.11,71.19,51.72,16.38,100,90.47,24
1238,20221001238,58.85,44.47,35.43,46.25,12.51,91,67.23,44
1239,20221001239,53.79,61.11,61.33,58.74,12.14,100,71.3,19
1240,20221001240,39.01,47.77,60.01,48.93,10.79,100,66.32,38
1241,20221001241,45.62,39.37,44.55,43.18,27.28,62,66.48,27
1242,20221001242,64.34,40.65,32.49,45.83,24.41,91,51.82,40
1243,20221001243,43.15,49.09,52.89,48.38,16.62,100,58.77,55
1244,20221001244,58.88,53.28,66.35,59.5,16.5,86,63.33,48
1245,20221001245,39.44,38.28,37.7,38.47,16.09,97,67.13,20
1246,20221001246,74.44,82.55,87.27,81.42,12.08,94,79.09,15
1247,20221001247,43.29,34.16,36.35,37.93,14.19,81,76.77,21
1248,20221001248,86.71,69.87,64.79,73.79,22.23,100,82.3,11
1249,20221001249,46.0,62.32,71.39,59.9,25.88,89,77.91,14
1250,20221001250,61.91,53.22,58.14,57.76,21.9,58,80.66,10
1251,20221001251,50.24,58.12,60.17,56.18,2.95,78,100,37
1252,20221001252,48.22,42.09,37.68,42.66,19.38,100,44.05,53
1253,20221001253,59.72,70.83,74.98,68.51,17.19,86,51.37,30
1254,20221001254,28.63,32.76,31.46,30.95,23.12,83,76.31,19
1255,20221001255,37.61,31.47,31.28,33.45,25.85,87,40.05,43
1256,20221001256,29.39,21.89,20,23.76,12.18,91,73.06,37
1257,20221001257,62.17,67.84,53.02,61.01,10.14,98,48.79,29
1258,20221001258,61.39,62.41,54.49,59.43,20.17,88,55.7,17
1259,20221001259,66.63,72.79,76.04,71.82,29.8,100,71.0,29
1260,20221001260,61.28,47.36,43.01,50.55,12.7,94,97.75,41
1261,20221001261,75.65,62.95,76.66,71.75,7.2,61,56.98,16
1262,20221001262,44.31,49.46,45.38,46.38,10.86,72,51.25,27
1263,20221001263,53.31,38.95,59.38,50.55,19.12,77,50.3,34
1264,20221001264,59.08,73.91,80.6,71.2,18.2,91,56.83,38
1265,20221001265,36.37,32.62,20,29.66,13.01,76,71.42,9
1266,20221001266,71.73,63.66,59.32,64.9,10.59,75,83.15,11
1267,20221001267,66.55,53.51,50.84,56.97,18.32,86,70.99,15
1268,20221001268,39.79,43.03,41.19,41.34,22.99,77,100,22
1269,20221001269,76.9,59.97,44.08,60.32,15.21,85,85.43,42
1270,20221001270,50.28,38.25,34.2,40.91,14.12,97,71.5,25
1271,20221001271,25.45,46.8,56.78,43.01,9.44,93,54.83,30
1272,20221001272,65.49,43.2,50.89,53.19,15.03,96,73.05,26
1273,20221001273,53.89,61.58,56.94,57.47,24.25,95,59.94,9
1274,20221001274,65.57,83.57,64.95,71.36,17.9,89,48.44,23
1275,20221001275,51.45,48.58,43.92,47.98,13.78,79,59.93,7
1276,20221001276,69.73,55.04,30.5,51.76,21.34,97,60.55,11
1277,20221001277,48.63,60.64,75.65,61.64,16.05,89,98.04,39
1278,20221001278,68.44,74.28,75.72,72.81,16.51,93,45.6,27
1279,20221001279,58.03,59.45,58.22,58.57,23.13,87,81.28,9
1280,20221001280,63.58,76.06,73.97,71.2,10.79,100,74.79,28
1281,20221001281,52.12,64.33,64.64,60.36,13.07,86,86.37,19
1282,20221001282,69.4,100,91.38,86.93,16.07,81,100,37
1283,20221001283,70.74,56.75,66.29,64.59,5.63,83,51.0,49
1284,20221001284,39.97,34.15,29.8,34.64,13.55,90,56.56,35
1285,20221001285,45.48,62.12,49.75,52.45,6.99,75,51.82,44
1286,20221001286,44.63,57.9,64.5,55.68,19.55,96,53.15,54
1287,20221001287,30.74,34.12,20,28.29,16.33,89,43.57,30
1288,20221001288,65.49,71.51,53.32,63.44,5.17,90,43.16,44
1289,20221001289,39.25,38.12,28.63,35.33,9.69,84,68.39,35
1290,20221001290,41.3,25.16,28.84,31.77,18.61,87,58.42,18
1291,20221001291,37.41,35.62,45.88,39.64,13.85,93,85.81,58
1292,20221001292,43.94,43.81,35.53,41.09,29.42,80,92.75,36
1293,20221001293,57.09,57.91,41.98,52.33,14.06,88,76.86,35
1294,20221001294,41.69,45.32,52.1,46.37,9.76,97,63.53,18
1295,20221001295,62.8,63.23,59.86,61.96,13.83,97,59.15,47
1296,20221001296,37.65,44.66,61.09,47.8,21.58,87,43.06,32
1297,20221001297,20.89,20,20,20.3,8.33,66,75.69,11
1298,20221001298,76.7,70.47,71.93,73.03,17.02,100,46.79,36
1299,20221001299,69.94,51.79,62.73,61.49,16.98,100,93.42,43
1300,20221001300,21.01,20,20.88,20.63,5.4,77,60.82,36
1301,20221001301,39.37,31.56,37.6,36.18,21.33,62,67.22,63
1302,20221001302,59.38,70.53,76.21,68.71,13.08,84,83.91,18
1303,20221001303,41.33,44.14,45.43,43.63,19.5,82,64.88,8
1304,20221001304,63.31,49.92,59.8,57.68,12.97,79,43.38,20
1305,20221001305,57.14,45.2,35.02,45.79,16.15,81,83.75,27
1306,20221001306,44.63,58.57,66.45,56.55,13.3,87,91.91,14
1307,20221001307,54.3,36.48,20,36.93,8.63,68,94.48,8
1308,20221001308,51.01,55.25,64.64,56.97,19.46,80,92.05,38
1309,20221001309,30.58,41.49,44.55,38.87,6.97,100,95.39,14
1310,20221001310,51.16,60.22,70.37,60.58,27.33,76,82.04,19
1311,20221001311,56.07,54.74,41.1,50.64,9.7,100,83.36,70
1312,20221001312,41.45,37.08,30.28,36.27,17.85,71,94.6,37
1313,20221001313,79.78,89.52,100,89.77,10.72,98,51.04,19
1314,20221001314,67.93,65.15,58.17,63.75,13.51,89,96.1,43
1315,20221001315,83.71,81.66,81.04,82.14,24.27,98,64.24,14
1316,20221001316,83.75,86.31,80.19,83.42,15.22,80,63.88,8
1317,20221001317,62.21,69.44,69.52,67.06,5.86,82,76.6,90
1318,20221001318,50.24,48.67,51.73,50.21,31.16,79,64.16,59
1319,20221001319,72.31,77.35,100,83.22,13.01,90,58.05,26
1320,20221001320,70.27,45.73,36.42,50.81,20.71,85,65.94,17
1321,20221001321,46.79,47.04,43.08,45.64,26.29,81,84.42,14
1322,20221001322,52.43,52.12,43.9,49.48,15.37,83,64.26,20
1323,20221001323,71.29,94.21,88.85,84.78,20.65,100,99.08,23
1324,20221001324,58.19,66.31,63.16,62.55,20.92,91,87.15,6
1325,20221001325,65.0,88.87,96.49,83.45,24.29,87,74.63,24
1326,20221001326,38.45,35.54,64.19,46.06,14.19,84,59.33,17
1327,20221001327,56.14,65.94,71.65,64.58,21.11,78,80.52,53
1328,20221001328,24.39,28.18,29.34,27.3,20.51,98,48.1,22
1329,20221001329,56.97,43.5,36.83,45.77,21.46,85,82.66,24
1330,20221001330,72.67,58.1,63.96,64.91,9.41,85,100,51
1331,20221001331,40.67,27.06,22.26,30.0,19.3,90,48.92,31
1332,20221001332,43.54,36.49,20,33.34,9.83,88,89.67,23
1333,20221001333,42.07,52.44,38.32,44.28,5.22,89,73.6,58
1334,20221001334,64.87,46.27,43.11,51.42,10.51,81,100,27
1335,20221001335,45.93,43.48,27.68,39.03,11.85,85,92.67,14
1336,20221001336,41.79,42.1,42.25,42.05,17.38,100,49.8,60
1337,20221001337,72.45,71.89,52.12,65.49,24.34,78,54.18,28
1338,20221001338,67.66,64.19,59.32,63.72,26.74,100,81.75,19
1339,20221001339,59.42,54.7,64.74,59.62,22.39,80,48.87,15
1340,20221001340,65.23,64.25,58.94,62.81,13.93,86,48.46,48
1341,20221001341,65.23,62.4,70.22,65.95,20.3,98,50.36,32
1342,20221001342,31.58,52.22,69.31,51.04,12.7,87,72.0,27
1343,20221001343,34.56,41.75,58.89,45.07,14.69,95,39.42,80
1344,20221001344,69.23,76.05,93.8,79.69,14.98,81,68.07,33
1345,20221001345,81.38,78.99,67.6,75.99,23.95,83,50.11,23
1346,20221001346,56.51,53.26,59.87,56.55,21.33,87,57.98,25
1347,20221001347,56.88,65.38,68.75,63.67,13.82,88,58.43,5
1348,20221001348,22.42,22.46,20.88,21.92,19.38,97,56.47,13
1349,20221001349,71.71,68.59,61.35,67.22,25.37,82,78.59,76
1350,20221001350,74.18,66.47,61.42,67.36,20.4,85,42.93,48
1351,20221001351,31.8,24.36,29.92,28.69,20.12,89,71.7,49
1352,20221001352,50.11,44.44,55.28,49.94,19.0,83,91.65,13
1353,20221001353,59.44,53.59,46.47,53.17,9.35,100,83.34,17
1354,20221001354,52.09,77.32,74.74,68.05,22.72,93,85.18,16
1355,20221001355,25.75,30.11,23.79,26.55,5.96,75,78.55,9
1356,20221001356,44.74,53.44,45.45,47.88,18.12,100,75.98,17
1357,20221001357,65.89,52.21,50.83,56.31,17.87,84,85.74,8
1358,20221001358,30.41,34.77,49.83,38.34,13.94,84,70.57,49
1359,20221001359,79.9,100,98.61,92.84,5.29,88,100,28
1360,20221001360,74.27,68.25,61.58,68.03,18.78,98,84.04,33
1361,20221001361,54.35,28.26,27.75,36.79,19.04,88,67.34,51
1362,20221001362,29.13,22.92,20,24.02,20.43,100,64.25,8
1363,20221001363,50.37,55.12,64.05,56.51,23.24,98,83.41,43
1364,20221001364,62.77,86.62,85.42,78.27,10.32,98,78.89,34
1365,20221001365,40.08,44.18,20,34.75,13.96,81,65.45,39
1366,20221001366,69.84,64.15,69.36,67.78,30.69,99,64.46,20
1367,20221001367,43.2,48.98,37.97,43.38,16.27,94,52.17,18
1368,20221001368,67.28,64.71,46.86,59.62,12.41,83,49.6,9
1369,20221001369,58.39,72.9,59.25,63.51,18.05,84,36.43,37
1370,20221001370,72.43,91.31,93.82,85.85,8.46,91,53.76,14
1371,20221001371,46.06,71.68,78.21,65.32,16.42,95,81.06,49
1372,20221001372,67.96,68.38,66.25,67.53,4.82,84,47.31,16
1373,20221001373,42.38,31.44,42.21,38.68,20.47,78,40.92,38
1374,20221001374,37.21,41.37,32.72,37.1,21.27,93,72.5,42
1375,20221001375,45.01,46.01,57.48,49.5,23.39,87,57.32,12
1376,20221001376,41.04,38.85,30.13,36.67,16.48,72,45.8,6
1377,20221001377,36.29,45.71,44.63,42.21,15.23,92,90.9,19
1378,20221001378,44.4,49.75,54.71,49.62,14.72,86,98.99,12
1379,20221001379,40.91,32.53,41.38,38.27,15.41,83,63.45,27
1380,20221001380,25.1,30.79,32.15,29.35,23.63,84,41.63,60
1381,20221001381,46.83,60.43,61.55,56.27,7.03,94,48.08,21
1382,20221001382,34.67,41.39,39.05,38.37,16.83,100,57.91,28
1383,20221001383,24.71,20,35.56,26.76,14.76,86,59.1,21
1384,20221001384,63.89,65.32,72.03,67.08,18.36,82,75.71,46
1385,20221001385,57.66,53.59,47.25,52.83,14.5,92,60.23,23
1386,20221001386,45.94,59.02,54.87,53.28,14.29,79,90.39,39
1387,20221001387,70.62,71.26,59.47,67.12,12.14,100,72.94,40
1388,20221001388,41.22,41.92,29.15,37.43,23.4,76,79.92,22
1389,20221001389,60.05,56.94,41.74,52.91,11.2,81,49.48,21
1390,20221001390,72.67,84.57,78.21,78.48,23.5,82,87.21,32
1391,20221001391,44.62,47.58,52.94,48.38,10.17,91,70.41,22
1392,20221001392,82.5,74.44,73.27,76.74,18.41,100,78.68,17
1393,20221001393,58.7,55.85,48.96,54.5,14.87,85,65.31,31
1394,20221001394,37.12,53.42,63.85,51.46,20.94,100,100,9
1395,20221001395,82.51,84.07,87.05,84.54,10.57,98,87.82,29
1396,20221001396,36.95,37.38,33.9,36.08,15.4,100,54.6,18
1397,20221001397,69.16,73.51,83.23,75.3,21.51,96,56.74,76
1398,20221001398,30.3,46.35,50.64,42.43,9.48,74,82.93,21
1399,20221001399,68.22,59.74,74.53,67.5,21.55,83,72.04,32
1400,20221001400,41.42,47.98,50.53,46.64,14.92,86,58.98,38
1401,20221001401,49.7,66.01,59.84,58.52,11.32,73,71.33,12
1402,20221001402,69.22,65.1,63.13,65.82,3.56,95,86.57,35
1403,20221001403,65.98,62.17,47.01,58.39,22.18,98,88.6,42
1404,20221001404,33.29,38.44,45.22,38.98,21.22,83,82.41,49
1405,20221001405,40.47,37.49,62.72,46.89,14.09,85,66.13,13
1406,20221001406,25.52,25.97,25.97,25.82,8.71,98,50.8,47
1407,20221001407,38.46,38.42,28.39,35.09,18.94,97,74.35,7
1408,20221001408,69.43,70.45,67.12,69.0,10.1,92,69.43,22
1409,20221001409,28.26,31.67,37.48,32.47,24.83,94,77.93,22
1410,20221001410,65.56,56.3,71.13,64.33,15.21,93,51.76,17
1411,20221001411,60.54,75.83,72.42,69.6,9.84,91,89.21,11
1412,20221001412,35.28,30.18,20,28.49,20.6,79,53.05,22
1413,20221001413,28.14,20,20,22.71,33.49,100,70.34,16
1414,20221001414,41.34,28.41,20,29.92,7.84,76,50.62,46
1415,20221001415,64.06,47.23,51.58,54.29,28.46,95,91.97,10
1416,20221001416,37.44,41.81,28.39,35.88,18.07,81,72.79,31
1417,20221001417,44.62,30.75,20.4,31.92,21.61,87,62.89,16
1418,20221001418,83.24,90.71,95.57,89.84,13.92,100,53.1,19
1419,20221001419,31.31,20.81,35.38,29.17,15.61,73,54.91,12
1420,20221001420,25.89,38.38,39.03,34.43,12.68,81,72.85,41
1421,20221001421,30.06,29.23,23.57,27.62,14.33,83,58.66,69
1422,20221001422,45.4,37.48,32.64,38.51,15.23,98,37.03,48
1423,20221001423,39.34,48.65,56.67,48.22,11.53,100,56.02,26
1424,20221001424,55.58,74.46,92.45,74.16,3.82,71,66.15,18
1425,20221001425,48.68,45.11,40.58,44.79,23.07,90,70.74,15
1426,20221001426,34.22,36.05,47.71,39.33,18.63,83,77.79,13
1427,20221001427,52.54,60.77,65.95,59.75,20.07,82,80.25,22
1428,20221001428,74.92,83.82,91.64,83.46,16.31,100,52.43,36
1429,20221001429,47.82,52.15,56.05,52.01,10.94,92,85.34,24
1430,20221001430,63.81,57.23,55.54,58.86,15.01,82,86.98,50
1431,20221001431,49.19,37.18,43.42,43.26,24.96,89,89.68,29
1432,20221001432,63.3,42.12,26.68,44.03,21.19,89,74.42,9
1433,20221001433,36.49,29.05,24.07,29.87,11.07,76,93.47,61
1434,20221001434,65.15,58.86,50.24,58.08,7.91,80,42.02,8
1435,20221001435,37.76,41.07,42.63,40.49,19.2,100,45.48,108
1436,20221001436,54.36,50.35,49.63,51.45,24.8,95,76.58,29
1437,20221001437,34.44,67.56,64.56,55.52,21.73,86,56.72,64
1438,20221001438,35.46,36.58,28.86,33.63,8.64,85,70.78,12
1439,20221001439,70.48,66.12,76.88,71.16,13.04,76,47.12,18
1440,20221001440,83.15,94.03,100,92.39,19.29,90,80.79,18
1441,20221001441,61.18,44.89,48.92,51.66,18.92,81,95.98,13
1442,20221001442,63.51,67.77,62.0,64.43,20.33,70,72.68,45
1443,20221001443,38.65,41.97,41.84,40.82,10.93,97,91.09,23
1444,20221001444,64.04,84.86,92.34,80.41,7.75,81,57.87,6
1445,20221001445,67.89,84.86,85.75,79.5,20.26,100,42.44,15
1446,20221001446,58.34,65.52,55.51,59.79,20.74,79,30.56,8
1447,20221001447,42.85,39.85,55.16,45.95,12.83,80,92.44,32
1448,20221001448,54.5,60.3,53.75,56.18,14.17,68,86.13,34
1449,20221001449,74.73,86.59,88.76,83.36,12.48,100,56.51,82
1450,20221001450,48.22,46.67,54.5,49.8,34.92,100,86.17,12
1451,20221001451,76.74,82.57,86.1,81.8,15.73,88,92.78,10
1452,20221001452,74.91,76.16,61.98,71.02,13.06,83,66.86,45
1453,20221001453,77.49,70.4,78.1,75.33,21.32,88,96.1,31
1454,20221001454,32.05,23.97,20,25.34,19.38,80,86.38,14
1455,20221001455,40.39,62.43,70.6,57.81,13.87,85,90.2,23
1456,20221001456,51.02,51.49,46.74,49.75,9.87,66,55.27,31
1457,20221001457,43.97,43.48,32.09,39.85,10.04,93,88.55,11
1458,20221001458,85.64,94.44,73.32,84.47,8.09,81,79.5,11
1459,20221001459,75.38,95.9,91.89,87.72,14.68,74,84.74,26
1460,20221001460,25.3,24.38,20,23.23,13.9,78,100,20
1461,20221001461,32.12,28.72,20,26.95,15.33,70,32.24,15
1462,20221001462,32.62,31.95,25.47,30.01,7.34,100,45.6,20
1463,20221001463,45.63,50.35,28.44,41.47,8.5,85,74.13,22
1464,20221001464,65.73,65.77,56.14,62.55,14.71,91,74.92,13
1465,20221001465,70.59,53.15,55.19,59.64,12.94,96,65.58,23
1466,20221001466,53.85,34.25,49.88,45.99,12.76,86,85.89,14
1467,20221001467,39.86,31.11,31.28,34.08,19.01,86,77.61,15
1468,20221001468,63.89,71.79,76.8,70.83,20.64,67,70.34,27
1469,20221001469,52.05,58.06,66.5,58.87,17.04,94,67.61,76
1470,20221001470,42.66,20,20,27.55,21.94,83,93.19,26
1471,20221001471,45.23,51.73,46.43,47.8,12.09,92,83.46,7
1472,20221001472,64.37,71.33,50.63,62.11,13.53,77,100,22
1473,20221001473,26.45,30.23,31.37,29.35,20.03,100,64.49,4
1474,20221001474,63.25,83.74,75.47,74.15,13.84,100,90.4,40
1475,20221001475,65.2,45.9,43.12,51.41,16.04,78,37.82,24
1476,20221001476,75.56,77.92,74.67,76.05,21.71,80,61.94,12
1477,20221001477,61.3,74.89,93.15,76.45,10.02,100,56.57,41
1478,20221001478,41.38,34.29,33.48,36.38,22.95,80,39.27,23
1479,20221001479,84.44,90.31,96.38,90.38,17.97,91,100,71
1480,20221001480,69.26,55.55,53.37,59.39,15.72,97,90.48,33
1481,20221001481,52.77,53.56,62.45,56.26,23.19,100,62.24,32
1482,20221001482,53.75,75.56,85.87,71.73,29.77,100,51.71,38
1483,20221001483,79.56,75.44,82.36,79.12,9.81,100,83.73,64
1484,20221001484,45.89,70.34,48.04,54.76,9.9,70,72.46,19
1485,20221001485,48.45,51.05,56.46,51.99,15.83,92,44.69,30
1486,20221001486,58.51,48.6,40.75,49.29,22.69,84,47.7,14
1487,20221001487,46.88,45.94,47.77,46.86,18.16,93,85.71,30
1488,20221001488,44.73,57.28,51.9,51.3,18.41,84,52.31,16
1489,20221001489,44.86,44.42,55.59,48.29,11.53,97,82.28,29
1490,20221001490,28.43,24.76,27.48,26.89,13.93,100,74.28,40
1491,20221001491,61.52,51.68,36.39,49.86,24.49,96,69.27,8
1492,20221001492,63.85,63.12,75.92,67.63,22.5,88,71.28,28
1493,20221001493,43.58,20,31.87,31.82,4.81,100,100,49
1494,20221001494,57.0,59.39,55.81,57.4,17.67,77,55.1,24
1495,20221001495,51.39,72.71,87.67,70.59,16.54,99,52.7,46
1496,20221001496,52.3,51.39,53.55,52.41,16.58,81,46.36,32
1497,20221001497,51.41,40.86,21.41,37.89,14.09,72,90.36,13
1498,20221001498,76.55,96.28,100,90.94,17.03,78,45.25,29
1499,20221001499,68.04,67.66,69.27,68.32,14.83,89,73.42,13
1500,20221001500,58.28,71.15,51.35,60.26,17.64,84,93.82,62
1501,20221001501,58.71,63.69,55.28,59.23,22.84,81,65.65,15
1502,20221001502,58.25,59.99,72.22,63.49,7.73,85,51.57,43
1503,20221001503,31.71,23.77,33.67,29.72,17.66,97,65.46,8
1504,20221001504,65.3,64.58,58.55,62.81,11.68,94,50.2,11
1505,20221001505,44.07,42.36,31.47,39.3,18.08,89,56.16,16
1506,20221001506,41.74,60.66,58.48,53.63,13.51,98,49.75,80
1507,20221001507,79.51,81.64,93.88,85.01,14.71,91,91.24,28
1508,20221001508,65.69,65.47,54.68,61.95,11.61,95,78.83,22
1509,20221001509,59.13,63.04,65.2,62.46,16.63,84,100,12
1510,20221001510,68.33,69.49,78.12,71.98,11.87,83,56.61,4
1511,20221001511,59.28,73.16,67.56,66.67,15.05,98,58.72,60
1512,20221001512,35.87,29.29,35.09,33.42,23.86,79,85.98,21
1513,20221001513,47.26,42.27,32.93,40.82,21.89,84,100,20
1514,20221001514,40.96,73.09,70.4,61.48,21.95,84,47.39,9
1515,20221001515,73.9,57.64,49.2,60.25,12.83,74,63.66,14
1516,20221001516,54.12,66.83,56.65,59.2,2,100,42.2,20
1517,20221001517,56.09,33.67,53.98,47.91,18.08,86,100,17
1518,20221001518,70.84,70.41,77.39,72.88,13.33,100,89.07,18
1519,20221001519,83.63,76.56,92.66,84.28,20.84,84,95.08,61
1520,20221001520,51.3,40.62,52.98,48.3,12.32,91,95.38,21
1521,20221001521,55.7,71.36,80.89,69.32,9.32,87,52.75,34
1522,20221001522,58.89,53.68,51.14,54.57,19.02,92,68.17,20
1523,20221001523,40.77,29.75,43.22,37.91,13.4,100,59.01,49
1524,20221001524,44.87,34.37,36.57,38.6,17.72,90,47.74,15
1525,20221001525,48.85,40.97,40.22,43.35,22.12,86,39.74,50
1526,20221001526,53.28,51.78,29.16,44.74,16.86,72,82.13,13
1527,20221001527,69.37,66.0,60.99,65.45,9.98,96,56.21,13
1528,20221001528,35.78,25.11,21.11,27.33,30.33,100,66.77,17
1529,20221001529,61.45,78.95,88.01,76.14,22.8,95,100,13
1530,20221001530,42.32,20.6,23.27,28.73,20.74,93,61.51,17
1531,20221001531,61.58,79.73,86.26,75.86,15.0,89,55.31,22
1532,20221001532,41.19,42.23,20,34.47,17.02,98,58.07,30
1533,20221001533,71.52,52.59,48.26,57.46,16.38,77,91.73,12
1534,20221001534,57.34,62.65,57.23,59.07,21.3,90,49.88,19
1535,20221001535,47.99,36.38,37.98,40.78,7.29,80,52.23,18
1536,20221001536,36.46,48.81,42.48,42.58,21.45,96,70.49,40
1537,20221001537,55.51,69.97,79.43,68.3,7.13,61,51.15,7
1538,20221001538,50.53,59.64,62.2,57.46,29.03,88,58.11,59
1539,20221001539,75.78,68.17,72.61,72.19,19.12,100,47.52,70
1540,20221001540,55.65,45.79,46.4,49.28,15.83,89,63.26,11
1541,20221001541,52.77,34.15,32.69,39.87,18.69,93,99.42,18
1542,20221001542,54.27,46.81,55.61,52.23,14.98,100,98.42,20
1543,20221001543,38.95,46.87,69.31,51.71,14.61,92,75.14,26
1544,20221001544,35.18,29.94,33.24,32.79,20.66,83,82.04,13
1545,20221001545,66.93,58.36,65.97,63.75,13.48,88,89.54,9
1546,20221001546,53.13,48.63,39.64,47.13,13.13,86,92.1,52
1547,20221001547,61.03,81.8,89.51,77.45,17.11,89,100,30
1548,20221001548,58.66,67.01,64.35,63.34,19.89,100,86.24,15
1549,20221001549,72.62,72.68,70.13,71.81,11.43,87,78.83,58
1550,20221001550,69.5,80.42,59.85,69.92,17.55,100,85.68,28
1551,20221001551,37.48,38.08,32.33,35.96,20.91,79,68.39,25
1552,20221001552,73.59,84.02,72.63,76.75,23.26,93,58.14,8
1553,20221001553,51.79,48.65,57.31,52.58,22.7,97,55.58,17
1554,20221001554,72.27,88.64,95.55,85.49,15.15,100,44.7,28
1555,20221001555,20,20,20,20.0,13.59,86,55.82,15
1556,20221001556,45.85,48.39,42.09,45.44,24.92,84,96.83,42
1557,20221001557,67.12,72.61,48.92,62.88,13.79,100,62.69,18
1558,20221001558,53.37,78.56,78.19,70.04,16.89,100,58.46,16
1559,20221001559,42.84,50.88,51.27,48.33,20.77,86,47.74,60
1560,20221001560,24.8,26.93,20,23.91,18.19,75,86.04,34
1561,20221001561,44.78,54.83,55.44,51.68,24.05,96,90.24,33
1562,20221001562,31.3,25.9,37.78,31.66,19.17,82,43.61,22
1563,20221001563,42.65,51.17,69.09,54.3,10.39,96,68.27,15
1564,20221001564,30.42,20,20,23.47,17.64,74,61.99,15
1565,20221001565,68.0,63.82,62.93,64.92,19.88,96,65.21,42
1566,20221001566,51.61,51.46,36.67,46.58,17.19,80,77.74,16
1567,20221001567,30.84,24.42,20,25.09,23.47,82,79.75,17
1568,20221001568,55.61,54.56,46.01,52.06,23.11,91,70.37,19
1569,20221001569,54.4,46.4,49.6,50.13,13.05,74,58.64,52
1570,20221001570,43.14,41.25,45.38,43.26,13.77,70,68.62,46
1571,20221001571,34.81,33.84,31.81,33.49,3.93,98,62.76,41
1572,20221001572,64.05,54.49,33.65,50.73,14.81,86,67.38,61
1573,20221001573,43.17,45.35,27.71,38.74,24.31,97,77.42,14
1574,20221001574,61.51,62.51,77.05,67.02,17.93,80,79.31,18
1575,20221001575,50.24,56.97,53.37,53.53,14.99,100,57.22,24
1576,20221001576,39.6,64.41,53.55,52.52,16.42,87,55.15,15
1577,20221001577,27.78,20,29.03,25.6,15.94,77,79.49,37
1578,20221001578,44.31,29.69,20,31.33,24.71,92,50.18,18
1579,20221001579,62.46,64.95,44.74,57.38,21.81,89,46.86,13
1580,20221001580,73.42,62.28,67.38,67.69,8.17,85,45.86,17
1581,20221001581,63.24,75.17,79.98,72.8,18.64,86,96.54,26
1582,20221001582,68.19,100,100,89.4,20.74,77,82.94,35
1583,20221001583,50.19,51.59,66.16,55.98,17.4,85,48.77,18
1584,20221001584,40.68,48.34,56.48,48.5,25.22,100,82.08,10
1585,20221001585,45.77,52.87,66.58,55.07,9.97,96,80.01,34
1586,20221001586,42.56,49.43,60.75,50.91,20.43,89,69.02,38
1587,20221001587,46.27,52.84,44.74,47.95,18.74,91,64.96,14
1588,20221001588,76.11,77.2,72.15,75.15,22.52,91,83.08,29
1589,20221001589,60.35,52.75,41.63,51.58,18.58,93,78.15,16
1590,20221001590,30.74,25.48,21.72,25.98,9.84,85,61.95,13
1591,20221001591,62.51,57.04,62.94,60.83,19.36,97,60.19,13
1592,20221001592,75.28,73.97,44.63,64.63,9.52,83,93.25,61
1593,20221001593,50.59,64.97,62.04,59.2,20.68,70,94.65,34
1594,20221001594,64.34,63.56,54.45,60.78,2,100,96.51,23
1595,20221001595,54.06,45.02,36.36,45.15,15.5,97,77.07,68
1596,20221001596,84.7,64.6,65.57,71.62,16.43,86,77.8,56
1597,20221001597,43.22,54.93,46.87,48.34,18.58,98,66.07,6
1598,20221001598,57.21,48.71,52.46,52.79,17.1,78,65.18,34
1599,20221001599,31.51,25.08,34.62,30.4,3.7,80,65.41,19
1600,20221001600,52.68,62.96,72.96,62.87,20.13,81,42.93,15
1601,20221001601,41.15,34.98,28.83,34.99,18.42,94,91.02,79
1602,20221001602,62.64,43.74,41.38,49.25,22.16,100,90.77,24
1603,20221001603,30.92,35.15,39.37,35.15,18.08,100,51.68,17
1604,20221001604,31.73,39.7,48.56,40.0,13.12,88,30.97,13
1605,20221001605,82.78,84.21,81.67,82.89,18.8,82,74.6,32
1606,20221001606,54.8,59.88,69.71,61.46,9.05,99,74.12,18
1607,20221001607,59.54,40.8,42.84,47.73,17.21,100,59.65,54
1608,20221001608,42.03,48.49,49.5,46.67,8.84,82,54.91,10
1609,20221001609,40.52,43.35,50.56,44.81,11.62,78,47.07,41
1610,20221001610,45.43,47.32,61.56,51.44,12.89,84,77.02,25
1611,20221001611,42.45,46.99,36.06,41.83,10.7,95,72.02,41
1612,20221001612,43.3,36.14,20,33.15,12.95,80,42.37,13
1613,20221001613,47.58,60.78,82.07,63.48,14.0,90,68.86,16
1614,20221001614,64.76,70.36,90.1,75.07,20.25,89,80.51,13
1615,20221001615,41.35,40.81,55.7,45.95,12.29,97,67.29,54
1616,20221001616,56.11,70.91,69.81,65.61,15.64,78,89.19,12
1617,20221001617,71.93,83.71,88.66,81.43,27.62,86,97.06,34
1618,20221001618,71.02,66.02,76.76,71.27,17.46,77,41.47,13
1619,20221001619,41.26,51.14,71.49,54.63,22.17,98,94.76,10
1620,20221001620,29.04,37.0,24.03,30.02,13.27,76,54.44,38
1621,20221001621,74.76,78.34,71.68,74.93,7.51,71,72.94,19
1622,20221001622,67.32,59.24,61.4,62.65,10.2,91,49.14,42
1623,20221001623,48.0,51.22,63.93,54.38,8.96,95,84.38,11
1624,20221001624,43.28,44.32,50.33,45.98,21.39,79,43.13,17
1625,20221001625,63.63,59.35,48.54,57.17,28.5,86,93.11,15
1626,20221001626,50.53,61.46,49.77,53.92,18.16,95,70.85,25
1627,20221001627,33.61,29.57,24.49,29.22,15.07,82,100,15
1628,20221001628,56.34,66.16,58.25,60.25,17.36,66,45.66,20
1629,20221001629,39.04,44.18,39.46,40.89,12.2,75,82.65,6
1630,20221001630,60.56,58.12,54.21,57.63,5.9,88,57.44,38
1631,20221001631,40.24,46.12,45.22,43.86,16.09,87,85.36,19
1632,20221001632,68.68,59.67,47.96,58.77,17.59,100,75.4,13
1633,20221001633,39.17,32.38,41.34,37.63,10.94,75,69.53,21
1634,20221001634,65.41,76.48,53.69,65.19,16.22,86,74.58,16
1635,20221001635,43.78,43.22,30.87,39.29,20.58,92,64.74,36
1636,20221001636,45.65,42.63,54.27,47.52,13.26,87,85.11,31
1637,20221001637,52.09,35.47,34.46,40.67,15.05,83,50.82,23
1638,20221001638,68.23,57.26,58.92,61.47,23.08,66,39.07,12
1639,20221001639,20,33.45,40.06,31.17,18.21,77,45.86,27
1640,20221001640,65.33,67.35,56.77,63.15,9.03,100,70.5,25
1641,20221001641,68.86,70.59,71.18,70.21,13.71,82,48.66,9
1642,20221001642,63.43,58.11,51.53,57.69,9.54,81,78.67,21
1643,20221001643,79.08,92.58,92.82,88.16,12.75,81,43.57,28
1644,20221001644,49.64,44.62,47.24,47.17,11.31,98,47.85,13
1645,20221001645,74.1,60.7,61.25,65.35,12.58,82,53.57,25
1646,20221001646,56.36,74.44,96.14,75.65,20.88,96,88.75,44
1647,20221001647,60.93,47.83,48.63,52.46,25.61,84,54.9,12
1648,20221001648,37.91,28.46,24.75,30.37,14.07,97,82.04,7
1649,20221001649,46.45,43.78,29.88,40.04,20.65,77,48.61,72
1650,20221001650,40.69,30.03,37.19,35.97,11.88,79,52.54,66
1651,20221001651,35.94,39.97,36.2,37.37,28.6,93,69.77,22
1652,20221001652,69.27,78.32,65.16,70.92,23.95,89,82.61,12
1653,20221001653,30.23,39.24,48.71,39.39,9.81,81,43.98,19
1654,20221001654,52.73,62.24,56.98,57.32,22.28,68,86.92,44
1655,20221001655,72.95,60.19,66.83,66.66,11.51,82,71.19,18
1656,20221001656,61.28,44.39,50.17,51.95,14.47,97,79.87,21
1657,20221001657,40.31,44.09,38.52,40.97,17.2,94,70.64,58
1658,20221001658,71.06,82.12,73.95,75.71,9.7,100,88.17,21
1659,20221001659,72.27,60.62,53.26,62.05,19.29,79,100,7
1660,20221001660,65.51,80.07,76.08,73.89,17.99,77,91.6,32
1661,20221001661,62.32,81.11,69.26,70.9,27.23,77,53.64,26
1662,20221001662,68.56,79.86,72.87,73.76,3.99,86,63.67,10
1663,20221001663,65.32,68.61,56.63,63.52,25.76,81,48.17,30
1664,20221001664,72.79,70.31,79.97,74.36,17.8,69,84.89,63
1665,20221001665,34.73,40.0,31.65,35.46,18.24,90,90.61,53
1666,20221001666,38.74,29.65,39.73,36.04,11.71,80,51.81,51
1667,20221001667,83.42,84.24,96.68,88.11,26.28,84,56.63,37
1668,20221001668,45.41,36.34,20,33.92,25.39,91,76.63,35
1669,20221001669,35.77,27.69,23.61,29.02,16.3,100,46.84,11
1670,20221001670,43.0,54.77,62.25,53.34,13.07,84,100,17
1671,20221001671,76.58,80.74,73.63,76.98,16.87,89,61.55,17
1672,20221001672,69.19,62.03,58.04,63.09,29.73,100,44.37,61
1673,20221001673,26.72,29.01,30.51,28.75,18.55,82,34.84,24
1674,20221001674,58.7,62.75,66.9,62.78,17.82,94,100,20
1675,20221001675,57.73,54.96,55.67,56.12,15.74,90,100,18
1676,20221001676,54.38,58.01,55.83,56.07,15.17,97,84.76,20
1677,20221001677,93.6,71.47,60.37,75.15,22.4,93,100,24
1678,20221001678,74.0,72.89,69.03,71.97,12.84,82,57.92,28
1679,20221001679,20.73,37.39,52.52,36.88,22.51,92,70.18,23
1680,20221001680,90.79,85.87,73.99,83.55,21.42,100,48.69,58
1681,20221001681,41.94,51.38,49.81,47.71,14.24,99,94.84,16
1682,20221001682,76.71,82.35,64.52,74.53,14.97,70,85.8,18
1683,20221001683,47.31,46.62,33.53,42.49,18.68,80,33.8,26
1684,20221001684,69.09,72.17,63.4,68.22,17.94,95,41.13,61
1685,20221001685,46.78,43.96,49.81,46.85,6.31,100,42.62,41
1686,20221001686,75.78,57.76,51.3,61.61,9.68,97,51.87,43
1687,20221001687,50.69,44.39,33.14,42.74,6.84,100,98.23,13
1688,20221001688,29.25,28.55,29.26,29.02,17.52,68,96.09,15
1689,20221001689,64.35,83.21,63.83,70.46,20.71,85,56.26,7
1690,20221001690,62.3,73.78,83.16,73.08,24.85,96,84.52,44
1691,20221001691,36.96,48.67,53.19,46.27,22.35,92,100,7
1692,20221001692,44.73,44.62,44.74,44.7,18.14,87,57.23,40
1693,20221001693,71.78,67.21,63.35,67.45,14.13,100,82.35,27
1694,20221001694,49.78,57.45,67.13,58.12,10.95,77,63.55,31
1695,20221001695,50.91,49.23,45.46,48.53,19.18,79,92.27,45
1696,20221001696,53.93,69.89,71.84,65.22,20.6,94,78.29,24
1697,20221001697,61.61,73.41,68.25,67.76,14.46,83,95.44,31
1698,20221001698,20,20,20,20.0,18.39,77,74.91,32
1699,20221001699,26.69,25.86,31.44,28.0,13.69,100,74.14,22
1700,20221001700,45.4,58.58,67.57,57.18,9.03,94,51.98,9
1701,20221001701,68.66,71.91,82.82,74.46,22.39,85,67.8,47
1702,20221001702,63.62,53.84,46.98,54.81,23.05,84,77.59,32
1703,20221001703,64.35,43.12,45.3,50.92,19.47,77,68.76,31
1704,20221001704,48.07,40.31,28.4,38.93,22.56,82,56.38,61
1705,20221001705,50.74,50.37,51.08,50.73,18.7,57,55.87,19
1706,20221001706,73.46,64.05,73.62,70.38,12.37,81,98.25,28
1707,20221001707,62.47,68.78,73.85,68.37,10.34,92,82.67,29
1708,20221001708,32.62,30.46,32.4,31.83,13.49,86,71.85,47
1709,20221001709,65.23,57.61,47.13,56.66,12.29,83,66.73,41
1710,20221001710,67.49,71.78,64.46,67.91,7.01,99,67.22,23
1711,20221001711,35.6,29.56,42.21,35.79,11.81,97,84.04,37
1712,20221001712,39.61,48.89,61.73,50.08,13.59,87,56.07,16
1713,20221001713,58.52,68.42,57.88,61.61,8.18,72,82.86,36
1714,20221001714,37.55,36.25,36.94,36.91,23.79,99,57.62,19
1715,20221001715,31.84,60.73,70.12,54.23,16.78,88,48.19,31
1716,20221001716,59.98,82.75,84.7,75.81,12.1,97,84.05,20
1717,20221001717,84.74,96.89,96.92,92.85,17.47,98,78.41,18
1718,20221001718,65.42,53.75,43.07,54.08,11.27,93,70.31,32
1719,20221001719,58.64,62.84,59.3,60.26,26.65,88,43.82,32
1720,20221001720,46.41,37.77,43.32,42.5,17.19,86,52.48,45
1721,20221001721,45.76,30.72,45.57,40.68,15.82,91,49.8,30
1722,20221001722,38.29,49.93,37.74,41.99,11.99,85,72.99,21
1723,20221001723,63.72,77.39,76.84,72.65,19.93,81,65.62,33
1724,20221001724,42.57,41.59,39.34,41.17,7.62,79,47.47,71
1725,20221001725,55.03,42.53,52.03,49.86,8.01,72,89.25,21
1726,20221001726,74.67,49.37,55.1,59.71,7.27,95,47.92,19
1727,20221001727,49.4,41.7,20.51,37.2,13.97,88,61.5,47
1728,20221001728,72.11,85.79,90.69,82.86,13.3,83,58.05,53
1729,20221001729,31.37,20,26.55,25.97,13.67,99,79.26,15
1730,20221001730,48.82,38.18,28.69,38.56,10.44,78,50.5,25
1731,20221001731,76.55,74.26,65.78,72.2,11.25,76,95.72,18
1732,20221001732,82.85,83.38,75.55,80.59,12.62,84,99.27,21
1733,20221001733,43.83,55.85,33.0,44.23,15.73,78,75.3,27
1734,20221001734,46.3,55.38,54.21,51.96,3.24,81,80.0,29
1735,20221001735,60.89,52.39,60.79,58.02,22.57,86,68.79,20
1736,20221001736,48.36,39.13,42.78,43.42,24.47,70,64.08,24
1737,20221001737,50.23,55.94,60.06,55.41,6.16,86,82.13,22
1738,20221001738,38.47,31.96,23.55,31.33,17.86,81,50.01,19
1739,20221001739,68.14,62.06,63.38,64.53,20.39,100,52.01,10
1740,20221001740,28.52,20,26.86,25.13,16.01,92,68.16,22
1741,20221001741,79.19,91.94,87.8,86.31,20.77,91,54.96,20
1742,20221001742,52.44,60.49,78.06,63.66,10.59,76,53.49,70
1743,20221001743,61.19,57.14,59.83,59.39,25.84,95,57.73,33
1744,20221001744,42.94,53.29,45.46,47.23,17.69,93,39.43,33
1745,20221001745,64.61,61.52,60.56,62.23,18.56,100,61.38,17
1746,20221001746,68.3,57.37,62.61,62.76,25.41,88,52.45,18
1747,20221001747,64.32,59.17,54.31,59.27,9.82,100,52.01,15
1748,20221001748,39.35,36.58,35.21,37.05,17.8,95,63.56,10
1749,20221001749,62.65,86.48,81.95,77.03,13.74,82,85.83,9
1750,20221001750,72.13,88.85,92.15,84.38,35.31,79,39.09,12
1751,20221001751,48.16,49.41,53.15,50.24,11.01,92,87.81,23
1752,20221001752,67.75,77.01,77.78,74.18,16.29,90,63.35,25
1753,20221001753,40.01,32.99,21.67,31.56,21.21,94,48.77,34
1754,20221001754,62.0,72.47,75.84,70.1,20.28,75,62.39,14
1755,20221001755,56.12,65.78,49.56,57.15,12.12,89,52.96,42
1756,20221001756,74.53,91.3,93.7,86.51,14.71,90,97.51,11
1757,20221001757,32.31,28.87,38.88,33.35,12.01,92,97.76,10
1758,20221001758,72.07,67.9,68.44,69.47,8.65,78,100,17
1759,20221001759,58.64,54.15,56.64,56.48,27.37,83,45.52,12
1760,20221001760,39.01,33.0,32.82,34.94,6.59,85,52.67,9
1761,20221001761,71.69,64.25,63.15,66.36,19.73,93,56.25,32
1762,20221001762,59.29,53.54,47.54,53.46,22.08,75,60.01,21
1763,20221001763,30.79,34.79,28.54,31.37,20.01,79,64.3,24
1764,20221001764,59.13,44.99,44.13,49.42,8.41,83,48.33,39
1765,20221001765,63.0,59.08,44.61,55.56,14.26,75,86.46,19
1766,20221001766,74.91,83.76,86.25,81.64,18.29,100,59.59,11
1767,20221001767,59.36,51.68,68.27,59.77,11.24,83,49.82,69
1768,20221001768,68.72,42.92,20,43.88,9.68,100,89.95,17
1769,20221001769,22.52,21.69,21.4,21.87,16.27,75,54.01,25
1770,20221001770,39.56,24.3,26.93,30.26,12.69,92,64.07,22
1771,20221001771,45.23,44.3,55.86,48.46,22.89,76,49.47,23
1772,20221001772,36.93,51.18,48.91,45.67,14.85,77,70.59,8
1773,20221001773,34.31,24.43,20,26.25,21.82,100,49.72,63
1774,20221001774,70.22,74.56,67.26,70.68,12.03,92,86.42,20
1775,20221001775,51.22,66.1,65.93,61.08,23.03,71,70.08,22
1776,20221001776,73.35,70.5,77.58,73.81,16.45,67,31.65,25
1777,20221001777,65.49,59.11,49.21,57.94,9.48,77,86.22,20
1778,20221001778,56.51,59.14,85.53,67.06,21.94,79,98.21,47
1779,20221001779,59.85,42.64,56.12,52.87,18.22,80,67.2,23
1780,20221001780,46.05,38.72,54.13,46.3,21.46,83,46.5,9
1781,20221001781,65.54,51.1,50.12,55.59,22.81,82,45.33,21
1782,20221001782,49.52,24.09,35.28,36.3,16.04,86,65.93,30
1783,20221001783,34.6,20,20,24.87,6.03,97,85.12,21
1784,20221001784,54.45,59.76,52.98,55.73,16.39,84,74.15,14
1785,20221001785,38.59,49.61,37.83,42.01,10.64,75,58.68,10
1786,20221001786,59.22,56.27,74.35,63.28,17.82,96,62.41,9
1787,20221001787,50.18,40.71,43.59,44.83,8.09,74,68.58,38
1788,20221001788,63.41,72.44,76.84,70.9,16.46,97,52.32,31
1789,20221001789,43.56,51.09,63.62,52.76,24.27,96,82.03,23
1790,20221001790,29.36,30.68,23.13,27.72,5.86,74,57.48,21
1791,20221001791,42.5,64.85,54.34,53.9,14.78,74,72.94,31
1792,20221001792,66.28,79.4,87.0,77.56,11.61,73,67.57,36
1793,20221001793,45.86,22.47,36.3,34.88,13.5,73,73.93,11
1794,20221001794,63.04,64.27,55.99,61.1,13.87,79,43.99,16
1795,20221001795,70.08,78.33,65.01,71.14,25.33,96,87.21,19
1796,20221001796,60.03,53.82,48.93,54.26,14.77,79,38.24,10
1797,20221001797,66.01,69.01,73.67,69.56,22.38,100,63.34,18
1798,20221001798,34.48,43.73,29.6,35.94,12.34,100,87.38,34
1799,20221001799,62.4,56.56,37.33,52.1,11.92,94,67.55,31
1800,20221001800,78.22,77.42,74.56,76.73,16.49,92,66.29,34
1801,20221001801,68.32,60.36,63.92,64.2,12.52,85,48.56,6
1802,20221001802,38.79,29.02,23.38,30.4,12.24,94,99.26,11
1803,20221001803,54.68,49.84,41.63,48.72,13.25,80,89.79,13
1804,20221001804,52.86,71.16,71.87,65.3,20.2,78,79.17,15
1805,20221001805,76.35,73.14,65.61,71.7,13.95,73,83.9,23
1806,20221001806,55.81,49.91,41.66,49.13,4.7,73,62.04,35
1807,20221001807,44.12,21.68,20,28.6,11.7,80,53.52,36
1808,20221001808,80.44,90.08,86.48,85.67,6.99,92,57.35,15
1809,20221001809,78.94,70.56,63.21,70.9,19.05,90,77.8,53
1810,20221001810,50.52,34.34,38.85,41.24,18.92,78,99.9,49
1811,20221001811,56.04,56.29,54.39,55.57,19.38,91,71.39,42
1812,20221001812,39.77,29.82,42.6,37.4,18.87,89,55.5,22
1813,20221001813,64.61,70.3,66.23,67.05,23.3,78,81.29,15
1814,20221001814,46.29,35.29,23.08,34.89,14.28,92,93.01,21
1815,20221001815,42.51,41.0,26.61,36.71,20.48,67,52.67,19
1816,20221001816,40.74,45.55,45.11,43.8,23.34,89,41.48,10
1817,20221001817,56.56,36.46,39.14,44.05,21.43,77,65.72,7
1818,20221001818,76.66,60.34,67.46,68.15,17.9,94,45.39,34
1819,20221001819,42.68,51.12,55.7,49.83,3.09,94,46.71,26
1820,20221001820,66.53,44.91,49.51,53.65,6.85,82,63.73,24
1821,20221001821,56.73,80.52,81.84,73.03,8.71,75,72.28,27
1822,20221001822,57.54,47.59,67.51,57.55,15.27,83,49.91,115
1823,20221001823,45.79,54.84,35.71,45.45,26.14,100,70.72,18
1824,20221001824,62.93,60.64,40.85,54.81,8.94,77,81.36,45
1825,20221001825,39.22,34.18,52.12,41.84,22.59,100,47.61,56
1826,20221001826,66.31,55.77,48.91,57.0,26.74,100,80.39,82
1827,20221001827,38.84,37.38,29.88,35.37,19.0,98,100,27
1828,20221001828,23.48,32.48,22.23,26.06,13.6,100,67.03,42
1829,20221001829,70.26,75.85,68.51,71.54,10.79,99,90.48,20
1830,20221001830,54.35,30.38,20,34.91,6.53,76,64.59,39
1831,20221001831,80.77,88.4,99.89,89.69,24.34,87,89.11,22
1832,20221001832,78.6,58.14,46.25,61.0,19.5,100,73.98,19
1833,20221001833,49.86,23.49,24.18,32.51,25.56,96,63.08,25
1834,20221001834,55.42,51.93,55.3,54.22,2.05,77,62.97,14
1835,20221001835,36.45,51.09,51.74,46.43,22.42,86,60.71,27
1836,20221001836,32.3,22.44,21.8,25.51,8.55,96,76.05,22
1837,20221001837,44.02,32.51,42.75,39.76,7.69,76,85.34,17
1838,20221001838,40.24,29.61,42.01,37.29,5.74,81,60.36,54
1839,20221001839,59.31,50.35,62.74,57.47,25.39,82,52.22,24
1840,20221001840,66.35,80.16,69.41,71.97,29.24,82,100,34
1841,20221001841,54.97,76.64,72.92,68.18,6.07,90,100,16
1842,20221001842,50.71,46.53,44.06,47.1,11.02,93,99.04,61
1843,20221001843,74.0,71.06,74.54,73.2,8.99,91,55.48,8
1844,20221001844,62.68,53.6,53.73,56.67,17.06,75,69.18,47
1845,20221001845,29.14,33.48,22.78,28.47,16.51,94,100,15
1846,20221001846,69.87,68.59,85.19,74.55,22.66,69,63.02,35
1847,20221001847,45.72,39.62,34.78,40.04,19.77,95,97.71,12
1848,20221001848,46.84,32.09,35.94,38.29,23.24,82,70.33,38
1849,20221001849,75.35,86.44,82.99,81.59,20.93,98,72.74,11
1850,20221001850,53.27,68.65,67.62,63.18,14.92,83,78.33,74
1851,20221001851,52.82,54.44,48.94,52.07,15.09,91,84.11,14
1852,20221001852,59.21,68.99,65.97,64.72,33.78,87,45.21,30
1853,20221001853,69.15,69.32,54.91,64.46,12.74,86,73.16,52
1854,20221001854,49.26,52.43,51.34,51.01,22.39,96,53.8,14
1855,20221001855,26.84,20,20,22.28,19.82,86,51.74,21
1856,20221001856,40.39,42.44,39.0,40.61,6.26,84,39.87,17
1857,20221001857,61.46,74.66,57.09,64.4,18.15,85,79.73,24
1858,20221001858,83.66,97.45,100,93.7,25.69,99,93.33,38
1859,20221001859,67.63,63.63,75.48,68.91,19.12,82,45.29,15
1860,20221001860,65.25,54.21,60.64,60.03,23.45,83,46.29,26
1861,20221001861,58.76,62.96,55.51,59.08,21.71,58,54.84,77
1862,20221001862,55.53,55.82,57.91,56.42,15.16,86,47.81,47
1863,20221001863,44.64,51.89,53.64,50.06,22.42,91,65.42,41
1864,20221001864,67.31,36.87,34.29,46.16,24.17,88,91.7,98
1865,20221001865,44.23,32.72,20,32.32,22.93,98,86.57,7
1866,20221001866,79.31,90.05,89.42,86.26,18.11,92,98.98,32
1867,20221001867,79.23,76.92,74.5,76.88,9.44,91,96.76,12
1868,20221001868,69.25,78.96,67.46,71.89,14.68,92,92.73,39
1869,20221001869,76.4,66.12,66.82,69.78,13.52,100,68.36,23
1870,20221001870,56.16,48.07,51.13,51.79,25.22,74,59.13,13
1871,20221001871,45.13,26.33,20,30.49,6.59,76,99.32,29
1872,20221001872,49.57,46.93,35.58,44.03,13.27,71,75.52,17
1873,20221001873,38.17,38.93,37.74,38.28,11.76,83,78.56,15
1874,20221001874,48.66,41.54,26.96,39.05,18.61,94,59.89,36
1875,20221001875,43.94,28.32,40.64,37.63,5.54,99,81.9,59
1876,20221001876,70.25,69.55,87.3,75.7,10.9,68,100,38
1877,20221001877,57.09,56.23,68.71,60.68,20.67,93,79.07,17
1878,20221001878,72.49,62.35,67.56,67.47,19.86,93,90.26,36
1879,20221001879,77.54,72.43,70.27,73.41,23.75,87,51.86,15
1880,20221001880,81.72,89.35,92.12,87.73,20.31,98,93.64,28
1881,20221001881,69.77,60.0,46.45,58.74,17.31,95,53.55,15
1882,20221001882,64.0,74.89,73.25,70.71,17.48,100,68.66,21
1883,20221001883,46.79,44.78,41.55,44.37,20.36,92,91.76,42
1884,20221001884,54.06,46.78,76.13,58.99,14.51,86,52.28,21
1885,20221001885,39.03,62.42,68.54,56.66,23.26,81,38.57,33
1886,20221001886,32.2,41.42,43.19,38.94,21.8,73,72.26,15
1887,20221001887,71.4,61.41,64.92,65.91,17.55,83,71.09,12
1888,20221001888,63.38,67.39,74.51,68.43,18.52,74,66.06,14
1889,20221001889,62.11,63.32,71.51,65.65,30.89,93,66.44,49
1890,20221001890,74.5,67.25,59.31,67.02,24.59,91,91.67,18
1891,20221001891,29.94,22.72,31.63,28.1,17.23,93,69.64,12
1892,20221001892,61.78,76.27,78.35,72.13,9.61,82,100,6
1893,20221001893,49.94,43.7,42.78,45.47,13.98,100,85.78,38
1894,20221001894,52.25,53.41,45.75,50.47,12.4,100,94.19,9
1895,20221001895,39.04,33.38,33.59,35.34,20.1,95,80.73,26
1896,20221001896,49.34,60.0,58.14,55.83,14.13,100,67.8,29
1897,20221001897,39.47,41.19,40.15,40.27,15.17,100,69.36,21
1898,20221001898,41.72,35.41,31.4,36.18,21.83,85,100,39
1899,20221001899,74.49,91.89,85.05,83.81,15.68,88,42.54,91
1900,20221001900,45.2,29.89,36.85,37.31,21.45,80,73.85,32
1901,20221001901,51.52,54.98,56.81,54.44,17.11,95,51.79,26
1902,20221001902,66.69,59.36,81.86,69.3,20.47,75,95.28,14
1903,20221001903,63.69,50.41,66.52,60.21,18.23,94,44.13,38
1904,20221001904,31.74,20,32.16,27.97,10.1,85,44.74,9
1905,20221001905,45.57,28.88,34.04,36.16,21.47,77,83.3,67
1906,20221001906,64.41,77.85,94.87,79.04,14.7,100,51.06,17
1907,20221001907,63.97,74.81,79.73,72.84,15.06,83,84.7,39
1908,20221001908,32.41,30.95,36.68,33.35,13.99,96,78.29,34
1909,20221001909,83.73,73.72,83.02,80.16,16.5,100,66.88,38
1910,20221001910,47.43,43.22,44.3,44.98,9.88,88,51.11,18
1911,20221001911,44.08,32.03,34.12,36.74,14.31,81,70.65,8
1912,20221001912,52.63,71.52,65.99,63.38,8.88,81,42.6,23
1913,20221001913,59.72,38.62,35.84,44.73,2.99,88,58.51,11
1914,20221001914,33.0,32.2,26.68,30.63,14.17,100,43.75,26
1915,20221001915,74.04,73.85,69.43,72.44,12.85,95,60.91,50
1916,20221001916,60.78,73.87,74.01,69.55,18.2,84,79.45,45
1917,20221001917,45.74,23.93,20,29.89,27.71,100,60.44,25
1918,20221001918,39.14,33.69,41.8,38.21,24.0,78,72.96,43
1919,20221001919,76.21,100,100,92.07,11.56,100,46.25,28
1920,20221001920,36.32,36.18,29.59,34.03,14.82,94,43.04,24
1921,20221001921,35.79,29.11,50.65,38.52,16.48,91,69.79,19
1922,20221001922,39.73,47.83,38.03,41.86,14.24,70,81.51,28
1923,20221001923,31.91,36.54,39.65,36.03,9.89,85,90.5,22
1924,20221001924,49.66,57.72,76.92,61.43,5.83,100,42.01,7
1925,20221001925,38.69,33.67,47.72,40.03,11.11,78,75.53,26
1926,20221001926,43.73,54.64,60.48,52.95,30.23,91,63.24,19
1927,20221001927,34.98,20,25.19,26.72,21.07,84,71.8,15
1928,20221001928,44.11,34.85,38.16,39.04,11.06,90,76.11,22
1929,20221001929,44.73,49.67,52.88,49.09,11.46,76,45.49,25
1930,20221001930,40.62,53.79,44.67,46.36,14.88,91,62.92,13
1931,20221001931,54.15,56.94,52.33,54.47,26.84,99,96.9,22
1932,20221001932,67.89,61.45,64.32,64.55,22.96,78,88.33,68
1933,20221001933,34.4,39.16,50.08,41.21,26.9,97,53.33,27
1934,20221001934,42.45,34.43,22.35,33.08,13.82,95,100,27
1935,20221001935,65.93,68.81,81.32,72.02,7.44,85,47.3,26
1936,20221001936,32.13,20,20,24.04,14.16,84,58.38,13
1937,20221001937,88.6,95.51,97.86,93.99,23.74,91,85.58,29
1938,20221001938,50.44,43.33,20,37.92,28.58,90,52.22,29
1939,20221001939,60.02,57.09,49.48,55.53,21.14,96,75.12,15
1940,20221001940,52.08,23.44,20,31.84,22.57,100,81.54,27
1941,20221001941,47.29,57.41,54.1,52.93,10.94,90,58.84,17
1942,20221001942,56.48,70.28,76.98,67.91,23.68,88,94.08,85
1943,20221001943,65.17,43.02,39.09,49.09,20.72,81,61.44,27
1944,20221001944,32.19,20,31.23,27.81,14.25,81,100,27
1945,20221001945,72.86,75.12,76.29,74.76,14.06,94,63.06,10
1946,20221001946,40.69,38.96,41.24,40.3,7.04,89,73.56,28
1947,20221001947,74.76,66.78,46.55,62.7,21.09,79,88.19,13
1948,20221001948,29.93,29.31,23.11,27.45,16.24,81,77.75,22
1949,20221001949,51.15,69.78,60.62,60.52,15.59,75,57.72,26
1950,20221001950,46.81,56.17,67.47,56.82,9.39,99,61.78,10
1951,20221001951,47.82,33.53,20,33.78,20.33,70,89.31,10
1952,20221001952,60.1,61.54,49.03,56.89,2,70,65.58,35
1953,20221001953,56.49,58.96,57.87,57.77,12.72,100,44.2,16
1954,20221001954,49.29,59.01,58.59,55.63,10.03,93,58.6,34
1955,20221001955,40.88,24.78,20,28.55,8.65,89,77.86,26
1956,20221001956,63.25,87.25,67.81,72.77,5.02,97,61.5,26
1957,20221001957,49.99,60.59,67.07,59.22,22.22,100,84.12,12
1958,20221001958,48.6,67.78,73.31,63.23,11.86,90,78.56,48
1959,20221001959,63.42,49.95,37.91,50.43,2.58,87,67.2,25
1960,20221001960,75.28,80.62,90.86,82.25,8.59,97,89.13,32
1961,20221001961,66.56,53.63,50.14,56.78,29.8,84,57.2,43
1962,20221001962,44.52,42.97,45.08,44.19,18.58,96,30,6
1963,20221001963,30.85,39.1,43.16,37.7,6.32,88,41.52,5
1964,20221001964,72.37,86.02,100,86.13,22.52,81,98.13,22
1965,20221001965,58.22,56.86,83.14,66.07,26.75,83,63.44,29
1966,20221001966,29.89,20,20,23.3,5.02,82,44.32,13
1967,20221001967,49.06,43.85,35.14,42.68,13.88,78,61.69,11
1968,20221001968,34.32,21.65,20,25.32,2.41,80,52.14,45
1969,20221001969,75.95,71.05,66.13,71.04,18.08,67,54.02,15
1970,20221001970,54.82,41.98,38.09,44.96,16.82,74,55.51,29
1971,20221001971,46.9,56.07,59.87,54.28,2,81,46.42,10
1972,20221001972,72.29,65.01,67.55,68.28,8.5,77,39.27,40
1973,20221001973,44.25,42.65,48.92,45.27,13.71,69,75.52,7
1974,20221001974,64.35,61.59,62.7,62.88,17.19,83,37.18,27
1975,20221001975,43.71,49.04,37.72,43.49,2,77,96.63,25
1976,20221001976,78.32,68.17,66.57,71.02,16.25,79,70.98,17
1977,20221001977,82.04,68.69,76.27,75.67,22.41,79,56.95,10
1978,20221001978,35.58,34.83,36.93,35.78,15.14,87,45.74,23
1979,20221001979,44.63,50.02,51.44,48.7,29.23,90,82.59,10
1980,20221001980,27.65,33.81,44.56,35.34,22.19,86,38.38,12
1981,20221001981,36.87,23.25,20,26.71,12.23,89,69.52,15
1982,20221001982,90.54,95.18,94.11,93.28,16.4,88,97.36,30
1983,20221001983,72.61,74.75,55.46,67.61,21.11,97,68.88,30
1984,20221001984,51.97,38.27,41.49,43.91,11.88,81,96.08,19
1985,20221001985,48.13,42.37,37.17,42.56,16.25,87,88.45,29
1986,20221001986,32.77,42.68,23.92,33.12,11.29,76,63.74,19
1987,20221001987,29.46,31.46,20.73,27.22,23.47,86,65.89,28
1988,20221001988,67.2,71.82,75.08,71.37,20.84,74,68.76,14
1989,20221001989,30.91,28.98,33.31,31.07,4.17,80,75.92,14
1990,20221001990,44.72,47.92,33.42,42.02,18.16,81,70.7,46
1991,20221001991,68.55,68.94,63.53,67.01,11.59,87,86.94,66
1992,20221001992,75.28,64.24,83.08,74.2,24.54,97,87.47,33
1993,20221001993,51.24,54.56,45.59,50.46,18.39,100,56.98,20
1994,20221001994,62.01,50.93,30.84,47.93,11.6,81,70.15,16
1995,20221001995,38.08,23.86,20,27.31,13.36,73,45.23,50
1996,20221001996,45.45,27.96,36.16,36.52,22.64,84,85.2,27
1997,20221001997,25.45,34.07,35.54,31.69,10.95,89,81.47,34
1998,20221001998,58.86,65.93,76.22,67.0,9.53,77,97.31,22
1999,20221001999,67.52,65.3,66.14,66.32,17.73,98,65.12,28
2000,20221002000,58.21,65.5,58.1,60.6,20.62,89,97.07,32
2001,20221002001,28.11,33.65,22.71,28.16,12.29,85,38.14,13
2002,20221002002,57.93,62.79,57.21,59.31,12.06,88,89.16,28
2003,20221002003,37.72,37.4,36.98,37.37,25.74,86,49.51,21
2004,20221002004,64.9,41.28,41.81,49.33,12.02,92,81.86,18
2005,20221002005,82.28,83.87,87.19,84.45,9.73,89,86.37,29
2006,20221002006,55.89,45.21,55.95,52.35,10.65,100,47.67,88
2007,20221002007,49.13,89.01,93.85,77.33,14.0,64,48.47,22
2008,20221002008,51.06,46.24,44.33,47.21,10.2,100,43.5,10
2009,20221002009,45.73,53.37,42.47,47.19,19.95,92,77.84,33
2010,20221002010,33.71,47.98,40.7,40.8,23.46,93,47.89,23
2011,20221002011,28.39,29.58,27.68,28.55,21.32,78,37.03,32
2012,20221002012,55.64,55.44,48.43,53.17,20.64,88,97.19,19
2013,20221002013,68.47,67.57,93.26,76.43,19.34,78,47.1,36
2014,20221002014,61.07,74.67,73.34,69.69,21.73,80,98.67,46
2015,20221002015,56.85,59.78,62.92,59.85,14.95,93,56.01,36
2016,20221002016,83.23,93.33,96.94,91.17,22.53,77,97.55,22
2017,20221002017,67.31,54.97,37.49,53.26,16.61,81,44.2,18
2018,20221002018,63.8,61.24,39.13,54.72,19.53,88,59.93,19
2019,20221002019,45.82,28.0,31.57,35.13,15.36,89,59.9,19
2020,20221002020,77.03,87.51,74.06,79.53,21.43,76,48.71,26
2021,20221002021,66.93,55.93,65.14,62.67,11.38,100,40.58,60
2022,20221002022,51.6,41.81,32.16,41.86,11.68,84,75.26,17
2023,20221002023,81.36,66.7,62.4,70.15,18.23,86,90.34,34
2024,20221002024,63.19,71.1,43.03,59.11,18.89,76,95.81,18
2025,20221002025,33.96,47.1,54.57,45.21,22.01,94,75.91,24
2026,20221002026,38.28,45.86,37.78,40.64,12.13,85,74.2,56
2027,20221002027,50.78,60.95,72.05,61.26,8.61,89,63.88,40
2028,20221002028,70.67,71.06,54.92,65.55,14.48,99,77.91,42
2029,20221002029,38.63,36.66,37.35,37.55,20.2,75,37.17,19
2030,20221002030,41.55,26.8,20,29.45,12.42,86,84.11,29
2031,20221002031,36.28,67.3,77.92,60.5,23.31,98,71.09,13
2032,20221002032,75.52,49.46,52.91,59.3,18.34,91,82.8,14
2033,20221002033,60.29,55.52,69.83,61.88,20.67,80,79.17,11
2034,20221002034,40.07,48.22,38.52,42.27,10.17,87,44.88,15
2035,20221002035,59.82,57.66,45.01,54.16,18.93,92,43.32,11
2036,20221002036,64.55,66.4,73.43,68.13,15.68,83,72.16,20
2037,20221002037,32.74,23.19,22.26,26.06,17.93,97,72.22,15
2038,20221002038,72.74,59.57,64.4,65.57,17.59,93,100,9
2039,20221002039,53.19,57.87,71.41,60.82,20.97,98,60.89,94
2040,20221002040,62.05,70.23,71.87,68.05,8.94,98,75.73,43
2041,20221002041,30.88,30.04,20.26,27.06,18.28,86,47.24,7
2042,20221002042,54.08,70.41,71.13,65.21,12.75,78,58.46,15
2043,20221002043,50.47,60.87,57.67,56.34,20.05,87,48.03,25
2044,20221002044,52.83,53.86,51.48,52.72,17.0,100,41.91,139
2045,20221002045,59.3,53.46,62.07,58.28,20.59,87,93.19,19
2046,20221002046,81.54,79.13,98.45,86.37,12.34,87,100,21
2047,20221002047,32.61,54.8,54.98,47.46,14.74,89,36.66,25
2048,20221002048,42.92,61.11,62.14,55.39,5.32,89,63.88,19
2049,20221002049,58.53,68.91,78.18,68.54,17.42,90,75.11,32
2050,20221002050,60.01,46.23,49.69,51.98,19.02,83,64.18,29
2051,20221002051,37.37,28.26,42.06,35.9,27.38,76,75.7,59
2052,20221002052,74.7,62.71,69.13,68.85,22.86,75,72.68,32
2053,20221002053,41.08,36.12,30.94,36.05,18.86,74,59.08,26
2054,20221002054,64.19,60.05,65.95,63.4,12.37,98,100,43
2055,20221002055,55.99,51.93,51.84,53.25,24.77,100,71.03,30
2056,20221002056,42.02,51.35,69.39,54.25,15.43,85,48.03,34
2057,20221002057,55.64,36.72,23.24,38.53,7.33,86,88.9,28
2058,20221002058,53.91,64.25,60.22,59.46,7.41,67,74.29,15
2059,20221002059,69.13,78.15,91.25,79.51,13.19,85,35.71,38
2060,20221002060,73.56,88.05,76.95,79.52,24.95,81,78.68,8
2061,20221002061,65.99,67.32,59.05,64.12,13.91,91,100,19
2062,20221002062,74.34,72.73,93.37,80.15,19.6,86,60.45,8
2063,20221002063,77.21,76.77,73.0,75.66,8.92,100,65.56,10
2064,20221002064,82.75,73.92,57.15,71.27,17.74,84,45.02,21
2065,20221002065,42.76,54.87,64.41,54.01,12.11,94,81.77,90
2066,20221002066,30.22,35.73,54.88,40.28,10.62,93,67.02,32
2067,20221002067,41.37,22.36,32.14,31.96,20.86,93,33.72,42
2068,20221002068,51.71,49.09,53.86,51.55,31.38,86,100,16
2069,20221002069,20.78,35.57,32.87,29.74,11.74,83,47.25,48
2070,20221002070,82.31,65.97,77.24,75.17,10.22,88,75.33,39
2071,20221002071,57.16,60.93,53.75,57.28,10.01,87,77.23,24
2072,20221002072,69.25,60.4,61.62,63.76,20.7,88,92.43,11
2073,20221002073,80.69,75.19,80.8,78.89,19.3,80,79.6,15
2074,20221002074,62.68,59.03,65.63,62.45,12.89,100,73.17,22
2075,20221002075,42.91,73.63,63.49,60.01,16.84,77,73.11,25
2076,20221002076,65.02,70.16,69.65,68.28,16.38,82,86.87,17
2077,20221002077,32.07,25.81,22.47,26.78,14.63,89,53.31,32
2078,20221002078,61.23,56.71,61.54,59.83,15.85,90,66.88,13
2079,20221002079,68.87,53.58,46.43,56.29,11.57,99,37.77,34
2080,20221002080,35.65,20,20,25.22,8.69,86,92.64,61
2081,20221002081,71.53,70.65,66.26,69.48,5.78,92,76.8,22
2082,20221002082,55.84,45.06,26.89,42.6,14.92,100,41.66,24
2083,20221002083,48.12,54.53,69.0,57.22,22.94,80,47.06,16
2084,20221002084,38.83,20,20,26.28,8.56,93,50.24,17
2085,20221002085,59.92,43.55,49.83,51.1,16.21,100,47.89,28
2086,20221002086,29.62,32.15,41.43,34.4,19.39,69,92.75,11
2087,20221002087,51.79,38.41,38.59,42.93,12.55,87,65.25,89
2088,20221002088,53.33,52.34,48.61,51.43,30.38,89,84.3,11
2089,20221002089,72.42,70.01,63.61,68.68,14.65,92,51.17,31
2090,20221002090,30.0,21.45,20,23.82,12.8,97,91.81,42
2091,20221002091,68.18,81.0,78.51,75.9,8.86,100,72.56,47
2092,20221002092,51.25,50.02,57.22,52.83,18.06,86,74.62,9
2093,20221002093,72.95,84.14,70.74,75.94,21.22,90,65.05,73
2094,20221002094,49.17,77.99,84.5,70.55,24.24,96,53.18,30
2095,20221002095,63.91,69.04,79.49,70.81,16.3,96,74.27,34
2096,20221002096,62.93,75.9,67.41,68.75,26.8,76,64.05,32
2097,20221002097,37.95,37.57,31.62,35.71,23.35,94,92.66,33
2098,20221002098,81.35,60.07,62.61,68.01,13.48,96,48.8,32
2099,20221002099,40.87,47.55,47.07,45.16,17.15,94,85.46,87
2100,20221002100,76.89,91.54,89.93,86.12,14.8,84,45.26,20
2101,20221002101,42.45,58.84,54.78,52.02,5.43,75,92.0,21
2102,20221002102,60.16,72.44,70.58,67.73,19.92,70,61.41,16
2103,20221002103,64.4,70.57,58.97,64.65,24.06,97,39.52,10
2104,20221002104,85.37,79.3,72.15,78.94,22.47,96,82.04,24
2105,20221002105,61.87,73.35,91.07,75.43,8.85,84,80.54,35
2106,20221002106,52.17,55.4,61.19,56.25,15.17,97,54.14,19
2107,20221002107,52.16,55.73,67.97,58.62,15.66,98,56.66,43
2108,20221002108,51.12,63.81,60.82,58.58,11.76,80,84.75,19
2109,20221002109,38.31,20,20,26.1,6.94,100,42.4,86
2110,20221002110,45.55,58.19,48.03,50.59,17.2,93,41.64,127
2111,20221002111,50.05,49.11,31.63,43.6,20.07,72,83.31,36
2112,20221002112,45.69,30.24,20,31.98,11.48,90,100,32
2113,20221002113,50.34,52.03,44.78,49.05,21.71,91,61.04,75
2114,20221002114,77.2,89.13,98.94,88.42,10.69,88,70.52,20
2115,20221002115,69.42,81.33,87.3,79.35,20.38,81,64.98,20
2116,20221002116,67.32,62.53,70.56,66.8,16.2,87,83.6,22
2117,20221002117,56.75,74.37,71.43,67.52,28.99,100,52.94,13
2118,20221002118,33.78,54.63,65.33,51.25,8.16,65,64.95,18
2119,20221002119,73.6,57.49,58.87,63.32,9.51,87,77.96,6
2120,20221002120,37.27,49.22,64.92,50.47,32.01,85,74.36,62
2121,20221002121,49.1,55.62,65.5,56.74,19.75,95,39.92,15
2122,20221002122,44.59,54.76,55.82,51.72,8.07,91,82.51,25
2123,20221002123,56.86,45.82,22.39,41.69,7.52,91,81.01,31
2124,20221002124,29.52,22.35,20,23.96,11.73,65,69.81,38
2125,20221002125,77.79,74.58,64.51,72.29,17.23,89,78.25,21
2126,20221002126,53.99,50.45,48.08,50.84,17.71,100,71.91,40
2127,20221002127,33.17,32.39,45.51,37.02,15.0,97,77.65,18
2128,20221002128,29.52,30.61,34.12,31.42,9.23,80,74.38,10
2129,20221002129,48.34,60.24,66.88,58.49,17.01,93,80.53,13
2130,20221002130,57.27,58.05,60.21,58.51,25.34,88,100,20
2131,20221002131,49.26,53.89,54.45,52.53,21.93,93,42.06,42
2132,20221002132,46.76,24.07,20,30.28,4.69,100,44.17,48
2133,20221002133,38.26,60.76,75.11,58.04,15.58,82,45.31,23
2134,20221002134,42.69,20,20,27.56,22.43,79,68.83,19
2135,20221002135,56.65,64.28,59.26,60.06,18.65,86,67.67,57
2136,20221002136,50.13,42.19,29.76,40.69,17.4,85,87.28,19
2137,20221002137,48.2,37.95,37.45,41.2,19.76,71,93.92,27
2138,20221002138,41.75,54.58,59.1,51.81,19.22,88,42.6,21
2139,20221002139,57.94,54.13,51.57,54.55,29.27,85,91.52,15
2140,20221002140,78.83,59.56,68.7,69.03,25.86,89,63.53,88
2141,20221002141,49.76,47.91,58.85,52.17,15.34,87,68.67,37
2142,20221002142,78.76,78.85,78.4,78.67,15.43,81,76.97,21
2143,20221002143,59.25,87.22,85.99,77.49,12.04,88,65.67,15
2144,20221002144,66.87,64.47,55.44,62.26,9.7,87,63.65,6
2145,20221002145,47.69,67.08,48.21,54.33,17.0,86,100,18
2146,20221002146,29.95,26.97,41.75,32.89,24.25,82,44.27,34
2147,20221002147,63.33,44.38,52.49,53.4,10.95,81,99.12,24
2148,20221002148,54.03,53.15,57.56,54.91,13.88,68,94.9,53
2149,20221002149,52.46,42.78,41.38,45.54,14.56,90,83.65,37
2150,20221002150,40.84,20.61,37.24,32.9,22.81,84,55.36,24
2151,20221002151,41.57,35.82,46.34,41.24,14.72,82,79.69,17
2152,20221002152,36.81,25.7,20,27.5,14.51,69,62.31,30
2153,20221002153,27.95,20.49,22.56,23.67,21.54,94,48.9,23
2154,20221002154,75.14,85.45,100,86.86,23.78,100,74.82,117
2155,20221002155,73.3,76.86,66.31,72.16,13.84,86,95.4,8
2156,20221002156,52.82,41.0,29.5,41.11,20.95,95,100,22
2157,20221002157,67.87,89.43,90.88,82.73,17.14,87,82.65,12
2158,20221002158,45.13,46.89,44.92,45.65,12.49,72,82.04,25
2159,20221002159,51.95,56.02,54.71,54.23,15.52,96,82.6,33
2160,20221002160,55.96,48.45,42.57,48.99,15.51,87,96.97,15
2161,20221002161,75.62,62.59,74.24,70.82,14.84,78,85.2,37
2162,20221002162,70.48,63.9,59.17,64.52,16.79,80,84.76,51
2163,20221002163,72.71,91.89,100,88.2,13.0,80,68.28,32
2164,20221002164,24.97,33.5,20,26.16,21.63,91,60.37,13
2165,20221002165,56.96,38.98,40.57,45.5,12.2,88,82.24,48
2166,20221002166,66.24,46.22,44.71,52.39,10.15,97,50.33,20
2167,20221002167,39.1,35.18,35.86,36.71,9.31,95,84.22,27
2168,20221002168,71.15,84.63,88.7,81.49,14.97,88,100,23
2169,20221002169,71.74,79.56,84.84,78.71,24.16,97,80.13,136
2170,20221002170,49.35,61.79,53.98,55.04,16.55,83,59.88,27
2171,20221002171,54.18,70.26,61.72,62.05,23.78,86,96.24,15
2172,20221002172,75.88,88.03,93.19,85.7,27.25,100,40.01,27
2173,20221002173,35.55,24.8,20,26.78,13.87,90,50.95,24
2174,20221002174,80.77,65.61,50.39,65.59,18.67,86,50.43,73
2175,20221002175,39.21,41.11,36.17,38.83,6.6,82,45.88,8
2176,20221002176,55.22,42.6,34.81,44.21,15.4,74,78.02,10
2177,20221002177,66.01,76.54,77.89,73.48,11.7,97,76.28,9
2178,20221002178,88.08,92.32,98.45,92.95,18.39,82,94.17,26
2179,20221002179,34.45,27.18,33.91,31.85,10.97,92,61.79,32
2180,20221002180,46.97,53.35,70.73,57.02,20.6,89,75.09,12
2181,20221002181,63.71,59.06,51.96,58.24,10.9,100,70.86,71
2182,20221002182,54.64,62.63,49.14,55.47,12.37,76,100,36
2183,20221002183,39.99,20,35.59,31.86,28.52,76,50.06,83
2184,20221002184,57.19,73.76,91.22,74.06,10.87,100,71.26,56
2185,20221002185,57.07,49.59,47.18,51.28,17.5,83,80.43,45
2186,20221002186,37.3,31.63,41.52,36.82,10.76,82,49.07,16
2187,20221002187,58.08,63.4,65.98,62.49,15.07,76,95.78,36
2188,20221002188,65.23,68.44,73.13,68.93,13.11,81,97.94,6
2189,20221002189,63.26,79.98,87.04,76.76,12.68,92,93.95,24
2190,20221002190,82.35,64.97,70.34,72.55,17.55,91,98.07,6
2191,20221002191,45.89,33.09,36.7,38.56,8.49,79,54.66,7
2192,20221002192,62.35,75.68,88.76,75.6,17.77,97,56.79,13
2193,20221002193,59.96,55.43,41.35,52.25,21.11,100,58.6,41
2194,20221002194,58.37,63.72,81.8,67.96,10.58,86,92.32,28
2195,20221002195,51.96,78.76,84.6,71.77,21.45,89,44.46,37
2196,20221002196,44.98,24.8,56.78,42.19,23.73,68,91.63,30
2197,20221002197,73.2,93.45,87.11,84.59,12.77,88,97.33,23
2198,20221002198,74.81,85.33,78.5,79.55,22.05,79,92.57,12
2199,20221002199,39.58,32.24,29.32,33.71,5.14,83,53.8,15
2200,20221002200,37.03,30.44,33.7,33.72,13.53,88,71.56,30
2201,20221002201,61.41,67.29,70.89,66.53,6.35,81,100,19
2202,20221002202,35.87,50.33,49.9,45.37,19.71,84,48.49,34
2203,20221002203,38.55,48.25,38.74,41.85,9.55,95,47.83,35
2204,20221002204,79.92,80.87,97.13,85.97,22.1,78,71.49,36
2205,20221002205,54.61,57.63,48.07,53.44,16.24,92,79.24,35
2206,20221002206,39.07,30.57,47.08,38.91,8.68,87,51.45,20
2207,20221002207,34.4,23.86,31.16,29.81,6.95,75,56.48,20
2208,20221002208,59.17,64.24,53.88,59.1,16.66,95,55.2,36
2209,20221002209,77.25,69.13,74.43,73.6,14.95,91,52.45,17
2210,20221002210,52.7,56.13,53.44,54.09,13.83,76,75.88,22
2211,20221002211,51.75,49.69,40.98,47.47,12.32,77,85.06,31
2212,20221002212,45.76,52.49,55.44,51.23,16.92,99,83.4,33
2213,20221002213,40.33,40.53,58.12,46.33,23.1,91,78.25,22
2214,20221002214,45.63,50.17,37.34,44.38,16.84,86,52.16,15
2215,20221002215,29.1,20,20,23.03,17.04,88,91.5,22
2216,20221002216,57.03,47.14,73.41,59.19,24.55,100,86.88,10
2217,20221002217,32.47,20.48,20,24.32,17.8,100,60.27,16
2218,20221002218,65.91,77.78,82.61,75.43,9.24,100,79.91,16
2219,20221002219,67.15,66.66,72.3,68.7,16.16,75,52.11,12
2220,20221002220,61.57,42.43,45.74,49.91,13.37,93,56.75,18
2221,20221002221,47.06,63.31,51.32,53.9,12.66,89,94.44,24
2222,20221002222,59.13,54.65,59.88,57.89,2.3,62,75.76,48
2223,20221002223,67.79,64.42,57.29,63.17,10.6,75,77.06,10
2224,20221002224,78.71,61.55,59.5,66.59,13.96,73,39.47,18
2225,20221002225,72.32,88.82,91.23,84.12,12.0,92,59.37,11
2226,20221002226,69.56,75.08,82.12,75.59,15.32,93,69.0,16
2227,20221002227,59.26,43.03,44.08,48.79,12.74,100,79.17,76
2228,20221002228,68.0,72.79,70.69,70.49,5.24,78,85.98,24
2229,20221002229,65.58,66.51,57.93,63.34,8.21,90,41.87,140
2230,20221002230,42.71,40.24,35.27,39.41,18.05,100,57.36,28
2231,20221002231,63.9,68.71,71.97,68.19,12.64,85,55.63,8
2232,20221002232,43.51,70.42,67.66,60.53,18.82,87,53.22,32
2233,20221002233,74.8,77.48,64.19,72.16,21.0,95,89.61,13
2234,20221002234,58.75,69.9,84.78,71.14,9.39,84,53.7,35
2235,20221002235,37.81,47.26,43.64,42.9,16.86,79,75.77,31
2236,20221002236,70.8,81.9,83.89,78.86,23.3,72,60.48,44
2237,20221002237,52.44,63.89,59.38,58.57,24.71,83,56.19,16
2238,20221002238,54.33,48.23,54.33,52.3,14.42,97,97.24,32
2239,20221002239,31.96,23.58,24.54,26.69,15.87,87,55.92,10
2240,20221002240,62.3,91.62,100,84.64,14.58,99,48.99,49
2241,20221002241,44.44,38.05,26.34,36.28,7.85,98,51.92,45
2242,20221002242,75.69,67.39,58.05,67.04,16.51,100,41.98,6
2243,20221002243,56.75,51.83,60.28,56.29,24.89,86,64.19,29
2244,20221002244,43.68,69.3,82.68,65.22,12.56,89,39.8,32
2245,20221002245,47.49,29.76,32.8,36.68,23.07,91,83.53,23
2246,20221002246,36.68,20,20.3,25.66,8.3,82,93.71,16
2247,20221002247,64.2,60.8,58.4,61.13,13.27,86,72.45,34
2248,20221002248,58.66,59.21,69.26,62.38,10.66,91,64.21,19
2249,20221002249,50.07,47.15,33.23,43.48,17.9,78,61.02,54
2250,20221002250,43.29,20,20,27.76,21.82,97,90.92,45
2251,20221002251,64.63,53.66,51.12,56.47,24.17,89,97.79,35
2252,20221002252,48.73,52.97,33.45,45.05,13.0,81,58.25,34
2253,20221002253,43.55,61.2,77.88,60.88,19.69,89,81.93,46
2254,20221002254,79.17,66.43,60.71,68.77,14.18,100,72.34,119
2255,20221002255,69.0,60.1,64.53,64.54,8.65,74,82.56,23
2256,20221002256,67.59,84.28,80.58,77.48,20.8,91,63.23,14
2257,20221002257,33.3,24.63,20,25.98,12.35,86,78.23,14
2258,20221002258,67.74,66.29,72.41,68.81,19.42,91,42.64,17
2259,20221002259,38.36,45.25,63.91,49.17,13.51,86,65.2,29
2260,20221002260,38.08,25.76,21.97,28.6,19.19,78,53.82,9
2261,20221002261,75.88,77.63,80.68,78.06,16.21,96,60.05,46
2262,20221002262,43.67,57.63,51.46,50.92,12.11,91,66.68,21
2263,20221002263,40.84,62.15,65.82,56.27,3.89,89,64.17,23
2264,20221002264,33.96,33.19,49.68,38.94,14.44,81,43.33,23
2265,20221002265,71.99,79.48,78.58,76.68,9.22,90,66.86,22
2266,20221002266,71.57,82.62,80.56,78.25,12.93,89,71.34,23
2267,20221002267,62.4,55.62,48.82,55.61,25.04,86,82.17,15
2268,20221002268,70.38,65.17,75.57,70.37,12.95,95,49.68,12
2269,20221002269,28.16,54.01,53.67,45.28,14.08,100,100,41
2270,20221002270,69.67,58.79,55.06,61.17,16.45,97,72.9,27
2271,20221002271,59.69,62.16,65.17,62.34,20.47,89,74.94,31
2272,20221002272,34.7,20,42.85,32.52,22.04,70,42.12,39
2273,20221002273,74.9,72.54,65.7,71.05,14.08,96,80.42,59
2274,20221002274,77.51,71.11,81.07,76.56,10.75,100,96.13,13
2275,20221002275,50.29,55.96,49.24,51.83,25.23,100,58.36,33
2276,20221002276,55.94,28.59,32.28,38.94,18.88,77,84.11,28
2277,20221002277,44.89,56.28,56.02,52.4,6.76,90,96.15,29
2278,20221002278,38.71,20,20,26.24,20.7,95,66.72,36
2279,20221002279,48.96,41.09,40.62,43.56,16.22,87,88.77,28
2280,20221002280,34.33,32.16,26.87,31.12,12.16,82,76.64,6
2281,20221002281,81.96,94.16,91.09,89.07,13.42,83,85.49,20
2282,20221002282,48.88,73.54,80.91,67.78,16.76,82,36.89,14
2283,20221002283,86.01,93.4,100,93.14,16.59,92,85.4,151
2284,20221002284,52.97,33.16,38.6,41.58,15.2,85,77.08,8
2285,20221002285,47.19,38.95,30.09,38.74,17.8,72,55.54,54
2286,20221002286,67.97,68.2,69.67,68.61,13.54,86,80.22,27
2287,20221002287,57.09,37.51,44.5,46.37,22.01,85,50.13,13
2288,20221002288,56.83,54.27,36.46,49.19,9.51,96,69.76,21
2289,20221002289,39.62,28.18,34.82,34.21,18.32,91,86.03,18
2290,20221002290,55.65,50.01,56.16,53.94,29.66,80,65.9,10
2291,20221002291,54.48,44.23,48.97,49.23,11.49,87,61.64,8
2292,20221002292,48.42,42.54,40.58,43.85,11.89,80,38.63,31
2293,20221002293,34.33,32.13,29.34,31.93,11.06,100,100,23
2294,20221002294,59.18,57.91,71.6,62.9,17.17,78,75.33,13
2295,20221002295,36.74,37.54,31.95,35.41,16.7,100,49.65,21
2296,20221002296,55.72,35.58,52.11,47.8,23.53,80,54.69,75
2297,20221002297,53.35,61.99,70.96,62.1,15.48,75,43.3,25
2298,20221002298,76.73,39.97,48.36,55.02,21.18,86,95.29,44
2299,20221002299,52.85,61.79,66.23,60.29,20.74,80,56.74,38
2300,20221002300,44.12,50.37,47.74,47.41,7.21,100,73.44,24
2301,20221002301,60.48,29.88,24.24,38.2,14.84,98,91.18,22
2302,20221002302,54.06,57.81,62.59,58.15,18.73,79,72.41,66
2303,20221002303,55.79,57.44,76.91,63.38,19.16,100,97.06,18
2304,20221002304,52.7,45.94,36.03,44.89,11.07,85,59.1,17
2305,20221002305,36.3,33.53,29.76,33.2,24.59,82,75.35,18
2306,20221002306,45.51,40.41,33.38,39.77,23.21,90,86.47,20
2307,20221002307,42.03,54.79,41.95,46.26,10.76,77,60.94,94
2308,20221002308,40.74,30.4,38.32,36.49,6.9,84,44.02,5
2309,20221002309,80.46,79.54,57.75,72.58,19.11,79,81.52,23
2310,20221002310,34.82,32.54,43.41,36.92,19.47,85,56.82,37
2311,20221002311,60.87,47.28,53.49,53.88,16.91,100,60.21,27
2312,20221002312,61.08,55.5,79.37,65.32,6.58,86,90.7,34
2313,20221002313,52.96,54.36,57.94,55.09,4.52,75,100,26
2314,20221002314,66.76,63.69,61.98,64.14,9.55,82,61.72,33
2315,20221002315,49.8,30.57,33.76,38.04,8.86,58,62.12,32
2316,20221002316,42.46,52.33,46.67,47.15,13.04,100,59.74,34
2317,20221002317,45.51,66.12,66.76,59.46,21.27,90,30.49,26
2318,20221002318,61.07,81.61,89.57,77.42,16.88,77,67.99,29
2319,20221002319,46.76,56.05,58.36,53.72,9.28,77,90.38,20
2320,20221002320,37.63,20,20,25.88,12.76,90,49.45,27
2321,20221002321,51.24,41.45,50.86,47.85,20.61,86,55.14,7
2322,20221002322,25.97,28.66,31.19,28.61,10.34,100,95.97,39
2323,20221002323,82.68,78.45,75.36,78.83,6.81,94,93.09,23
2324,20221002324,46.36,37.12,24.8,36.09,15.66,100,100,14
2325,20221002325,82.05,60.07,62.1,68.07,10.38,83,73.72,49
2326,20221002326,78.58,78.74,89.6,82.31,21.09,89,86.02,19
2327,20221002327,48.87,45.09,43.19,45.72,19.0,77,74.3,39
2328,20221002328,38.27,20,29.07,29.11,12.3,80,59.95,21
2329,20221002329,49.27,32.89,45.74,42.63,21.05,91,74.06,65
2330,20221002330,44.2,43.35,50.96,46.17,24.44,92,91.45,30
2331,20221002331,64.78,53.34,62.44,60.19,17.79,88,92.39,25
2332,20221002332,49.45,46.83,44.71,47.0,13.77,94,96.44,25
2333,20221002333,43.99,35.61,23.94,34.51,13.98,100,100,46
2334,20221002334,31.99,30.88,40.22,34.36,16.48,88,42.11,25
2335,20221002335,51.61,42.79,26.89,40.43,17.68,89,87.14,15
2336,20221002336,35.04,27.94,20,27.66,15.86,65,73.15,8
2337,20221002337,74.08,72.36,52.01,66.15,19.29,75,66.94,14
2338,20221002338,40.49,31.13,51.67,41.1,16.25,100,37.89,37
2339,20221002339,33.52,22.24,42.63,32.8,21.15,95,76.29,104
2340,20221002340,39.12,20,38.12,32.41,19.71,97,53.59,19
2341,20221002341,74.71,81.51,89.81,82.01,13.43,85,78.99,30
2342,20221002342,74.85,86.02,100,86.96,12.84,82,74.45,22
2343,20221002343,43.4,31.47,20,31.62,16.18,86,81.76,63
2344,20221002344,49.42,53.83,43.48,48.91,21.05,92,74.73,26
2345,20221002345,51.57,52.33,57.98,53.96,16.85,96,78.71,23
2346,20221002346,75.03,58.52,51.45,61.67,19.08,80,93.09,11
2347,20221002347,38.79,26.01,25.92,30.24,23.66,100,85.09,32
2348,20221002348,32.46,20,24.2,25.55,12.49,79,58.29,31
2349,20221002349,35.6,40.26,32.23,36.03,10.26,83,47.79,12
2350,20221002350,76.8,68.69,70.78,72.09,21.47,100,70.46,13
2351,20221002351,64.95,66.58,59.83,63.79,16.05,96,56.47,13
2352,20221002352,36.93,20.35,20,25.76,19.11,81,96.4,23
2353,20221002353,69.63,76.26,73.58,73.16,21.22,80,92.99,50
2354,20221002354,61.81,65.53,77.57,68.3,17.34,78,96.47,77
2355,20221002355,60.82,66.35,53.65,60.27,13.0,82,48.69,35
2356,20221002356,81.78,70.93,64.18,72.3,27.6,94,99.41,18
2357,20221002357,54.82,47.85,51.62,51.43,22.67,81,83.69,39
2358,20221002358,58.17,56.29,44.51,52.99,19.84,96,48.03,15
2359,20221002359,57.1,50.01,44.16,50.42,23.44,82,86.33,135
2360,20221002360,70.99,79.0,77.41,75.8,18.44,85,48.17,25
2361,20221002361,53.55,55.73,40.77,50.02,22.02,76,48.37,51
2362,20221002362,30.57,33.15,39.07,34.26,19.31,96,44.23,22
2363,20221002363,39.81,48.9,42.81,43.84,24.37,73,65.6,17
2364,20221002364,70.27,66.63,60.97,65.96,18.79,100,81.25,34
2365,20221002365,74.7,82.83,85.44,80.99,22.05,72,80.24,43
2366,20221002366,64.54,67.45,69.82,67.27,20.76,90,50.53,56
2367,20221002367,53.77,70.05,73.05,65.62,28.16,91,82.12,22
2368,20221002368,72.31,50.35,40.72,54.46,25.83,80,38.86,58
2369,20221002369,38.56,33.23,58.0,43.26,11.38,93,69.98,15
2370,20221002370,49.93,51.38,36.94,46.08,22.63,100,52.42,125
2371,20221002371,74.14,82.65,75.67,77.49,6.39,84,68.79,34
2372,20221002372,42.76,46.24,33.43,40.81,16.46,76,73.78,53
2373,20221002373,66.32,54.48,40.08,53.63,13.33,77,74.66,21
2374,20221002374,40.56,51.55,53.87,48.66,11.42,90,87.68,18
2375,20221002375,49.83,50.22,49.07,49.71,10.6,93,56.79,25
2376,20221002376,25.61,33.73,45.07,34.8,19.21,87,66.71,28
2377,20221002377,43.39,38.15,38.76,40.1,21.36,100,57.22,15
2378,20221002378,36.0,32.4,28.21,32.2,21.25,94,63.56,10
2379,20221002379,61.99,61.5,66.03,63.17,22.43,95,83.1,25
2380,20221002380,54.34,69.37,73.22,65.64,12.2,95,63.18,7
2381,20221002381,69.99,68.29,79.42,72.57,15.91,77,65.91,10
2382,20221002382,61.55,59.59,60.17,60.44,16.47,100,54.24,16
2383,20221002383,47.97,52.56,62.2,54.24,5.87,100,51.02,49
2384,20221002384,56.82,67.23,55.04,59.7,15.85,91,57.64,13
2385,20221002385,38.22,65.24,51.95,51.8,21.28,90,56.87,28
2386,20221002386,69.71,83.24,90.78,81.24,24.31,80,78.27,45
2387,20221002387,45.72,40.55,26.31,37.53,11.17,82,48.63,26
2388,20221002388,48.28,53.85,31.09,44.41,20.4,94,73.81,13
2389,20221002389,64.14,58.05,65.51,62.57,10.04,100,90.02,7
2390,20221002390,35.7,20,22.58,26.09,9.91,79,43.66,47
2391,20221002391,62.15,46.89,54.1,54.38,19.79,83,60.31,38
2392,20221002392,78.36,85.27,79.71,81.11,22.53,90,66.94,24
2393,20221002393,37.66,35.94,42.94,38.85,21.55,89,46.99,29
2394,20221002394,58.7,69.68,80.75,69.71,20.07,100,59.1,41
2395,20221002395,24.63,20,20,21.54,19.52,67,45.16,20
2396,20221002396,68.21,60.15,73.96,67.44,21.74,84,66.06,22
2397,20221002397,66.43,72.47,81.99,73.63,9.84,100,95.43,15
2398,20221002398,74.93,84.64,79.37,79.65,11.79,74,37.85,24
2399,20221002399,83.89,83.18,84.39,83.82,22.3,97,77.18,14
2400,20221002400,41.06,49.25,62.58,50.96,26.61,94,94.98,26
2401,20221002401,61.02,65.75,67.04,64.6,4.12,75,68.96,32
2402,20221002402,46.62,40.21,43.78,43.54,10.83,64,90.66,36
2403,20221002403,71.6,72.1,69.2,70.97,19.2,78,100,36
2404,20221002404,52.55,53.99,47.24,51.26,9.42,97,84.54,65
2405,20221002405,49.08,58.28,39.92,49.09,7.32,96,100,60
2406,20221002406,40.8,67.07,56.38,54.75,15.46,79,50.58,36
2407,20221002407,41.75,51.33,39.03,44.04,27.43,91,46.84,17
2408,20221002408,72.5,77.27,82.34,77.37,25.41,77,100,46
2409,20221002409,25.0,20,20,21.67,12.39,83,55.5,30
2410,20221002410,53.44,42.2,61.4,52.35,6.94,73,53.29,28
2411,20221002411,69.05,83.65,73.88,75.53,13.63,96,60.91,26
2412,20221002412,36.93,28.04,20,28.32,11.86,86,43.64,10
2413,20221002413,63.79,70.44,69.8,68.01,25.1,84,58.9,13
2414,20221002414,41.17,20,22.08,27.75,28.05,90,57.15,14
2415,20221002415,69.95,84.28,72.78,75.67,15.02,100,58.24,23
2416,20221002416,57.35,47.49,49.92,51.59,20.18,89,49.02,31
2417,20221002417,44.21,35.33,37.51,39.02,17.41,77,64.2,26
2418,20221002418,59.47,46.12,53.23,52.94,21.74,86,47.28,91
2419,20221002419,41.65,41.38,23.75,35.59,7.71,74,66.48,27
2420,20221002420,38.83,57.31,69.99,55.38,11.17,84,49.36,43
2421,20221002421,58.81,45.25,54.94,53.0,9.98,81,69.19,30
2422,20221002422,33.41,39.45,25.49,32.78,9.98,69,63.71,11
2423,20221002423,50.52,46.4,46.7,47.87,17.15,74,55.75,67
2424,20221002424,70.17,75.42,84.87,76.82,21.52,100,40.12,24
2425,20221002425,37.48,36.79,40.07,38.11,16.22,86,76.41,11
2426,20221002426,83.23,64.8,66.34,71.46,14.71,83,98.13,35
2427,20221002427,45.45,44.67,39.39,43.17,19.5,55,44.41,25
2428,20221002428,33.47,48.46,45.63,42.52,22.01,98,51.8,32
2429,20221002429,49.23,30.44,33.22,37.63,16.5,84,64.28,22
2430,20221002430,54.91,47.89,45.74,49.51,5.52,97,71.45,32
2431,20221002431,40.04,56.34,54.78,50.39,18.78,92,64.4,31
2432,20221002432,44.46,38.47,34.88,39.27,17.73,85,63.38,38
2433,20221002433,46.58,71.72,83.34,67.21,13.66,100,52.56,72
2434,20221002434,42.75,48.17,41.22,44.05,9.14,58,86.36,18
2435,20221002435,41.83,37.13,49.5,42.82,12.63,81,78.16,49
2436,20221002436,58.18,61.81,65.95,61.98,14.48,72,62.22,7
2437,20221002437,70.77,47.28,52.29,56.78,19.37,76,59.61,64
2438,20221002438,27.67,39.95,26.56,31.39,19.97,81,76.78,20
2439,20221002439,28.5,29.51,28.07,28.69,12.65,91,96.93,17
2440,20221002440,54.78,45.53,42.06,47.46,9.1,95,46.12,17
2441,20221002441,79.96,72.55,58.72,70.41,11.01,100,91.96,37
2442,20221002442,44.24,49.91,46.29,46.81,9.47,82,77.58,60
2443,20221002443,63.28,72.51,65.39,67.06,29.5,90,92.89,35
2444,20221002444,55.26,42.48,31.04,42.93,19.82,89,61.0,28
2445,20221002445,44.94,46.14,47.83,46.3,14.13,100,59.14,8
2446,20221002446,77.35,87.25,83.54,82.71,19.97,92,37.59,11
2447,20221002447,57.82,89.9,96.61,81.44,15.73,90,76.86,27
2448,20221002448,51.34,29.96,26.26,35.85,26.17,100,51.36,30
2449,20221002449,61.72,56.02,78.94,65.56,11.91,100,72.77,10
2450,20221002450,46.8,29.11,46.4,40.77,14.23,78,60.59,21
2451,20221002451,63.26,69.56,80.75,71.19,22.82,92,54.28,17
2452,20221002452,67.99,72.23,67.29,69.17,24.09,82,81.99,38
2453,20221002453,61.14,52.93,57.89,57.32,19.58,95,34.76,22
2454,20221002454,56.44,61.08,70.49,62.67,9.1,59,52.37,45
2455,20221002455,34.38,36.45,37.14,35.99,22.85,100,79.07,29
2456,20221002456,69.18,68.17,51.51,62.95,23.14,95,79.52,20
2457,20221002457,35.19,34.47,44.41,38.02,10.23,79,54.44,39
2458,20221002458,44.57,32.43,53.44,43.48,12.74,88,74.05,21
2459,20221002459,50.02,66.56,83.21,66.6,6.6,88,100,26
2460,20221002460,70.46,59.17,56.4,62.01,30.79,87,77.81,50
2461,20221002461,44.18,51.06,60.08,51.77,22.41,96,63.75,21
2462,20221002462,41.97,64.0,79.28,61.75,12.12,85,45.31,33
2463,20221002463,49.42,51.98,50.47,50.62,19.67,98,76.72,19
2464,20221002464,68.87,52.83,50.04,57.25,12.69,77,67.5,23
2465,20221002465,38.97,34.72,36.98,36.89,22.76,86,65.66,35
2466,20221002466,64.12,50.33,58.19,57.55,19.99,98,82.76,16
2467,20221002467,49.31,52.77,47.61,49.9,10.71,89,43.4,55
2468,20221002468,76.81,47.45,55.08,59.78,20.86,94,100,48
2469,20221002469,65.74,77.76,84.22,75.91,15.44,80,64.19,12
2470,20221002470,61.91,53.76,56.89,57.52,14.37,97,60.46,19
2471,20221002471,76.15,75.19,67.86,73.07,18.91,78,53.01,9
2472,20221002472,37.02,49.11,39.04,41.72,21.77,94,76.77,22
2473,20221002473,41.81,20,20,27.27,12.54,81,44.0,30
2474,20221002474,48.35,29.68,28.1,35.38,12.57,85,84.52,51
2475,20221002475,59.73,76.66,86.51,74.3,11.0,89,37.43,52
2476,20221002476,72.82,80.09,79.45,77.45,21.6,85,37.03,15
2477,20221002477,60.84,56.36,69.87,62.36,15.26,89,48.67,41
2478,20221002478,38.64,24.52,20,27.72,13.37,71,74.05,14
2479,20221002479,64.46,70.02,88.2,74.23,22.23,87,91.16,29
2480,20221002480,42.61,40.57,32.06,38.41,18.85,80,98.57,90
2481,20221002481,37.72,47.99,43.85,43.19,11.58,97,64.12,25
2482,20221002482,64.46,57.05,49.43,56.98,7.44,100,54.2,39
2483,20221002483,68.13,77.68,75.31,73.71,3.11,87,93.62,19
2484,20221002484,46.11,44.18,62.32,50.87,18.03,87,89.41,20
2485,20221002485,64.92,84.93,82.3,77.38,26.09,80,59.93,53
2486,20221002486,43.74,34.86,29.94,36.18,9.64,90,65.14,23
2487,20221002487,22.8,33.81,34.81,30.47,15.48,100,62.34,31
2488,20221002488,85.03,100,100,95.01,19.31,90,89.15,17
2489,20221002489,53.87,41.31,51.42,48.87,14.95,84,86.01,32
2490,20221002490,42.92,24.71,20.23,29.29,18.2,78,60.23,47
2491,20221002491,70.27,63.38,65.31,66.32,7.23,81,90.23,16
2492,20221002492,53.09,35.92,40.46,43.16,10.38,98,73.0,21
2493,20221002493,46.11,31.95,47.92,41.99,14.04,100,70.34,38
2494,20221002494,52.52,35.83,22.18,36.84,12.52,88,93.61,61
2495,20221002495,47.58,47.0,58.84,51.14,15.14,96,87.09,15
2496,20221002496,50.65,58.01,51.85,53.5,11.53,93,100,53
2497,20221002497,38.11,40.76,38.58,39.15,19.81,94,57.99,43
2498,20221002498,78.88,79.47,75.56,77.97,22.07,88,80.52,42
2499,20221002499,69.22,67.34,69.48,68.68,15.58,83,54.45,35
2500,20221002500,47.16,34.67,20,33.94,25.41,81,39.47,46
2501,20221002501,43.45,44.54,47.08,45.02,13.92,100,54.9,16
2502,20221002502,66.99,53.86,36.22,52.36,8.32,70,59.2,28
2503,20221002503,37.54,45.08,61.49,48.04,16.35,94,95.78,18
2504,20221002504,70.83,69.14,70.07,70.01,16.09,100,60.52,26
2505,20221002505,61.17,74.0,66.58,67.25,12.15,85,92.06,22
2506,20221002506,53.31,50.33,44.81,49.48,21.22,78,88.44,10
2507,20221002507,46.0,43.1,34.62,41.24,9.68,68,45.99,20
2508,20221002508,38.68,27.46,37.99,34.71,17.39,79,54.01,29
2509,20221002509,74.05,74.88,92.86,80.6,12.23,72,76.3,59
2510,20221002510,60.89,74.36,98.39,77.88,22.43,95,81.34,29
2511,20221002511,58.74,26.75,20,35.16,6.84,80,80.1,10
2512,20221002512,41.24,52.24,42.85,45.44,20.5,95,88.47,30
2513,20221002513,58.31,35.0,27.58,40.3,12.38,86,74.82,23
2514,20221002514,75.62,64.24,57.42,65.76,13.24,100,60.45,43
2515,20221002515,71.15,96.94,100,89.36,25.33,92,76.72,26
2516,20221002516,38.39,44.77,37.58,40.25,13.14,90,84.0,53
2517,20221002517,72.45,81.2,84.2,79.28,21.62,92,83.5,42
2518,20221002518,49.38,62.42,93.51,68.44,22.0,87,89.82,33
2519,20221002519,47.87,51.07,44.69,47.88,19.84,100,49.77,79
2520,20221002520,57.08,43.26,52.99,51.11,18.08,100,80.97,12
2521,20221002521,70.69,89.47,100,86.72,17.54,73,99.64,12
2522,20221002522,33.92,20,36.51,30.14,2.67,100,54.65,30
2523,20221002523,51.96,47.94,34.23,44.71,14.19,87,77.38,14
2524,20221002524,44.73,26.23,24.87,31.94,13.67,88,91.82,39
2525,20221002525,42.44,34.88,29.92,35.75,11.69,99,84.05,37
2526,20221002526,77.72,64.79,63.34,68.62,28.23,74,34.97,98
2527,20221002527,46.61,26.9,39.03,37.51,19.01,79,78.13,17
2528,20221002528,70.75,70.66,88.71,76.71,19.57,100,52.73,12
2529,20221002529,73.24,73.28,71.36,72.63,7.55,98,67.25,23
2530,20221002530,43.35,44.68,28.08,38.7,16.62,71,76.76,58
2531,20221002531,63.54,82.08,75.82,73.81,8.97,100,71.26,43
2532,20221002532,68.92,68.07,71.43,69.47,15.37,92,100,21
2533,20221002533,32.37,53.09,53.75,46.4,20.63,93,74.98,40
2534,20221002534,81.85,100,98.7,93.52,29.71,87,56.9,26
2535,20221002535,41.57,37.19,20.39,33.05,16.61,59,84.63,8
2536,20221002536,46.46,41.8,26.92,38.39,4.96,90,65.8,26
2537,20221002537,29.27,41.85,30.74,33.95,15.84,99,48.68,65
2538,20221002538,48.48,58.2,71.39,59.36,18.23,81,50.98,36
2539,20221002539,34.57,24.84,26.21,28.54,21.53,90,49.23,29
2540,20221002540,69.21,51.51,37.54,52.75,3.86,100,41.59,81
2541,20221002541,58.7,70.07,60.2,62.99,22.81,77,85.96,23
2542,20221002542,48.51,41.09,40.11,43.24,17.31,98,86.56,18
2543,20221002543,39.42,41.14,45.32,41.96,19.64,77,64.71,83
2544,20221002544,52.12,69.83,74.37,65.44,15.68,88,61.04,31
2545,20221002545,41.32,27.51,31.4,33.41,22.53,99,49.24,61
2546,20221002546,47.65,50.89,57.33,51.96,20.5,91,69.22,5
2547,20221002547,57.14,58.99,69.35,61.83,10.32,93,39.71,45
2548,20221002548,65.21,67.88,54.38,62.49,16.63,78,42.13,19
2549,20221002549,77.42,68.47,53.78,66.56,20.57,90,78.85,27
2550,20221002550,66.29,47.68,38.02,50.66,17.12,87,92.93,29
2551,20221002551,58.48,52.72,48.18,53.13,15.86,100,60.6,10
2552,20221002552,37.12,20,24.79,27.3,21.02,83,40.28,26
2553,20221002553,40.61,42.62,42.47,41.9,15.36,87,86.51,27
2554,20221002554,53.26,37.42,49.31,46.66,13.26,93,31.08,33
2555,20221002555,54.56,55.52,36.59,48.89,20.34,93,82.46,20
2556,20221002556,37.59,35.72,31.73,35.01,15.38,76,83.06,16
2557,20221002557,39.21,29.59,20,29.6,14.93,86,91.95,59
2558,20221002558,50.58,39.8,46.1,45.49,19.24,86,40.16,178
2559,20221002559,50.85,56.08,52.43,53.12,24.46,100,84.69,25
2560,20221002560,53.44,54.8,59.54,55.93,13.34,87,83.21,16
2561,20221002561,53.47,59.41,55.6,56.16,17.32,100,95.08,20
2562,20221002562,50.25,62.66,53.92,55.61,21.43,72,49.42,21
2563,20221002563,43.38,32.17,35.62,37.06,16.98,73,67.8,35
2564,20221002564,65.69,76.64,76.0,72.78,19.65,100,71.97,15
2565,20221002565,73.31,78.33,65.91,72.52,14.18,100,64.8,41
2566,20221002566,35.65,25.02,20,26.89,27.15,84,73.38,37
2567,20221002567,60.31,56.78,69.05,62.05,12.03,81,49.71,22
2568,20221002568,63.15,60.34,66.14,63.21,14.37,87,50.4,23
2569,20221002569,65.51,68.67,75.4,69.86,19.62,81,80.09,37
2570,20221002570,45.78,64.29,61.66,57.24,12.23,90,86.2,15
2571,20221002571,72.5,53.38,62.4,62.76,15.82,91,77.18,14
2572,20221002572,22.72,20,23.19,21.97,12.56,85,62.3,45
2573,20221002573,64.17,62.09,67.01,64.42,19.15,90,74.23,26
2574,20221002574,48.62,39.43,29.8,39.28,17.07,91,65.94,47
2575,20221002575,76.43,82.79,81.0,80.07,2,94,53.52,21
2576,20221002576,70.45,69.5,80.86,73.6,29.0,100,60.52,41
2577,20221002577,43.87,57.94,65.04,55.62,13.51,91,75.42,73
2578,20221002578,60.94,52.82,57.75,57.17,4.31,64,54.9,52
2579,20221002579,30.09,40.44,27.44,32.66,15.0,77,59.69,14
2580,20221002580,52.91,38.79,32.11,41.27,14.91,77,65.97,9
2581,20221002581,62.83,74.47,69.24,68.85,14.28,72,82.74,17
2582,20221002582,83.54,68.26,68.18,73.33,20.17,85,90.08,35
2583,20221002583,38.59,26.41,30.68,31.89,16.74,92,53.92,21
2584,20221002584,74.64,77.47,75.83,75.98,21.69,100,49.46,44
2585,20221002585,71.02,64.19,57.53,64.25,7.7,100,33.1,14
2586,20221002586,32.45,20,32.65,28.37,18.17,82,71.92,25
2587,20221002587,45.84,33.35,40.6,39.93,8.59,91,41.77,45
2588,20221002588,73.43,61.68,72.74,69.28,16.77,86,60.09,21
2589,20221002589,39.4,35.23,28.57,34.4,22.44,81,78.99,55
2590,20221002590,61.25,84.17,89.14,78.19,18.69,76,78.25,21
2591,20221002591,67.47,49.14,39.33,51.98,9.5,86,46.9,21
2592,20221002592,73.73,49.22,44.56,55.84,16.31,79,86.17,11
2593,20221002593,68.74,61.59,60.37,63.57,10.3,82,89.64,39
2594,20221002594,37.52,37.74,40.7,38.65,17.16,86,64.66,52
2595,20221002595,44.24,28.8,26.57,33.2,12.82,91,78.29,17
2596,20221002596,53.13,37.24,26.42,38.93,21.0,100,83.06,23
2597,20221002597,61.56,79.67,71.06,70.76,16.21,83,50.72,13
2598,20221002598,47.58,46.26,48.83,47.56,18.58,77,95.15,27
2599,20221002599,35.69,43.77,38.16,39.21,13.55,78,76.65,16
2600,20221002600,63.59,70.68,77.35,70.54,4.86,87,92.13,92
2601,20221002601,25.68,36.34,34.65,32.22,23.58,97,87.98,7
2602,20221002602,31.93,26.92,23.13,27.33,19.62,68,71.94,18
2603,20221002603,40.48,36.46,32.61,36.52,18.35,89,63.82,57
2604,20221002604,42.21,48.03,39.83,43.36,19.02,98,84.51,23
2605,20221002605,60.93,36.06,31.67,42.89,23.19,80,38.86,24
2606,20221002606,64.7,53.96,40.84,53.17,3.34,71,50.17,24
2607,20221002607,33.54,20,24.41,25.98,18.79,89,92.76,8
2608,20221002608,57.66,73.24,79.54,70.15,32.15,91,45.51,28
2609,20221002609,39.68,44.35,48.06,44.03,20.19,92,54.66,17
2610,20221002610,33.92,28.24,34.71,32.29,6.22,86,39.52,24
2611,20221002611,70.04,96.65,100,88.9,14.34,82,84.34,33
2612,20221002612,65.39,54.48,63.87,61.25,14.95,100,67.34,26
2613,20221002613,44.18,41.68,53.63,46.5,19.46,81,57.45,36
2614,20221002614,43.32,45.82,38.43,42.52,19.03,83,98.62,20
2615,20221002615,35.32,41.1,26.13,34.18,29.05,96,67.87,25
2616,20221002616,76.53,95.92,90.21,87.55,27.74,91,54.48,53
2617,20221002617,69.08,68.61,89.53,75.74,14.71,90,47.46,8
2618,20221002618,41.05,53.75,66.25,53.68,10.75,81,73.6,28
2619,20221002619,46.71,52.76,55.76,51.74,19.88,88,70.29,11
2620,20221002620,39.19,47.39,39.21,41.93,14.17,95,89.54,19
2621,20221002621,38.26,44.78,53.83,45.62,17.53,69,46.07,54
2622,20221002622,71.4,85.71,100,85.7,19.96,89,36.27,29
2623,20221002623,67.53,64.42,43.77,58.57,12.49,77,56.69,85
2624,20221002624,62.2,68.5,75.24,68.65,12.25,90,68.96,10
2625,20221002625,43.96,28.7,21.25,31.3,13.04,83,85.79,20
2626,20221002626,39.25,46.95,58.9,48.37,8.97,99,78.83,17
2627,20221002627,52.45,22.68,40.41,38.51,19.66,71,43.12,77
2628,20221002628,78.7,100,94.06,90.92,26.99,94,96.57,42
2629,20221002629,55.26,55.1,51.86,54.07,21.47,87,52.23,18
2630,20221002630,40.69,43.64,53.52,45.95,7.35,79,96.49,39
2631,20221002631,41.78,42.16,53.78,45.91,18.47,100,68.5,54
2632,20221002632,40.29,37.26,42.29,39.95,22.31,84,65.73,36
2633,20221002633,67.18,62.85,65.26,65.1,11.81,77,85.61,7
2634,20221002634,69.33,72.73,94.92,78.99,13.14,81,62.95,42
2635,20221002635,70.41,59.28,50.09,59.93,16.91,97,83.7,13
2636,20221002636,66.57,54.69,66.32,62.53,15.96,78,42.88,34
2637,20221002637,73.24,72.32,69.87,71.81,19.24,92,81.7,11
2638,20221002638,59.5,63.7,73.09,65.43,10.0,100,97.26,12
2639,20221002639,71.21,58.83,64.06,64.7,16.35,88,90.81,20
2640,20221002640,51.05,52.47,34.84,46.12,17.39,87,69.48,21
2641,20221002641,75.13,70.78,66.2,70.7,19.88,80,91.44,34
2642,20221002642,54.39,69.61,67.37,63.79,15.77,100,76.83,36
2643,20221002643,60.91,51.31,66.43,59.55,24.43,91,72.45,54
2644,20221002644,74.68,62.11,55.52,64.1,23.37,97,99.62,55
2645,20221002645,71.4,82.96,98.85,84.4,24.6,96,66.99,62
2646,20221002646,73.24,77.89,75.63,75.59,18.18,77,70.43,20
2647,20221002647,35.27,20,25.3,26.86,13.71,85,42.77,74
2648,20221002648,66.59,67.46,71.3,68.45,10.25,94,96.26,30
2649,20221002649,40.33,47.93,46.95,45.07,13.69,88,97.23,18
2650,20221002650,40.24,49.63,53.5,47.79,21.67,92,88.46,4
2651,20221002651,54.36,46.53,46.16,49.02,19.25,96,49.79,27
2652,20221002652,39.52,20,20,26.51,19.61,89,40.72,24
2653,20221002653,61.08,50.48,50.21,53.92,15.21,94,76.01,11
2654,20221002654,49.64,48.53,58.19,52.12,8.82,93,100,21
2655,20221002655,61.31,51.18,28.27,46.92,16.65,82,41.32,8
2656,20221002656,68.61,50.36,58.87,59.28,13.94,94,84.65,23
2657,20221002657,23.81,25.53,20,23.11,18.75,100,48.23,15
2658,20221002658,53.75,47.11,46.41,49.09,12.75,100,73.85,28
2659,20221002659,27.28,21.69,21.8,23.59,14.51,92,42.73,65
2660,20221002660,43.65,67.44,60.58,57.22,11.23,98,61.43,22
2661,20221002661,45.27,45.62,47.37,46.09,9.62,98,48.89,24
2662,20221002662,63.68,56.17,44.85,54.9,10.75,100,50.93,5
2663,20221002663,45.55,52.05,47.79,48.46,3.95,84,49.76,15
2664,20221002664,43.16,32.63,32.74,36.18,14.66,79,45.81,21
2665,20221002665,62.89,58.12,48.1,56.37,20.18,98,57.26,66
2666,20221002666,73.42,83.38,78.62,78.47,19.92,99,98.39,30
2667,20221002667,61.34,52.53,64.54,59.47,22.36,88,53.19,15
2668,20221002668,20,37.64,31.81,29.82,11.69,85,51.83,25
2669,20221002669,51.95,64.6,65.02,60.52,13.56,91,45.56,16
2670,20221002670,33.7,47.64,39.57,40.3,13.28,78,42.05,39
2671,20221002671,33.11,36.83,67.99,45.98,25.57,100,61.23,33
2672,20221002672,39.98,28.14,41.74,36.62,21.53,88,68.34,17
2673,20221002673,35.15,22.34,29.43,28.97,15.46,78,49.02,11
2674,20221002674,42.97,57.95,42.79,47.9,20.23,85,76.47,22
2675,20221002675,39.7,23.4,25.97,29.69,13.53,81,74.6,28
2676,20221002676,81.39,100,100,93.8,28.0,80,100,13
2677,20221002677,66.12,67.3,75.44,69.62,15.05,100,51.44,9
2678,20221002678,37.42,40.03,34.67,37.37,13.17,81,32.27,10
2679,20221002679,34.25,39.2,42.77,38.74,7.41,100,42.67,37
2680,20221002680,60.69,71.24,82.72,71.55,7.32,67,79.46,38
2681,20221002681,48.77,33.48,34.16,38.8,25.45,90,85.12,62
2682,20221002682,45.23,54.28,47.47,48.99,12.39,90,54.38,29
2683,20221002683,50.24,53.09,68.82,57.38,22.0,80,62.81,67
2684,20221002684,69.6,72.75,72.53,71.63,23.44,88,100,25
2685,20221002685,51.35,39.7,38.0,43.02,17.24,96,94.23,14
2686,20221002686,57.12,74.13,57.43,62.89,15.06,74,100,12
2687,20221002687,66.95,67.37,58.66,64.33,25.5,88,39.15,46
2688,20221002688,73.66,81.51,91.11,82.09,25.31,80,55.82,27
2689,20221002689,42.72,54.57,50.29,49.19,17.02,92,95.69,36
2690,20221002690,46.1,20,20,28.7,9.15,74,85.17,66
2691,20221002691,37.06,20,22.41,26.49,15.4,100,57.25,43
2692,20221002692,54.44,49.73,42.56,48.91,13.3,93,50.42,19
2693,20221002693,64.15,56.35,56.53,59.01,6.7,93,85.49,26
2694,20221002694,37.78,41.55,29.93,36.42,15.66,76,43.27,36
2695,20221002695,58.97,63.49,78.93,67.13,13.46,88,53.29,18
2696,20221002696,79.3,68.85,77.81,75.32,21.94,73,88.17,20
2697,20221002697,63.54,58.55,50.47,57.52,18.96,88,66.4,15
2698,20221002698,55.48,65.28,68.06,62.94,19.97,81,89.23,73
2699,20221002699,41.1,32.78,26.8,33.56,8.43,80,82.22,47
2700,20221002700,40.74,51.02,59.64,50.47,15.94,73,93.86,81
2701,20221002701,34.8,42.43,20,32.41,13.98,82,65.2,54
2702,20221002702,58.87,48.48,49.83,52.39,14.91,90,71.09,10
2703,20221002703,64.51,79.44,97.85,80.6,2,86,61.48,30
2704,20221002704,45.97,59.83,65.12,56.97,26.53,95,47.78,17
2705,20221002705,54.84,41.63,42.07,46.18,21.21,87,49.09,40
2706,20221002706,50.34,45.81,36.42,44.19,20.76,93,82.44,18
2707,20221002707,70.73,64.42,52.11,62.42,10.05,83,50.9,12
2708,20221002708,77.22,67.98,66.78,70.66,23.15,91,39.21,14
2709,20221002709,70.91,72.93,69.46,71.1,15.91,79,82.22,15
2710,20221002710,61.02,57.62,80.32,66.32,6.01,83,51.14,33
2711,20221002711,40.76,35.78,27.77,34.77,18.66,94,49.46,6
2712,20221002712,65.79,83.6,98.18,82.52,2,87,90.87,30
2713,20221002713,63.3,79.5,75.11,72.64,11.2,89,82.35,39
2714,20221002714,30.77,20,27.31,26.03,9.26,92,60.05,44
2715,20221002715,43.31,44.16,54.12,47.2,14.81,85,50.61,18
2716,20221002716,30.6,56.31,41.62,42.84,17.36,86,59.38,38
2717,20221002717,29.55,31.16,30.81,30.51,10.05,86,56.78,29
2718,20221002718,79.36,60.53,41.78,60.56,16.76,98,57.72,12
2719,20221002719,39.88,26.91,20,28.93,19.08,86,93.91,40
2720,20221002720,44.99,48.18,49.03,47.4,16.94,85,83.5,42
2721,20221002721,82.33,94.53,100,92.29,22.64,86,88.2,22
2722,20221002722,59.82,66.31,76.46,67.53,10.07,89,52.54,74
2723,20221002723,69.56,64.69,65.83,66.69,24.13,94,53.03,40
2724,20221002724,69.85,66.26,58.51,64.87,18.37,100,96.72,27
2725,20221002725,48.47,51.33,41.75,47.18,8.85,83,73.58,71
2726,20221002726,64.51,64.38,63.13,64.01,12.31,94,82.86,43
2727,20221002727,49.33,50.01,32.14,43.83,13.57,96,88.39,52
2728,20221002728,72.83,58.64,42.31,57.93,17.57,67,86.02,62
2729,20221002729,67.22,75.71,64.47,69.13,2,98,91.32,22
2730,20221002730,29.23,20,20,23.08,15.04,100,54.11,42
2731,20221002731,46.75,34.4,35.95,39.03,18.77,94,96.78,15
2732,20221002732,50.17,56.73,44.95,50.62,11.08,77,50.35,21
2733,20221002733,47.13,43.48,34.49,41.7,16.9,65,86.31,15
2734,20221002734,65.26,63.06,66.94,65.09,20.66,95,75.76,12
2735,20221002735,85.89,87.41,78.87,84.06,11.86,83,94.52,31
2736,20221002736,35.98,30.71,22.0,29.56,22.82,73,92.62,11
2737,20221002737,45.63,37.48,32.34,38.48,9.24,83,63.49,6
2738,20221002738,69.35,72.86,65.07,69.09,13.4,85,100,23
2739,20221002739,50.86,63.72,40.97,51.85,19.98,75,44.41,35
2740,20221002740,59.32,53.17,59.77,57.42,21.11,84,83.04,28
2741,20221002741,51.63,74.58,76.41,67.54,9.87,79,86.44,36
2742,20221002742,36.25,29.04,48.61,37.97,18.23,64,44.42,47
2743,20221002743,72.43,60.93,59.23,64.2,14.88,84,97.25,35
2744,20221002744,51.18,51.09,45.4,49.22,13.91,80,82.66,14
2745,20221002745,67.27,98.3,98.93,88.17,18.55,86,75.32,83
2746,20221002746,40.01,46.6,23.63,36.75,2,75,87.47,37
2747,20221002747,58.55,65.9,62.57,62.34,3.07,90,60.73,28
2748,20221002748,57.4,42.64,48.52,49.52,21.09,85,63.73,59
2749,20221002749,53.47,56.13,43.47,51.02,16.21,86,81.07,23
2750,20221002750,60.06,53.98,49.58,54.54,13.48,84,74.62,31
2751,20221002751,64.93,59.47,59.58,61.33,5.49,91,69.99,52
2752,20221002752,79.88,67.47,45.78,64.38,23.28,95,75.62,46
2753,20221002753,44.27,58.28,70.52,57.69,9.77,75,87.01,30
2754,20221002754,20,20,20,20.0,9.7,94,44.03,15
2755,20221002755,57.46,51.08,42.2,50.25,22.17,87,90.85,112
2756,20221002756,83.19,67.26,67.87,72.77,18.04,86,71.84,18
2757,20221002757,45.26,62.03,62.25,56.51,16.6,67,67.66,20
2758,20221002758,57.26,51.44,38.72,49.14,9.22,77,70.92,34
2759,20221002759,44.75,57.75,74.76,59.09,18.51,66,86.79,75
2760,20221002760,61.51,36.35,23.08,40.31,12.17,95,89.25,33
2761,20221002761,52.63,49.63,28.22,43.49,16.08,100,65.11,22
2762,20221002762,61.3,84.07,94.93,80.1,22.91,76,81.72,28
2763,20221002763,61.59,55.02,52.75,56.45,26.18,88,96.27,43
2764,20221002764,45.55,48.32,49.51,47.79,17.66,88,85.38,31
2765,20221002765,49.93,83.74,70.73,68.13,15.24,100,72.67,36
2766,20221002766,73.89,66.27,58.03,66.06,18.34,78,87.38,54
2767,20221002767,61.01,58.94,51.58,57.18,17.84,100,49.54,49
2768,20221002768,30.71,43.03,59.62,44.45,2,91,57.39,75
2769,20221002769,62.44,56.3,69.06,62.6,10.36,94,75.89,11
2770,20221002770,60.0,55.38,37.23,50.87,24.44,100,86.33,31
2771,20221002771,37.61,42.47,47.95,42.68,13.28,87,58.92,44
2772,20221002772,32.8,27.94,30.58,30.44,21.12,84,91.96,6
2773,20221002773,66.73,80.99,84.76,77.49,10.43,80,75.32,41
2774,20221002774,76.84,65.96,61.33,68.04,21.19,96,43.6,21
2775,20221002775,78.92,80.25,79.12,79.43,19.29,100,89.33,127
2776,20221002776,70.68,64.43,84.38,73.16,11.44,79,52.75,44
2777,20221002777,30.6,36.04,65.1,43.91,17.78,69,67.8,34
2778,20221002778,73.0,74.53,70.38,72.64,17.33,77,37.19,39
2779,20221002779,49.26,61.79,60.89,57.31,11.64,93,78.65,40
2780,20221002780,68.1,76.22,74.1,72.81,6.14,82,88.88,29
2781,20221002781,65.18,61.7,74.78,67.22,11.39,94,51.11,22
2782,20221002782,48.07,47.03,62.78,52.63,20.38,84,76.26,64
2783,20221002783,66.54,66.95,76.02,69.84,23.75,78,91.4,16
2784,20221002784,70.14,77.7,62.28,70.04,12.57,84,97.5,24
2785,20221002785,56.51,68.82,65.25,63.53,13.17,81,60.52,13
2786,20221002786,51.12,46.19,37.01,44.77,13.32,78,59.68,18
2787,20221002787,60.47,73.22,69.77,67.82,18.07,100,81.57,10
2788,20221002788,39.67,37.84,39.74,39.08,20.12,79,49.84,37
2789,20221002789,51.34,41.41,43.95,45.57,10.62,87,88.65,23
2790,20221002790,66.31,59.73,51.26,59.1,9.88,98,72.17,17
2791,20221002791,81.39,100,93.88,91.76,10.96,89,98.69,89
2792,20221002792,42.81,55.39,61.32,53.17,6.8,87,45.32,44
2793,20221002793,46.54,35.6,33.65,38.6,15.44,93,69.16,36
2794,20221002794,43.63,41.97,54.51,46.7,4.13,92,55.09,15
2795,20221002795,40.58,39.11,44.43,41.37,18.4,99,57.2,21
2796,20221002796,92.18,97.52,100,96.57,9.36,82,77.16,21
2797,20221002797,30.37,25.67,30.56,28.87,26.69,87,40.61,15
2798,20221002798,50.58,68.19,50.02,56.26,8.46,93,33.61,20
2799,20221002799,38.74,45.32,52.97,45.68,10.19,64,81.68,19
2800,20221002800,52.88,28.25,20,33.71,17.46,90,43.09,113
2801,20221002801,49.37,37.21,41.89,42.82,17.63,90,62.47,58
2802,20221002802,46.86,42.95,49.68,46.5,14.29,83,47.36,72
2803,20221002803,47.34,58.51,56.76,54.2,11.83,80,84.95,30
2804,20221002804,30.7,23.7,28.8,27.73,19.68,92,42.25,15
2805,20221002805,82.48,97.95,100,93.48,13.56,72,71.26,59
2806,20221002806,72.78,66.95,53.08,64.27,16.58,77,62.82,61
2807,20221002807,63.12,75.9,83.01,74.01,18.03,94,45.62,37
2808,20221002808,38.07,29.03,44.08,37.06,23.91,95,48.74,36
2809,20221002809,61.01,47.5,53.6,54.04,14.45,65,57.19,31
2810,20221002810,54.01,53.28,42.91,50.07,21.95,100,69.82,14
2811,20221002811,44.84,54.57,64.67,54.69,18.62,100,79.87,99
2812,20221002812,71.85,73.38,71.15,72.13,10.32,82,68.81,12
2813,20221002813,35.17,62.03,73.61,56.94,8.96,100,49.53,15
2814,20221002814,51.72,55.11,78.78,61.87,11.78,78,89.8,17
2815,20221002815,62.06,56.99,42.38,53.81,19.48,97,100,23
2816,20221002816,68.06,61.37,73.09,67.51,24.61,100,80.88,15
2817,20221002817,44.36,54.51,53.83,50.9,9.47,100,63.58,18
2818,20221002818,34.77,36.09,55.79,42.22,20.15,92,62.4,6
2819,20221002819,36.27,37.66,36.57,36.83,18.8,84,53.74,29
2820,20221002820,69.26,65.23,77.43,70.64,11.09,96,96.3,24
2821,20221002821,71.18,66.57,79.76,72.5,18.55,100,64.16,40
2822,20221002822,74.02,48.09,46.89,56.33,23.74,74,75.93,41
2823,20221002823,79.52,77.55,90.44,82.5,17.96,92,89.25,41
2824,20221002824,75.11,78.2,77.9,77.07,14.59,71,68.54,43
2825,20221002825,57.93,62.59,66.6,62.37,24.35,77,49.98,9
2826,20221002826,61.88,45.13,44.86,50.62,17.57,89,76.86,57
2827,20221002827,24.71,20,20,21.57,5.54,72,63.71,27
2828,20221002828,75.15,63.95,59.44,66.18,21.79,98,56.34,32
2829,20221002829,66.08,57.69,48.26,57.34,20.42,90,59.93,30
2830,20221002830,71.68,94.15,100,88.61,17.92,91,72.5,33
2831,20221002831,81.25,93.64,100,91.63,12.13,91,90.84,29
2832,20221002832,82.18,95.02,95.63,90.94,19.17,80,71.82,15
2833,20221002833,45.9,37.89,66.19,49.99,11.2,84,35.64,42
2834,20221002834,43.38,44.26,33.48,40.37,22.8,86,83.13,42
2835,20221002835,55.91,42.44,44.28,47.54,7.7,67,71.47,18
2836,20221002836,67.47,68.57,75.52,70.52,15.96,88,52.1,16
2837,20221002837,45.6,37.28,23.33,35.4,13.43,74,87.16,20
2838,20221002838,76.39,72.52,81.84,76.92,13.97,86,89.8,24
2839,20221002839,45.75,50.43,57.32,51.17,21.02,90,84.92,15
2840,20221002840,29.41,20,26.57,25.33,15.13,77,57.17,13
2841,20221002841,74.26,66.1,62.3,67.55,29.87,100,100,17
2842,20221002842,57.29,45.22,49.63,50.71,22.77,84,100,28
2843,20221002843,65.78,52.96,51.03,56.59,10.26,89,86.54,77
2844,20221002844,26.16,31.64,26.24,28.01,15.64,90,52.68,27
2845,20221002845,51.19,35.6,23.33,36.71,14.75,78,91.17,40
2846,20221002846,33.7,23.81,37.63,31.71,28.1,94,39.91,31
2847,20221002847,70.94,65.64,65.26,67.28,9.28,98,60.62,17
2848,20221002848,60.6,49.79,60.5,56.96,16.5,83,95.46,20
2849,20221002849,63.52,90.91,99.86,84.76,13.9,78,34.24,11
2850,20221002850,44.16,51.75,53.17,49.69,16.4,74,64.92,10
2851,20221002851,64.04,71.8,70.04,68.63,16.35,98,96.28,13
2852,20221002852,45.97,43.9,65.52,51.8,17.6,77,83.16,73
2853,20221002853,54.34,59.9,52.82,55.69,11.12,100,96.15,39
2854,20221002854,68.75,54.19,54.77,59.24,9.38,72,54.28,40
2855,20221002855,67.61,73.63,71.93,71.06,18.83,91,69.66,18
2856,20221002856,44.86,53.28,36.14,44.76,13.68,86,50.44,15
2857,20221002857,68.51,70.92,47.15,62.19,18.67,95,92.49,103
2858,20221002858,53.77,34.12,24.72,37.54,11.76,87,48.38,147
2859,20221002859,49.89,72.67,72.29,64.95,16.63,89,100,43
2860,20221002860,56.85,45.27,45.56,49.23,18.99,89,59.82,16
2861,20221002861,59.11,82.53,97.87,79.84,15.31,90,61.76,14
2862,20221002862,36.25,21.1,35.93,31.09,19.92,79,48.72,22
2863,20221002863,53.82,50.89,42.55,49.09,11.66,90,96.68,112
2864,20221002864,54.89,54.87,44.8,51.52,19.54,72,82.71,28
2865,20221002865,53.25,50.42,30.9,44.86,19.66,100,93.94,17
2866,20221002866,75.93,63.01,61.37,66.77,5.58,95,82.13,17
2867,20221002867,39.41,46.15,80.35,55.3,10.01,72,100,11
2868,20221002868,45.96,40.8,55.2,47.32,15.04,89,99.27,9
2869,20221002869,45.89,50.0,51.3,49.06,24.61,89,53.47,6
2870,20221002870,44.17,55.56,52.76,50.83,9.93,95,63.57,33
2871,20221002871,60.06,75.76,87.99,74.6,15.56,93,76.94,12
2872,20221002872,36.03,34.94,35.46,35.48,18.65,92,99.68,36
2873,20221002873,62.55,80.27,96.32,79.71,24.43,78,67.28,8
2874,20221002874,63.33,71.1,81.12,71.85,5.83,83,73.6,29
2875,20221002875,40.79,25.45,24.13,30.12,20.09,86,58.68,4
2876,20221002876,57.74,39.06,59.23,52.01,4.87,86,88.46,11
2877,20221002877,31.89,38.48,43.46,37.94,24.63,88,45.3,30
2878,20221002878,40.19,47.1,36.72,41.34,19.61,77,96.51,9
2879,20221002879,66.14,77.42,67.67,70.41,13.88,94,94.8,139
2880,20221002880,42.52,46.06,43.65,44.08,9.26,88,65.07,64
2881,20221002881,52.64,83.45,100,78.7,20.61,92,54.77,18
2882,20221002882,67.13,48.98,40.92,52.34,19.12,90,48.98,42
2883,20221002883,51.56,51.79,46.53,49.96,19.78,84,95.53,75
2884,20221002884,38.43,50.76,38.58,42.59,4.13,92,95.48,24
2885,20221002885,46.22,30.53,34.09,36.95,13.51,83,58.68,156
2886,20221002886,33.37,35.21,52.34,40.31,20.45,98,78.65,26
2887,20221002887,20,20,20,20.0,10.67,100,55.23,26
2888,20221002888,59.59,65.57,57.32,60.83,16.95,98,91.54,11
2889,20221002889,56.78,68.12,60.38,61.76,16.62,91,82.54,21
2890,20221002890,52.84,73.34,84.95,70.38,15.32,73,46.17,23
2891,20221002891,64.61,53.1,44.24,53.98,21.18,82,74.0,30
2892,20221002892,73.64,52.04,81.03,68.9,6.67,86,93.18,53
2893,20221002893,61.21,63.26,67.32,63.93,11.49,76,72.89,7
2894,20221002894,54.35,64.04,69.7,62.7,20.58,100,61.78,19
2895,20221002895,59.22,54.75,50.06,54.68,13.27,96,46.45,22
2896,20221002896,56.25,78.99,62.24,65.83,18.09,89,98.4,49
2897,20221002897,70.4,71.16,61.57,67.71,9.17,71,58.74,27
2898,20221002898,66.9,69.15,67.52,67.86,17.47,94,55.72,16
2899,20221002899,51.11,35.79,22.78,36.56,16.04,95,47.21,20
2900,20221002900,24.69,20,20,21.56,11.38,87,88.81,12
2901,20221002901,67.71,82.13,78.44,76.09,17.25,75,72.62,39
2902,20221002902,52.5,26.65,40.18,39.78,15.69,76,87.21,23
2903,20221002903,75.25,60.94,69.95,68.71,2.18,78,47.13,70
2904,20221002904,36.52,34.88,33.52,34.97,21.7,69,48.46,22
2905,20221002905,61.68,62.42,48.47,57.52,19.83,85,50.43,18
2906,20221002906,81.83,78.72,80.14,80.23,10.72,92,88.03,18
2907,20221002907,25.48,26.2,27.45,26.38,25.43,82,75.79,31
2908,20221002908,64.31,75.91,73.2,71.14,17.23,100,77.1,23
2909,20221002909,73.54,90.42,100,87.99,12.35,95,80.48,57
2910,20221002910,37.18,33.75,36.04,35.66,16.09,94,43.3,45
2911,20221002911,54.16,54.99,53.23,54.13,12.27,81,44.9,5
2912,20221002912,71.64,79.18,79.41,76.74,13.75,83,74.12,19
2913,20221002913,63.97,48.99,60.53,57.83,18.78,94,54.88,33
2914,20221002914,70.06,61.34,43.92,58.44,5.43,92,71.96,29
2915,20221002915,37.12,20,20,25.71,10.92,95,43.24,16
2916,20221002916,31.68,31.78,44.25,35.9,16.86,88,85.2,39
2917,20221002917,80.05,82.87,91.45,84.79,18.03,79,69.41,41
2918,20221002918,70.61,57.87,75.71,68.06,14.44,84,60.3,20
2919,20221002919,45.27,56.93,52.53,51.58,14.77,99,99.26,21
2920,20221002920,74.69,42.22,46.14,54.35,14.15,79,53.44,38
2921,20221002921,58.15,60.33,60.69,59.72,26.42,80,84.88,28
2922,20221002922,74.5,79.34,90.5,81.45,26.55,79,53.57,31
2923,20221002923,63.98,82.08,69.62,71.89,15.11,100,83.54,19
2924,20221002924,50.89,52.19,47.71,50.26,16.23,90,75.01,24
2925,20221002925,69.31,66.02,77.15,70.83,25.06,86,51.89,25
2926,20221002926,44.85,44.5,39.91,43.09,17.04,84,79.96,40
2927,20221002927,64.12,73.4,66.28,67.93,20.19,72,72.97,18
2928,20221002928,73.02,94.73,100,89.25,22.33,99,62.07,45
2929,20221002929,78.12,92.9,93.45,88.16,16.46,78,64.77,22
2930,20221002930,50.94,37.47,39.53,42.65,8.34,92,43.77,15
2931,20221002931,49.68,51.11,51.91,50.9,10.23,100,78.66,24
2932,20221002932,68.99,59.94,61.81,63.58,13.05,80,57.47,14
2933,20221002933,26.57,30.3,38.37,31.75,13.15,92,60.49,37
2934,20221002934,74.41,70.05,71.76,72.07,19.84,88,94.3,19
2935,20221002935,52.71,49.34,63.93,55.33,13.31,79,52.17,38
2936,20221002936,33.98,29.95,49.87,37.93,20.74,92,34.49,33
2937,20221002937,73.58,62.15,60.92,65.55,5.52,81,36.74,26
2938,20221002938,32.93,24.69,20,25.87,16.89,73,80.3,25
2939,20221002939,48.32,56.99,64.27,56.53,16.14,79,37.55,28
2940,20221002940,41.3,30.04,35.44,35.59,19.84,98,89.38,26
2941,20221002941,48.96,40.81,29.47,39.75,25.45,62,39.8,42
2942,20221002942,65.26,64.32,78.75,69.44,22.22,100,94.06,12
2943,20221002943,50.23,54.13,34.38,46.25,22.16,100,66.85,18
2944,20221002944,41.79,32.57,31.05,35.14,12.23,77,81.1,68
2945,20221002945,52.13,66.75,71.02,63.3,21.3,81,85.84,18
2946,20221002946,77.38,60.37,56.28,64.68,15.0,80,75.89,17
2947,20221002947,75.49,77.9,62.52,71.97,10.26,94,59.89,8
2948,20221002948,64.05,74.15,67.44,68.55,8.6,88,67.68,28
2949,20221002949,35.92,37.95,37.35,37.07,9.31,100,90.68,25
2950,20221002950,67.37,57.16,74.74,66.42,17.83,84,59.25,55
2951,20221002951,60.72,66.3,52.67,59.9,16.83,89,79.56,13
2952,20221002952,64.77,52.87,50.36,56.0,16.49,86,100,73
2953,20221002953,55.41,56.96,60.45,57.61,7.36,100,56.78,67
2954,20221002954,50.5,42.15,23.37,38.67,21.89,100,56.63,123
2955,20221002955,72.55,51.61,77.84,67.33,17.25,100,64.5,11
2956,20221002956,71.06,53.45,76.96,67.16,16.06,91,92.48,28
2957,20221002957,69.79,63.99,60.52,64.77,4.24,96,81.66,6
2958,20221002958,71.92,67.28,81.12,73.44,17.11,81,71.6,21
2959,20221002959,39.0,36.38,25.06,33.48,12.96,80,76.2,30
2960,20221002960,50.88,51.46,51.16,51.17,13.22,91,56.31,39
2961,20221002961,64.36,65.05,69.48,66.3,16.9,95,48.06,20
2962,20221002962,61.43,55.42,57.82,58.22,24.26,85,78.09,14
2963,20221002963,64.25,58.16,61.4,61.27,9.88,80,85.43,25
2964,20221002964,33.85,21.3,20,25.05,18.28,80,53.81,9
2965,20221002965,43.98,54.8,49.24,49.34,17.44,82,99.7,32
2966,20221002966,68.86,72.54,72.88,71.43,24.23,69,79.5,45
2967,20221002967,51.09,50.52,59.15,53.59,17.2,81,72.12,28
2968,20221002968,51.25,54.92,44.8,50.32,12.84,89,45.35,77
2969,20221002969,62.43,72.33,62.7,65.82,9.84,86,96.56,50
2970,20221002970,45.71,45.69,28.85,40.08,8.01,90,62.88,35
2971,20221002971,57.22,51.93,70.85,60.0,22.32,79,68.42,75
2972,20221002972,47.24,62.45,62.81,57.5,2.72,83,76.94,22
2973,20221002973,50.16,44.31,52.13,48.87,23.45,95,63.59,95
2974,20221002974,30.55,45.6,51.25,42.47,17.2,69,90.49,30
2975,20221002975,75.78,64.95,58.29,66.34,30.51,79,93.3,23
2976,20221002976,83.52,94.08,97.19,91.6,23.1,100,56.78,38
2977,20221002977,34.7,42.11,54.1,43.64,20.6,91,90.89,11
2978,20221002978,39.54,56.6,54.26,50.13,8.92,91,74.5,12
2979,20221002979,67.0,91.45,95.88,84.78,20.02,80,80.53,15
2980,20221002980,67.43,75.8,83.38,75.54,15.73,98,78.35,25
2981,20221002981,27.98,28.3,32.59,29.62,9.83,86,47.78,14
2982,20221002982,28.84,27.81,39.24,31.96,12.53,95,72.67,22
2983,20221002983,40.46,59.92,53.75,51.38,11.0,99,62.23,8
2984,20221002984,46.71,60.12,49.94,52.26,6.02,85,69.73,18
2985,20221002985,83.98,75.51,64.18,74.56,16.9,100,72.5,25
2986,20221002986,59.16,36.5,45.37,47.01,17.99,89,40.68,23
2987,20221002987,51.35,46.45,56.95,51.58,15.91,84,60.79,18
2988,20221002988,59.24,56.99,58.11,58.11,8.54,84,73.3,5
2989,20221002989,59.33,76.21,92.55,76.03,20.44,90,49.81,9
2990,20221002990,69.26,79.19,76.33,74.93,24.58,86,64.8,21
2991,20221002991,46.7,62.9,77.81,62.47,16.44,94,90.61,10
2992,20221002992,68.73,92.03,100,86.92,18.2,90,45.54,32
2993,20221002993,28.08,35.65,41.32,35.02,15.31,96,45.83,38
2994,20221002994,76.86,84.4,86.23,82.5,2,94,98.46,15
2995,20221002995,78.23,67.41,63.8,69.81,10.22,65,55.04,56
2996,20221002996,30.24,33.07,31.4,31.57,6.6,100,81.68,13
2997,20221002997,48.82,67.08,74.2,63.37,8.95,91,62.14,27
2998,20221002998,69.53,81.85,68.08,73.15,12.88,74,55.84,17
2999,20221002999,35.79,51.58,30.38,39.25,5.9,82,74.87,19
3000,20221003000,41.73,23.29,33.82,32.95,20.3,99,44.05,14
3001,20221003001,48.48,58.3,61.3,56.03,25.79,82,63.05,77
3002,20221003002,59.15,64.3,67.72,63.72,10.24,85,64.83,18
3003,20221003003,36.22,48.49,37.04,40.58,15.65,87,66.25,11
3004,20221003004,46.58,36.68,21.21,34.82,15.4,100,89.52,65
3005,20221003005,66.77,61.3,72.99,67.02,17.88,86,71.98,29
3006,20221003006,65.78,50.24,56.64,57.55,10.46,82,92.83,47
3007,20221003007,74.69,75.83,64.58,71.7,17.15,89,98.47,13
3008,20221003008,75.43,66.69,66.77,69.63,17.5,93,75.39,15
3009,20221003009,43.73,33.54,52.98,43.42,5.2,79,80.55,22
3010,20221003010,71.24,80.17,71.68,74.36,17.93,81,94.88,16
3011,20221003011,58.76,55.79,47.8,54.12,20.87,75,53.14,17
3012,20221003012,32.28,20,23.1,25.13,21.45,86,49.73,22
3013,20221003013,52.11,53.62,62.91,56.21,16.94,90,79.19,28
3014,20221003014,51.93,51.35,50.2,51.16,11.93,86,81.26,16
3015,20221003015,42.31,26.44,28.89,32.55,17.04,100,58.09,45
3016,20221003016,50.24,73.15,58.92,60.77,10.89,92,53.28,11
3017,20221003017,67.64,57.89,62.85,62.79,28.74,77,30,53
3018,20221003018,78.41,88.22,75.72,80.78,11.97,100,93.88,13
3019,20221003019,70.31,87.42,99.91,85.88,23.17,76,52.3,17
3020,20221003020,36.85,33.21,39.03,36.36,21.84,92,49.93,24
3021,20221003021,66.22,87.77,100,84.66,25.49,81,79.84,25
3022,20221003022,71.05,91.83,100,87.63,9.22,91,52.56,21
3023,20221003023,67.42,70.48,70.66,69.52,22.45,77,72.61,15
3024,20221003024,41.73,40.87,36.33,39.64,29.07,88,67.15,87
3025,20221003025,53.61,54.19,50.71,52.84,14.53,100,88.7,85
3026,20221003026,73.45,77.17,75.51,75.38,13.19,82,93.67,40
3027,20221003027,69.21,72.59,63.68,68.49,21.97,78,47.31,40
3028,20221003028,61.29,53.79,56.74,57.27,15.32,91,96.72,33
3029,20221003029,62.35,62.99,68.31,64.55,12.97,86,44.44,24
3030,20221003030,50.5,51.82,56.3,52.87,24.7,84,83.09,13
3031,20221003031,77.87,91.32,73.05,80.75,20.08,90,86.65,25
3032,20221003032,33.91,31.45,23.56,29.64,15.49,73,96.76,37
3033,20221003033,58.09,58.08,31.76,49.31,6.25,85,70.05,12
3034,20221003034,53.02,46.08,57.32,52.14,15.71,81,67.55,16
3035,20221003035,74.6,100,100,91.53,3.37,89,71.59,38
3036,20221003036,63.73,70.85,57.49,64.02,11.12,92,95.47,28
3037,20221003037,46.0,42.82,40.16,42.99,22.38,100,30,45
3038,20221003038,66.3,61.0,48.54,58.61,8.57,90,70.99,12
3039,20221003039,83.71,79.76,90.54,84.67,22.3,68,70.83,30
3040,20221003040,53.47,47.96,41.41,47.61,13.2,87,58.65,15
3041,20221003041,47.27,34.41,26.34,36.01,29.23,73,59.32,34
3042,20221003042,61.93,45.91,56.19,54.68,21.27,88,41.41,22
3043,20221003043,69.49,76.65,64.68,70.27,8.78,85,94.32,71
3044,20221003044,52.99,54.57,56.98,54.85,14.1,95,58.01,18
3045,20221003045,63.72,89.19,78.69,77.2,14.22,81,48.68,11
3046,20221003046,50.64,38.76,39.21,42.87,4.41,77,43.23,11
3047,20221003047,77.26,63.63,67.37,69.42,19.07,97,40.72,82
3048,20221003048,34.32,36.66,32.59,34.52,13.82,90,42.67,9
3049,20221003049,87.81,87.33,90.73,88.62,30.96,97,92.88,7
3050,20221003050,27.02,35.33,43.1,35.15,17.94,100,51.48,42
3051,20221003051,53.44,52.47,53.74,53.22,27.31,95,85.34,25
3052,20221003052,52.33,62.51,60.27,58.37,6.1,88,49.24,13
3053,20221003053,32.34,48.07,38.12,39.51,11.56,97,100,6
3054,20221003054,40.49,36.09,31.45,36.01,25.6,76,43.29,7
3055,20221003055,62.24,79.26,90.28,77.26,9.8,93,79.77,29
3056,20221003056,43.11,20,38.24,33.78,21.64,78,77.59,37
3057,20221003057,48.38,46.13,32.24,42.25,17.61,81,71.43,15
3058,20221003058,46.27,25.53,26.46,32.75,2,69,93.62,27
3059,20221003059,42.71,36.12,30.35,36.39,2.26,83,86.94,34
3060,20221003060,48.36,38.39,35.89,40.88,13.81,100,93.41,59
3061,20221003061,63.41,66.32,60.22,63.32,18.56,81,50.82,18
3062,20221003062,42.04,39.19,36.95,39.39,19.95,93,55.04,17
3063,20221003063,67.1,62.13,51.47,60.23,8.24,79,97.39,32
3064,20221003064,54.79,48.23,58.57,53.86,16.06,100,44.42,34
3065,20221003065,32.32,24.79,26.29,27.8,18.32,95,38.61,25
3066,20221003066,64.73,63.36,56.39,61.49,21.33,94,70.76,107
3067,20221003067,67.21,61.5,47.85,58.85,15.66,81,71.64,25
3068,20221003068,67.48,57.36,47.0,57.28,23.23,80,60.21,6
3069,20221003069,71.96,73.51,70.79,72.09,9.71,91,59.46,44
3070,20221003070,46.18,49.58,36.87,44.21,13.68,80,67.74,39
3071,20221003071,38.27,28.86,47.13,38.09,22.15,96,68.65,29
3072,20221003072,64.31,63.75,47.11,58.39,11.46,72,79.17,22
3073,20221003073,53.87,52.99,32.8,46.55,24.12,91,74.69,20
3074,20221003074,34.3,23.59,21.06,26.32,10.14,91,65.32,15
3075,20221003075,20.29,20,33.15,24.48,6.2,74,74.6,58
3076,20221003076,56.04,34.14,20,36.73,20.48,96,44.28,68
3077,20221003077,69.94,61.99,53.59,61.84,26.5,83,52.48,32
3078,20221003078,74.02,64.87,53.13,64.01,20.06,79,95.09,43
3079,20221003079,25.5,24.24,25.82,25.19,21.17,89,56.91,9
3080,20221003080,77.8,81.26,75.17,78.08,30.64,78,79.83,17
3081,20221003081,70.76,63.33,75.89,69.99,2,85,85.47,20
3082,20221003082,78.63,82.61,77.92,79.72,20.21,80,97.81,14
3083,20221003083,56.75,61.38,63.16,60.43,25.04,84,100,56
3084,20221003084,82.5,93.86,95.71,90.69,18.25,89,77.96,16
3085,20221003085,31.98,34.26,24.91,30.38,13.68,77,45.43,12
3086,20221003086,65.43,64.26,48.06,59.25,21.97,88,97.91,68
3087,20221003087,33.39,31.59,31.28,32.09,17.36,76,68.18,22
3088,20221003088,58.82,71.75,78.53,69.7,14.84,100,72.46,16
3089,20221003089,74.32,75.16,88.0,79.16,13.48,92,50.87,29
3090,20221003090,30.65,20,35.66,28.77,16.23,87,84.8,15
3091,20221003091,68.24,70.4,67.84,68.83,23.62,100,69.9,34
3092,20221003092,54.42,63.9,45.62,54.65,19.99,100,47.67,18
3093,20221003093,39.2,36.56,49.2,41.65,29.79,100,80.94,17
3094,20221003094,46.83,32.24,21.52,33.53,7.33,75,90.37,17
3095,20221003095,23.23,20,20,21.08,20.49,100,50.11,10
3096,20221003096,32.62,46.08,55.75,44.82,13.95,85,78.98,14
3097,20221003097,46.16,47.81,37.36,43.78,9.15,86,95.52,23
3098,20221003098,62.81,61.72,49.85,58.13,16.39,86,86.26,12
3099,20221003099,28.12,42.38,39.24,36.58,21.14,70,100,21
3100,20221003100,58.55,50.85,71.94,60.45,17.38,83,71.75,10
3101,20221003101,56.46,63.18,55.96,58.53,13.37,86,39.66,22
3102,20221003102,60.23,43.05,44.33,49.2,12.45,88,79.51,85
3103,20221003103,62.91,56.94,65.26,61.7,16.71,92,89.0,37
3104,20221003104,64.12,70.59,66.58,67.1,19.49,86,60.14,23
3105,20221003105,51.98,48.58,46.64,49.07,19.06,97,87.22,9
3106,20221003106,58.43,49.46,60.87,56.25,17.95,82,78.09,41
3107,20221003107,43.73,30.55,35.75,36.68,23.15,89,68.0,20
3108,20221003108,57.11,64.41,52.15,57.89,21.61,91,99.14,15
3109,20221003109,45.63,47.79,32.04,41.82,12.0,85,56.13,31
3110,20221003110,36.1,38.75,61.3,45.38,18.74,76,98.79,33
3111,20221003111,49.23,51.9,61.86,54.33,17.38,90,66.46,57
3112,20221003112,69.19,71.45,80.83,73.82,10.02,86,62.88,43
3113,20221003113,39.78,28.84,20,29.54,20.26,95,87.47,47
3114,20221003114,71.09,66.31,79.35,72.25,21.24,76,45.65,9
3115,20221003115,52.22,33.61,31.34,39.06,15.17,79,55.17,42
3116,20221003116,70.34,92.64,88.68,83.89,28.89,87,84.84,45
3117,20221003117,71.29,68.56,45.24,61.7,9.22,90,69.94,36
3118,20221003118,62.81,42.84,24.59,43.41,12.0,85,68.8,27
3119,20221003119,57.58,64.09,63.75,61.81,17.85,86,84.87,61
3120,20221003120,67.57,64.26,71.98,67.94,15.18,96,79.68,119
3121,20221003121,31.82,20,23.83,25.22,12.07,76,75.06,44
3122,20221003122,68.84,74.07,75.79,72.9,23.45,100,79.15,16
3123,20221003123,36.84,45.36,50.95,44.38,17.46,62,50.43,84
3124,20221003124,35.34,20.52,20,25.29,18.37,81,52.95,9
3125,20221003125,58.51,54.87,58.31,57.23,26.24,98,64.21,25
3126,20221003126,65.46,45.15,48.5,53.04,24.69,67,69.35,23
3127,20221003127,61.36,62.6,56.61,60.19,23.57,71,80.83,24
3128,20221003128,49.2,53.35,47.48,50.01,4.47,91,64.51,9
3129,20221003129,54.78,47.23,64.21,55.41,28.19,90,65.07,24
3130,20221003130,40.74,44.36,37.28,40.79,11.6,90,88.61,6
3131,20221003131,66.78,38.24,43.41,49.48,29.9,71,70.06,6
3132,20221003132,56.33,44.23,36.83,45.8,12.85,90,90.92,26
3133,20221003133,57.98,51.34,45.84,51.72,19.59,73,96.57,57
3134,20221003134,42.31,41.01,41.43,41.58,22.21,89,96.83,18
3135,20221003135,66.57,69.13,73.98,69.89,7.06,79,49.93,68
3136,20221003136,53.63,40.08,68.3,54.0,29.31,92,74.86,28
3137,20221003137,67.12,66.39,80.79,71.43,27.67,88,83.36,34
3138,20221003138,27.63,20.31,29.88,25.94,26.28,88,45.73,43
3139,20221003139,83.09,89.51,100,90.87,19.81,95,80.96,27
3140,20221003140,46.91,46.59,51.07,48.19,13.92,73,36.28,19
3141,20221003141,47.98,43.94,60.0,50.64,15.47,92,50.48,40
3142,20221003142,43.49,40.0,52.85,45.45,23.47,79,97.7,15
3143,20221003143,68.92,60.27,53.39,60.86,13.13,85,79.82,28
3144,20221003144,30.68,33.39,34.55,32.87,9.02,82,53.48,9
3145,20221003145,75.03,85.89,72.66,77.86,14.77,100,97.41,79
3146,20221003146,67.52,69.94,55.6,64.35,7.99,100,38.63,35
3147,20221003147,69.14,80.88,84.32,78.11,9.01,70,78.68,35
3148,20221003148,78.58,72.26,52.2,67.68,20.86,100,64.57,35
3149,20221003149,68.93,64.18,73.83,68.98,21.87,72,63.21,20
3150,20221003150,41.28,40.06,40.09,40.48,21.05,95,98.18,15
3151,20221003151,36.49,22.29,37.39,32.06,10.58,95,100,35
3152,20221003152,72.31,79.06,92.18,81.18,23.01,79,80.35,17
3153,20221003153,73.48,73.04,81.08,75.87,7.95,100,90.58,17
3154,20221003154,26.38,22.52,27.23,25.38,13.83,85,79.34,8
3155,20221003155,66.52,57.92,57.72,60.72,15.18,69,45.22,22
3156,20221003156,30.39,39.67,35.38,35.15,22.41,72,77.22,9
3157,20221003157,44.63,20,20,28.21,16.92,100,82.23,35
3158,20221003158,67.29,73.89,74.27,71.82,21.15,98,100,40
3159,20221003159,51.13,74.85,81.43,69.14,19.54,100,96.55,13
3160,20221003160,48.26,55.86,56.74,53.62,17.91,80,49.49,15
3161,20221003161,44.25,57.21,79.59,60.35,21.31,96,92.24,29
3162,20221003162,27.87,22.51,28.63,26.34,13.75,100,51.62,15
3163,20221003163,59.69,60.0,41.6,53.76,7.18,78,79.08,19
3164,20221003164,56.48,56.16,68.05,60.23,25.86,89,37.74,19
3165,20221003165,26.5,20,20,22.17,23.46,65,55.12,25
3166,20221003166,40.63,40.95,48.96,43.51,21.82,88,76.61,12
3167,20221003167,73.53,80.93,79.87,78.11,18.72,80,96.05,9
3168,20221003168,46.32,61.22,72.97,60.17,6.86,96,81.35,24
3169,20221003169,56.09,40.27,43.87,46.74,19.08,66,47.63,20
3170,20221003170,35.41,26.12,20,27.18,10.45,78,61.87,19
3171,20221003171,67.3,55.76,62.37,61.81,15.9,90,80.4,74
3172,20221003172,80.81,93.37,92.36,88.85,20.43,97,99.07,13
3173,20221003173,58.23,81.11,85.46,74.93,10.35,83,53.91,19
3174,20221003174,35.48,29.97,21.83,29.09,15.49,99,57.76,12
3175,20221003175,64.69,49.05,55.27,56.34,20.44,84,57.19,29
3176,20221003176,48.76,38.7,36.47,41.31,13.14,74,80.04,16
3177,20221003177,43.57,54.81,58.25,52.21,2.63,76,51.46,27
3178,20221003178,55.37,53.59,48.94,52.63,13.33,99,62.4,10
3179,20221003179,56.26,52.7,56.59,55.18,19.48,78,50.03,48
3180,20221003180,40.03,32.24,21.46,31.24,2,92,88.48,42
3181,20221003181,81.63,98.07,91.96,90.55,22.09,60,96.16,22
3182,20221003182,61.88,80.95,81.82,74.88,12.0,76,62.98,22
3183,20221003183,27.49,35.06,43.0,35.18,8.46,99,56.47,11
3184,20221003184,76.85,67.52,79.74,74.7,16.4,93,87.24,48
3185,20221003185,56.4,62.65,65.24,61.43,15.88,70,90.23,13
3186,20221003186,72.01,71.21,77.83,73.68,16.15,83,55.11,84
3187,20221003187,37.84,46.49,40.87,41.73,11.23,90,73.34,16
3188,20221003188,66.79,87.53,91.55,81.96,8.46,92,84.9,31
3189,20221003189,55.57,49.15,39.03,47.92,17.56,71,34.49,41
3190,20221003190,63.12,50.42,60.85,58.13,12.83,74,81.25,9
3191,20221003191,54.16,59.66,54.17,56.0,20.38,71,46.67,15
3192,20221003192,30.26,20,25.39,25.22,11.41,73,94.46,13
3193,20221003193,42.49,60.39,48.45,50.44,18.32,85,71.18,10
3194,20221003194,77.3,56.76,38.86,57.64,18.04,72,84.61,31
3195,20221003195,57.73,59.55,65.13,60.8,27.25,100,66.93,20
3196,20221003196,76.32,73.51,77.69,75.84,15.68,91,100,42
3197,20221003197,69.23,85.65,84.33,79.74,23.85,91,65.56,14
3198,20221003198,75.01,70.65,78.63,74.76,9.97,74,93.17,22
3199,20221003199,62.2,47.42,61.33,56.98,14.53,94,80.26,46
3200,20221003200,62.06,53.36,41.23,52.22,28.89,75,43.63,53
3201,20221003201,50.18,45.78,49.84,48.6,18.56,77,82.58,23
3202,20221003202,51.69,51.99,57.95,53.88,14.76,98,85.32,21
3203,20221003203,77.69,74.15,94.36,82.07,26.53,94,41.22,20
3204,20221003204,38.78,28.68,24.47,30.64,18.95,76,77.02,30
3205,20221003205,41.33,41.81,35.93,39.69,16.55,83,59.99,24
3206,20221003206,55.34,66.49,89.66,70.5,19.81,100,67.53,20
3207,20221003207,54.5,55.51,67.12,59.04,22.08,100,92.49,31
3208,20221003208,31.03,44.97,46.4,40.8,5.99,81,56.73,37
3209,20221003209,59.39,71.76,72.16,67.77,13.11,84,64.49,33
3210,20221003210,36.37,33.65,38.93,36.32,21.48,100,91.12,17
3211,20221003211,48.0,28.8,39.47,38.76,17.04,90,43.47,6
3212,20221003212,34.07,47.0,45.03,42.03,18.14,85,87.59,37
3213,20221003213,52.63,67.12,65.57,61.77,11.61,75,49.35,6
3214,20221003214,75.55,74.77,81.29,77.2,4.43,96,100,22
3215,20221003215,51.6,53.12,43.38,49.37,20.87,96,80.74,10
3216,20221003216,34.79,29.7,26.51,30.33,21.94,86,55.21,12
3217,20221003217,49.88,37.54,28.49,38.64,16.37,88,90.86,22
3218,20221003218,84.06,84.64,70.69,79.8,13.23,91,100,46
3219,20221003219,59.87,76.79,77.14,71.27,26.04,91,57.42,18
3220,20221003220,45.67,27.25,20,30.97,14.32,91,41.62,43
3221,20221003221,49.48,83.47,87.86,73.6,22.48,96,85.2,19
3222,20221003222,31.63,20,20,23.88,19.4,100,45.28,32
3223,20221003223,50.0,42.85,56.02,49.62,24.61,78,44.67,24
3224,20221003224,46.31,56.83,63.85,55.66,13.7,91,63.75,21
3225,20221003225,51.47,40.5,58.42,50.13,22.97,89,86.97,17
3226,20221003226,40.13,42.29,39.33,40.58,16.73,78,82.67,19
3227,20221003227,44.99,37.56,28.57,37.04,24.43,86,89.48,28
3228,20221003228,59.35,59.72,62.02,60.36,18.03,100,74.72,28
3229,20221003229,31.59,20,20,23.86,17.9,87,77.06,20
3230,20221003230,33.07,36.6,42.26,37.31,22.35,91,74.53,41
3231,20221003231,47.75,43.12,48.02,46.3,15.19,72,45.39,80
3232,20221003232,54.43,53.38,56.79,54.87,9.9,70,56.28,27
3233,20221003233,31.68,31.96,42.99,35.54,28.03,82,70.1,33
3234,20221003234,69.23,74.45,61.83,68.5,20.25,86,51.04,30
3235,20221003235,49.52,54.68,62.18,55.46,18.09,89,44.4,47
3236,20221003236,64.75,66.73,74.49,68.66,15.23,79,48.3,44
3237,20221003237,54.05,49.52,45.78,49.78,15.91,83,66.1,19
3238,20221003238,59.43,49.79,20.67,43.3,16.93,76,82.22,10
3239,20221003239,39.69,47.37,67.26,51.44,14.94,87,56.99,13
3240,20221003240,54.21,55.87,55.78,55.29,20.44,77,85.29,45
3241,20221003241,32.89,20,20,24.3,16.99,87,88.2,14
3242,20221003242,71.92,69.52,78.1,73.18,19.71,76,54.18,25
3243,20221003243,62.09,53.83,43.27,53.06,20.12,91,85.92,44
3244,20221003244,66.28,91.35,88.16,81.93,14.27,81,50.13,30
3245,20221003245,47.69,52.72,37.24,45.88,16.72,82,50.09,54
3246,20221003246,47.32,66.58,72.12,62.01,24.42,80,47.57,31
3247,20221003247,24.67,50.62,51.83,42.37,22.2,88,60.66,28
3248,20221003248,62.4,77.36,84.02,74.59,13.86,100,58.12,29
3249,20221003249,52.73,66.2,53.75,57.56,3.03,78,63.51,9
3250,20221003250,52.2,46.9,41.52,46.87,13.33,78,78.88,33
3251,20221003251,73.27,78.33,80.4,77.33,20.11,88,69.06,31
3252,20221003252,64.55,67.23,74.84,68.87,17.36,89,71.79,49
3253,20221003253,58.15,76.14,62.66,65.65,15.74,88,69.5,40
3254,20221003254,44.35,35.02,30.58,36.65,20.48,95,95.52,49
3255,20221003255,73.54,78.97,75.75,76.09,22.44,80,92.74,7
3256,20221003256,63.42,38.41,26.55,42.79,23.18,70,44.53,13
3257,20221003257,38.04,20,27.49,28.51,18.83,88,67.62,63
3258,20221003258,46.28,49.68,47.89,47.95,20.41,80,52.47,6
3259,20221003259,37.5,25.98,21.21,28.23,10.8,88,96.87,56
3260,20221003260,42.11,50.07,48.94,47.04,24.14,83,88.85,19
3261,20221003261,70.46,76.31,78.43,75.07,10.02,93,77.07,74
3262,20221003262,50.42,31.34,33.84,38.53,14.67,100,38.91,29
3263,20221003263,35.74,42.49,28.43,35.55,12.08,89,69.96,19
3264,20221003264,37.9,41.83,43.42,41.05,14.5,88,100,9
3265,20221003265,32.61,40.12,42.74,38.49,17.68,83,53.34,22
3266,20221003266,51.61,61.25,65.65,59.5,17.97,88,50.66,9
3267,20221003267,65.2,61.43,69.45,65.36,4.13,76,86.01,27
3268,20221003268,43.0,57.48,58.09,52.86,11.95,91,60.59,27
3269,20221003269,40.27,33.16,38.67,37.37,4.42,72,40.77,17
3270,20221003270,38.5,50.06,54.4,47.65,24.13,71,38.92,29
3271,20221003271,52.56,43.47,38.42,44.82,23.79,88,63.0,21
3272,20221003272,77.97,70.69,84.4,77.69,6.43,81,93.47,30
3273,20221003273,52.44,55.9,49.76,52.7,10.94,83,46.0,100
3274,20221003274,64.33,73.02,77.8,71.72,17.82,98,71.82,16
3275,20221003275,62.48,62.03,63.21,62.57,13.37,82,78.87,14
3276,20221003276,75.33,91.21,89.17,85.24,19.84,99,54.39,18
3277,20221003277,33.75,39.77,33.36,35.63,10.35,98,88.72,60
3278,20221003278,42.65,34.24,30.49,35.79,2,98,83.34,11
3279,20221003279,31.67,23.12,20,24.93,9.48,78,33.07,23
3280,20221003280,62.37,40.02,46.81,49.73,8.77,75,85.31,12
3281,20221003281,35.13,42.65,36.96,38.25,17.83,82,48.75,24
3282,20221003282,35.59,42.35,51.74,43.23,6.88,80,82.76,19
3283,20221003283,32.69,36.56,50.06,39.77,16.96,77,36.34,31
3284,20221003284,58.04,47.69,51.81,52.51,17.51,85,98.25,21
3285,20221003285,30.58,22.0,21.01,24.53,16.13,90,59.03,17
3286,20221003286,78.62,86.7,85.19,83.5,7.81,69,70.69,15
3287,20221003287,55.38,63.66,51.16,56.73,11.47,91,43.32,24
3288,20221003288,64.96,45.39,53.86,54.74,12.94,91,83.84,9
3289,20221003289,61.29,55.03,62.05,59.46,15.59,76,90.29,14
3290,20221003290,41.45,59.67,53.9,51.67,15.45,92,100,27
3291,20221003291,54.19,47.84,57.66,53.23,12.32,96,64.69,31
3292,20221003292,56.69,69.9,76.15,67.58,19.29,94,61.34,8
3293,20221003293,59.64,47.93,39.96,49.18,17.19,84,87.52,9
3294,20221003294,82.07,63.62,67.57,71.09,33.49,89,54.78,26
3295,20221003295,39.52,34.14,40.65,38.1,7.25,91,54.99,46
3296,20221003296,60.08,58.55,50.42,56.35,23.6,79,45.99,59
3297,20221003297,60.91,96.11,96.03,84.35,22.13,79,73.08,52
3298,20221003298,63.27,42.54,44.71,50.17,9.32,100,100,22
3299,20221003299,59.77,60.58,68.4,62.92,2,83,76.24,39
3300,20221003300,44.01,68.35,60.8,57.72,14.48,100,84.84,9
3301,20221003301,64.0,30.87,40.62,45.16,16.97,100,93.2,34
3302,20221003302,80.55,75.45,46.66,67.55,14.59,79,96.81,14
3303,20221003303,73.01,73.67,87.79,78.16,17.4,78,36.69,8
3304,20221003304,61.55,68.64,70.86,67.02,24.27,92,89.0,10
3305,20221003305,56.68,57.84,64.74,59.75,18.04,94,73.07,63
3306,20221003306,68.61,74.16,77.8,73.52,11.72,88,67.01,10
3307,20221003307,75.17,67.87,63.77,68.94,12.14,95,67.62,19
3308,20221003308,61.53,53.79,49.51,54.94,24.29,78,65.07,21
3309,20221003309,66.7,49.18,45.83,53.9,7.42,84,95.65,32
3310,20221003310,35.6,20,26.72,27.44,20.2,95,53.8,14
3311,20221003311,42.49,40.9,52.35,45.25,14.79,77,69.13,38
3312,20221003312,52.44,67.81,53.1,57.78,26.32,84,97.81,12
3313,20221003313,30.33,20,20,23.44,11.57,79,65.89,30
3314,20221003314,35.86,44.63,62.58,47.69,9.63,88,47.08,20
3315,20221003315,52.65,66.99,67.29,62.31,18.63,82,74.27,22
3316,20221003316,58.08,79.59,73.49,70.39,19.71,95,58.28,36
3317,20221003317,60.29,51.97,39.67,50.64,11.61,86,85.12,16
3318,20221003318,66.2,90.11,94.01,83.44,23.5,99,54.15,20
3319,20221003319,58.01,55.63,66.45,60.03,18.01,100,74.36,17
3320,20221003320,32.31,36.47,46.61,38.46,18.25,81,56.73,54
3321,20221003321,72.61,62.36,84.25,73.07,17.31,76,60.37,13
3322,20221003322,50.41,35.78,25.68,37.29,8.02,93,87.22,27
3323,20221003323,68.23,56.27,49.9,58.13,19.93,100,98.59,37
3324,20221003324,62.67,53.48,60.53,58.89,17.8,89,39.42,40
3325,20221003325,35.38,36.99,27.23,33.2,21.74,90,57.63,16
3326,20221003326,77.71,90.04,70.85,79.53,7.14,79,100,14
3327,20221003327,34.84,36.17,20.84,30.62,6.01,75,78.53,66
3328,20221003328,69.74,69.4,64.97,68.04,8.96,99,65.47,16
3329,20221003329,49.65,60.09,68.66,59.47,17.83,94,88.84,28
3330,20221003330,58.71,56.06,46.66,53.81,11.05,74,51.37,24
3331,20221003331,55.42,42.96,46.73,48.37,23.38,92,64.73,52
3332,20221003332,73.99,79.61,80.27,77.96,13.52,94,77.76,15
3333,20221003333,44.33,27.49,24.48,32.1,6.82,82,87.35,63
3334,20221003334,58.27,58.63,49.04,55.31,24.92,81,59.95,17
3335,20221003335,40.05,45.08,55.55,46.89,25.65,89,54.42,11
3336,20221003336,28.09,20,22.62,23.57,9.79,98,70.5,16
3337,20221003337,60.28,46.13,38.51,48.31,15.38,80,83.75,20
3338,20221003338,52.55,65.2,63.2,60.32,21.04,86,67.94,27
3339,20221003339,68.71,63.67,62.07,64.82,20.51,84,79.49,27
3340,20221003340,81.53,82.68,78.12,80.78,29.72,95,76.56,48
3341,20221003341,38.2,36.65,28.83,34.56,16.0,98,100,15
3342,20221003342,57.88,71.95,86.09,71.97,16.11,90,70.85,64
3343,20221003343,73.51,90.1,89.82,84.48,22.2,74,40.86,38
3344,20221003344,78.1,86.34,87.0,83.81,18.81,93,64.3,23
3345,20221003345,30.81,33.04,22.82,28.89,8.75,83,41.39,44
3346,20221003346,71.26,75.2,81.51,75.99,24.89,85,94.35,13
3347,20221003347,50.85,53.17,42.48,48.83,12.44,82,74.42,11
3348,20221003348,64.02,59.66,46.24,56.64,6.48,70,100,37
3349,20221003349,88.72,87.69,77.93,84.78,24.39,100,100,16
3350,20221003350,36.4,59.39,58.54,51.44,11.09,95,47.25,39
3351,20221003351,23.29,20,20,21.1,25.25,87,49.07,10
3352,20221003352,74.67,81.78,76.27,77.57,24.41,88,61.94,25
3353,20221003353,49.91,49.35,38.2,45.82,14.56,80,88.01,34
3354,20221003354,64.75,63.59,60.29,62.88,17.18,82,70.16,25
3355,20221003355,79.87,100,100,93.29,17.21,81,90.46,22
3356,20221003356,67.67,75.37,79.26,74.1,4.03,86,76.13,25
3357,20221003357,54.61,41.05,27.88,41.18,22.73,66,62.35,50
3358,20221003358,62.35,53.81,41.23,52.46,20.28,84,68.46,45
3359,20221003359,53.31,67.43,70.49,63.74,16.55,72,41.97,31
3360,20221003360,42.08,28.86,37.81,36.25,2.96,81,89.07,30
3361,20221003361,53.98,50.37,58.82,54.39,12.05,80,32.64,31
3362,20221003362,50.03,41.54,49.06,46.88,18.41,83,66.68,8
3363,20221003363,71.2,57.91,52.58,60.56,16.94,81,53.73,31
3364,20221003364,55.12,57.86,59.69,57.56,19.83,100,76.13,31
3365,20221003365,70.87,77.52,83.7,77.36,16.38,93,91.06,49
3366,20221003366,49.65,54.17,36.65,46.82,16.97,92,69.12,31
3367,20221003367,64.45,84.69,96.26,81.8,14.21,94,72.88,23
3368,20221003368,32.5,28.4,38.73,33.21,17.43,93,76.9,13
3369,20221003369,60.59,70.08,62.9,64.52,15.99,87,42.62,41
3370,20221003370,70.99,55.95,47.31,58.08,20.48,88,97.31,11
3371,20221003371,60.77,42.06,27.63,43.49,13.12,88,48.34,23
3372,20221003372,61.07,71.56,71.13,67.92,27.87,81,59.12,30
3373,20221003373,64.69,69.31,70.89,68.3,20.36,92,91.32,60
3374,20221003374,63.32,75.81,75.21,71.45,23.92,88,83.2,41
3375,20221003375,51.31,59.33,66.02,58.89,13.77,100,72.54,44
3376,20221003376,63.73,55.73,62.43,60.63,17.66,89,79.45,19
3377,20221003377,68.66,52.55,26.4,49.2,23.04,100,85.42,45
3378,20221003378,53.74,58.83,62.79,58.45,7.97,79,83.25,57
3379,20221003379,49.03,40.37,49.71,46.37,13.7,78,54.33,9
3380,20221003380,63.82,58.9,61.13,61.28,16.07,99,90.89,21
3381,20221003381,54.99,30.92,27.12,37.68,10.65,95,66.5,25
3382,20221003382,67.09,83.07,96.0,82.05,12.12,90,54.48,30
3383,20221003383,34.56,52.43,50.8,45.93,17.36,90,46.29,27
3384,20221003384,59.37,75.35,96.29,77.0,2,83,74.94,60
3385,20221003385,33.0,41.42,55.67,43.36,14.66,76,63.2,16
3386,20221003386,70.35,73.27,59.93,67.85,20.88,85,95.33,25
3387,20221003387,74.74,76.16,71.83,74.24,16.01,100,96.65,29
3388,20221003388,85.53,53.77,60.82,66.71,20.5,86,77.68,79
3389,20221003389,73.15,85.23,77.12,78.5,14.01,81,94.02,42
3390,20221003390,36.41,20,20,25.47,16.6,89,78.0,11
3391,20221003391,45.73,42.97,41.35,43.35,17.76,74,64.0,12
3392,20221003392,54.25,68.21,71.34,64.6,17.59,99,40.65,16
3393,20221003393,32.85,55.8,70.68,53.11,19.27,94,57.4,21
3394,20221003394,60.85,44.08,32.71,45.88,14.53,85,52.11,14
3395,20221003395,80.93,83.39,74.21,79.51,19.22,65,74.33,55
3396,20221003396,57.97,72.11,59.75,63.28,16.67,65,71.74,28
3397,20221003397,44.48,54.32,60.18,52.99,7.42,86,97.41,9
3398,20221003398,72.01,79.39,74.0,75.13,30.16,76,65.84,19
3399,20221003399,44.15,65.58,58.42,56.05,14.09,96,70.58,8
3400,20221003400,55.69,30.94,41.91,42.85,21.39,87,83.36,9
3401,20221003401,42.79,48.15,50.69,47.21,16.49,83,86.5,11
3402,20221003402,48.43,45.37,50.26,48.02,16.6,92,51.61,57
3403,20221003403,58.65,59.17,52.07,56.63,19.88,91,48.08,22
3404,20221003404,77.39,72.54,62.92,70.95,7.26,93,54.88,17
3405,20221003405,35.15,40.52,46.03,40.57,20.52,91,65.31,29
3406,20221003406,40.11,35.94,28.04,34.7,19.53,84,42.93,33
3407,20221003407,56.01,56.99,60.5,57.83,21.59,88,82.39,62
3408,20221003408,42.5,29.0,20,30.5,20.87,92,85.53,18
3409,20221003409,28.29,38.35,41.42,36.02,9.82,76,38.31,30
3410,20221003410,47.22,54.03,75.08,58.78,17.56,94,86.55,19
3411,20221003411,57.15,62.26,75.12,64.84,4.63,100,45.37,28
3412,20221003412,48.92,57.32,58.04,54.76,19.68,83,68.27,7
3413,20221003413,50.62,74.48,80.55,68.55,13.04,87,38.31,41
3414,20221003414,51.25,56.08,51.88,53.07,14.37,83,37.65,5
3415,20221003415,49.63,50.97,40.0,46.87,4.22,85,52.17,22
3416,20221003416,54.65,64.21,57.0,58.62,20.84,81,98.85,34
3417,20221003417,61.85,78.19,88.42,76.15,12.44,82,95.47,20
3418,20221003418,35.5,22.98,20,26.16,15.83,82,87.22,112
3419,20221003419,46.72,58.56,62.14,55.81,19.07,73,82.74,28
3420,20221003420,51.03,45.46,47.8,48.1,14.67,91,45.62,79
3421,20221003421,44.23,36.14,22.12,34.16,11.83,100,62.58,76
3422,20221003422,28.33,28.57,23.63,26.84,12.65,71,100,38
3423,20221003423,87.76,90.74,91.16,89.89,23.84,83,66.61,24
3424,20221003424,30.55,35.66,37.18,34.46,18.92,98,52.76,13
3425,20221003425,73.5,79.86,80.77,78.04,19.94,86,89.71,10
3426,20221003426,45.61,62.94,57.51,55.35,18.47,93,93.22,35
3427,20221003427,40.31,20,20,26.77,29.9,100,53.0,11
3428,20221003428,34.77,29.8,24.52,29.7,12.46,100,64.19,39
3429,20221003429,58.62,37.38,39.1,45.03,12.97,81,82.54,6
3430,20221003430,63.66,62.41,79.29,68.45,6.08,75,45.93,16
3431,20221003431,56.34,44.98,52.04,51.12,21.24,85,55.77,38
3432,20221003432,44.26,51.1,35.51,43.62,9.97,73,77.62,43
3433,20221003433,51.67,40.07,31.47,41.07,12.45,93,64.26,57
3434,20221003434,29.1,31.88,26.69,29.22,11.27,75,35.66,27
3435,20221003435,66.96,88.6,93.07,82.88,16.26,87,92.39,28
3436,20221003436,35.27,36.95,35.37,35.86,14.36,88,87.28,26
3437,20221003437,46.99,63.14,43.24,51.12,8.2,88,50.87,18
3438,20221003438,78.14,74.49,89.48,80.7,14.77,87,55.9,13
3439,20221003439,66.31,83.87,80.18,76.79,16.98,85,49.43,27
3440,20221003440,64.94,61.48,62.47,62.96,2.21,95,86.51,14
3441,20221003441,36.84,44.47,36.65,39.32,13.73,85,83.1,18
3442,20221003442,66.77,79.43,67.71,71.3,23.57,92,74.33,19
3443,20221003443,36.92,43.61,47.88,42.8,15.69,93,55.68,9
3444,20221003444,57.35,64.77,71.79,64.64,26.32,100,96.28,80
3445,20221003445,39.72,29.6,20,29.77,2.2,95,96.52,9
3446,20221003446,51.92,69.37,72.25,64.51,26.04,100,39.66,76
3447,20221003447,69.79,61.94,50.92,60.88,22.71,87,84.49,7
3448,20221003448,55.71,71.37,84.59,70.56,14.66,81,85.39,35
3449,20221003449,70.46,87.35,71.56,76.46,23.42,69,49.22,50
3450,20221003450,43.92,48.47,52.1,48.16,10.33,91,56.17,23
3451,20221003451,37.77,50.57,44.12,44.15,16.01,96,54.96,61
3452,20221003452,38.1,31.84,44.25,38.06,18.49,85,94.15,17
3453,20221003453,74.24,88.68,75.33,79.42,8.13,100,66.61,40
3454,20221003454,61.96,73.94,67.29,67.73,21.21,100,59.71,37
3455,20221003455,46.93,56.82,60.8,54.85,13.47,70,73.76,19
3456,20221003456,61.26,56.88,64.6,60.91,5.2,100,43.75,21
3457,20221003457,63.62,56.69,58.37,59.56,18.36,93,89.28,24
3458,20221003458,78.59,47.4,38.23,54.74,25.4,86,63.05,13
3459,20221003459,69.74,68.2,67.68,68.54,16.13,74,63.57,19
3460,20221003460,43.7,43.69,57.04,48.14,15.86,95,30,45
3461,20221003461,50.95,72.64,71.75,65.11,31.74,84,96.24,18
3462,20221003462,45.77,52.25,38.69,45.57,7.23,74,83.49,29
3463,20221003463,79.84,80.26,81.83,80.64,7.91,89,85.72,66
3464,20221003464,49.47,39.85,46.68,45.33,15.2,80,64.2,26
3465,20221003465,71.2,85.79,81.65,79.55,21.65,100,62.13,38
3466,20221003466,57.59,43.2,28.49,43.09,28.23,82,45.65,49
3467,20221003467,37.89,30.34,32.79,33.67,10.17,86,83.02,23
3468,20221003468,35.85,43.46,67.77,49.03,16.46,92,50.25,26
3469,20221003469,71.28,77.85,69.52,72.88,19.56,91,57.18,14
3470,20221003470,59.58,57.12,35.27,50.66,7.39,91,39.46,16
3471,20221003471,52.29,24.06,24.82,33.72,19.3,96,45.49,8
3472,20221003472,38.27,34.32,34.9,35.83,18.24,83,94.83,19
3473,20221003473,37.17,45.49,20,34.22,17.6,85,56.58,69
3474,20221003474,81.94,97.38,92.38,90.57,7.95,70,70.28,26
3475,20221003475,49.07,59.94,73.65,60.89,18.19,84,65.45,52
3476,20221003476,40.55,41.01,45.04,42.2,7.26,94,84.74,45
3477,20221003477,53.17,62.26,64.81,60.08,10.58,85,76.67,15
3478,20221003478,61.35,58.2,54.02,57.86,10.27,96,52.41,27
3479,20221003479,27.87,44.43,47.96,40.09,2.72,92,73.04,31
3480,20221003480,54.94,36.9,21.5,37.78,20.18,89,98.12,18
3481,20221003481,49.12,49.43,42.84,47.13,16.91,100,100,28
3482,20221003482,41.71,55.71,63.2,53.54,22.13,70,83.43,18
3483,20221003483,53.56,41.34,30.61,41.84,8.41,77,76.35,17
3484,20221003484,62.88,42.34,27.02,44.08,9.65,79,63.42,28
3485,20221003485,56.85,58.36,54.44,56.55,24.19,76,44.57,17
3486,20221003486,72.31,66.46,78.65,72.47,21.65,93,100,12
3487,20221003487,67.19,60.2,55.9,61.1,20.21,99,73.66,48
3488,20221003488,36.22,41.04,46.33,41.2,10.33,83,51.84,8
3489,20221003489,51.93,31.42,39.58,40.98,11.08,84,49.51,12
3490,20221003490,35.2,38.59,41.84,38.54,5.26,91,92.04,70
3491,20221003491,62.78,73.65,81.91,72.78,23.0,85,100,10
3492,20221003492,59.19,69.95,67.9,65.68,16.61,85,92.83,32
3493,20221003493,63.67,52.63,65.01,60.44,18.14,100,70.03,44
3494,20221003494,64.28,60.71,64.37,63.12,17.1,100,88.67,45
3495,20221003495,49.1,48.16,31.01,42.76,13.61,72,81.76,9
3496,20221003496,82.44,87.36,85.51,85.1,13.36,93,80.36,27
3497,20221003497,67.79,64.32,61.32,64.48,22.74,82,81.67,23
3498,20221003498,41.65,61.02,69.3,57.32,18.89,72,64.35,16
3499,20221003499,83.74,93.72,97.7,91.72,15.76,84,56.24,27
3500,20221003500,30.75,26.16,20.33,25.75,14.45,84,40.81,13
3501,20221003501,74.16,66.33,68.64,69.71,2,73,47.34,32
3502,20221003502,35.79,51.93,47.59,45.1,20.82,100,60.72,13
3503,20221003503,55.6,67.93,65.15,62.89,12.04,80,76.83,12
3504,20221003504,49.98,53.57,43.81,49.12,14.88,75,57.01,46
3505,20221003505,53.69,70.88,69.68,64.75,15.8,100,48.28,39
3506,20221003506,71.5,50.76,40.99,54.42,21.62,82,61.89,29
3507,20221003507,76.5,81.1,85.6,81.07,26.19,78,100,11
3508,20221003508,33.84,32.48,32.78,33.03,2.18,91,69.28,36
3509,20221003509,53.59,46.5,54.14,51.41,20.43,91,95.4,10
3510,20221003510,69.91,66.67,76.7,71.09,21.76,96,87.48,66
3511,20221003511,20.47,20,20,20.16,17.69,82,87.05,18
3512,20221003512,31.45,38.67,48.83,39.65,16.38,98,92.43,12
3513,20221003513,57.88,74.52,83.29,71.9,16.94,82,74.2,22
3514,20221003514,54.5,55.95,64.1,58.18,13.64,87,48.43,84
3515,20221003515,46.04,51.51,47.51,48.35,22.1,86,44.22,44
3516,20221003516,55.49,55.42,55.72,55.54,11.44,92,69.12,11
3517,20221003517,49.66,54.49,48.52,50.89,7.03,83,32.68,11
3518,20221003518,31.01,21.37,25.43,25.94,11.97,92,77.54,22
3519,20221003519,45.22,41.56,37.5,41.43,15.45,87,61.98,30
3520,20221003520,77.75,71.58,77.46,75.6,9.43,86,70.28,16
3521,20221003521,42.22,37.62,44.87,41.57,20.25,87,63.56,52
3522,20221003522,64.64,49.54,38.89,51.02,15.29,92,89.38,24
3523,20221003523,50.81,34.23,33.22,39.42,20.63,100,66.87,14
3524,20221003524,41.97,50.52,56.52,49.67,8.79,89,42.3,28
3525,20221003525,52.15,36.42,52.37,46.98,15.39,91,87.48,8
3526,20221003526,66.71,73.12,93.75,77.86,7.28,100,72.67,50
3527,20221003527,37.42,42.54,55.13,45.03,23.52,93,60.8,14
3528,20221003528,33.79,26.69,20,26.83,29.69,95,78.36,28
3529,20221003529,71.64,68.65,89.56,76.62,20.01,100,47.07,15
3530,20221003530,35.19,27.52,20,27.57,16.28,71,64.72,41
3531,20221003531,36.24,42.58,36.96,38.59,10.18,80,70.56,70
3532,20221003532,43.75,20,31.19,31.65,11.96,100,87.52,58
3533,20221003533,46.94,48.46,38.84,44.75,20.93,100,53.54,60
3534,20221003534,44.46,29.44,35.32,36.41,26.49,100,49.74,25
3535,20221003535,34.13,30.61,37.78,34.17,17.11,90,77.54,29
3536,20221003536,58.36,51.39,59.82,56.52,23.84,97,78.74,34
3537,20221003537,51.21,65.86,62.01,59.69,17.09,77,78.8,37
3538,20221003538,74.72,59.59,63.66,65.99,18.23,80,45.38,59
3539,20221003539,35.15,52.12,42.8,43.36,20.45,85,88.25,31
3540,20221003540,44.4,45.16,34.78,41.45,14.43,73,74.88,65
3541,20221003541,31.44,40.58,36.13,36.05,12.5,85,88.73,14
3542,20221003542,79.14,90.46,97.85,89.15,16.99,90,93.31,29
3543,20221003543,46.51,42.03,25.34,37.96,13.56,90,67.92,30
3544,20221003544,61.45,48.26,30.15,46.62,4.7,79,69.42,46
3545,20221003545,62.71,48.76,45.99,52.49,21.22,93,80.46,63
3546,20221003546,35.59,41.25,42.56,39.8,3.91,74,52.01,22
3547,20221003547,77.53,74.12,75.97,75.87,5.75,70,100,18
3548,20221003548,56.24,21.43,22.33,33.33,19.3,66,52.69,11
3549,20221003549,37.1,27.11,35.88,33.36,3.47,87,79.01,48
3550,20221003550,74.94,80.59,79.99,78.51,8.09,82,50.06,81
3551,20221003551,60.0,64.78,70.07,64.95,15.53,89,57.36,40
3552,20221003552,63.31,53.61,62.37,59.76,9.9,100,69.11,7
3553,20221003553,56.02,53.65,48.87,52.85,16.15,79,42.11,11
3554,20221003554,48.65,30.69,20,33.11,17.65,92,60.77,21
3555,20221003555,58.89,57.63,52.23,56.25,7.38,100,46.63,29
3556,20221003556,57.89,68.54,76.06,67.5,13.21,83,83.96,130
3557,20221003557,43.79,36.6,54.86,45.08,14.46,92,99.11,13
3558,20221003558,35.15,35.43,35.36,35.31,28.1,100,42.53,43
3559,20221003559,65.11,62.43,42.88,56.81,9.27,94,95.31,16
3560,20221003560,77.67,81.43,74.54,77.88,3.49,94,92.84,23
3561,20221003561,65.66,60.44,72.42,66.17,14.62,72,39.29,13
3562,20221003562,31.68,37.61,23.58,30.96,12.27,71,54.25,12
3563,20221003563,45.12,36.5,42.33,41.32,17.96,95,48.12,22
3564,20221003564,47.13,37.49,20,34.87,8.18,90,62.78,14
3565,20221003565,50.48,53.13,52.41,52.01,18.02,73,50.97,17
3566,20221003566,52.84,34.01,51.14,46.0,12.1,91,48.59,10
3567,20221003567,43.37,62.63,65.98,57.33,15.54,90,84.7,40
3568,20221003568,55.07,53.55,65.62,58.08,17.69,88,61.67,19
3569,20221003569,65.97,47.03,51.58,54.86,13.34,95,77.05,48
3570,20221003570,71.48,74.61,85.79,77.29,16.46,76,86.98,50
3571,20221003571,29.73,33.02,37.42,33.39,21.98,91,69.55,22
3572,20221003572,66.87,61.87,50.5,59.75,9.68,94,32.65,33
3573,20221003573,79.26,87.06,100,88.77,15.81,99,100,21
3574,20221003574,74.49,86.39,89.14,83.34,21.34,96,67.51,76
3575,20221003575,59.08,50.22,48.72,52.67,16.42,98,82.63,9
3576,20221003576,59.66,62.53,58.9,60.36,21.08,93,57.18,16
3577,20221003577,64.99,71.36,66.23,67.53,19.42,100,51.17,28
3578,20221003578,64.78,50.59,51.77,55.71,19.53,100,93.77,46
3579,20221003579,72.02,73.18,64.53,69.91,8.49,82,71.69,13
3580,20221003580,64.46,71.29,51.26,62.34,25.1,86,60.57,46
3581,20221003581,27.12,20,22.63,23.25,12.48,84,58.75,28
3582,20221003582,41.5,60.49,57.02,53.0,17.6,92,98.28,16
3583,20221003583,35.78,20,25.11,26.96,19.19,99,46.56,23
3584,20221003584,67.02,57.94,45.97,56.98,11.48,90,70.18,11
3585,20221003585,62.29,70.72,63.55,65.52,6.43,70,81.06,32
3586,20221003586,67.48,62.22,65.46,65.05,12.28,86,74.43,37
3587,20221003587,75.41,71.04,62.46,69.64,18.75,85,86.55,43
3588,20221003588,44.18,33.54,40.59,39.44,26.36,95,95.65,52
3589,20221003589,65.99,83.6,79.43,76.34,13.31,100,61.5,45
3590,20221003590,69.05,48.07,54.2,57.11,21.45,93,85.18,29
3591,20221003591,63.06,61.05,63.9,62.67,26.68,73,64.75,23
3592,20221003592,78.0,74.47,74.91,75.79,21.4,100,99.24,35
3593,20221003593,55.4,74.72,72.39,67.5,12.08,86,59.3,49
3594,20221003594,58.27,78.94,79.28,72.16,16.16,100,41.15,52
3595,20221003595,43.2,51.09,64.66,52.98,15.78,100,71.3,33
3596,20221003596,51.38,74.78,79.61,68.59,14.13,72,97.07,35
3597,20221003597,55.67,48.96,34.33,46.32,12.83,75,91.95,102
3598,20221003598,60.67,74.11,83.03,72.6,11.46,92,67.11,52
3599,20221003599,55.92,53.32,51.91,53.72,3.3,85,55.92,12
3600,20221003600,59.49,56.18,45.45,53.71,19.15,81,58.0,35
3601,20221003601,69.35,59.65,53.67,60.89,22.16,78,80.98,70
3602,20221003602,64.34,56.01,57.68,59.34,10.79,68,71.86,20
3603,20221003603,65.69,74.59,66.78,69.02,10.28,75,67.62,26
3604,20221003604,51.85,49.22,59.19,53.42,17.32,72,99.9,23
3605,20221003605,64.94,46.07,54.05,55.02,18.18,89,67.22,43
3606,20221003606,53.82,52.73,54.91,53.82,16.83,76,95.49,19
3607,20221003607,50.53,27.62,38.23,38.79,6.92,100,58.44,24
3608,20221003608,66.89,78.29,79.58,74.92,14.44,76,68.98,16
3609,20221003609,74.93,77.35,76.39,76.22,33.82,85,56.98,26
3610,20221003610,60.61,33.48,51.66,48.58,20.41,73,77.73,9
3611,20221003611,67.71,62.33,54.26,61.43,22.36,85,48.91,18
3612,20221003612,50.31,63.65,71.76,61.91,12.15,74,44.06,17
3613,20221003613,79.56,65.85,49.22,64.88,19.14,73,46.06,12
3614,20221003614,36.08,41.91,38.27,38.75,18.21,84,84.96,14
3615,20221003615,29.43,28.86,32.11,30.13,19.53,90,86.55,11
3616,20221003616,33.46,20,20,24.49,17.1,75,99.11,16
3617,20221003617,55.56,44.51,41.29,47.12,16.76,84,70.77,70
3618,20221003618,64.4,70.0,64.76,66.39,13.69,69,90.86,34
3619,20221003619,42.31,38.62,32.61,37.85,18.47,92,91.71,23
3620,20221003620,42.52,54.28,72.93,56.58,11.86,85,92.81,20
3621,20221003621,69.28,76.59,76.01,73.96,17.3,79,76.94,17
3622,20221003622,35.16,45.65,39.85,40.22,15.44,92,61.0,32
3623,20221003623,69.72,61.77,50.86,60.78,18.5,74,93.3,21
3624,20221003624,50.45,41.68,46.16,46.1,11.61,92,46.83,21
3625,20221003625,44.18,24.51,32.26,33.65,9.55,83,34.05,17
3626,20221003626,86.21,100,90.21,92.14,2.55,87,96.21,16
3627,20221003627,40.09,40.12,50.23,43.48,18.09,84,61.57,42
3628,20221003628,73.06,99.15,98.12,90.11,21.68,78,84.88,48
3629,20221003629,82.83,69.57,83.18,78.53,19.1,85,71.26,3
3630,20221003630,34.76,33.55,50.37,39.56,14.43,100,79.95,30
3631,20221003631,41.32,38.91,34.71,38.31,26.33,81,86.86,19
3632,20221003632,34.99,37.0,27.65,33.21,19.57,87,46.08,18
3633,20221003633,40.23,48.53,37.63,42.13,7.5,86,74.74,14
3634,20221003634,52.74,57.39,65.31,58.48,14.36,87,73.34,45
3635,20221003635,65.73,59.64,58.67,61.35,9.2,86,48.21,19
3636,20221003636,36.02,32.08,38.8,35.63,14.62,83,74.7,13
3637,20221003637,44.24,29.73,35.73,36.57,15.01,87,42.84,13
3638,20221003638,74.32,100,87.26,87.19,19.73,83,60.19,20
3639,20221003639,74.0,55.48,63.07,64.18,11.36,93,74.93,24
3640,20221003640,36.71,27.63,25.09,29.81,24.01,95,100,10
3641,20221003641,55.88,68.77,61.28,61.98,13.74,99,40.54,27
3642,20221003642,77.68,94.41,80.66,84.25,13.48,84,83.95,15
3643,20221003643,27.11,20,20,22.37,28.96,95,48.43,35
3644,20221003644,36.54,22.16,24.36,27.69,16.02,86,69.19,15
3645,20221003645,77.99,74.96,73.13,75.36,27.97,83,80.86,69
3646,20221003646,24.73,20,25.75,23.49,15.51,92,75.0,27
3647,20221003647,67.9,77.58,77.82,74.43,9.91,83,84.48,6
3648,20221003648,67.44,44.5,57.95,56.63,15.09,85,96.74,42
3649,20221003649,80.82,73.7,64.8,73.11,18.24,87,59.99,20
3650,20221003650,37.15,22.98,28.67,29.6,17.36,100,46.45,34
3651,20221003651,50.95,46.93,68.24,55.37,8.08,92,64.29,34
3652,20221003652,59.86,59.46,74.29,64.54,10.07,63,81.69,25
3653,20221003653,69.15,68.84,78.03,72.01,18.33,100,95.69,25
3654,20221003654,74.83,82.82,84.46,80.7,16.48,85,79.03,17
3655,20221003655,41.2,41.01,43.74,41.98,12.72,92,79.77,55
3656,20221003656,47.61,39.57,39.21,42.13,8.72,84,62.99,11
3657,20221003657,47.68,56.28,50.62,51.53,18.0,92,30.04,16
3658,20221003658,36.99,61.76,71.46,56.74,24.43,81,59.81,24
3659,20221003659,59.41,70.8,74.44,68.22,20.48,100,51.77,16
3660,20221003660,45.65,60.81,63.98,56.81,17.52,91,83.11,11
3661,20221003661,29.91,42.24,26.47,32.87,13.28,85,57.16,46
3662,20221003662,39.26,50.36,36.68,42.1,20.54,84,61.01,68
3663,20221003663,69.77,83.12,69.64,74.18,27.34,95,100,37
3664,20221003664,69.18,67.53,46.09,60.93,18.02,80,72.63,53
3665,20221003665,38.12,23.94,35.83,32.63,17.23,100,42.61,23
3666,20221003666,72.11,86.03,92.12,83.42,22.23,74,41.18,9
3667,20221003667,50.62,37.4,46.88,44.97,16.56,78,96.67,72
3668,20221003668,56.57,46.15,61.17,54.63,19.98,75,99.55,29
3669,20221003669,46.59,50.73,38.25,45.19,11.67,86,64.49,25
3670,20221003670,66.15,66.62,48.84,60.54,20.38,99,45.34,105
3671,20221003671,53.92,58.94,53.68,55.51,9.25,88,88.19,12
3672,20221003672,30.64,20,20,23.55,3.28,80,81.57,34
3673,20221003673,45.95,52.75,50.84,49.85,13.39,77,86.38,23
3674,20221003674,51.1,50.97,55.82,52.63,31.29,89,45.09,36
3675,20221003675,83.69,77.23,83.36,81.43,21.79,76,64.77,34
3676,20221003676,44.02,34.4,29.28,35.9,15.96,84,65.71,23
3677,20221003677,66.3,85.91,84.92,79.04,13.2,73,68.13,30
3678,20221003678,50.55,57.3,70.66,59.5,28.29,100,42.58,45
3679,20221003679,44.51,38.04,29.6,37.38,10.36,90,56.96,33
3680,20221003680,29.46,20,28.5,25.99,23.68,100,56.54,29
3681,20221003681,36.51,54.0,47.83,46.11,6.99,76,75.08,23
3682,20221003682,43.02,48.26,68.34,53.21,10.05,73,45.36,21
3683,20221003683,77.99,77.88,70.11,75.33,18.94,83,51.05,26
3684,20221003684,37.25,32.84,21.74,30.61,26.3,87,65.4,25
3685,20221003685,77.45,89.01,84.07,83.51,21.74,93,54.16,12
3686,20221003686,59.64,48.9,41.88,50.14,9.58,93,74.7,30
3687,20221003687,51.22,40.2,30.51,40.64,12.89,90,75.23,32
3688,20221003688,64.92,72.86,74.42,70.73,19.78,79,83.76,24
3689,20221003689,50.09,49.38,46.17,48.55,13.51,79,67.8,23
3690,20221003690,49.28,68.69,70.18,62.72,6.93,78,72.89,15
3691,20221003691,42.82,39.57,37.46,39.95,29.84,92,87.29,14
3692,20221003692,24.42,36.62,47.77,36.27,15.9,85,66.09,6
3693,20221003693,60.96,54.41,53.37,56.25,18.01,93,40.17,12
3694,20221003694,43.78,54.51,50.24,49.51,18.24,86,98.59,27
3695,20221003695,35.35,54.74,52.4,47.5,12.24,67,49.24,51
3696,20221003696,48.55,47.27,43.87,46.56,7.02,90,82.76,49
3697,20221003697,63.49,66.16,47.88,59.18,13.82,97,70.03,41
3698,20221003698,39.39,35.22,24.97,33.19,24.18,80,48.62,10
3699,20221003699,34.38,29.68,32.74,32.27,21.71,87,43.94,29
3700,20221003700,69.09,73.28,69.29,70.55,16.08,97,39.03,35
3701,20221003701,41.99,47.46,57.05,48.83,19.3,82,61.67,23
3702,20221003702,74.53,97.01,92.79,88.11,13.12,100,74.19,40
3703,20221003703,27.96,20,26.81,24.92,15.2,72,30.45,10
3704,20221003704,79.41,82.76,86.56,82.91,8.95,94,50.7,10
3705,20221003705,46.02,76.78,82.98,68.59,7.18,63,47.63,23
3706,20221003706,61.38,82.91,70.0,71.43,12.92,91,93.73,35
3707,20221003707,32.0,28.94,41.84,34.26,16.19,80,44.96,31
3708,20221003708,67.63,49.76,35.97,51.12,9.55,99,57.4,16
3709,20221003709,60.89,44.45,46.47,50.6,19.5,93,79.93,12
3710,20221003710,39.52,41.53,39.27,40.11,14.3,83,63.68,6
3711,20221003711,81.53,75.0,89.04,81.86,9.67,84,95.83,34
3712,20221003712,70.76,58.15,49.16,59.36,12.35,76,63.6,8
3713,20221003713,75.79,64.23,83.84,74.62,18.8,91,68.76,43
3714,20221003714,61.06,60.62,48.66,56.78,16.81,100,57.17,54
3715,20221003715,48.67,53.51,69.57,57.25,22.73,86,88.05,43
3716,20221003716,66.35,75.64,76.9,72.96,10.6,88,78.2,50
3717,20221003717,74.7,74.07,75.41,74.73,26.28,91,45.43,32
3718,20221003718,64.06,61.54,72.05,65.88,12.72,91,47.07,49
3719,20221003719,64.47,69.47,69.84,67.93,7.43,90,71.54,13
3720,20221003720,49.21,43.46,36.77,43.15,10.93,79,60.79,16
3721,20221003721,58.41,53.54,48.87,53.61,10.21,93,53.67,28
3722,20221003722,64.97,65.85,65.74,65.52,22.28,91,68.16,6
3723,20221003723,61.96,65.85,58.0,61.94,15.31,90,100,20
3724,20221003724,45.81,45.73,45.18,45.57,19.88,66,92.1,32
3725,20221003725,78.28,66.32,52.17,65.59,17.42,77,45.9,34
3726,20221003726,58.81,62.09,74.97,65.29,15.49,75,70.83,24
3727,20221003727,57.95,61.46,66.25,61.89,24.2,91,86.35,51
3728,20221003728,67.69,57.89,47.35,57.64,12.07,92,53.88,91
3729,20221003729,36.25,36.36,41.03,37.88,13.23,83,79.75,24
3730,20221003730,55.5,67.27,70.16,64.31,11.82,93,54.25,62
3731,20221003731,65.39,62.63,65.25,64.42,18.68,86,44.42,56
3732,20221003732,48.8,45.36,53.74,49.3,13.68,79,70.78,8
3733,20221003733,48.78,55.11,68.6,57.5,17.11,76,74.6,18
3734,20221003734,64.83,46.59,47.56,52.99,21.62,96,94.29,48
3735,20221003735,69.92,67.74,52.35,63.34,32.26,86,80.32,38
3736,20221003736,58.33,48.65,39.02,48.67,22.14,81,100,26
3737,20221003737,56.34,59.75,49.76,55.28,11.1,85,87.34,16
3738,20221003738,53.5,69.16,70.83,64.5,12.24,85,34.75,9
3739,20221003739,30.56,31.38,26.56,29.5,17.28,94,44.47,62
3740,20221003740,69.67,67.33,71.95,69.65,7.46,100,80.2,18
3741,20221003741,62.36,59.72,60.46,60.85,17.9,80,100,7
3742,20221003742,46.79,36.99,35.13,39.64,15.48,95,33.15,10
3743,20221003743,59.96,72.48,54.0,62.15,20.97,82,34.64,27
3744,20221003744,71.7,69.94,80.89,74.18,11.95,92,64.29,54
3745,20221003745,56.34,47.71,50.54,51.53,15.76,88,100,20
3746,20221003746,58.84,67.67,63.73,63.41,10.05,95,81.07,21
3747,20221003747,74.71,71.45,56.47,67.54,11.06,85,78.09,31
3748,20221003748,50.95,29.88,41.91,40.91,19.02,99,67.99,16
3749,20221003749,62.63,67.92,57.66,62.74,17.48,90,76.01,34
3750,20221003750,74.91,63.96,74.12,71.0,7.26,93,91.31,48
3751,20221003751,88.44,80.12,60.65,76.4,13.49,91,63.18,11
3752,20221003752,83.47,85.93,77.77,82.39,19.2,78,57.8,10
3753,20221003753,35.34,37.4,22.5,31.75,12.43,81,43.76,13
3754,20221003754,48.73,59.22,67.32,58.42,6.67,88,98.61,63
3755,20221003755,49.47,50.52,43.36,47.78,18.72,100,100,32
3756,20221003756,67.18,72.39,70.19,69.92,19.37,75,87.69,15
3757,20221003757,36.69,37.37,46.16,40.07,5.93,83,100,14
3758,20221003758,66.51,60.09,73.84,66.81,9.01,79,74.81,47
3759,20221003759,63.56,59.26,49.95,57.59,11.48,66,73.08,15
3760,20221003760,72.44,99.37,95.07,88.96,25.18,80,88.49,49
3761,20221003761,34.65,21.7,24.16,26.84,14.69,85,85.17,22
3762,20221003762,64.52,77.03,61.9,67.82,15.75,96,84.91,29
3763,20221003763,26.93,29.94,31.73,29.53,11.8,73,72.72,24
3764,20221003764,33.39,43.75,49.89,42.34,9.4,80,30.27,33
3765,20221003765,75.31,53.98,53.43,60.91,8.83,93,40.46,34
3766,20221003766,54.62,34.82,23.57,37.67,21.78,91,62.15,19
3767,20221003767,29.72,31.63,44.01,35.12,14.1,95,77.51,23
3768,20221003768,47.49,52.74,57.4,52.54,12.95,92,53.16,37
3769,20221003769,20,20,20,20.0,20.86,89,42.49,18
3770,20221003770,63.4,56.36,56.23,58.66,13.78,80,67.66,18
3771,20221003771,49.94,47.04,24.52,40.5,24.99,91,97.38,44
3772,20221003772,50.77,64.04,53.65,56.15,14.8,100,51.6,35
3773,20221003773,68.64,100,100,89.55,16.93,86,95.02,25
3774,20221003774,65.87,79.13,97.03,80.68,17.8,88,87.05,11
3775,20221003775,37.65,29.96,20,29.2,8.13,100,64.51,21
3776,20221003776,63.95,73.48,63.81,67.08,23.79,85,51.53,8
3777,20221003777,44.1,54.8,62.26,53.72,9.15,72,50.61,20
3778,20221003778,67.35,76.77,76.48,73.53,19.07,81,68.2,24
3779,20221003779,51.97,58.07,68.94,59.66,13.39,76,73.04,15
3780,20221003780,75.53,98.94,100,91.49,24.09,81,65.11,71
3781,20221003781,49.14,70.78,58.69,59.54,16.3,86,49.23,43
3782,20221003782,66.44,36.33,43.88,48.88,20.67,90,39.2,27
3783,20221003783,57.28,44.95,34.42,45.55,2,93,95.83,16
3784,20221003784,48.69,47.93,37.0,44.54,11.81,78,100,24
3785,20221003785,44.36,20,20,28.12,9.66,79,88.03,42
3786,20221003786,58.46,47.74,45.72,50.64,13.19,82,64.18,56
3787,20221003787,58.87,54.23,42.8,51.97,18.27,74,83.77,49
3788,20221003788,53.65,51.23,53.12,52.67,20.88,93,100,29
3789,20221003789,75.49,66.17,48.99,63.55,9.28,61,42.78,45
3790,20221003790,24.58,20.88,20,21.82,17.55,77,36.79,33
3791,20221003791,53.59,35.99,36.71,42.1,9.96,96,41.51,16
3792,20221003792,73.63,61.52,54.73,63.29,9.27,95,87.58,15
3793,20221003793,32.26,20,20.28,24.18,16.48,95,94.8,36
3794,20221003794,37.57,20,23.62,27.06,6.11,94,83.58,8
3795,20221003795,41.08,41.61,41.47,41.39,8.03,83,93.2,59
3796,20221003796,51.31,56.96,59.63,55.97,4.29,95,40.79,26
3797,20221003797,60.85,76.0,71.07,69.31,17.23,82,56.57,22
3798,20221003798,50.4,25.4,31.9,35.9,20.86,81,98.85,24
3799,20221003799,60.14,61.66,78.21,66.67,17.14,89,63.36,10
3800,20221003800,53.26,63.02,62.6,59.63,23.24,81,80.92,17
3801,20221003801,67.87,54.31,63.83,62.0,15.94,94,71.97,15
3802,20221003802,69.45,68.15,62.09,66.56,22.4,85,100,21
3803,20221003803,35.7,26.77,34.98,32.48,15.3,85,72.11,19
3804,20221003804,80.15,82.87,95.18,86.07,18.79,89,82.4,19
3805,20221003805,43.87,34.36,20,32.74,11.45,79,43.8,21
3806,20221003806,62.75,53.44,58.47,58.22,23.36,97,71.85,7
3807,20221003807,59.11,61.25,49.85,56.74,14.96,84,73.98,38
3808,20221003808,69.23,75.55,72.14,72.31,7.27,97,93.09,26
3809,20221003809,75.27,64.15,69.18,69.53,7.37,90,77.49,18
3810,20221003810,78.51,92.01,81.5,84.01,9.08,89,58.66,10
3811,20221003811,48.21,39.97,37.59,41.92,13.73,94,69.0,12
3812,20221003812,34.19,49.21,41.61,41.67,23.5,96,53.3,46
3813,20221003813,46.71,42.41,31.25,40.12,17.73,87,94.42,9
3814,20221003814,24.61,25.19,20,23.27,8.43,69,35.03,184
3815,20221003815,50.83,31.03,52.56,44.81,16.13,83,86.57,22
3816,20221003816,51.73,70.91,84.02,68.89,18.17,87,48.05,30
3817,20221003817,48.62,45.08,35.77,43.16,7.43,86,96.51,22
3818,20221003818,68.06,83.16,85.92,79.05,21.84,82,82.91,13
3819,20221003819,53.65,50.18,69.02,57.62,6.47,83,73.44,16
3820,20221003820,39.59,51.73,55.86,49.06,11.88,96,100,61
3821,20221003821,80.75,82.95,68.04,77.25,13.17,87,48.44,13
3822,20221003822,49.56,33.34,50.23,44.38,12.66,81,61.74,26
3823,20221003823,40.33,29.34,49.6,39.76,2.42,90,95.56,54
3824,20221003824,56.68,79.02,75.58,70.43,13.2,98,59.51,21
3825,20221003825,28.17,53.3,40.95,40.81,15.5,100,40.89,57
3826,20221003826,56.44,38.84,35.68,43.65,16.77,89,76.45,44
3827,20221003827,67.88,80.6,87.34,78.61,11.91,75,91.8,40
3828,20221003828,54.26,83.87,87.57,75.23,19.11,91,46.97,19
3829,20221003829,38.46,23.42,37.34,33.07,21.14,71,100,27
3830,20221003830,79.78,84.92,77.74,80.81,25.16,100,90.82,14
3831,20221003831,74.02,77.6,72.57,74.73,8.52,95,90.25,17
3832,20221003832,83.25,78.35,75.96,79.19,28.0,76,86.55,37
3833,20221003833,58.57,71.71,73.27,67.85,23.18,90,53.48,17
3834,20221003834,45.15,40.2,46.15,43.83,10.85,99,65.15,21
3835,20221003835,57.37,51.87,51.43,53.56,15.6,94,77.77,45
3836,20221003836,35.15,39.43,33.78,36.12,19.43,74,62.09,26
3837,20221003837,60.02,73.39,75.58,69.66,13.21,100,63.08,12
3838,20221003838,56.2,59.73,46.6,54.18,21.34,72,55.28,43
3839,20221003839,36.52,39.94,47.32,41.26,17.17,98,93.74,64
3840,20221003840,45.24,30.06,30.51,35.27,7.07,88,66.6,18
3841,20221003841,78.6,91.74,97.44,89.26,20.04,100,92.19,5
3842,20221003842,77.67,67.33,56.94,67.31,22.78,81,93.65,55
3843,20221003843,63.21,76.86,71.63,70.57,13.46,73,78.71,18
3844,20221003844,68.02,65.72,78.98,70.91,19.91,82,50.77,60
3845,20221003845,80.12,59.75,43.67,61.18,13.48,100,80.72,48
3846,20221003846,55.79,68.25,58.56,60.87,28.23,67,74.85,49
3847,20221003847,40.26,21.7,20,27.32,15.39,89,68.83,19
3848,20221003848,79.92,84.87,90.16,84.98,24.17,94,79.04,9
3849,20221003849,32.72,27.9,38.98,33.2,14.91,94,59.58,23
3850,20221003850,73.18,78.76,85.29,79.08,17.34,95,59.88,42
3851,20221003851,41.86,46.12,57.71,48.56,13.74,92,95.53,4
3852,20221003852,73.48,68.65,63.08,68.4,3.36,81,60.87,16
3853,20221003853,55.99,58.09,52.94,55.67,17.49,91,99.62,35
3854,20221003854,50.33,48.82,41.52,46.89,14.32,98,38.6,19
3855,20221003855,35.91,20,24.45,26.79,20.83,89,60.34,13
3856,20221003856,70.9,85.71,86.24,80.95,20.44,88,57.22,18
3857,20221003857,45.18,40.78,38.8,41.59,13.71,88,72.04,64
3858,20221003858,45.99,54.14,53.56,51.23,18.01,93,64.52,23
3859,20221003859,53.58,60.9,62.48,58.99,25.8,85,61.64,47
3860,20221003860,61.09,72.27,74.78,69.38,11.34,83,85.45,57
3861,20221003861,47.66,54.41,63.34,55.14,14.19,93,98.98,10
3862,20221003862,83.84,100,100,94.61,17.69,80,84.13,23
3863,20221003863,48.53,40.64,34.04,41.07,12.94,98,75.28,10
3864,20221003864,35.54,36.95,32.07,34.85,10.61,70,82.18,17
3865,20221003865,74.58,61.32,56.13,64.01,17.0,94,87.28,88
3866,20221003866,52.46,68.61,54.39,58.49,12.23,95,66.14,58
3867,20221003867,38.16,33.58,33.25,35.0,23.74,86,92.3,13
3868,20221003868,33.91,40.68,43.29,39.29,20.92,79,64.49,48
3869,20221003869,85.84,100,100,95.28,16.4,93,100,23
3870,20221003870,77.81,84.05,84.78,82.21,16.85,86,84.76,20
3871,20221003871,48.39,32.12,42.36,40.96,15.45,81,76.85,24
3872,20221003872,58.15,54.62,38.11,50.29,11.64,93,43.96,45
3873,20221003873,35.54,66.64,85.35,62.51,18.34,86,44.66,18
3874,20221003874,52.97,46.95,44.51,48.14,20.3,99,51.41,51
3875,20221003875,40.9,56.8,43.69,47.13,19.28,86,56.48,34
3876,20221003876,60.62,41.73,38.65,47.0,10.78,100,96.2,29
3877,20221003877,77.9,70.73,72.06,73.56,10.74,82,84.75,23
3878,20221003878,69.54,91.07,90.46,83.69,3.05,88,94.6,22
3879,20221003879,50.42,49.74,52.41,50.86,21.56,100,92.58,27
3880,20221003880,59.62,71.34,81.33,70.76,16.42,86,61.04,44
3881,20221003881,37.75,49.2,53.49,46.81,34.44,70,76.47,35
3882,20221003882,76.81,78.51,97.17,84.16,28.61,77,44.68,34
3883,20221003883,45.91,31.92,29.61,35.81,16.57,89,71.61,12
3884,20221003884,77.7,78.58,78.11,78.13,15.67,83,64.36,39
3885,20221003885,54.35,25.64,22.93,34.31,13.0,85,45.5,46
3886,20221003886,40.79,53.24,69.65,54.56,27.75,94,85.6,18
3887,20221003887,76.81,78.22,68.11,74.38,19.52,100,79.89,20
3888,20221003888,43.31,25.05,41.44,36.6,13.24,93,60.11,35
3889,20221003889,54.11,48.48,58.98,53.86,20.2,76,37.63,14
3890,20221003890,33.67,26.71,20,26.79,11.27,79,74.16,13
3891,20221003891,59.13,54.56,43.91,52.53,16.49,94,45.05,18
3892,20221003892,68.25,70.23,55.52,64.67,17.02,91,66.34,27
3893,20221003893,39.99,35.21,39.06,38.09,19.15,98,47.2,25
3894,20221003894,53.57,65.68,66.65,61.97,17.53,71,41.27,53
3895,20221003895,42.97,39.27,32.21,38.15,22.32,91,91.56,20
3896,20221003896,59.39,77.89,79.48,72.25,12.64,89,82.65,11
3897,20221003897,88.03,99.41,96.83,94.76,11.43,88,87.66,41
3898,20221003898,69.5,77.58,73.41,73.5,18.87,92,65.81,17
3899,20221003899,36.65,34.73,20,30.46,24.34,90,87.31,8
3900,20221003900,78.46,75.68,87.19,80.44,16.81,92,49.89,91
3901,20221003901,56.06,48.4,41.65,48.7,34.14,100,53.45,15
3902,20221003902,44.46,40.81,20.55,35.27,9.33,88,85.49,31
3903,20221003903,66.0,70.42,66.27,67.56,10.48,74,96.07,8
3904,20221003904,59.83,53.08,55.1,56.0,18.87,80,49.4,27
3905,20221003905,54.07,63.09,49.15,55.44,13.43,75,62.52,34
3906,20221003906,65.74,51.83,56.74,58.1,15.21,86,58.73,11
3907,20221003907,66.57,67.44,67.82,67.28,13.08,84,100,29
3908,20221003908,53.85,64.39,78.78,65.67,16.51,99,44.02,44
3909,20221003909,37.97,22.78,31.6,30.78,15.74,94,53.6,13
3910,20221003910,64.24,54.72,63.06,60.67,11.04,100,83.14,17
3911,20221003911,76.56,93.67,96.5,88.91,25.63,86,70.02,36
3912,20221003912,66.61,38.63,32.95,46.06,12.08,100,81.25,11
3913,20221003913,52.33,35.49,49.42,45.75,18.45,81,49.62,30
3914,20221003914,58.0,65.19,93.98,72.39,4.0,79,67.15,15
3915,20221003915,41.46,51.99,46.05,46.5,21.04,100,70.29,21
3916,20221003916,71.89,63.43,64.62,66.65,17.01,91,65.41,53
3917,20221003917,70.63,54.0,43.8,56.14,10.61,91,65.35,40
3918,20221003918,70.54,62.09,65.84,66.16,13.38,96,95.22,93
3919,20221003919,49.66,28.65,26.34,34.88,14.07,91,47.83,19
3920,20221003920,37.67,26.71,20,28.13,18.01,91,100,31
3921,20221003921,64.43,59.53,58.81,60.92,6.83,85,71.44,58
3922,20221003922,39.28,43.08,25.6,35.99,7.89,100,63.07,8
3923,20221003923,37.33,47.9,61.77,49.0,15.61,86,87.63,44
3924,20221003924,75.13,72.19,70.24,72.52,21.53,81,100,15
3925,20221003925,40.39,39.13,38.05,39.19,19.24,84,85.66,18
3926,20221003926,75.18,70.41,82.31,75.97,12.09,85,83.05,19
3927,20221003927,37.73,47.43,55.83,47.0,14.44,92,58.06,31
3928,20221003928,74.0,79.68,79.7,77.79,30.36,97,55.17,34
3929,20221003929,83.6,82.48,88.98,85.02,11.24,95,97.33,15
3930,20221003930,38.99,53.71,53.21,48.64,14.97,68,79.74,17
3931,20221003931,65.68,61.65,68.92,65.42,15.95,83,33.15,31
3932,20221003932,58.35,56.9,59.71,58.32,4.72,100,76.15,65
3933,20221003933,43.54,51.37,44.93,46.61,13.49,84,79.7,32
3934,20221003934,51.41,50.97,38.78,47.05,11.32,79,45.91,66
3935,20221003935,58.58,64.37,65.79,62.91,23.97,88,70.33,14
3936,20221003936,30.52,31.6,35.47,32.53,16.14,80,61.12,55
3937,20221003937,57.93,56.65,58.93,57.84,7.43,87,99.6,11
3938,20221003938,58.58,20,20,32.86,14.17,95,84.24,11
3939,20221003939,30.06,59.75,82.39,57.4,14.8,89,79.77,25
3940,20221003940,51.12,52.82,68.13,57.36,27.7,74,83.47,25
3941,20221003941,51.84,52.15,32.45,45.48,12.78,100,60.7,23
3942,20221003942,79.07,85.51,83.52,82.7,19.21,100,100,31
3943,20221003943,77.29,64.0,86.61,75.97,10.32,96,54.45,14
3944,20221003944,49.9,51.7,61.91,54.5,15.96,92,45.54,20
3945,20221003945,71.55,56.88,55.0,61.14,12.25,84,99.21,36
3946,20221003946,36.66,20,20.5,25.72,11.82,96,75.33,34
3947,20221003947,56.59,78.93,69.33,68.28,23.18,100,71.71,27
3948,20221003948,56.7,57.75,72.24,62.23,21.11,85,100,6
3949,20221003949,28.87,27.12,28.06,28.02,12.53,77,68.37,71
3950,20221003950,50.12,52.62,68.01,56.92,14.26,99,48.9,15
3951,20221003951,60.81,46.43,48.72,51.99,20.84,92,69.08,30
3952,20221003952,43.91,42.31,47.46,44.56,19.41,83,75.59,52
3953,20221003953,74.98,80.41,81.18,78.86,14.59,93,90.57,19
3954,20221003954,48.98,31.45,27.23,35.89,16.49,81,49.48,26
3955,20221003955,75.73,60.21,67.82,67.92,6.64,89,52.66,18
3956,20221003956,66.4,55.78,48.37,56.85,14.82,100,49.69,18
3957,20221003957,70.43,80.94,84.3,78.56,19.01,81,66.96,10
3958,20221003958,36.84,46.66,55.33,46.28,10.96,90,67.75,56
3959,20221003959,55.32,45.66,53.17,51.38,2.75,93,88.29,27
3960,20221003960,65.74,73.26,68.92,69.31,12.19,99,90.42,32
3961,20221003961,72.25,100,78.9,83.72,10.87,100,79.48,47
3962,20221003962,47.2,48.59,27.33,41.04,18.33,82,90.38,27
3963,20221003963,50.24,65.1,74.09,63.14,12.26,86,83.81,14
3964,20221003964,81.98,100,100,93.99,7.79,79,98.65,46
3965,20221003965,37.4,39.27,46.34,41.0,22.75,82,51.74,17
3966,20221003966,49.92,35.15,22.19,35.75,21.66,95,87.97,46
3967,20221003967,52.26,54.54,54.38,53.73,9.04,91,47.66,15
3968,20221003968,62.58,44.96,63.7,57.08,17.3,88,33.79,23
3969,20221003969,30.47,54.17,59.11,47.92,11.39,99,46.88,11
3970,20221003970,64.96,53.92,56.3,58.39,6.07,97,95.27,10
3971,20221003971,83.86,88.35,76.36,82.86,29.99,100,92.17,19
3972,20221003972,54.27,38.91,44.99,46.06,17.49,95,78.99,26
3973,20221003973,35.51,44.7,33.5,37.9,19.04,88,75.64,20
3974,20221003974,44.77,52.32,53.66,50.25,11.91,79,64.48,23
3975,20221003975,62.16,62.22,58.39,60.92,15.83,93,56.46,13
3976,20221003976,45.91,50.97,40.72,45.87,18.67,100,52.13,13
3977,20221003977,36.83,33.32,52.24,40.8,8.74,82,92.01,22
3978,20221003978,49.92,65.37,57.92,57.74,18.1,96,54.94,25
3979,20221003979,34.47,36.36,22.93,31.25,17.31,100,51.49,36
3980,20221003980,75.96,95.79,100,90.58,22.95,67,97.37,39
3981,20221003981,66.07,58.12,69.36,64.52,19.14,81,58.67,261
3982,20221003982,62.18,52.71,66.65,60.51,17.16,83,88.48,28
3983,20221003983,59.45,69.61,65.96,65.01,16.12,79,62.78,16
3984,20221003984,61.57,83.42,80.17,75.05,14.93,96,72.79,16
3985,20221003985,65.95,60.35,43.02,56.44,8.33,90,46.45,43
3986,20221003986,59.82,52.76,52.99,55.19,12.25,82,37.65,20
3987,20221003987,68.75,70.33,76.52,71.87,14.76,77,54.78,28
3988,20221003988,74.05,59.82,69.0,67.62,10.82,88,60.41,36
3989,20221003989,43.87,53.38,53.39,50.21,18.87,77,54.29,239
3990,20221003990,68.92,52.44,50.83,57.4,12.14,56,90.79,13
3991,20221003991,57.55,60.9,71.14,63.2,8.86,100,84.25,27
3992,20221003992,69.6,76.15,70.88,72.21,15.78,100,100,14
3993,20221003993,29.71,43.5,44.32,39.18,24.18,86,97.7,34
3994,20221003994,51.98,58.05,68.81,59.61,10.08,93,59.98,48
3995,20221003995,71.95,81.56,97.3,83.6,22.46,83,45.23,22
3996,20221003996,52.48,61.09,64.5,59.36,21.87,85,76.15,15
3997,20221003997,43.89,25.1,28.68,32.56,16.12,87,88.99,36
3998,20221003998,63.5,53.76,53.47,56.91,13.71,100,96.95,36
3999,20221003999,66.7,92.7,85.15,81.52,14.13,81,54.18,12
4000,20221004000,54.15,51.55,51.21,52.3,15.93,94,62.29,16
4001,20221004001,45.99,34.79,22.92,34.57,7.6,89,56.84,65
4002,20221004002,40.91,41.76,36.62,39.76,11.34,91,100,22
4003,20221004003,58.8,76.85,80.38,72.01,9.85,80,35.5,37
4004,20221004004,36.9,31.61,40.65,36.39,14.93,81,44.25,18
4005,20221004005,70.65,74.72,81.22,75.53,12.48,87,64.84,25
4006,20221004006,36.54,47.26,46.79,43.53,19.73,93,53.19,54
4007,20221004007,43.16,64.79,63.7,57.22,10.41,85,88.34,37
4008,20221004008,30.61,55.66,41.56,42.61,18.27,70,42.95,19
4009,20221004009,46.09,33.42,20.12,33.21,14.92,76,69.17,12
4010,20221004010,64.1,76.06,79.65,73.27,14.3,100,61.66,25
4011,20221004011,47.88,55.29,64.94,56.04,21.9,86,55.94,21
4012,20221004012,73.57,72.56,78.41,74.85,22.24,76,45.25,28
4013,20221004013,31.33,25.98,31.61,29.64,16.94,79,66.99,61
4014,20221004014,85.65,89.23,80.95,85.28,17.7,98,62.39,21
4015,20221004015,57.72,71.27,81.26,70.08,11.37,84,66.82,22
4016,20221004016,75.8,91.04,85.07,83.97,23.28,87,58.13,16
4017,20221004017,52.01,66.05,61.72,59.93,22.75,87,84.9,25
4018,20221004018,30.68,28.51,39.17,32.79,13.73,97,52.9,20
4019,20221004019,20,22.26,20,20.75,20.1,85,92.87,50
4020,20221004020,55.26,71.16,69.49,65.3,10.96,100,64.1,19
4021,20221004021,42.69,47.23,65.89,51.94,12.01,100,82.95,26
4022,20221004022,58.3,63.08,79.05,66.81,25.76,93,95.57,34
4023,20221004023,50.29,45.9,48.76,48.32,17.51,100,100,124
4024,20221004024,43.69,59.8,51.79,51.76,14.84,97,42.84,4
4025,20221004025,46.9,62.98,48.05,52.64,16.24,77,55.65,21
4026,20221004026,40.13,46.68,41.77,42.86,5.37,98,46.14,37
4027,20221004027,69.62,73.62,75.39,72.88,13.13,89,62.33,48
4028,20221004028,56.46,54.27,46.89,52.54,23.58,97,47.48,9
4029,20221004029,57.7,54.44,58.58,56.91,18.45,70,71.4,25
4030,20221004030,33.85,45.98,52.94,44.26,21.33,88,38.16,35
4031,20221004031,38.48,30.05,20,29.51,12.82,93,89.69,17
4032,20221004032,54.63,60.22,60.07,58.31,13.04,81,71.53,17
4033,20221004033,52.45,45.4,38.19,45.35,14.68,76,61.94,21
4034,20221004034,36.65,34.35,31.99,34.33,25.7,100,46.58,50
4035,20221004035,74.12,68.49,56.46,66.36,25.31,98,79.85,18
4036,20221004036,38.3,63.13,56.3,52.58,10.91,77,92.75,8
4037,20221004037,53.8,57.69,52.96,54.82,21.09,80,92.77,14
4038,20221004038,44.33,65.81,66.03,58.72,21.7,93,69.31,10
4039,20221004039,73.4,78.27,70.16,73.94,16.36,93,94.38,17
4040,20221004040,38.53,21.76,31.87,30.72,19.25,97,60.41,26
4041,20221004041,69.17,74.94,73.25,72.45,10.43,95,55.55,36
4042,20221004042,39.42,40.67,39.03,39.71,9.92,85,54.15,104
4043,20221004043,84.41,99.28,89.45,91.05,17.48,78,97.83,49
4044,20221004044,85.8,100,98.82,94.87,10.2,86,83.22,34
4045,20221004045,45.46,47.39,49.45,47.43,20.61,75,78.68,19
4046,20221004046,47.05,56.82,44.41,49.43,15.44,76,39.54,36
4047,20221004047,21.82,22.96,25.91,23.56,19.43,89,58.04,21
4048,20221004048,39.43,40.48,44.09,41.33,23.5,88,68.84,11
4049,20221004049,65.65,62.36,67.35,65.12,5.99,96,36.99,15
4050,20221004050,60.54,64.73,64.5,63.26,19.04,80,77.62,36
4051,20221004051,69.04,67.16,61.55,65.92,12.56,79,54.48,57
4052,20221004052,33.54,21.27,20,24.94,13.93,86,64.22,24
4053,20221004053,73.13,75.24,68.94,72.44,23.88,82,50.86,16
4054,20221004054,46.61,35.72,40.88,41.07,11.08,100,59.39,50
4055,20221004055,58.99,61.32,65.55,61.95,22.84,100,63.08,43
4056,20221004056,78.48,91.06,77.13,82.22,32.23,92,96.72,4
4057,20221004057,40.89,63.45,58.01,54.12,15.43,100,60.94,18
4058,20221004058,29.77,20,20,23.26,7.24,77,80.19,22
4059,20221004059,77.3,78.76,80.67,78.91,11.16,79,93.58,11
4060,20221004060,63.7,70.01,70.49,68.07,15.64,82,58.3,43
4061,20221004061,72.01,78.54,70.91,73.82,15.96,89,45.96,36
4062,20221004062,50.59,46.9,41.21,46.23,17.33,95,56.72,31
4063,20221004063,53.68,49.93,40.6,48.07,12.89,86,41.38,19
4064,20221004064,46.16,42.1,38.2,42.15,14.03,77,51.66,11
4065,20221004065,76.33,93.9,83.79,84.67,13.18,94,82.31,30
4066,20221004066,53.71,57.5,47.24,52.82,25.12,93,91.93,69
4067,20221004067,57.85,55.79,66.46,60.03,13.25,77,72.7,111
4068,20221004068,88.98,100,100,96.33,25.0,97,100,82
4069,20221004069,53.43,69.79,84.8,69.34,17.72,100,80.16,5
4070,20221004070,37.01,28.56,27.28,30.95,29.52,100,74.63,19
4071,20221004071,70.25,97.76,100,89.34,13.89,100,58.98,25
4072,20221004072,71.28,53.53,52.57,59.13,19.44,84,86.37,51
4073,20221004073,59.1,50.45,60.64,56.73,21.25,93,63.21,10
4074,20221004074,84.13,75.94,71.59,77.22,21.83,88,81.46,11
4075,20221004075,52.26,68.07,57.39,59.24,21.96,100,64.65,28
4076,20221004076,41.08,33.51,20,31.53,13.49,100,50.99,10
4077,20221004077,46.21,48.06,37.05,43.77,16.23,73,88.55,60
4078,20221004078,46.13,37.07,31.29,38.16,18.99,88,89.04,52
4079,20221004079,74.19,59.68,61.05,64.97,13.2,86,45.33,23
4080,20221004080,59.11,46.97,45.13,50.4,8.84,86,71.66,27
4081,20221004081,62.85,63.79,62.41,63.02,11.43,87,49.33,36
4082,20221004082,49.29,43.69,45.25,46.08,15.0,78,47.22,10
4083,20221004083,62.11,78.29,99.83,80.08,7.23,87,56.12,173
4084,20221004084,66.4,51.68,56.13,58.07,22.84,100,99.8,29
4085,20221004085,56.1,46.84,46.86,49.93,11.5,80,62.96,16
4086,20221004086,66.1,78.04,73.73,72.62,11.29,100,82.65,70
4087,20221004087,61.62,49.77,41.42,50.94,12.95,88,76.91,60
4088,20221004088,70.63,89.88,86.87,82.46,12.4,71,81.24,15
4089,20221004089,52.96,32.14,32.16,39.09,24.83,100,61.19,8
4090,20221004090,48.88,48.26,56.06,51.07,16.66,85,64.79,14
4091,20221004091,64.68,66.96,72.69,68.11,19.67,82,47.2,17
4092,20221004092,74.81,85.71,82.87,81.13,15.51,89,53.96,20
4093,20221004093,80.65,94.33,87.88,87.62,18.69,92,64.35,32
4094,20221004094,41.79,34.25,49.92,41.99,5.16,78,41.69,20
4095,20221004095,61.56,70.17,67.38,66.37,24.29,86,86.78,28
4096,20221004096,70.98,67.66,62.12,66.92,9.89,94,70.9,41
4097,20221004097,20,24.78,26.45,23.74,12.49,98,42.21,57
4098,20221004098,73.72,69.6,68.63,70.65,24.81,81,92.74,28
4099,20221004099,54.34,78.98,57.73,63.68,17.24,88,71.54,21
4100,20221004100,70.1,71.83,75.95,72.63,26.42,80,92.14,27
4101,20221004101,64.68,62.04,57.37,61.36,20.72,80,36.98,19
4102,20221004102,78.32,88.07,95.02,87.14,12.8,90,93.33,27
4103,20221004103,66.82,56.75,23.93,49.17,13.31,92,90.43,29
4104,20221004104,78.86,80.59,100,86.48,27.21,83,39.32,36
4105,20221004105,47.88,62.2,92.53,67.54,10.57,82,44.37,18
4106,20221004106,29.3,21.24,20,23.51,10.07,83,57.82,13
4107,20221004107,71.3,91.02,94.6,85.64,18.73,85,79.15,13
4108,20221004108,61.37,63.59,83.24,69.4,13.84,71,44.92,16
4109,20221004109,27.64,24.21,20,23.95,26.37,72,46.64,22
4110,20221004110,47.68,27.75,23.99,33.14,12.71,100,92.28,11
4111,20221004111,47.36,36.42,30.75,38.18,15.44,77,56.73,55
4112,20221004112,63.84,77.08,75.25,72.06,18.84,96,63.15,75
4113,20221004113,29.94,43.68,37.89,37.17,11.67,82,57.21,19
4114,20221004114,79.24,87.14,76.58,80.99,15.47,70,38.02,44
4115,20221004115,41.16,46.19,48.14,45.16,11.35,93,48.18,18
4116,20221004116,82.62,67.79,84.09,78.17,17.41,65,42.4,19
4117,20221004117,79.0,78.73,82.6,80.11,13.48,83,71.96,19
4118,20221004118,29.68,29.48,27.32,28.83,14.95,100,62.66,11
4119,20221004119,64.77,76.43,89.9,77.03,23.75,79,30,35
4120,20221004120,53.15,56.98,68.44,59.52,21.55,92,67.65,24
4121,20221004121,44.7,51.89,47.95,48.18,24.17,92,66.57,21
4122,20221004122,64.04,89.65,71.47,75.05,11.11,95,70.3,73
4123,20221004123,69.01,68.53,69.37,68.97,19.57,85,65.44,12
4124,20221004124,67.21,49.25,63.65,60.04,12.45,71,76.71,50
4125,20221004125,48.27,44.92,40.05,44.41,21.39,87,78.58,14
4126,20221004126,70.37,69.22,57.11,65.57,30.57,89,58.86,24
4127,20221004127,63.55,65.36,54.5,61.14,24.61,94,61.32,23
4128,20221004128,47.33,59.61,55.0,53.98,14.91,72,91.15,31
4129,20221004129,31.15,20,28.88,26.68,14.24,91,34.97,21
4130,20221004130,51.39,75.95,82.82,70.05,15.94,90,43.39,36
4131,20221004131,54.02,53.41,36.33,47.92,11.56,93,60.63,12
4132,20221004132,51.28,50.7,56.87,52.95,8.58,94,56.63,7
4133,20221004133,42.33,48.96,26.25,39.18,21.92,99,70.19,7
4134,20221004134,72.8,61.7,48.6,61.03,17.79,94,69.84,15
4135,20221004135,49.72,79.2,76.76,68.56,7.77,100,72.75,24
4136,20221004136,84.33,65.26,42.89,64.16,13.33,79,64.58,36
4137,20221004137,89.31,78.44,80.08,82.61,14.5,85,68.72,128
4138,20221004138,73.64,55.4,37.89,55.64,22.01,90,63.47,15
4139,20221004139,62.43,64.35,61.05,62.61,8.37,91,53.02,15
4140,20221004140,39.55,41.22,44.48,41.75,17.54,92,90.35,31
4141,20221004141,57.45,41.67,32.51,43.88,4.81,78,63.23,15
4142,20221004142,34.19,54.54,68.07,52.27,12.79,100,57.55,29
4143,20221004143,51.28,36.54,47.95,45.26,15.63,82,50.66,26
4144,20221004144,46.65,59.94,55.76,54.12,20.25,86,82.76,33
4145,20221004145,35.53,43.38,32.84,37.25,23.57,83,75.14,11
4146,20221004146,49.94,48.0,58.63,52.19,9.95,82,96.23,9
4147,20221004147,43.49,44.12,64.72,50.78,28.53,92,86.98,19
4148,20221004148,46.78,55.91,57.97,53.55,21.59,71,76.11,27
4149,20221004149,65.74,61.02,47.02,57.93,22.96,100,94.72,27
4150,20221004150,62.61,58.35,66.42,62.46,15.43,93,41.16,41
4151,20221004151,77.5,69.82,67.09,71.47,14.77,82,70.37,35
4152,20221004152,46.76,48.5,50.44,48.57,20.77,87,90.66,34
4153,20221004153,36.9,27.39,32.58,32.29,15.89,87,66.2,9
4154,20221004154,44.29,57.82,68.98,57.03,18.29,95,79.78,36
4155,20221004155,55.16,32.07,31.46,39.56,26.75,100,89.93,10
4156,20221004156,43.34,44.56,43.71,43.87,11.86,95,90.46,16
4157,20221004157,74.18,89.62,96.48,86.76,22.31,83,64.3,52
4158,20221004158,61.36,90.37,86.81,79.51,16.81,97,76.11,30
4159,20221004159,45.12,35.05,44.19,41.45,9.28,86,47.64,24
4160,20221004160,57.72,65.37,65.62,62.9,19.26,78,45.59,100
4161,20221004161,60.73,43.45,31.52,45.23,14.37,85,100,6
4162,20221004162,70.12,83.08,95.82,83.01,2,83,90.84,30
4163,20221004163,53.65,33.82,20,35.82,22.8,72,80.84,56
4164,20221004164,46.92,22.43,25.15,31.5,21.2,96,93.06,33
4165,20221004165,67.4,67.2,50.95,61.85,18.31,83,77.23,60
4166,20221004166,27.57,20,20,22.52,16.74,80,50.83,15
4167,20221004167,33.15,24.63,57.26,38.35,20.34,78,72.52,16
4168,20221004168,47.7,43.63,51.59,47.64,16.99,79,47.18,28
4169,20221004169,27.13,20,20,22.38,13.69,89,78.77,13
4170,20221004170,86.11,96.52,88.86,90.5,16.37,92,88.38,15
4171,20221004171,71.57,81.04,68.52,73.71,9.19,96,77.69,61
4172,20221004172,71.71,75.4,55.55,67.55,26.16,90,91.89,7
4173,20221004173,49.02,52.01,54.4,51.81,12.48,93,76.73,51
4174,20221004174,34.11,38.98,40.17,37.75,25.39,72,43.04,68
4175,20221004175,48.98,68.75,64.74,60.82,10.29,87,73.53,10
4176,20221004176,55.87,51.4,33.71,46.99,11.27,89,40.3,26
4177,20221004177,47.13,67.15,63.85,59.38,13.76,87,77.66,33
4178,20221004178,34.64,23.37,25.93,27.98,19.36,88,53.84,36
4179,20221004179,76.45,67.68,73.86,72.66,13.77,88,57.19,32
4180,20221004180,49.2,51.44,48.99,49.88,27.9,78,47.41,19
4181,20221004181,39.76,59.11,64.26,54.38,14.66,69,79.01,63
4182,20221004182,74.13,53.96,63.68,63.92,3.62,70,88.32,10
4183,20221004183,33.76,31.24,25.13,30.04,17.96,79,77.0,10
4184,20221004184,20.73,20,20,20.24,9.16,97,45.89,15
4185,20221004185,37.81,48.53,58.17,48.17,15.99,69,92.52,21
4186,20221004186,31.02,28.13,39.93,33.03,9.41,87,64.23,30
4187,20221004187,56.18,56.67,62.01,58.29,13.7,89,94.59,16
4188,20221004188,47.55,45.26,55.57,49.46,6.99,85,56.7,11
4189,20221004189,76.54,84.13,83.45,81.37,22.32,83,80.43,42
4190,20221004190,50.26,34.41,40.69,41.79,20.44,87,53.75,13
4191,20221004191,36.92,38.98,47.6,41.17,22.32,91,51.55,18
4192,20221004192,61.36,81.57,100,80.98,22.4,75,100,49
4193,20221004193,46.36,67.59,76.76,63.57,15.16,84,55.11,60
4194,20221004194,67.3,72.52,63.99,67.94,15.62,82,63.97,12
4195,20221004195,47.53,40.33,49.55,45.8,11.49,100,61.45,63
4196,20221004196,48.48,50.76,56.37,51.87,21.97,89,66.85,12
4197,20221004197,70.82,76.09,72.21,73.04,9.53,75,57.7,11
4198,20221004198,81.49,100,100,93.83,20.85,77,71.02,26
4199,20221004199,33.14,26.59,38.07,32.6,15.05,91,63.42,12
4200,20221004200,35.46,22.51,22.27,26.75,16.24,89,55.58,18
4201,20221004201,41.36,58.12,55.14,51.54,18.4,75,100,41
4202,20221004202,63.64,77.93,78.33,73.3,16.09,100,90.44,13
4203,20221004203,67.05,70.65,85.41,74.37,14.2,90,77.14,36
4204,20221004204,27.35,20,20,22.45,12.26,100,43.52,26
4205,20221004205,47.04,49.01,52.32,49.46,22.17,76,57.36,35
4206,20221004206,62.97,60.24,56.84,60.02,8.26,87,82.29,8
4207,20221004207,73.77,67.66,59.37,66.93,3.91,94,93.92,22
4208,20221004208,43.83,53.17,61.72,52.91,22.94,91,53.55,18
4209,20221004209,34.06,46.46,46.75,42.42,7.34,81,50.57,22
4210,20221004210,66.45,53.09,59.3,59.61,20.09,98,42.85,30
4211,20221004211,23.83,42.37,33.72,33.31,20.94,90,50.37,10
4212,20221004212,45.64,39.53,59.36,48.18,3.31,81,41.16,31
4213,20221004213,50.56,42.58,45.92,46.35,16.87,91,83.82,55
4214,20221004214,25.26,25.99,20,23.75,9.18,90,58.96,27
4215,20221004215,35.97,20,20,25.32,16.32,81,52.08,47
4216,20221004216,70.33,60.07,53.43,61.28,12.5,80,87.41,22
4217,20221004217,43.05,22.73,20,28.59,14.63,96,73.24,20
4218,20221004218,39.15,41.1,44.09,41.45,9.83,82,66.74,16
4219,20221004219,68.29,55.77,63.67,62.58,21.3,90,99.91,22
4220,20221004220,54.81,46.18,71.67,57.55,8.82,84,100,12
4221,20221004221,86.96,61.48,76.44,74.96,13.72,75,69.77,114
4222,20221004222,56.8,39.63,20,38.81,15.55,86,45.23,30
4223,20221004223,25.79,20,20,21.93,16.43,84,42.07,25
4224,20221004224,61.44,61.83,62.47,61.91,5.19,80,72.42,9
4225,20221004225,55.31,46.26,34.77,45.45,19.46,96,54.45,8
4226,20221004226,53.34,44.39,52.23,49.99,14.81,93,64.26,25
4227,20221004227,66.17,72.96,72.93,70.69,16.04,100,41.3,18
4228,20221004228,67.59,86.09,77.44,77.04,20.04,79,78.38,108
4229,20221004229,70.72,78.3,67.22,72.08,15.94,93,77.02,33
4230,20221004230,47.12,35.84,32.39,38.45,13.07,97,86.08,27
4231,20221004231,51.93,28.67,36.34,38.98,18.57,90,48.64,35
4232,20221004232,50.45,53.1,44.81,49.45,12.23,89,81.98,30
4233,20221004233,67.3,54.52,31.54,51.12,11.7,66,89.23,15
4234,20221004234,79.71,79.72,85.26,81.56,19.88,82,91.12,20
4235,20221004235,58.88,80.63,99.24,79.58,13.73,75,45.72,21
4236,20221004236,56.08,36.92,33.64,42.21,29.96,89,54.03,21
4237,20221004237,73.41,97.84,100,90.42,24.36,100,90.92,33
4238,20221004238,39.98,58.31,53.79,50.69,7.26,73,89.14,15
4239,20221004239,54.69,51.7,71.8,59.4,10.17,95,60.21,27
4240,20221004240,42.15,41.26,48.66,44.02,20.4,78,85.82,24
4241,20221004241,49.58,55.11,55.56,53.42,9.5,74,55.75,44
4242,20221004242,65.95,70.45,89.77,75.39,20.11,89,62.85,18
4243,20221004243,40.59,34.93,45.07,40.2,16.8,91,88.01,37
4244,20221004244,64.88,57.36,52.92,58.39,18.48,69,63.59,25
4245,20221004245,29.18,31.79,33.61,31.53,10.26,87,41.37,38
4246,20221004246,66.89,78.75,56.27,67.3,16.69,70,68.13,35
4247,20221004247,31.86,20,20,23.95,17.95,86,78.15,39
4248,20221004248,56.12,78.19,77.66,70.66,33.89,89,88.16,54
4249,20221004249,52.17,44.1,31.76,42.68,13.8,98,79.11,27
4250,20221004250,65.48,37.02,39.37,47.29,15.97,93,49.09,67
4251,20221004251,54.66,43.92,41.12,46.57,19.73,72,50.88,30
4252,20221004252,54.66,51.33,39.44,48.48,15.16,79,42.37,29
4253,20221004253,66.3,57.37,65.64,63.1,12.45,86,53.81,19
4254,20221004254,50.0,35.57,31.35,38.97,14.21,75,91.5,48
4255,20221004255,71.59,50.26,42.67,54.84,12.78,68,82.63,25
4256,20221004256,64.1,67.11,68.66,66.62,17.78,78,76.07,31
4257,20221004257,65.95,57.46,45.88,56.43,15.38,100,67.91,14
4258,20221004258,84.67,90.77,97.95,91.13,17.37,88,84.88,41
4259,20221004259,65.94,59.24,53.53,59.57,16.78,97,68.79,45
4260,20221004260,49.49,54.64,58.97,54.37,17.66,100,63.66,39
4261,20221004261,69.25,98.04,96.65,87.98,21.51,82,74.6,101
4262,20221004262,72.17,68.9,58.0,66.36,22.64,93,56.09,21
4263,20221004263,67.77,70.8,84.45,74.34,28.86,94,95.4,12
4264,20221004264,58.44,51.48,66.88,58.93,20.08,84,84.06,21
4265,20221004265,30.49,31.43,20,27.31,16.08,89,80.22,6
4266,20221004266,58.71,60.18,69.45,62.78,11.63,76,100,21
4267,20221004267,42.2,50.01,41.69,44.63,6.75,93,51.72,22
4268,20221004268,43.56,36.13,45.94,41.88,9.37,84,78.33,35
4269,20221004269,52.16,53.36,34.12,46.55,14.3,93,38.74,11
4270,20221004270,74.09,64.9,71.16,70.05,17.09,90,59.3,13
4271,20221004271,63.52,59.77,39.84,54.38,18.67,87,85.05,14
4272,20221004272,67.82,73.4,59.26,66.83,15.46,81,52.97,95
4273,20221004273,72.81,78.92,79.1,76.94,21.28,100,94.04,23
4274,20221004274,38.7,20,20,26.23,22.71,73,86.23,24
4275,20221004275,76.76,68.01,79.43,74.73,20.52,100,47.53,15
4276,20221004276,61.08,74.7,86.56,74.11,17.43,82,82.22,27
4277,20221004277,37.17,47.17,38.06,40.8,10.68,82,92.0,13
4278,20221004278,44.13,65.85,68.74,59.57,16.87,100,92.45,9
4279,20221004279,51.29,55.9,59.79,55.66,9.7,89,48.63,24
4280,20221004280,85.92,78.94,70.36,78.41,17.52,81,72.61,34
4281,20221004281,25.04,20,20,21.68,9.4,82,45.77,24
4282,20221004282,57.87,79.89,67.91,68.56,12.13,74,70.72,33
4283,20221004283,65.93,59.3,75.19,66.81,14.59,81,84.63,41
4284,20221004284,42.41,40.13,29.47,37.34,11.74,79,38.49,22
4285,20221004285,50.38,72.19,77.7,66.76,15.66,87,93.14,39
4286,20221004286,29.41,37.01,20,28.81,19.94,89,74.15,21
4287,20221004287,74.49,95.66,100,90.05,14.61,90,86.11,16
4288,20221004288,64.85,62.85,48.47,58.72,16.55,66,69.66,27
4289,20221004289,70.15,72.69,72.42,71.75,2,88,72.35,14
4290,20221004290,47.24,64.21,76.84,62.76,9.87,84,66.62,8
4291,20221004291,36.44,42.45,56.15,45.01,12.44,77,70.61,30
4292,20221004292,82.45,98.21,99.21,93.29,27.63,98,64.73,43
4293,20221004293,20.73,20,27.54,22.76,7.8,82,99.94,21
4294,20221004294,39.36,42.68,26.92,36.32,22.48,87,40.14,37
4295,20221004295,74.7,60.48,54.52,63.23,5.74,87,71.58,39
4296,20221004296,47.46,49.11,47.1,47.89,13.32,95,44.55,85
4297,20221004297,68.21,63.9,67.3,66.47,10.55,73,83.85,18
4298,20221004298,54.62,56.25,68.91,59.93,11.04,96,75.11,35
4299,20221004299,74.06,90.27,84.05,82.79,25.88,89,51.27,43
4300,20221004300,31.94,35.38,36.68,34.67,19.19,100,50.4,22
4301,20221004301,67.38,76.25,80.41,74.68,13.63,96,46.37,18
4302,20221004302,52.09,58.12,49.65,53.29,7.06,79,100,25
4303,20221004303,56.43,47.55,59.19,54.39,3.84,80,39.53,21
4304,20221004304,34.6,34.68,34.01,34.43,12.19,75,49.6,24
4305,20221004305,35.64,32.07,45.81,37.84,18.87,83,40.36,7
4306,20221004306,22.42,21.94,33.78,26.05,19.62,95,83.83,17
4307,20221004307,59.01,75.25,76.33,70.2,13.25,100,64.54,57
4308,20221004308,58.51,52.54,60.69,57.25,19.62,90,58.81,35
4309,20221004309,35.71,42.13,28.77,35.54,14.7,100,33.37,26
4310,20221004310,54.1,54.96,59.81,56.29,29.29,97,90.85,27
4311,20221004311,49.88,76.01,75.67,67.19,11.63,93,73.45,19
4312,20221004312,62.69,65.73,59.11,62.51,26.16,97,99.45,33
4313,20221004313,49.55,65.01,48.21,54.26,21.76,91,89.95,16
4314,20221004314,77.04,89.82,90.58,85.81,26.63,96,64.83,62
4315,20221004315,58.69,37.98,39.14,45.27,15.57,96,98.36,56
4316,20221004316,63.95,50.61,40.15,51.57,17.82,86,49.87,25
4317,20221004317,55.33,62.4,63.52,60.42,16.79,93,81.02,24
4318,20221004318,90.54,73.32,73.86,79.24,18.09,88,85.27,13
4319,20221004319,31.18,50.52,32.7,38.13,21.47,86,50.77,32
4320,20221004320,64.29,70.03,80.74,71.69,21.31,96,85.51,31
4321,20221004321,56.0,50.0,52.49,52.83,11.37,88,75.84,15
4322,20221004322,62.33,61.23,75.64,66.4,21.76,68,75.17,12
4323,20221004323,62.2,63.21,49.8,58.4,11.23,98,49.94,16
4324,20221004324,43.26,60.96,67.19,57.14,18.77,90,71.96,13
4325,20221004325,62.55,72.7,76.5,70.58,23.09,93,52.85,9
4326,20221004326,61.64,56.25,38.81,52.23,17.47,97,43.8,17
4327,20221004327,66.77,69.8,75.96,70.84,22.28,81,84.87,20
4328,20221004328,49.18,62.92,60.04,57.38,13.12,88,36.18,39
4329,20221004329,55.15,67.6,73.03,65.26,29.55,88,83.11,10
4330,20221004330,34.02,39.69,45.38,39.7,20.03,64,77.38,24
4331,20221004331,73.77,68.61,53.92,65.43,16.33,69,61.62,56
4332,20221004332,51.08,31.09,34.73,38.97,20.68,92,44.58,65
4333,20221004333,57.26,74.98,58.8,63.68,15.43,88,43.03,19
4334,20221004334,64.55,63.82,89.47,72.61,24.55,82,43.33,30
4335,20221004335,62.66,78.31,93.29,78.09,14.51,90,90.33,46
4336,20221004336,69.89,81.99,77.33,76.4,23.27,72,47.41,78
4337,20221004337,56.2,46.25,46.64,49.7,14.75,85,53.22,8
4338,20221004338,32.39,46.28,36.92,38.53,13.99,83,44.77,17
4339,20221004339,73.69,83.79,90.94,82.81,11.0,95,63.94,20
4340,20221004340,33.71,20,20.03,24.58,16.75,100,52.02,61
4341,20221004341,48.85,28.61,27.35,34.94,13.47,83,70.76,6
4342,20221004342,41.67,31.39,43.96,39.01,25.29,86,89.31,17
4343,20221004343,69.91,69.75,51.62,63.76,16.2,98,100,11
4344,20221004344,38.2,29.18,28.64,32.01,12.06,90,39.56,24
4345,20221004345,42.57,55.03,66.8,54.8,25.67,96,75.13,26
4346,20221004346,38.77,35.6,40.94,38.44,16.62,73,83.29,14
4347,20221004347,75.33,59.68,60.25,65.09,15.84,65,85.03,15
4348,20221004348,42.89,23.77,22.81,29.82,20.66,100,77.05,16
4349,20221004349,54.8,67.55,75.92,66.09,25.37,86,57.29,16
4350,20221004350,40.13,20,34.93,31.69,9.11,85,54.53,48
4351,20221004351,32.25,20,23.9,25.38,9.85,75,63.85,35
4352,20221004352,32.3,33.75,65.79,43.95,20.36,91,77.67,17
4353,20221004353,58.22,58.53,77.77,64.84,10.98,79,78.32,58
4354,20221004354,49.45,63.39,58.46,57.1,18.81,85,69.96,47
4355,20221004355,54.89,41.02,21.39,39.1,13.63,85,46.72,18
4356,20221004356,42.23,36.47,41.98,40.23,11.53,71,60.05,11
4357,20221004357,67.12,73.75,88.68,76.52,22.83,92,79.67,25
4358,20221004358,79.22,83.75,81.16,81.38,22.68,84,78.12,36
4359,20221004359,48.54,47.81,31.37,42.57,20.96,90,79.38,32
4360,20221004360,65.1,54.93,57.08,59.04,18.72,85,75.67,12
4361,20221004361,31.19,20,23.43,24.87,5.34,96,71.92,45
4362,20221004362,47.19,47.43,41.84,45.49,14.5,87,90.48,20
4363,20221004363,40.26,40.5,39.8,40.19,19.14,81,36.57,53
4364,20221004364,71.53,62.35,61.48,65.12,14.73,100,69.34,43
4365,20221004365,53.67,54.18,54.93,54.26,18.35,65,65.94,14
4366,20221004366,49.99,41.56,38.83,43.46,14.47,81,60.9,55
4367,20221004367,32.03,30.29,30.97,31.1,20.37,82,70.56,16
4368,20221004368,54.81,61.54,66.69,61.01,12.15,94,100,25
4369,20221004369,37.69,36.2,41.29,38.39,13.43,77,97.04,55
4370,20221004370,42.53,48.33,24.81,38.56,6.18,81,100,8
4371,20221004371,65.43,62.93,66.28,64.88,24.97,83,85.55,25
4372,20221004372,52.32,53.51,67.98,57.94,24.08,90,64.57,59
4373,20221004373,74.02,76.35,81.94,77.44,27.43,100,66.44,24
4374,20221004374,42.64,42.62,47.17,44.14,9.7,98,70.98,10
4375,20221004375,29.21,27.73,20.06,25.67,14.79,75,73.28,11
4376,20221004376,23.2,27.16,35.35,28.57,5.16,83,53.21,15
4377,20221004377,69.42,54.45,60.4,61.42,3.71,70,90.16,19
4378,20221004378,36.76,48.77,54.93,46.82,3.78,84,76.67,36
4379,20221004379,69.97,67.29,57.63,64.96,10.82,90,93.49,10
4380,20221004380,26.8,21.68,37.53,28.67,3.92,87,52.27,37
4381,20221004381,63.17,73.77,82.94,73.29,11.15,84,71.11,8
4382,20221004382,46.74,64.71,70.09,60.51,11.67,100,47.21,27
4383,20221004383,52.98,36.19,38.34,42.5,14.11,97,83.19,44
4384,20221004384,56.77,50.86,52.84,53.49,25.95,100,61.85,27
4385,20221004385,39.65,42.91,43.52,42.03,13.57,69,73.08,10
4386,20221004386,72.34,69.94,85.87,76.05,16.44,97,79.08,27
4387,20221004387,44.24,30.95,31.6,35.6,16.79,84,91.94,24
4388,20221004388,59.32,58.5,64.49,60.77,14.82,85,73.54,30
4389,20221004389,54.96,49.25,63.19,55.8,22.74,100,100,24
4390,20221004390,68.08,86.68,78.23,77.66,15.79,96,65.83,21
4391,20221004391,63.88,44.93,43.44,50.75,14.39,97,52.02,49
4392,20221004392,54.03,48.21,43.19,48.48,18.25,78,81.37,19
4393,20221004393,70.99,84.47,98.59,84.68,17.06,74,74.14,37
4394,20221004394,51.32,62.43,56.42,56.72,15.56,88,54.81,45
4395,20221004395,53.65,67.45,38.44,53.18,20.2,89,81.73,20
4396,20221004396,63.72,78.26,84.74,75.57,2,94,98.81,22
4397,20221004397,52.06,45.11,50.25,49.14,21.89,89,70.07,16
4398,20221004398,47.48,52.66,44.51,48.22,16.9,70,100,35
4399,20221004399,51.86,43.06,22.85,39.26,11.09,98,65.02,24
4400,20221004400,53.72,51.48,61.73,55.64,12.71,93,63.21,41
4401,20221004401,67.05,67.55,64.24,66.28,11.38,77,64.72,37
4402,20221004402,51.87,32.73,26.49,37.03,13.7,95,100,25
4403,20221004403,58.3,59.7,71.06,63.02,14.25,86,79.18,13
4404,20221004404,68.68,66.89,53.57,63.05,11.3,100,78.74,44
4405,20221004405,36.79,37.67,37.01,37.16,9.79,78,38.65,41
4406,20221004406,42.69,44.31,46.53,44.51,15.18,78,51.17,44
4407,20221004407,77.38,90.77,81.54,83.23,26.73,80,56.75,24
4408,20221004408,39.01,28.36,20,29.12,20.67,77,73.93,35
4409,20221004409,63.01,69.38,53.3,61.9,7.02,76,42.0,25
4410,20221004410,82.77,81.24,67.75,77.25,12.73,92,100,23
4411,20221004411,52.45,87.53,89.72,76.57,17.52,84,94.83,19
4412,20221004412,58.9,31.71,49.64,46.75,18.64,77,57.09,81
4413,20221004413,66.52,51.9,46.15,54.86,2,94,62.43,30
4414,20221004414,47.87,49.33,52.43,49.88,17.58,91,77.57,22
4415,20221004415,70.98,54.37,53.75,59.7,18.6,93,53.64,16
4416,20221004416,57.96,40.74,41.48,46.73,23.32,96,46.71,20
4417,20221004417,40.42,50.97,41.79,44.39,5.61,96,85.53,22
4418,20221004418,42.18,42.67,35.75,40.2,20.22,72,100,24
4419,20221004419,27.28,47.56,29.9,34.91,15.44,97,51.21,15
4420,20221004420,36.21,29.53,39.82,35.19,15.69,93,93.59,19
4421,20221004421,65.0,71.19,66.46,67.55,26.6,88,68.46,29
4422,20221004422,69.71,70.73,70.38,70.27,9.62,100,47.65,49
4423,20221004423,54.5,71.31,63.38,63.06,10.64,82,87.54,23
4424,20221004424,47.0,39.87,43.25,43.37,17.47,92,50.12,43
4425,20221004425,48.21,34.92,33.85,38.99,5.76,65,41.64,16
4426,20221004426,81.38,62.12,46.64,63.38,22.12,85,81.71,87
4427,20221004427,62.8,74.73,77.9,71.81,2,65,58.85,13
4428,20221004428,45.85,30.67,29.53,35.35,19.77,84,44.29,25
4429,20221004429,34.38,35.23,48.97,39.53,9.92,90,74.93,52
4430,20221004430,39.73,39.18,24.03,34.31,19.76,97,74.62,58
4431,20221004431,55.54,54.05,55.15,54.91,17.41,100,51.55,46
4432,20221004432,63.15,83.36,84.79,77.1,24.7,96,83.08,28
4433,20221004433,42.62,35.81,42.39,40.27,12.17,100,100,34
4434,20221004434,69.61,80.86,81.9,77.46,15.0,85,69.31,38
4435,20221004435,49.31,64.56,71.16,61.68,22.58,84,86.36,45
4436,20221004436,63.75,79.58,81.49,74.94,20.77,83,63.31,20
4437,20221004437,58.2,62.49,59.56,60.08,15.06,87,57.27,33
4438,20221004438,60.8,75.28,66.9,67.66,2,80,83.13,62
4439,20221004439,45.45,47.37,51.28,48.03,15.93,85,92.23,14
4440,20221004440,33.78,44.98,56.93,45.23,36.05,91,82.6,13
4441,20221004441,76.34,82.54,85.79,81.56,2,88,68.41,27
4442,20221004442,42.76,44.38,40.91,42.68,11.99,81,55.0,28
4443,20221004443,59.14,53.45,42.28,51.62,22.64,96,67.57,16
4444,20221004444,34.47,23.65,20,26.04,11.08,91,78.63,9
4445,20221004445,57.99,46.02,57.81,53.94,19.55,98,84.32,29
4446,20221004446,46.87,30.58,20.65,32.7,20.28,100,52.95,43
4447,20221004447,57.73,42.97,44.37,48.36,16.6,85,94.7,61
4448,20221004448,67.16,94.19,90.93,84.09,16.0,96,74.56,14
4449,20221004449,54.38,44.05,35.34,44.59,16.41,89,87.25,19
4450,20221004450,58.56,71.81,84.08,71.48,20.83,84,55.45,10
4451,20221004451,41.86,37.86,53.15,44.29,8.47,75,88.59,47
4452,20221004452,69.59,100,92.18,87.26,16.21,86,45.88,13
4453,20221004453,38.12,40.9,54.56,44.53,19.08,96,66.12,28
4454,20221004454,39.28,38.09,41.15,39.51,13.5,100,49.56,42
4455,20221004455,71.2,81.34,96.49,83.01,19.89,89,55.42,31
4456,20221004456,65.71,67.12,55.51,62.78,17.16,93,47.87,31
4457,20221004457,45.58,45.96,41.91,44.48,17.64,82,60.92,13
4458,20221004458,39.96,36.58,42.55,39.7,12.4,91,81.51,51
4459,20221004459,59.68,56.16,52.77,56.2,21.42,80,84.49,43
4460,20221004460,54.1,54.25,54.33,54.23,20.89,95,83.04,10
4461,20221004461,74.06,70.09,58.03,67.39,29.14,100,48.74,24
4462,20221004462,35.76,37.79,37.36,36.97,24.44,79,44.24,19
4463,20221004463,48.48,55.86,62.26,55.53,9.56,92,40.38,25
4464,20221004464,75.94,78.39,87.9,80.74,25.39,79,92.19,10
4465,20221004465,77.71,93.79,83.96,85.15,26.65,78,69.71,29
4466,20221004466,44.82,39.85,24.82,36.5,14.33,100,83.49,6
4467,20221004467,28.47,20,20,22.82,17.43,97,70.52,38
4468,20221004468,36.49,33.46,28.12,32.69,17.49,95,57.95,27
4469,20221004469,41.91,54.56,47.14,47.87,14.01,77,59.84,6
4470,20221004470,50.53,55.56,58.9,55.0,21.93,81,67.59,21
4471,20221004471,28.14,32.33,30.98,30.48,27.12,94,57.7,12
4472,20221004472,81.83,83.34,86.98,84.05,19.56,95,86.52,15
4473,20221004473,30.52,20,20,23.51,12.11,77,78.96,55
4474,20221004474,58.48,74.79,72.85,68.71,17.62,92,44.68,20
4475,20221004475,26.53,26.13,20,24.22,17.24,73,62.96,22
4476,20221004476,64.63,70.22,55.64,63.5,11.02,73,82.89,16
4477,20221004477,48.02,46.76,29.91,41.56,29.09,84,58.23,15
4478,20221004478,46.37,43.73,52.09,47.4,8.42,83,53.21,27
4479,20221004479,48.15,44.95,51.63,48.24,28.37,100,53.82,12
4480,20221004480,46.29,66.94,81.37,64.87,12.98,96,87.33,25
4481,20221004481,86.89,87.05,98.69,90.88,12.84,98,78.28,17
4482,20221004482,31.9,47.47,21.34,33.57,16.96,83,92.35,55
4483,20221004483,69.72,67.88,72.76,70.12,9.96,100,74.51,15
4484,20221004484,63.47,80.62,65.39,69.83,2.87,71,46.35,24
4485,20221004485,28.93,44.4,52.84,42.06,18.15,89,41.51,11
4486,20221004486,63.32,57.04,60.7,60.35,3.6,90,86.2,32
4487,20221004487,59.51,66.77,59.1,61.79,11.76,91,64.5,13
4488,20221004488,37.88,47.55,40.91,42.11,18.66,100,70.36,12
4489,20221004489,35.64,47.0,59.86,47.5,7.58,99,86.57,20
4490,20221004490,55.15,48.69,52.43,52.09,22.86,79,68.83,13
4491,20221004491,74.58,87.63,100,87.4,12.09,84,86.27,14
4492,20221004492,67.14,53.2,60.75,60.36,13.65,80,93.59,5
4493,20221004493,55.24,54.11,65.39,58.25,22.08,100,56.12,34
4494,20221004494,53.33,65.43,75.13,64.63,14.74,95,69.85,11
4495,20221004495,41.81,24.22,20,28.68,12.55,94,38.52,133
4496,20221004496,77.41,74.92,68.18,73.5,8.82,76,90.06,23
4497,20221004497,50.86,26.96,30.01,35.94,12.99,78,97.78,8
4498,20221004498,34.45,36.16,28.08,32.9,6.84,89,49.05,19
4499,20221004499,60.08,66.06,85.34,70.49,8.65,92,96.09,31
4500,20221004500,64.71,70.14,80.97,71.94,23.53,82,66.98,51
4501,20221004501,78.6,81.81,69.89,76.77,24.2,73,73.56,13
4502,20221004502,32.59,55.13,47.79,45.17,5.0,79,56.19,14
4503,20221004503,37.18,28.97,42.87,36.34,19.72,99,92.06,10
4504,20221004504,74.44,83.02,84.52,80.66,7.32,87,96.36,22
4505,20221004505,65.26,67.78,64.13,65.72,7.72,69,44.4,26
4506,20221004506,26.85,37.85,42.32,35.67,11.07,99,44.77,13
4507,20221004507,32.71,38.42,41.23,37.45,14.27,86,89.36,20
4508,20221004508,69.89,95.63,100,88.51,17.36,80,45.08,15
4509,20221004509,52.94,61.63,50.12,54.9,21.81,78,87.59,22
4510,20221004510,62.42,52.0,44.62,53.01,8.12,87,58.08,15
4511,20221004511,39.74,52.92,46.4,46.35,21.6,84,56.9,41
4512,20221004512,65.58,83.6,77.3,75.49,25.16,94,63.46,75
4513,20221004513,54.11,50.18,34.2,46.16,14.29,98,66.84,62
4514,20221004514,81.87,91.68,100,91.18,12.66,100,69.75,14
4515,20221004515,41.42,51.88,58.72,50.67,13.77,100,82.6,34
4516,20221004516,52.1,20,20,30.7,9.68,83,63.18,17
4517,20221004517,47.44,38.44,24.07,36.65,26.73,94,52.33,20
4518,20221004518,32.58,26.73,49.14,36.15,5.69,91,58.73,35
4519,20221004519,37.77,34.19,43.69,38.55,15.89,97,99.36,22
4520,20221004520,59.22,49.31,54.4,54.31,21.23,84,63.42,18
4521,20221004521,62.11,71.3,64.03,65.81,9.73,86,99.03,13
4522,20221004522,57.07,81.82,100,79.63,14.88,78,69.42,79
4523,20221004523,41.48,53.18,58.06,50.91,19.94,92,94.94,10
4524,20221004524,82.61,81.08,93.05,85.58,19.67,85,78.22,19
4525,20221004525,53.65,65.63,80.77,66.68,15.86,100,50.8,19
4526,20221004526,60.46,71.38,70.02,67.29,18.8,80,82.67,24
4527,20221004527,71.0,79.73,69.52,73.42,20.44,82,76.02,25
4528,20221004528,77.71,69.34,62.53,69.86,10.93,99,100,14
4529,20221004529,69.56,77.44,65.23,70.74,14.39,80,50.41,13
4530,20221004530,81.76,78.52,62.47,74.25,19.49,100,91.82,10
4531,20221004531,76.58,86.18,81.54,81.43,11.03,89,87.02,44
4532,20221004532,41.66,36.17,40.44,39.42,14.52,91,69.07,30
4533,20221004533,71.5,83.05,86.09,80.21,9.0,79,71.61,25
4534,20221004534,66.66,62.61,49.04,59.44,9.87,98,67.63,27
4535,20221004535,62.18,70.2,74.02,68.8,9.61,100,82.68,23
4536,20221004536,63.23,35.39,32.55,43.72,16.46,90,58.74,14
4537,20221004537,38.53,28.11,51.2,39.28,16.74,80,72.14,52
4538,20221004538,49.66,55.21,41.72,48.86,12.97,83,34.4,46
4539,20221004539,38.07,30.74,20,29.6,6.47,100,48.88,14
4540,20221004540,50.49,42.0,50.48,47.66,22.24,93,73.12,6
4541,20221004541,78.95,72.05,73.15,74.72,10.59,93,74.37,29
4542,20221004542,65.46,54.09,53.34,57.63,9.01,92,91.46,31
4543,20221004543,67.26,68.31,70.38,68.65,12.63,72,63.68,10
4544,20221004544,56.95,58.13,37.93,51.0,28.85,94,50.24,10
4545,20221004545,43.01,45.85,38.12,42.33,19.31,68,34.32,10
4546,20221004546,36.96,41.45,47.29,41.9,5.78,86,47.01,12
4547,20221004547,63.06,69.25,89.15,73.82,14.13,78,48.63,30
4548,20221004548,39.56,35.46,34.06,36.36,21.26,89,80.43,17
4549,20221004549,51.28,44.23,55.37,50.29,8.6,90,93.17,25
4550,20221004550,34.98,28.05,20,27.68,16.06,91,64.41,26
4551,20221004551,44.2,39.25,32.45,38.63,12.73,90,81.45,19
4552,20221004552,68.59,79.08,96.36,81.34,12.08,100,72.52,58
4553,20221004553,66.75,49.24,54.36,56.78,31.02,97,65.53,43
4554,20221004554,47.3,39.44,23.76,36.83,18.78,94,67.74,10
4555,20221004555,68.67,69.77,56.85,65.1,19.5,84,69.41,29
4556,20221004556,46.65,32.19,36.23,38.36,23.77,100,66.36,19
4557,20221004557,37.64,40.88,26.41,34.98,14.23,88,100,17
4558,20221004558,57.28,75.05,73.14,68.49,20.4,100,76.87,36
4559,20221004559,65.03,78.79,65.29,69.7,14.12,95,60.54,28
4560,20221004560,44.35,42.46,48.49,45.1,27.7,88,76.08,28
4561,20221004561,51.46,49.91,51.19,50.85,5.25,100,96.79,11
4562,20221004562,62.66,75.31,78.53,72.17,24.72,90,51.53,19
4563,20221004563,24.35,37.09,28.29,29.91,21.13,99,75.49,32
4564,20221004564,72.61,72.32,83.07,76.0,20.01,71,68.63,11
4565,20221004565,40.92,46.96,51.76,46.55,15.12,82,80.66,27
4566,20221004566,62.71,54.67,43.72,53.7,7.86,86,100,36
4567,20221004567,66.76,71.54,55.58,64.63,18.98,80,82.21,16
4568,20221004568,38.8,43.47,32.75,38.34,13.7,100,49.57,8
4569,20221004569,80.14,87.85,88.51,85.5,24.45,85,83.64,17
4570,20221004570,63.83,70.19,70.36,68.13,13.95,82,79.16,33
4571,20221004571,74.03,45.1,56.56,58.56,10.52,99,50.24,22
4572,20221004572,39.32,43.82,46.15,43.1,25.96,92,56.69,21
4573,20221004573,35.67,23.53,36.4,31.87,18.11,82,58.37,37
4574,20221004574,48.87,42.65,54.81,48.78,16.01,82,92.62,22
4575,20221004575,66.45,69.69,67.65,67.93,20.59,85,74.0,55
4576,20221004576,75.74,64.77,65.31,68.61,16.46,96,63.81,12
4577,20221004577,50.77,54.58,61.42,55.59,8.31,81,88.09,21
4578,20221004578,48.88,46.64,39.15,44.89,22.1,88,51.57,32
4579,20221004579,37.65,32.82,43.5,37.99,18.61,82,71.66,27
4580,20221004580,66.73,70.13,72.85,69.9,21.54,88,79.07,20
4581,20221004581,39.22,38.3,37.59,38.37,28.76,96,58.73,17
4582,20221004582,42.41,45.43,41.28,43.04,15.66,99,79.06,12
4583,20221004583,78.86,81.27,64.97,75.03,10.12,88,70.85,12
4584,20221004584,54.08,39.12,44.71,45.97,23.47,99,69.53,21
4585,20221004585,35.96,64.75,77.58,59.43,22.52,88,86.67,28
4586,20221004586,47.85,58.61,76.87,61.11,7.79,87,41.19,35
4587,20221004587,29.43,26.43,24.2,26.69,11.22,79,87.73,60
4588,20221004588,43.72,29.89,29.23,34.28,22.95,72,49.33,28
4589,20221004589,70.07,74.21,81.3,75.19,19.27,93,68.2,23
4590,20221004590,50.47,55.1,60.0,55.19,19.34,100,60.44,40
4591,20221004591,66.57,62.55,85.25,71.46,7.8,100,51.42,17
4592,20221004592,60.72,71.74,97.67,76.71,23.58,82,80.19,53
4593,20221004593,43.38,51.86,46.7,47.31,8.58,91,51.65,61
4594,20221004594,47.18,41.12,36.4,41.57,21.79,85,92.68,23
4595,20221004595,46.72,62.11,79.83,62.89,15.56,97,39.9,51
4596,20221004596,61.38,53.38,46.33,53.7,11.45,80,47.58,45
4597,20221004597,60.85,55.9,66.39,61.05,21.04,91,61.41,34
4598,20221004598,46.24,33.05,53.45,44.25,18.06,88,47.33,15
4599,20221004599,55.96,36.9,43.48,45.45,12.28,72,84.68,13
4600,20221004600,72.05,85.85,97.95,85.28,12.75,92,93.3,31
4601,20221004601,67.04,55.6,56.1,59.58,11.23,84,61.58,21
4602,20221004602,59.28,86.53,95.66,80.49,12.74,80,69.46,36
4603,20221004603,28.4,23.46,22.03,24.63,15.76,100,43.31,21
4604,20221004604,60.49,50.07,38.15,49.57,24.25,89,79.28,52
4605,20221004605,71.31,55.94,42.62,56.62,17.46,89,76.83,34
4606,20221004606,52.3,58.11,48.98,53.13,8.94,86,46.48,23
4607,20221004607,67.47,73.83,69.75,70.35,4.05,78,39.95,32
4608,20221004608,51.23,59.05,66.59,58.96,19.91,93,60.16,20
4609,20221004609,31.31,25.62,20,25.64,12.53,90,67.79,35
4610,20221004610,64.61,45.87,47.9,52.79,10.85,89,47.48,17
4611,20221004611,67.94,55.92,43.05,55.64,14.4,85,91.1,12
4612,20221004612,49.92,34.71,34.57,39.73,12.91,92,80.06,21
4613,20221004613,53.17,54.3,56.32,54.6,7.34,82,30.98,12
4614,20221004614,43.27,22.07,34.4,33.25,21.92,84,97.11,25
4615,20221004615,46.48,54.77,73.42,58.22,16.58,96,54.09,11
4616,20221004616,28.31,23.59,27.42,26.44,18.83,61,63.01,30
4617,20221004617,71.63,69.14,55.83,65.53,4.45,93,55.85,31
4618,20221004618,38.32,45.77,53.59,45.89,7.26,74,33.77,17
4619,20221004619,52.57,58.48,32.48,47.84,11.76,87,94.35,21
4620,20221004620,56.91,33.73,44.45,45.03,15.14,89,50.81,17
4621,20221004621,67.7,73.13,61.13,67.32,25.02,81,66.24,14
4622,20221004622,41.0,40.31,37.88,39.73,23.17,91,70.54,17
4623,20221004623,67.75,54.81,46.72,56.43,8.81,78,65.35,11
4624,20221004624,60.62,53.66,42.43,52.24,16.99,82,48.94,32
4625,20221004625,48.75,70.06,72.52,63.78,18.94,92,100,28
4626,20221004626,29.55,27.99,20.8,26.11,14.65,100,69.25,17
4627,20221004627,54.78,57.23,52.76,54.92,18.05,80,52.36,13
4628,20221004628,39.18,27.17,32.9,33.08,11.91,85,59.98,26
4629,20221004629,55.72,51.9,42.29,49.97,9.93,76,59.38,43
4630,20221004630,64.21,71.13,74.1,69.81,15.45,100,68.59,8
4631,20221004631,28.12,44.94,29.49,34.18,8.59,67,60.46,25
4632,20221004632,46.81,28.35,34.14,36.43,13.35,80,68.97,21
4633,20221004633,57.97,68.8,73.9,66.89,12.29,80,48.31,30
4634,20221004634,75.64,72.82,79.38,75.95,23.04,95,55.89,30
4635,20221004635,39.41,25.25,43.33,36.0,17.37,82,76.79,10
4636,20221004636,57.56,48.66,66.27,57.5,12.05,100,95.21,9
4637,20221004637,39.26,39.15,43.26,40.56,8.92,90,63.45,20
4638,20221004638,56.64,69.2,72.05,65.96,12.75,83,67.27,11
4639,20221004639,46.63,70.2,66.62,61.15,10.38,88,81.63,24
4640,20221004640,37.63,39.24,41.54,39.47,10.58,95,100,26
4641,20221004641,40.76,51.2,58.9,50.29,22.97,90,47.57,23
4642,20221004642,75.04,63.69,70.95,69.89,5.72,100,45.35,35
4643,20221004643,66.31,74.4,48.09,62.93,11.22,100,77.93,15
4644,20221004644,49.18,34.22,35.67,39.69,31.52,89,72.42,18
4645,20221004645,72.69,79.9,72.53,75.04,11.15,100,82.47,13
4646,20221004646,26.76,20,20,22.25,12.01,89,44.02,37
4647,20221004647,31.35,29.73,20,27.03,10.27,85,88.1,53
4648,20221004648,62.54,58.08,57.61,59.41,22.08,75,67.75,103
4649,20221004649,24.73,27.76,20,24.16,13.41,81,47.35,20
4650,20221004650,41.71,28.86,31.48,34.02,17.37,100,95.35,34
4651,20221004651,35.03,20,20,25.01,18.17,87,95.14,20
4652,20221004652,45.21,38.4,47.98,43.86,21.81,100,61.11,21
4653,20221004653,62.15,66.21,64.73,64.36,9.86,72,89.75,16
4654,20221004654,29.12,36.61,42.97,36.23,7.17,87,54.13,21
4655,20221004655,84.57,78.86,78.45,80.63,16.67,100,97.52,49
4656,20221004656,69.36,82.18,91.82,81.12,7.09,85,81.0,33
4657,20221004657,61.4,48.18,49.27,52.95,6.5,74,85.16,26
4658,20221004658,34.11,47.95,50.56,44.21,24.16,100,94.93,9
4659,20221004659,55.92,68.29,69.08,64.43,14.99,82,85.31,36
4660,20221004660,77.82,76.73,86.2,80.25,25.68,100,68.48,11
4661,20221004661,64.13,56.2,76.18,65.5,11.7,91,36.3,32
4662,20221004662,33.69,25.41,20,26.37,12.08,96,85.59,25
4663,20221004663,46.27,63.19,69.57,59.68,17.41,83,92.86,31
4664,20221004664,50.88,53.95,59.78,54.87,21.56,95,83.31,30
4665,20221004665,62.98,67.49,60.85,63.77,11.56,98,95.61,36
4666,20221004666,39.64,24.86,38.04,34.18,20.95,98,41.06,14
4667,20221004667,47.12,58.71,52.62,52.82,19.08,91,59.68,18
4668,20221004668,41.93,38.08,39.46,39.82,18.15,97,97.63,20
4669,20221004669,46.4,77.47,83.98,69.28,17.87,100,61.33,31
4670,20221004670,71.0,73.68,67.37,70.68,11.07,99,51.43,9
4671,20221004671,77.22,77.96,95.58,83.59,25.81,100,87.58,12
4672,20221004672,47.47,34.05,23.84,35.12,8.32,95,93.08,31
4673,20221004673,48.89,49.87,44.4,47.72,15.47,99,68.29,13
4674,20221004674,42.22,61.6,64.34,56.05,14.78,78,100,20
4675,20221004675,32.4,30.78,31.66,31.61,15.67,85,62.18,34
4676,20221004676,66.69,52.38,42.91,53.99,23.11,90,85.79,24
4677,20221004677,53.99,32.3,32.41,39.57,11.59,86,50.95,32
4678,20221004678,59.07,69.51,59.88,62.82,20.76,66,57.6,18
4679,20221004679,47.84,32.27,27.13,35.75,26.57,98,74.83,26
4680,20221004680,68.91,67.22,62.65,66.26,4.84,100,79.35,22
4681,20221004681,73.43,87.26,83.0,81.23,12.22,100,92.37,37
4682,20221004682,32.94,32.24,49.14,38.11,18.52,77,55.11,10
4683,20221004683,40.72,47.39,59.3,49.14,20.6,74,73.09,29
4684,20221004684,56.61,54.47,39.4,50.16,13.54,91,60.43,67
4685,20221004685,46.4,37.37,25.54,36.44,15.64,76,70.15,18
4686,20221004686,42.05,47.28,52.66,47.33,9.45,90,63.78,28
4687,20221004687,77.56,82.37,90.36,83.43,16.93,79,85.67,57
4688,20221004688,85.59,78.91,86.7,83.73,12.87,100,93.16,30
4689,20221004689,69.75,55.99,62.48,62.74,14.09,100,43.91,40
4690,20221004690,54.21,59.5,55.66,56.46,20.59,90,80.42,9
4691,20221004691,33.37,26.45,20,26.61,23.06,88,78.62,42
4692,20221004692,74.72,78.56,83.33,78.87,15.48,92,52.25,38
4693,20221004693,70.64,78.95,83.01,77.53,22.99,71,100,28
4694,20221004694,36.79,56.73,56.01,49.84,11.68,76,90.38,30
4695,20221004695,43.86,37.7,33.51,38.36,21.59,79,62.94,19
4696,20221004696,38.83,29.3,20,29.38,14.97,87,45.29,58
4697,20221004697,62.68,67.45,61.56,63.9,17.48,88,52.87,58
4698,20221004698,32.8,20,21.2,24.67,20.58,97,60.05,26
4699,20221004699,35.08,40.41,44.37,39.95,21.49,68,64.58,59
4700,20221004700,35.73,36.71,41.79,38.08,12.32,91,80.69,42
4701,20221004701,35.05,37.81,39.77,37.54,23.49,82,59.27,15
4702,20221004702,65.81,75.27,82.28,74.45,21.0,66,74.49,7
4703,20221004703,92.06,80.79,70.05,80.97,16.7,81,91.69,91
4704,20221004704,32.53,20,27.95,26.83,20.77,100,38.0,58
4705,20221004705,67.04,85.24,62.84,71.71,17.45,92,48.51,16
4706,20221004706,52.23,70.49,75.55,66.09,17.17,71,72.88,12
4707,20221004707,61.15,47.46,52.47,53.69,24.57,88,82.66,10
4708,20221004708,59.28,62.2,63.73,61.74,10.25,75,64.99,31
4709,20221004709,55.38,63.92,75.03,64.78,23.13,95,43.85,18
4710,20221004710,44.23,40.16,47.45,43.95,22.11,90,48.62,7
4711,20221004711,50.01,21.82,20,30.61,20.79,75,71.33,24
4712,20221004712,27.85,29.37,35.41,30.88,14.13,81,62.56,121
4713,20221004713,53.54,63.11,77.64,64.76,14.48,82,84.2,16
4714,20221004714,36.83,27.04,25.77,29.88,14.59,100,66.99,13
4715,20221004715,38.64,34.94,26.69,33.42,10.29,90,90.88,23
4716,20221004716,68.41,94.02,100,87.48,15.08,92,55.27,21
4717,20221004717,66.01,81.83,78.88,75.57,10.66,91,71.57,20
4718,20221004718,34.88,21.93,32.22,29.68,24.18,85,37.54,14
4719,20221004719,67.34,69.93,63.51,66.93,13.82,96,92.45,19
4720,20221004720,52.33,49.42,51.7,51.15,14.56,99,72.1,21
4721,20221004721,43.22,22.01,29.43,31.55,23.74,88,72.77,21
4722,20221004722,66.5,64.7,70.81,67.34,27.09,84,65.41,19
4723,20221004723,49.59,46.06,51.11,48.92,16.35,100,36.54,19
4724,20221004724,67.36,69.18,53.24,63.26,11.45,84,64.06,25
4725,20221004725,33.75,23.03,20,25.59,17.25,93,42.89,27
4726,20221004726,74.16,69.32,77.67,73.72,8.48,100,77.26,14
4727,20221004727,64.45,60.32,58.76,61.18,20.29,79,73.71,76
4728,20221004728,67.8,74.87,54.69,65.79,22.06,100,46.4,15
4729,20221004729,39.42,54.95,59.7,51.36,7.12,86,42.41,52
4730,20221004730,59.75,55.23,52.69,55.89,20.59,97,81.64,16
4731,20221004731,76.0,69.01,70.41,71.81,15.81,97,83.17,9
4732,20221004732,32.76,34.95,37.56,35.09,16.71,100,49.96,6
4733,20221004733,45.33,43.67,37.01,42.0,9.25,90,62.6,108
4734,20221004734,60.36,66.83,71.39,66.19,13.93,82,95.92,8
4735,20221004735,51.2,35.58,26.58,37.79,23.79,92,85.46,18
4736,20221004736,54.44,54.73,55.27,54.81,9.47,98,59.14,36
4737,20221004737,48.48,59.64,61.61,56.58,14.05,90,100,15
4738,20221004738,32.44,38.16,45.5,38.7,20.49,80,83.01,32
4739,20221004739,69.27,74.24,89.41,77.64,10.22,81,90.38,20
4740,20221004740,30.66,26.28,23.7,26.88,11.91,100,88.32,7
4741,20221004741,34.81,46.83,44.8,42.15,15.68,81,53.85,34
4742,20221004742,51.39,60.41,54.3,55.37,19.15,62,59.86,66
4743,20221004743,32.84,33.52,42.5,36.29,13.34,89,62.21,19
4744,20221004744,35.12,46.51,68.77,50.13,18.59,81,52.5,47
4745,20221004745,54.23,53.33,46.67,51.41,9.48,85,69.92,16
4746,20221004746,48.9,57.35,37.46,47.9,22.23,91,90.91,60
4747,20221004747,42.88,38.7,43.71,41.76,9.23,85,49.11,25
4748,20221004748,71.95,64.21,77.56,71.24,18.33,100,88.26,20
4749,20221004749,55.01,54.79,41.3,50.37,18.85,97,97.29,23
4750,20221004750,75.39,86.39,100,87.26,22.59,83,87.62,34
4751,20221004751,73.62,74.98,69.8,72.8,19.46,87,81.02,65
4752,20221004752,52.37,29.33,29.24,36.98,10.2,100,60.04,34
4753,20221004753,53.25,74.52,100,75.92,25.58,87,100,9
4754,20221004754,28.32,35.27,41.26,34.95,14.73,100,70.05,15
4755,20221004755,24.31,24.68,29.65,26.21,15.43,86,76.94,14
4756,20221004756,62.67,57.39,58.63,59.56,8.28,91,51.85,28
4757,20221004757,70.54,81.02,88.17,79.91,13.06,97,60.9,84
4758,20221004758,25.4,28.56,20,24.65,20.41,95,45.16,27
4759,20221004759,52.23,40.55,43.83,45.54,18.35,92,42.85,39
4760,20221004760,46.73,42.86,39.49,43.03,22.93,100,58.66,9
4761,20221004761,45.93,57.28,47.04,50.08,7.89,95,79.52,48
4762,20221004762,80.97,96.43,82.55,86.65,18.98,87,85.09,48
4763,20221004763,45.52,40.32,27.09,37.64,22.69,80,54.24,29
4764,20221004764,73.06,74.0,88.07,78.38,15.61,76,82.18,25
4765,20221004765,23.84,42.25,42.84,36.31,3.51,84,66.32,18
4766,20221004766,38.42,34.72,45.56,39.57,25.2,100,78.84,14
4767,20221004767,72.89,83.1,71.04,75.68,16.05,85,66.34,29
4768,20221004768,70.0,65.65,66.58,67.41,3.64,100,81.72,50
4769,20221004769,59.06,58.22,57.05,58.11,15.69,100,83.89,21
4770,20221004770,74.47,93.93,93.7,87.37,12.8,88,57.56,47
4771,20221004771,46.87,44.79,44.42,45.36,20.57,80,92.5,36
4772,20221004772,74.28,72.2,54.74,67.07,12.15,97,79.98,14
4773,20221004773,69.64,71.5,69.11,70.08,16.08,79,48.66,13
4774,20221004774,30.07,30.81,27.51,29.46,16.83,82,36.49,14
4775,20221004775,72.19,78.79,63.17,71.38,20.93,93,93.05,14
4776,20221004776,67.69,75.43,85.48,76.2,18.23,83,68.2,16
4777,20221004777,73.54,68.89,63.91,68.78,13.87,84,45.5,19
4778,20221004778,69.47,100,94.09,87.85,24.35,77,39.76,16
4779,20221004779,58.99,44.05,54.37,52.47,21.51,82,67.61,17
4780,20221004780,47.88,30.91,20.79,33.19,10.51,97,55.26,13
4781,20221004781,66.3,82.53,82.79,77.21,21.47,83,70.35,31
4782,20221004782,52.61,46.12,66.35,55.03,19.51,95,45.27,81
4783,20221004783,71.6,76.76,79.41,75.92,14.62,79,49.9,56
4784,20221004784,54.56,64.88,83.61,67.68,5.46,82,45.22,24
4785,20221004785,67.27,58.94,70.95,65.72,17.25,90,41.44,9
4786,20221004786,53.69,69.12,67.96,63.59,8.49,77,63.76,35
4787,20221004787,69.55,55.38,56.45,60.46,26.07,100,85.25,30
4788,20221004788,53.11,62.96,65.54,60.54,13.79,76,64.33,26
4789,20221004789,41.65,20,20,27.22,24.69,90,87.01,14
4790,20221004790,37.14,27.8,20,28.31,18.67,81,35.55,13
4791,20221004791,63.25,77.54,82.95,74.58,21.35,100,78.67,6
4792,20221004792,42.56,42.44,63.07,49.36,14.29,84,68.43,75
4793,20221004793,41.1,63.17,63.53,55.93,23.85,88,74.81,19
4794,20221004794,69.56,79.67,86.11,78.45,20.89,83,66.6,13
4795,20221004795,70.11,78.55,63.09,70.58,14.79,80,81.82,65
4796,20221004796,37.5,45.69,35.29,39.49,25.0,96,89.78,9
4797,20221004797,54.75,45.15,44.18,48.03,16.61,85,61.19,5
4798,20221004798,34.89,30.67,28.58,31.38,17.8,93,42.59,29
4799,20221004799,85.15,96.07,94.57,91.93,13.04,79,80.88,20
4800,20221004800,38.51,31.42,21.51,30.48,8.73,70,50.76,26
4801,20221004801,51.41,45.79,58.62,51.94,16.38,99,73.53,21
4802,20221004802,56.07,55.99,44.11,52.06,16.97,72,79.85,80
4803,20221004803,72.26,82.94,97.83,84.34,13.47,84,91.02,16
4804,20221004804,36.47,45.76,33.61,38.61,27.2,87,65.45,59
4805,20221004805,50.54,64.86,76.61,64.0,11.09,81,52.57,17
4806,20221004806,51.5,58.29,54.03,54.61,30.57,74,53.47,26
4807,20221004807,66.03,73.33,78.32,72.56,15.87,85,63.21,38
4808,20221004808,55.87,64.41,62.45,60.91,13.93,86,97.5,49
4809,20221004809,39.57,28.59,28.44,32.2,16.37,98,80.23,9
4810,20221004810,57.68,69.97,76.81,68.15,14.29,91,98.97,13
4811,20221004811,61.05,53.26,46.55,53.62,12.35,78,74.42,14
4812,20221004812,86.89,74.21,71.06,77.39,22.51,82,91.16,26
4813,20221004813,37.68,20,22.13,26.6,19.68,98,73.01,65
4814,20221004814,71.31,44.35,66.7,60.79,14.3,73,91.95,11
4815,20221004815,62.18,62.14,63.87,62.73,22.16,76,57.25,20
4816,20221004816,34.3,20,20,24.77,10.29,74,77.77,6
4817,20221004817,50.2,38.53,41.21,43.31,24.49,100,58.78,18
4818,20221004818,45.97,42.12,39.99,42.69,7.74,84,83.13,17
4819,20221004819,29.6,41.95,30.8,34.12,11.21,82,69.65,7
4820,20221004820,45.92,28.67,33.79,36.13,14.01,79,80.56,12
4821,20221004821,60.6,81.15,78.07,73.27,18.41,88,52.84,3
4822,20221004822,68.56,68.66,71.61,69.61,29.69,82,81.98,19
4823,20221004823,76.09,97.49,97.55,90.38,22.17,100,56.17,41
4824,20221004824,36.29,20.93,26.7,27.97,23.66,91,43.24,30
4825,20221004825,61.12,54.8,49.65,55.19,14.26,91,90.73,38
4826,20221004826,28.42,47.91,44.87,40.4,11.96,98,46.88,26
4827,20221004827,35.44,38.96,55.2,43.2,15.39,86,49.45,11
4828,20221004828,62.13,77.36,94.1,77.86,22.37,79,58.16,65
4829,20221004829,72.34,56.17,53.65,60.72,22.48,100,99.96,38
4830,20221004830,44.15,44.78,48.06,45.66,18.42,78,75.7,15
4831,20221004831,40.25,23.57,40.68,34.83,5.78,73,67.83,19
4832,20221004832,42.26,40.6,47.78,43.55,9.84,80,38.99,10
4833,20221004833,59.61,77.41,69.47,68.83,11.57,79,90.54,30
4834,20221004834,41.03,35.95,29.33,35.44,19.94,97,32.8,11
4835,20221004835,31.9,45.65,36.78,38.11,15.43,82,43.83,21
4836,20221004836,64.14,77.56,79.45,73.72,17.49,100,43.05,22
4837,20221004837,63.98,74.38,75.73,71.36,17.44,89,57.61,43
4838,20221004838,53.15,45.35,38.98,45.83,11.24,85,63.69,11
4839,20221004839,33.7,31.14,36.8,33.88,12.71,82,62.88,21
4840,20221004840,58.99,72.97,82.98,71.65,10.59,69,100,16
4841,20221004841,65.36,68.26,75.9,69.84,14.57,86,46.34,45
4842,20221004842,77.74,77.34,100,85.03,15.21,94,89.5,46
4843,20221004843,76.0,53.44,58.83,62.76,12.75,100,74.64,15
4844,20221004844,37.62,55.82,48.01,47.15,11.46,78,75.75,13
4845,20221004845,78.36,69.35,49.23,65.65,8.74,100,90.07,44
4846,20221004846,41.67,28.14,23.48,31.1,16.28,100,49.19,22
4847,20221004847,59.39,67.49,74.21,67.03,16.45,78,100,26
4848,20221004848,58.15,58.52,59.97,58.88,15.91,100,95.05,10
4849,20221004849,57.27,52.99,38.14,49.47,16.44,92,63.64,78
4850,20221004850,38.9,39.86,44.93,41.23,16.38,90,83.58,23
4851,20221004851,53.84,68.52,51.94,58.1,11.51,81,90.37,15
4852,20221004852,49.63,29.01,29.95,36.2,17.55,88,48.64,14
4853,20221004853,51.34,61.5,67.63,60.16,14.63,100,93.17,16
4854,20221004854,75.34,75.85,71.84,74.34,13.45,78,59.96,16
4855,20221004855,78.09,84.71,100,87.6,11.03,83,81.13,58
4856,20221004856,52.77,62.51,78.81,64.7,21.94,100,69.28,20
4857,20221004857,86.89,100,100,95.63,21.93,84,36.43,44
4858,20221004858,37.04,37.34,38.08,37.49,7.63,100,67.66,11
4859,20221004859,84.26,94.36,95.14,91.25,25.2,90,88.65,69
4860,20221004860,44.88,35.35,38.83,39.69,17.48,92,52.86,11
4861,20221004861,58.83,63.15,54.03,58.67,11.93,89,57.32,21
4862,20221004862,69.31,57.52,58.92,61.92,11.8,98,84.02,18
4863,20221004863,46.81,43.95,33.04,41.27,9.86,97,78.19,23
4864,20221004864,67.3,65.15,62.45,64.97,9.73,72,87.45,30
4865,20221004865,42.94,29.3,30.02,34.09,11.38,97,68.02,16
4866,20221004866,26.42,20,29.91,25.44,10.52,81,51.9,6
4867,20221004867,63.82,62.74,45.07,57.21,8.19,97,43.87,24
4868,20221004868,27.92,20,20,22.64,15.51,65,67.02,21
4869,20221004869,58.01,67.64,52.72,59.46,17.3,89,92.09,135
4870,20221004870,63.89,72.51,73.55,69.98,2,81,63.59,19
4871,20221004871,56.64,43.95,42.8,47.8,6.77,86,92.94,10
4872,20221004872,64.06,63.88,49.85,59.26,8.31,88,67.26,33
4873,20221004873,40.57,39.72,32.87,37.72,8.38,91,72.15,28
4874,20221004874,46.82,38.5,60.34,48.55,14.89,92,93.01,44
4875,20221004875,62.0,61.75,70.57,64.77,8.76,100,70.9,8
4876,20221004876,63.65,62.74,75.51,67.3,14.75,95,54.14,32
4877,20221004877,51.47,41.8,20,37.76,29.23,78,75.6,20
4878,20221004878,44.2,46.83,38.22,43.08,14.27,88,94.9,20
4879,20221004879,73.98,73.04,73.08,73.37,24.21,92,65.11,26
4880,20221004880,48.7,41.43,27.57,39.23,31.63,86,96.62,19
4881,20221004881,58.79,42.89,44.22,48.63,21.05,95,87.57,50
4882,20221004882,99.07,100,86.34,95.14,22.58,100,90.53,18
4883,20221004883,47.66,59.51,50.56,52.58,17.23,86,76.72,20
4884,20221004884,54.14,64.74,87.62,68.83,25.25,97,69.69,43
4885,20221004885,58.92,40.53,38.58,46.01,20.7,86,57.02,96
4886,20221004886,62.11,61.85,67.36,63.77,18.0,80,90.0,34
4887,20221004887,69.15,70.01,92.18,77.11,16.07,86,88.11,32
4888,20221004888,36.51,26.73,20,27.75,12.63,89,74.22,27
4889,20221004889,46.09,35.54,41.3,40.98,15.66,100,90.83,30
4890,20221004890,61.49,58.44,54.68,58.2,4.93,97,64.98,10
4891,20221004891,52.07,65.02,80.14,65.74,20.15,89,76.0,15
4892,20221004892,37.39,41.78,33.05,37.41,9.14,69,48.77,18
4893,20221004893,78.04,82.11,100,86.72,14.24,93,60.48,25
4894,20221004894,71.48,61.98,53.52,62.33,8.99,75,69.56,15
4895,20221004895,33.44,20,20,24.48,21.84,100,60.58,44
4896,20221004896,33.72,38.4,32.82,34.98,19.42,94,81.23,24
4897,20221004897,78.45,74.68,62.21,71.78,12.92,95,67.45,24
4898,20221004898,38.86,39.83,33.39,37.36,12.99,80,61.61,28
4899,20221004899,42.52,36.0,41.2,39.91,19.73,78,39.43,41
4900,20221004900,31.11,20,31.92,27.68,18.26,95,50.54,21
4901,20221004901,34.48,47.64,48.2,43.44,20.05,92,85.05,53
4902,20221004902,74.81,79.13,77.18,77.04,12.35,91,90.76,31
4903,20221004903,62.26,65.21,54.37,60.61,16.43,100,44.93,25
4904,20221004904,33.7,50.18,43.96,42.61,18.01,84,48.4,18
4905,20221004905,39.7,26.49,28.15,31.45,12.92,100,61.77,41
4906,20221004906,72.81,60.21,65.13,66.05,12.58,83,40.57,32
4907,20221004907,50.59,41.88,37.54,43.34,10.54,92,68.56,12
4908,20221004908,56.38,46.22,58.87,53.82,23.25,93,52.01,42
4909,20221004909,51.02,60.61,42.57,51.4,22.86,99,57.2,24
4910,20221004910,42.01,25.8,21.11,29.64,14.28,88,95.84,16
4911,20221004911,49.76,51.18,40.22,47.05,14.52,92,61.46,40
4912,20221004912,60.11,65.08,65.09,63.43,5.31,79,51.78,9
4913,20221004913,64.98,75.86,79.54,73.46,17.33,74,42.81,35
4914,20221004914,43.52,34.75,31.2,36.49,21.18,88,58.58,36
4915,20221004915,66.83,60.04,47.14,58.0,19.17,100,81.1,21
4916,20221004916,42.18,37.53,20,33.24,5.21,90,79.02,32
4917,20221004917,70.71,79.33,90.73,80.26,18.8,81,74.81,50
4918,20221004918,37.19,33.49,34.81,35.16,16.08,100,62.62,23
4919,20221004919,50.84,47.49,41.39,46.57,14.31,85,95.87,26
4920,20221004920,20.09,20,20,20.03,4.54,80,60.42,20
4921,20221004921,76.34,87.04,79.43,80.94,9.71,81,76.55,27
4922,20221004922,74.22,65.84,73.06,71.04,27.86,93,59.12,45
4923,20221004923,36.16,20,20.26,25.47,16.71,99,94.13,16
4924,20221004924,54.34,44.5,50.15,49.66,18.95,100,87.8,30
4925,20221004925,32.62,34.16,20,28.93,15.29,75,54.24,11
4926,20221004926,82.37,83.64,77.01,81.01,24.62,73,94.91,20
4927,20221004927,51.63,50.23,39.16,47.01,20.33,94,70.34,20
4928,20221004928,61.06,38.91,43.77,47.91,14.51,75,74.08,33
4929,20221004929,38.29,41.85,47.89,42.68,14.69,100,93.02,75
4930,20221004930,27.91,20,35.13,27.68,12.79,94,89.74,25
4931,20221004931,61.35,60.87,53.22,58.48,14.9,100,68.98,32
4932,20221004932,60.2,78.34,93.38,77.31,15.31,83,72.12,50
4933,20221004933,50.28,50.83,40.51,47.21,20.75,85,44.36,15
4934,20221004934,52.82,60.03,66.17,59.67,13.89,91,60.1,31
4935,20221004935,64.2,49.75,44.03,52.66,20.13,82,85.09,48
4936,20221004936,64.95,81.53,77.34,74.61,25.15,93,82.85,18
4937,20221004937,56.78,68.09,78.92,67.93,18.2,88,85.05,14
4938,20221004938,52.87,50.56,51.07,51.5,17.15,96,54.67,47
4939,20221004939,74.07,58.17,53.12,61.79,22.78,86,72.19,51
4940,20221004940,79.53,66.05,53.2,66.26,28.4,79,62.72,15
4941,20221004941,70.66,55.02,58.55,61.41,8.95,100,65.56,28
4942,20221004942,65.82,59.76,60.66,62.08,24.29,87,98.38,17
4943,20221004943,57.41,65.2,59.95,60.85,17.51,91,56.6,15
4944,20221004944,28.21,26.66,38.59,31.15,18.91,82,83.83,11
4945,20221004945,52.29,42.86,40.49,45.21,13.95,78,77.5,46
4946,20221004946,68.2,68.09,59.16,65.15,18.46,93,86.05,29
4947,20221004947,40.95,48.36,56.13,48.48,11.27,100,58.82,24
4948,20221004948,78.69,85.64,78.46,80.93,28.96,97,66.96,60
4949,20221004949,74.12,60.7,38.11,57.64,30.03,100,92.2,37
4950,20221004950,54.5,37.75,32.44,41.56,11.96,69,39.56,31
4951,20221004951,67.18,64.25,58.42,63.28,22.5,94,57.55,7
4952,20221004952,51.66,45.51,43.83,47.0,18.78,84,77.63,7
4953,20221004953,45.9,61.06,54.64,53.87,12.33,84,68.75,43
4954,20221004954,38.63,24.75,20,27.79,26.07,81,84.7,28
4955,20221004955,76.2,80.64,80.36,79.07,19.48,92,93.06,27
4956,20221004956,35.58,40.65,30.25,35.49,19.43,86,44.82,21
4957,20221004957,33.54,26.77,20,26.77,14.92,87,58.54,11
4958,20221004958,40.35,31.99,20,30.78,4.05,83,98.78,16
4959,20221004959,35.29,46.09,55.39,45.59,5.66,90,72.16,29
4960,20221004960,32.79,29.22,44.8,35.6,19.78,85,55.22,18
4961,20221004961,68.57,84.03,72.42,75.01,8.18,100,92.77,24
4962,20221004962,58.35,52.09,63.95,58.13,29.75,88,87.72,19
4963,20221004963,52.16,50.75,55.8,52.9,12.44,85,43.39,17
4964,20221004964,84.71,79.61,93.4,85.91,11.74,87,71.16,33
4965,20221004965,55.42,55.58,43.1,51.37,22.8,78,83.2,23
4966,20221004966,31.95,36.98,42.28,37.07,18.6,75,95.16,20
4967,20221004967,36.32,21.43,20,25.92,13.94,75,63.56,17
4968,20221004968,78.73,78.38,77.93,78.35,18.02,68,97.32,26
4969,20221004969,34.06,45.93,50.42,43.47,8.15,92,56.64,23
4970,20221004970,79.76,82.24,98.31,86.77,9.81,92,82.21,36
4971,20221004971,54.53,45.42,45.48,48.48,19.08,93,97.02,25
4972,20221004972,53.98,56.29,49.56,53.28,28.58,82,36.52,18
4973,20221004973,71.58,97.01,92.06,86.88,20.48,83,57.26,35
4974,20221004974,49.1,48.71,44.22,47.34,16.86,69,69.56,14
4975,20221004975,72.05,82.0,84.07,79.37,18.54,84,66.61,50
4976,20221004976,37.78,43.56,47.85,43.06,18.32,80,69.84,14
4977,20221004977,83.85,95.22,90.09,89.72,32.71,100,72.4,48
4978,20221004978,48.75,49.68,53.76,50.73,9.06,78,78.68,16
4979,20221004979,65.06,68.66,80.91,71.54,18.64,86,76.3,27
4980,20221004980,44.86,39.73,35.7,40.1,18.99,95,49.33,23
4981,20221004981,51.78,46.9,48.0,48.89,16.02,74,81.87,22
4982,20221004982,56.21,27.89,30.11,38.07,16.79,85,63.81,34
4983,20221004983,61.54,45.24,37.23,48.0,13.41,91,92.6,27
4984,20221004984,58.97,57.38,63.21,59.85,16.51,88,43.0,14
4985,20221004985,30.9,34.95,26.65,30.83,2,89,46.65,42
4986,20221004986,67.53,64.69,62.21,64.81,2,75,100,35
4987,20221004987,38.48,26.33,44.65,36.49,21.7,95,71.71,30
4988,20221004988,44.53,75.67,71.31,63.84,19.95,97,94.78,16
4989,20221004989,34.07,20,21.05,25.04,17.32,99,44.14,11
4990,20221004990,28.36,30.94,23.08,27.46,20.49,100,48.72,99
4991,20221004991,47.5,53.14,45.79,48.81,2,100,100,33
4992,20221004992,59.8,56.14,61.15,59.03,23.91,93,77.82,14
4993,20221004993,46.04,72.78,77.96,65.59,19.41,83,30.03,23
4994,20221004994,59.5,64.04,54.65,59.4,24.69,100,45.54,26
4995,20221004995,65.67,72.86,72.4,70.31,11.17,80,95.71,13
4996,20221004996,44.37,35.04,43.61,41.01,10.15,88,70.52,16
4997,20221004997,75.71,68.38,75.56,73.22,16.94,81,77.69,22
4998,20221004998,45.88,52.73,53.82,50.81,13.75,94,80.55,12
4999,20221004999,53.48,39.31,29.48,40.76,15.71,89,56.73,54
5000,20221005000,57.35,65.72,68.8,63.96,21.84,85,38.65,41
5001,20221005001,56.69,40.37,54.05,50.37,11.34,81,63.45,13
5002,20221005002,38.98,55.65,52.33,48.99,16.64,100,100,34
5003,20221005003,50.67,64.48,73.39,62.85,13.64,92,84.55,52
5004,20221005004,45.2,34.99,34.44,38.21,9.08,80,56.52,32
5005,20221005005,52.59,61.17,47.27,53.68,8.33,92,46.61,16
5006,20221005006,62.33,65.15,50.63,59.37,11.34,100,53.77,60
5007,20221005007,61.86,51.09,44.69,52.55,14.97,73,100,14
5008,20221005008,46.59,20,20,28.86,20.89,81,97.01,45
5009,20221005009,64.98,80.67,70.82,72.16,19.95,98,73.04,21
5010,20221005010,50.92,42.54,45.2,46.22,17.37,93,100,116
5011,20221005011,67.34,74.87,67.72,69.98,10.48,100,54.11,26
5012,20221005012,48.87,43.18,31.07,41.04,11.68,78,45.03,42
5013,20221005013,55.63,49.6,68.4,57.88,17.62,96,88.46,17
5014,20221005014,36.64,31.91,32.47,33.67,7.52,87,86.13,17
5015,20221005015,57.49,62.27,77.16,65.64,15.81,99,65.84,41
5016,20221005016,79.22,81.7,76.4,79.11,11.41,79,84.15,15
5017,20221005017,56.28,48.39,55.33,53.33,24.13,87,66.44,47
5018,20221005018,49.55,70.28,88.81,69.55,23.83,86,69.26,40
5019,20221005019,41.45,55.79,61.92,53.05,13.49,90,46.31,47
5020,20221005020,52.36,50.52,50.63,51.17,18.23,93,95.59,35
5021,20221005021,62.1,83.04,63.35,69.5,10.78,96,46.96,52
5022,20221005022,43.92,40.72,43.22,42.62,12.75,70,35.55,25
5023,20221005023,42.29,34.24,50.87,42.47,3.45,50,71.08,51
5024,20221005024,47.5,56.44,40.57,48.17,5.45,100,57.88,17
5025,20221005025,62.42,56.53,61.23,60.06,21.38,95,73.98,65
5026,20221005026,39.75,51.29,46.18,45.74,7.91,100,50.79,37
5027,20221005027,62.76,55.06,50.07,55.96,21.2,87,74.52,20
5028,20221005028,69.37,79.1,89.9,79.46,10.35,96,68.54,36
5029,20221005029,32.34,20,20,24.11,12.44,95,36.71,32
5030,20221005030,69.71,84.39,69.85,74.65,17.67,82,90.34,9
5031,20221005031,54.81,83.06,92.13,76.67,13.43,86,90.36,18
5032,20221005032,31.95,47.14,57.01,45.37,24.16,87,69.44,19
5033,20221005033,68.34,74.94,74.82,72.7,15.46,96,59.34,24
5034,20221005034,65.76,71.12,70.69,69.19,22.17,89,85.42,11
5035,20221005035,28.93,26.06,33.33,29.44,16.25,82,80.78,35
5036,20221005036,71.26,73.65,65.1,70.0,10.28,86,59.0,83
5037,20221005037,61.48,50.79,31.49,47.92,14.63,70,81.02,75
5038,20221005038,49.54,57.99,57.9,55.14,6.84,94,100,18
5039,20221005039,51.1,49.56,48.1,49.59,2,90,56.96,34
5040,20221005040,49.72,30.98,20.85,33.85,13.31,73,62.65,43
5041,20221005041,29.14,46.72,44.48,40.11,19.96,100,56.38,40
5042,20221005042,33.88,49.83,43.47,42.39,14.42,100,75.12,23
5043,20221005043,59.33,56.81,37.52,51.22,12.71,87,45.49,38
5044,20221005044,56.99,37.45,38.14,44.19,16.03,100,100,36
5045,20221005045,69.16,65.5,49.23,61.3,19.96,71,86.73,16
5046,20221005046,66.82,53.26,57.26,59.11,17.29,77,50.29,15
5047,20221005047,46.6,57.12,56.84,53.52,20.68,100,40.43,66
5048,20221005048,26.95,22.75,20,23.23,13.71,77,75.63,34
5049,20221005049,45.94,45.61,24.53,38.69,16.27,73,38.0,11
5050,20221005050,72.75,76.34,83.32,77.47,21.36,64,93.25,14
5051,20221005051,45.71,20,20,28.57,21.06,84,47.17,25
5052,20221005052,41.82,50.29,49.5,47.2,28.04,99,90.52,27
5053,20221005053,69.89,64.7,71.13,68.57,21.45,78,85.49,36
5054,20221005054,56.57,57.83,62.55,58.98,18.81,96,93.32,41
5055,20221005055,33.01,27.81,46.52,35.78,21.73,81,50.75,23
5056,20221005056,71.88,84.95,91.34,82.72,11.59,78,52.09,21
5057,20221005057,48.44,59.2,74.69,60.78,13.64,97,92.5,15
5058,20221005058,77.18,79.39,75.85,77.47,11.42,91,53.6,18
5059,20221005059,63.24,65.94,76.84,68.67,10.97,91,62.13,26
5060,20221005060,47.87,46.64,49.94,48.15,19.09,96,65.64,15
5061,20221005061,39.58,40.8,36.26,38.88,16.66,84,72.83,53
5062,20221005062,65.22,61.35,62.3,62.96,14.11,88,58.02,61
5063,20221005063,51.84,41.72,32.92,42.16,5.13,99,87.24,47
5064,20221005064,60.98,44.77,40.21,48.65,24.14,87,76.93,32
5065,20221005065,64.67,56.94,42.87,54.83,20.23,80,90.99,20
5066,20221005066,61.65,49.78,47.14,52.86,14.08,81,59.96,29
5067,20221005067,63.31,68.7,79.66,70.56,16.01,100,79.1,14
5068,20221005068,75.87,86.28,63.9,75.35,22.54,89,45.45,34
5069,20221005069,55.63,52.91,62.45,57.0,18.97,100,51.37,14
5070,20221005070,64.84,75.86,70.15,70.28,25.81,71,63.13,32
5071,20221005071,59.87,49.71,46.19,51.92,22.59,96,48.11,16
5072,20221005072,42.82,50.83,54.52,49.39,26.24,100,43.78,10
5073,20221005073,33.19,20,20.85,24.68,18.44,86,52.58,26
5074,20221005074,66.42,82.13,90.42,79.66,23.3,79,87.36,11
5075,20221005075,32.84,28.44,34.95,32.08,21.85,98,80.13,47
5076,20221005076,67.06,82.55,62.93,70.85,11.09,98,81.52,19
5077,20221005077,72.61,83.47,100,85.36,15.6,77,67.62,28
5078,20221005078,80.84,56.04,43.44,60.11,17.85,88,67.48,19
5079,20221005079,23.56,20,25.79,23.12,14.89,70,78.25,12
5080,20221005080,41.98,61.99,62.7,55.56,22.56,100,41.91,20
5081,20221005081,66.98,64.94,59.95,63.96,17.64,72,54.31,64
5082,20221005082,63.06,94.21,92.69,83.32,21.29,100,92.22,30
5083,20221005083,36.42,51.01,52.35,46.59,13.43,74,97.45,27
5084,20221005084,54.01,63.66,62.75,60.14,14.11,90,66.51,21
5085,20221005085,55.71,44.71,40.98,47.13,18.36,74,62.54,31
5086,20221005086,65.19,49.7,42.99,52.63,22.72,85,52.76,27
5087,20221005087,48.41,52.19,64.91,55.17,10.31,86,67.65,28
5088,20221005088,55.64,51.47,52.12,53.08,5.64,86,66.21,23
5089,20221005089,63.82,62.09,70.65,65.52,17.18,61,88.07,38
5090,20221005090,55.19,56.14,46.23,52.52,3.73,84,61.82,35
5091,20221005091,46.25,52.3,55.94,51.5,23.66,91,51.77,10
5092,20221005092,35.31,44.47,51.06,43.61,9.44,87,65.84,41
5093,20221005093,28.46,41.28,46.45,38.73,19.71,100,71.75,15
5094,20221005094,28.59,20,29.42,26.0,10.57,92,72.89,26
5095,20221005095,63.62,77.22,83.76,74.87,19.32,66,46.4,35
5096,20221005096,49.07,53.08,57.33,53.16,24.02,84,58.33,39
5097,20221005097,43.15,41.83,37.64,40.87,15.68,88,57.83,21
5098,20221005098,64.32,81.58,78.53,74.81,21.64,85,56.21,56
5099,20221005099,65.87,72.53,56.5,64.97,23.31,97,85.71,8
5100,20221005100,69.02,52.43,43.69,55.05,21.05,88,65.85,60
5101,20221005101,39.08,20,20,26.36,15.96,87,46.62,32
5102,20221005102,72.22,47.6,47.07,55.63,23.87,100,76.44,12
5103,20221005103,64.17,57.63,66.84,62.88,19.56,96,51.29,18
5104,20221005104,42.08,46.15,48.98,45.74,8.75,97,57.19,11
5105,20221005105,62.82,59.76,69.79,64.12,24.11,90,91.62,45
5106,20221005106,79.06,89.41,90.11,86.19,15.48,81,77.67,37
5107,20221005107,50.97,53.53,58.36,54.29,10.36,76,42.09,25
5108,20221005108,58.36,44.65,29.24,44.08,7.54,80,88.97,11
5109,20221005109,56.0,58.31,64.61,59.64,11.58,93,74.76,45
5110,20221005110,70.96,48.35,49.23,56.18,8.04,95,85.27,38
5111,20221005111,62.08,65.1,53.1,60.09,11.82,68,50.13,23
5112,20221005112,58.74,40.21,27.0,41.98,16.91,72,74.94,30
5113,20221005113,46.95,73.01,63.55,61.17,15.77,100,79.22,71
5114,20221005114,39.91,32.7,42.71,38.44,11.01,85,35.22,18
5115,20221005115,59.7,63.36,55.32,59.46,17.81,100,63.77,19
5116,20221005116,50.34,26.52,22.13,33.0,10.69,97,98.73,56
5117,20221005117,39.77,39.89,44.81,41.49,17.44,100,100,10
5118,20221005118,43.2,50.37,63.17,52.25,13.61,93,59.78,24
5119,20221005119,45.14,31.05,37.69,37.96,16.45,76,81.85,44
5120,20221005120,67.82,75.67,86.15,76.55,27.52,87,54.9,23
5121,20221005121,55.32,55.94,70.84,60.7,19.22,67,71.65,15
5122,20221005122,57.79,41.34,36.76,45.3,11.52,79,46.32,31
5123,20221005123,39.06,42.82,45.69,42.52,21.54,90,62.84,19
5124,20221005124,37.19,56.05,55.13,49.46,13.1,100,77.46,19
5125,20221005125,22.87,20,30.21,24.36,13.29,98,43.1,29
5126,20221005126,70.35,62.65,40.65,57.88,14.04,90,92.55,21
5127,20221005127,48.97,43.6,39.09,43.89,5.83,78,56.07,36
5128,20221005128,77.73,71.01,69.37,72.7,14.12,100,48.86,18
5129,20221005129,26.19,20,27.78,24.66,10.23,86,84.0,26
5130,20221005130,78.48,64.92,66.18,69.86,15.73,81,55.73,22
5131,20221005131,43.18,30.14,20,31.11,25.62,85,67.46,36
5132,20221005132,65.4,66.62,77.76,69.93,14.76,88,99.43,40
5133,20221005133,39.12,41.43,38.39,39.65,20.52,99,65.83,33
5134,20221005134,46.98,56.02,49.56,50.85,5.75,100,93.7,42
5135,20221005135,65.75,57.12,61.32,61.4,8.96,91,73.6,11
5136,20221005136,82.91,80.1,85.07,82.69,17.36,95,75.03,43
5137,20221005137,77.08,94.31,97.35,89.58,15.25,76,100,33
5138,20221005138,87.95,72.28,63.05,74.43,16.2,92,94.83,6
5139,20221005139,32.81,24.79,23.55,27.05,14.15,100,89.36,35
5140,20221005140,68.59,79.01,72.3,73.3,18.63,88,90.95,62
5141,20221005141,23.59,35.01,28.23,28.94,12.95,80,62.81,54
5142,20221005142,75.98,88.81,92.85,85.88,15.92,78,82.06,59
5143,20221005143,52.44,57.69,55.21,55.11,10.33,93,73.47,29
5144,20221005144,32.98,43.91,50.17,42.35,14.53,88,91.36,10
5145,20221005145,48.26,28.51,33.28,36.68,16.56,77,60.07,69
5146,20221005146,51.34,27.28,39.7,39.44,20.59,89,63.37,15
5147,20221005147,61.43,73.38,66.16,66.99,25.29,96,68.77,19
5148,20221005148,56.09,37.27,32.72,42.03,21.62,87,76.6,28
5149,20221005149,68.4,62.67,73.12,68.06,33.77,94,62.75,17
5150,20221005150,82.21,81.59,94.22,86.01,11.52,100,79.17,7
5151,20221005151,43.55,44.61,47.66,45.27,17.34,73,80.94,5
5152,20221005152,60.81,56.59,80.23,65.88,15.53,97,39.28,27
5153,20221005153,74.51,68.71,81.96,75.06,9.05,92,43.54,20
5154,20221005154,42.02,20,23.39,28.47,12.75,91,94.04,107
5155,20221005155,47.81,61.39,56.04,55.08,16.0,88,65.58,18
5156,20221005156,79.23,67.77,53.34,66.78,18.67,81,64.15,12
5157,20221005157,50.46,55.72,56.11,54.1,24.86,96,53.73,52
5158,20221005158,59.0,55.88,53.32,56.07,18.03,89,75.11,14
5159,20221005159,36.4,29.81,23.97,30.06,20.34,82,73.2,56
5160,20221005160,34.89,25.54,30.01,30.15,13.38,84,39.22,17
5161,20221005161,35.45,50.13,52.06,45.88,7.88,77,84.04,75
5162,20221005162,63.82,43.41,47.61,51.61,11.78,100,83.55,28
5163,20221005163,60.67,44.73,50.97,52.12,10.89,91,99.33,19
5164,20221005164,64.1,48.06,49.52,53.89,24.6,81,51.08,22
5165,20221005165,51.61,55.29,62.6,56.5,15.69,76,98.15,26
5166,20221005166,63.06,62.56,74.4,66.67,13.45,76,70.22,25
5167,20221005167,60.19,53.1,65.1,59.46,16.92,91,79.96,53
5168,20221005168,60.26,69.59,63.68,64.51,12.5,80,82.75,36
5169,20221005169,61.51,72.9,84.75,73.05,7.8,87,54.67,32
5170,20221005170,30.96,20,29.46,26.81,2,86,87.53,57
5171,20221005171,65.45,58.64,41.78,55.29,8.62,88,77.98,13
5172,20221005172,75.74,74.72,90.63,80.36,9.53,85,70.29,9
5173,20221005173,41.18,33.04,25.42,33.21,12.3,100,61.77,31
5174,20221005174,24.16,33.7,28.38,28.75,12.1,95,37.93,5
5175,20221005175,79.99,68.15,63.12,70.42,24.44,68,78.26,4
5176,20221005176,52.03,49.85,32.3,44.73,17.61,86,71.44,21
5177,20221005177,38.67,50.18,47.34,45.4,20.58,73,89.84,59
5178,20221005178,43.16,21.6,20,28.25,13.09,82,62.6,13
5179,20221005179,43.21,62.82,64.85,56.96,21.6,86,91.15,16
5180,20221005180,68.38,55.0,71.93,65.1,18.15,94,59.01,95
5181,20221005181,65.41,60.74,57.88,61.34,22.55,72,51.16,31
5182,20221005182,38.16,35.43,29.24,34.28,23.16,75,82.65,29
5183,20221005183,38.84,20,25.43,28.09,8.09,90,95.86,8
5184,20221005184,65.92,47.34,47.84,53.7,7.7,62,100,35
5185,20221005185,52.83,71.23,83.04,69.03,12.87,100,42.66,19
5186,20221005186,24.58,43.17,36.89,34.88,14.07,87,72.45,10
5187,20221005187,61.34,66.46,60.47,62.76,19.12,85,99.61,13
5188,20221005188,59.92,49.14,37.08,48.71,18.07,83,50.15,14
5189,20221005189,46.8,38.73,28.21,37.91,8.62,100,96.66,22
5190,20221005190,62.43,84.35,100,82.26,10.23,100,100,36
5191,20221005191,68.53,53.98,61.17,61.23,10.56,95,70.27,51
5192,20221005192,67.14,67.54,70.26,68.31,15.88,100,100,43
5193,20221005193,39.24,33.56,27.81,33.54,21.33,88,72.21,57
5194,20221005194,26.18,31.44,36.39,31.34,17.38,99,45.41,23
5195,20221005195,50.82,65.19,69.84,61.95,17.16,82,90.91,32
5196,20221005196,82.49,85.22,100,89.24,22.05,94,100,23
5197,20221005197,39.64,22.71,38.66,33.67,9.93,98,89.08,33
5198,20221005198,64.58,62.21,51.01,59.27,25.08,84,57.71,20
5199,20221005199,81.16,81.95,96.41,86.51,20.72,75,58.25,38
5200,20221005200,78.62,80.56,80.79,79.99,18.26,73,95.12,11
5201,20221005201,72.32,75.09,83.28,76.9,27.54,88,79.48,20
5202,20221005202,51.57,74.27,71.62,65.82,20.76,69,73.62,13
5203,20221005203,67.95,45.56,32.8,48.77,24.45,94,78.0,29
5204,20221005204,50.68,44.8,48.68,48.05,13.56,94,71.1,12
5205,20221005205,60.43,68.45,66.66,65.18,21.94,85,46.44,10
5206,20221005206,52.72,61.32,37.7,50.58,9.02,78,70.91,38
5207,20221005207,29.13,36.31,42.95,36.13,9.17,89,66.07,11
5208,20221005208,57.58,41.88,53.6,51.02,18.21,92,54.41,33
5209,20221005209,49.7,42.05,39.84,43.86,10.39,81,78.95,18
5210,20221005210,51.32,67.48,61.05,59.95,24.13,94,59.97,92
5211,20221005211,58.92,37.36,44.49,46.92,12.81,78,43.64,26
5212,20221005212,34.58,33.75,27.31,31.88,10.3,79,61.46,31
5213,20221005213,42.33,35.7,55.77,44.6,15.4,83,93.56,33
5214,20221005214,68.32,57.65,63.15,63.04,16.8,89,69.65,22
5215,20221005215,42.58,28.81,20,30.46,15.91,94,53.02,16
5216,20221005216,37.03,37.86,34.96,36.62,15.82,88,65.95,15
5217,20221005217,20,20,24.36,21.45,20.42,82,78.65,32
5218,20221005218,83.43,91.29,91.51,88.74,15.32,81,63.23,23
5219,20221005219,76.17,73.23,74.15,74.52,19.55,98,80.31,21
5220,20221005220,54.31,44.45,44.78,47.85,24.55,73,82.03,24
5221,20221005221,43.24,44.89,42.96,43.7,14.3,83,53.05,33
5222,20221005222,51.53,46.98,51.1,49.87,9.45,94,61.15,47
5223,20221005223,60.85,68.64,52.8,60.76,8.65,95,93.56,23
5224,20221005224,71.58,83.42,82.93,79.31,15.87,100,72.18,31
5225,20221005225,38.66,49.91,43.47,44.01,6.96,100,68.72,13
5226,20221005226,49.01,30.57,33.3,37.63,16.41,90,79.97,27
5227,20221005227,38.6,60.1,53.65,50.78,17.85,82,43.08,37
5228,20221005228,43.62,47.18,57.16,49.32,5.66,97,90.38,37
5229,20221005229,34.3,47.89,41.36,41.18,14.9,89,69.11,44
5230,20221005230,41.66,52.88,44.39,46.31,17.35,66,45.26,7
5231,20221005231,32.62,43.73,40.35,38.9,5.6,83,52.45,46
5232,20221005232,71.71,74.43,82.25,76.13,17.14,100,68.76,22
5233,20221005233,84.65,69.64,73.38,75.89,23.07,100,96.86,23
5234,20221005234,25.4,20,20,21.8,12.76,80,50.3,35
5235,20221005235,55.59,65.9,62.3,61.26,15.78,69,62.55,45
5236,20221005236,68.98,39.19,29.9,46.02,15.43,86,42.91,85
5237,20221005237,48.62,44.75,35.99,43.12,20.69,83,83.39,26
5238,20221005238,40.64,39.98,44.71,41.78,13.53,100,76.0,64
5239,20221005239,76.97,86.65,100,87.87,15.64,100,91.78,46
5240,20221005240,47.7,49.63,39.58,45.64,14.46,84,94.89,19
5241,20221005241,63.09,65.86,61.47,63.47,13.9,78,74.57,25
5242,20221005242,64.9,65.95,58.81,63.22,18.28,93,40.03,80
5243,20221005243,42.01,61.98,48.75,50.91,13.9,80,37.24,12
5244,20221005244,63.48,49.06,48.42,53.65,13.44,83,79.1,28
5245,20221005245,51.69,74.37,100,75.35,18.64,79,69.25,29
5246,20221005246,38.53,47.24,36.86,40.88,15.93,95,79.01,25
5247,20221005247,31.33,41.04,46.06,39.48,13.95,86,35.5,44
5248,20221005248,60.8,76.94,78.8,72.18,13.93,74,79.58,19
5249,20221005249,74.38,89.58,94.67,86.21,21.81,92,100,15
5250,20221005250,38.96,45.87,49.1,44.64,17.95,99,36.08,29
5251,20221005251,48.0,47.52,26.73,40.75,24.87,99,94.42,25
5252,20221005252,49.38,57.84,52.74,53.32,8.51,96,60.28,40
5253,20221005253,39.21,20,34.31,31.17,14.07,97,52.01,15
5254,20221005254,67.05,61.37,56.95,61.79,17.4,96,93.65,17
5255,20221005255,39.64,25.68,33.1,32.81,18.27,94,73.65,119
5256,20221005256,66.23,86.78,84.72,79.24,15.39,86,46.85,26
5257,20221005257,44.29,45.23,33.8,41.11,5.7,93,69.61,30
5258,20221005258,80.78,56.79,64.25,67.27,16.44,84,48.82,24
5259,20221005259,60.8,59.34,52.3,57.48,15.28,80,98.89,18
5260,20221005260,57.82,74.94,76.21,69.66,14.66,88,79.13,37
5261,20221005261,63.61,69.25,73.92,68.93,21.73,71,58.77,17
5262,20221005262,33.56,28.06,26.27,29.3,7.51,65,78.07,31
5263,20221005263,49.2,62.61,81.63,64.48,16.34,100,82.27,14
5264,20221005264,55.64,61.86,73.43,63.64,13.45,86,89.15,33
5265,20221005265,69.18,51.26,59.86,60.1,12.73,90,86.73,23
5266,20221005266,53.74,72.33,82.74,69.6,21.75,91,100,16
5267,20221005267,72.04,63.26,62.67,65.99,17.21,64,57.32,15
5268,20221005268,60.96,88.19,96.87,82.01,13.97,82,40.17,27
5269,20221005269,66.72,80.79,85.8,77.77,23.2,86,67.53,17
5270,20221005270,27.63,50.11,63.07,46.94,15.74,76,41.21,29
5271,20221005271,43.62,46.14,39.9,43.22,24.9,78,86.04,19
5272,20221005272,50.49,64.2,75.74,63.48,17.94,87,52.21,19
5273,20221005273,55.24,54.89,53.39,54.51,5.83,99,43.72,72
5274,20221005274,55.33,75.09,61.95,64.12,19.6,87,63.89,21
5275,20221005275,69.3,65.42,76.94,70.55,10.85,83,70.06,48
5276,20221005276,43.05,51.05,61.25,51.78,8.21,86,89.7,12
5277,20221005277,52.12,62.14,73.47,62.58,23.12,90,70.55,24
5278,20221005278,49.41,41.84,36.42,42.56,9.28,84,60.15,11
5279,20221005279,59.19,73.81,82.8,71.93,15.45,89,48.51,24
5280,20221005280,28.35,20,31.15,26.5,14.32,93,50.49,17
5281,20221005281,38.25,63.5,60.8,54.18,5.04,87,75.12,26
5282,20221005282,76.55,69.0,66.23,70.59,28.58,85,88.39,21
5283,20221005283,64.3,75.12,96.75,78.72,12.67,92,81.46,40
5284,20221005284,46.99,57.92,52.68,52.53,10.65,89,62.19,35
5285,20221005285,36.63,52.89,63.15,50.89,12.15,99,62.43,23
5286,20221005286,39.72,44.99,29.74,38.15,12.53,78,55.59,32
5287,20221005287,36.1,36.04,42.9,38.35,21.27,81,59.05,19
5288,20221005288,67.22,56.66,58.12,60.67,21.27,94,83.71,46
5289,20221005289,63.96,67.86,65.17,65.66,19.23,100,79.47,32
5290,20221005290,41.12,54.09,61.69,52.3,14.93,78,52.55,21
5291,20221005291,72.13,64.54,62.72,66.46,15.31,84,89.1,49
5292,20221005292,77.72,70.04,71.84,73.2,21.29,98,91.3,44
5293,20221005293,59.15,59.88,65.99,61.67,14.94,75,65.6,30
5294,20221005294,47.51,55.76,44.86,49.38,13.37,76,47.77,14
5295,20221005295,67.41,72.02,65.52,68.32,14.32,82,78.98,34
5296,20221005296,40.76,39.56,42.55,40.96,9.61,71,73.64,12
5297,20221005297,80.94,58.35,61.93,67.07,18.37,79,57.05,25
5298,20221005298,33.82,43.42,47.71,41.65,2.93,71,82.96,15
5299,20221005299,68.57,100,100,89.52,18.46,92,92.86,73
5300,20221005300,74.44,80.13,79.62,78.06,21.24,92,58.84,47
5301,20221005301,35.14,29.26,47.49,37.3,27.08,83,63.23,23
5302,20221005302,52.67,45.07,35.97,44.57,17.73,90,96.24,49
5303,20221005303,77.38,66.63,60.21,68.07,18.73,82,84.38,12
5304,20221005304,74.35,91.28,94.02,86.55,26.07,97,67.33,44
5305,20221005305,62.49,56.31,64.83,61.21,15.51,90,48.59,17
5306,20221005306,73.98,68.41,63.24,68.54,13.45,93,44.22,17
5307,20221005307,73.56,78.42,76.75,76.24,12.74,86,72.17,10
5308,20221005308,34.61,20,20,24.87,16.36,83,56.01,13
5309,20221005309,67.34,75.55,84.22,75.7,21.07,89,72.28,23
5310,20221005310,59.37,54.72,53.4,55.83,10.48,90,84.86,70
5311,20221005311,46.35,53.79,46.97,49.04,18.05,84,42.88,31
5312,20221005312,57.0,51.52,51.04,53.19,18.38,86,75.67,9
5313,20221005313,69.9,55.37,69.63,64.97,11.56,98,67.36,18
5314,20221005314,74.46,71.95,92.94,79.78,14.34,100,80.21,18
5315,20221005315,45.7,53.49,60.32,53.17,20.09,89,75.67,23
5316,20221005316,68.96,53.19,48.7,56.95,19.96,98,42.43,12
5317,20221005317,35.14,52.26,48.24,45.21,6.34,83,41.0,14
5318,20221005318,61.39,56.91,47.75,55.35,20.35,89,99.43,37
5319,20221005319,66.83,63.54,70.79,67.05,18.48,88,50.22,23
5320,20221005320,46.91,32.21,42.57,40.56,18.01,84,82.95,92
5321,20221005321,67.21,65.36,86.95,73.17,12.69,83,67.2,43
5322,20221005322,31.99,29.48,45.09,35.52,18.46,92,61.94,33
5323,20221005323,81.34,54.11,61.0,65.48,3.4,80,78.79,56
5324,20221005324,35.01,20.49,23.91,26.47,7.92,85,79.63,28
5325,20221005325,75.2,50.07,45.74,57.0,11.63,87,48.77,13
5326,20221005326,49.23,48.57,59.35,52.38,16.34,84,80.49,26
5327,20221005327,58.82,57.0,55.99,57.27,9.09,86,100,28
5328,20221005328,52.28,50.29,44.88,49.15,16.77,100,57.95,15
5329,20221005329,34.41,35.64,41.5,37.18,7.23,86,84.8,33
5330,20221005330,85.8,71.19,83.15,80.05,31.59,88,53.55,18
5331,20221005331,80.45,88.42,71.94,80.27,3.67,78,89.42,35
5332,20221005332,49.26,33.75,27.58,36.86,5.52,82,60.91,21
5333,20221005333,27.93,20,20,22.64,15.81,95,43.98,31
5334,20221005334,77.18,80.24,77.63,78.35,24.51,91,62.72,31
5335,20221005335,64.14,74.9,73.93,70.99,7.84,89,72.84,43
5336,20221005336,24.97,20,20,21.66,17.8,74,41.69,18
5337,20221005337,72.69,51.44,55.89,60.01,16.31,88,77.0,57
5338,20221005338,43.19,38.1,29.89,37.06,15.72,79,57.35,71
5339,20221005339,62.64,56.13,73.63,64.13,10.61,81,94.77,18
5340,20221005340,59.54,62.17,58.87,60.19,18.88,88,100,26
5341,20221005341,49.88,58.63,41.24,49.92,10.84,95,78.97,22
5342,20221005342,61.05,52.78,61.18,58.34,18.64,92,52.79,28
5343,20221005343,40.09,45.59,31.75,39.14,13.35,82,67.16,25
5344,20221005344,59.88,81.92,83.26,75.02,14.11,89,77.69,15
5345,20221005345,39.33,38.37,43.37,40.36,15.07,79,90.74,34
5346,20221005346,47.39,39.2,34.75,40.45,8.27,94,61.36,39
5347,20221005347,69.25,53.79,50.35,57.8,16.79,73,79.69,17
5348,20221005348,39.55,28.58,37.32,35.15,22.34,87,66.66,31
5349,20221005349,53.02,41.71,41.91,45.55,12.1,78,73.07,20
5350,20221005350,70.52,87.05,80.31,79.29,21.47,97,98.63,33
5351,20221005351,40.2,46.56,43.3,43.35,7.1,93,83.72,18
5352,20221005352,31.89,44.9,56.76,44.52,17.64,90,94.32,14
5353,20221005353,77.25,80.4,91.81,83.15,24.82,100,88.39,23
5354,20221005354,54.66,42.02,50.12,48.93,19.17,86,75.51,36
5355,20221005355,29.25,35.06,36.05,33.45,27.01,99,53.19,17
5356,20221005356,84.43,100,100,94.81,14.62,100,85.13,27
5357,20221005357,75.24,72.77,78.28,75.43,26.27,88,78.04,7
5358,20221005358,65.37,48.55,50.66,54.86,14.14,100,36.07,43
5359,20221005359,53.56,58.41,64.21,58.73,9.13,100,89.01,36
5360,20221005360,45.85,55.11,74.32,58.43,17.58,82,55.98,21
5361,20221005361,43.97,37.78,37.65,39.8,12.59,90,66.62,19
5362,20221005362,55.75,65.65,66.41,62.6,21.49,100,84.89,29
5363,20221005363,53.01,40.57,32.95,42.18,21.05,84,84.82,20
5364,20221005364,48.5,36.0,33.7,39.4,17.86,89,85.18,25
5365,20221005365,67.37,74.23,89.13,76.91,23.72,93,100,24
5366,20221005366,54.7,60.05,63.05,59.27,20.48,68,95.9,31
5367,20221005367,43.57,50.71,58.1,50.79,18.54,78,79.19,24
5368,20221005368,55.61,56.16,63.81,58.53,15.15,71,80.01,17
5369,20221005369,44.51,48.62,57.63,50.25,2.63,90,74.24,12
5370,20221005370,71.47,72.88,69.79,71.38,22.02,95,64.32,51
5371,20221005371,56.42,72.6,63.53,64.18,6.95,88,97.0,44
5372,20221005372,65.29,80.23,65.04,70.19,21.14,85,66.43,36
5373,20221005373,76.15,66.14,65.54,69.28,12.9,77,65.2,24
5374,20221005374,42.46,28.94,25.95,32.45,21.7,76,62.34,13
5375,20221005375,72.66,59.04,51.79,61.16,24.49,98,50.11,15
5376,20221005376,73.37,69.76,71.16,71.43,14.27,93,100,50
5377,20221005377,64.94,81.76,81.76,76.15,5.51,83,88.02,26
5378,20221005378,78.87,75.38,79.4,77.88,11.21,99,82.04,26
5379,20221005379,82.93,73.98,80.19,79.03,17.48,92,94.48,32
5380,20221005380,77.83,70.72,68.01,72.19,15.26,89,48.34,71
5381,20221005381,73.65,84.95,72.15,76.92,20.19,89,56.77,27
5382,20221005382,62.79,53.66,49.35,55.27,10.69,86,78.8,13
5383,20221005383,44.3,48.22,40.96,44.49,6.83,88,58.58,18
5384,20221005384,51.39,45.19,37.81,44.8,5.62,81,93.2,22
5385,20221005385,62.33,73.94,82.18,72.82,15.43,59,95.76,27
5386,20221005386,47.83,54.78,39.36,47.32,19.22,100,84.88,35
5387,20221005387,56.85,56.63,50.83,54.77,20.06,97,76.38,18
5388,20221005388,55.46,81.73,89.03,75.41,15.77,100,80.33,41
5389,20221005389,52.72,46.6,36.53,45.28,15.0,90,77.79,17
5390,20221005390,78.75,89.78,72.07,80.2,15.37,89,95.81,77
5391,20221005391,69.6,63.24,65.5,66.11,15.46,90,70.26,27
5392,20221005392,82.52,78.41,64.63,75.19,14.09,74,85.71,18
5393,20221005393,40.42,23.46,20,27.96,14.41,100,64.46,24
5394,20221005394,60.12,47.27,28.56,45.32,23.51,87,49.26,47
5395,20221005395,47.47,47.36,59.47,51.43,21.04,87,48.35,42
5396,20221005396,79.09,81.95,77.92,79.65,21.19,100,84.81,37
5397,20221005397,73.46,52.0,60.58,62.01,12.96,81,85.6,57
5398,20221005398,51.8,50.41,46.38,49.53,17.0,100,93.45,30
5399,20221005399,31.21,21.97,24.96,26.05,23.7,70,75.31,6
5400,20221005400,82.25,86.38,84.19,84.27,7.75,100,100,29
5401,20221005401,66.38,91.2,89.54,82.37,15.54,85,40.72,25
5402,20221005402,67.54,73.32,78.82,73.23,17.18,100,74.27,15
5403,20221005403,49.66,63.57,54.43,55.89,13.99,83,64.87,48
5404,20221005404,44.26,38.18,58.78,47.07,28.67,88,59.66,19
5405,20221005405,60.24,69.21,88.37,72.61,8.44,80,87.68,21
5406,20221005406,74.76,86.75,87.83,83.11,13.68,95,82.72,25
5407,20221005407,73.75,79.87,96.77,83.46,21.6,77,66.74,13
5408,20221005408,46.63,35.49,41.93,41.35,21.81,94,73.64,20
5409,20221005409,50.36,51.57,49.42,50.45,15.49,88,37.57,18
5410,20221005410,34.78,46.52,35.64,38.98,7.72,100,38.59,12
5411,20221005411,42.26,54.74,60.18,52.39,9.28,83,93.29,54
5412,20221005412,44.29,48.03,44.96,45.76,19.24,84,41.76,56
5413,20221005413,45.96,56.95,52.2,51.7,14.21,74,74.75,19
5414,20221005414,56.88,40.82,40.53,46.08,19.22,80,62.61,25
5415,20221005415,35.47,34.34,30.31,33.37,16.67,92,31.6,15
5416,20221005416,47.15,63.06,64.55,58.25,18.94,77,62.98,17
5417,20221005417,74.4,82.79,77.06,78.08,20.37,100,53.31,13
5418,20221005418,79.02,73.08,75.38,75.83,15.54,100,54.62,29
5419,20221005419,63.21,86.27,78.77,76.08,21.51,87,98.89,57
5420,20221005420,46.77,39.15,56.46,47.46,13.71,88,47.35,36
5421,20221005421,25.37,20,20,21.79,14.2,88,64.49,28
5422,20221005422,73.91,66.08,67.39,69.13,18.29,88,54.42,10
5423,20221005423,45.15,49.04,61.72,51.97,9.39,90,50.71,50
5424,20221005424,63.34,69.04,76.88,69.75,10.32,88,72.09,28
5425,20221005425,30.81,21.79,27.32,26.64,11.81,88,89.93,21
5426,20221005426,72.82,48.64,37.81,53.09,17.02,100,72.37,24
5427,20221005427,36.44,32.36,50.61,39.8,8.48,96,65.66,18
5428,20221005428,63.34,57.55,50.53,57.14,17.56,100,95.48,11
5429,20221005429,73.42,66.96,66.64,69.01,25.46,84,93.68,14
5430,20221005430,37.09,26.02,34.17,32.43,18.78,96,98.9,119
5431,20221005431,52.87,44.55,54.27,50.56,22.87,82,94.28,42
5432,20221005432,66.33,58.02,51.01,58.45,28.25,93,70.32,26
5433,20221005433,63.32,57.54,47.28,56.05,23.46,100,70.72,17
5434,20221005434,54.77,46.06,44.54,48.46,17.27,93,59.2,68
5435,20221005435,64.22,51.17,49.78,55.06,14.08,92,86.36,112
5436,20221005436,52.86,65.67,51.06,56.53,7.57,97,50.68,19
5437,20221005437,35.04,27.96,29.81,30.94,16.6,96,78.01,9
5438,20221005438,62.84,65.22,54.62,60.89,10.36,75,40.59,34
5439,20221005439,45.86,51.38,42.94,46.73,18.17,90,84.79,29
5440,20221005440,58.7,46.99,44.23,49.97,15.69,91,68.64,30
5441,20221005441,70.76,77.37,95.34,81.16,20.81,97,82.38,20
5442,20221005442,35.86,32.97,20,29.61,18.51,87,79.45,24
5443,20221005443,32.18,25.7,20,25.96,25.64,91,69.38,19
5444,20221005444,55.33,54.92,54.13,54.79,26.5,91,83.32,20
5445,20221005445,37.8,25.59,20,27.8,7.31,89,39.91,16
5446,20221005446,60.26,54.14,43.25,52.55,26.77,86,66.97,24
5447,20221005447,82.05,80.44,81.55,81.35,22.49,80,90.53,11
5448,20221005448,34.15,39.75,45.37,39.76,9.12,99,96.6,68
5449,20221005449,68.76,64.31,76.61,69.89,21.99,69,90.59,9
5450,20221005450,48.71,54.58,57.24,53.51,10.7,100,47.18,65
5451,20221005451,73.02,74.56,81.7,76.43,11.3,86,36.26,33
5452,20221005452,53.51,39.94,33.49,42.31,10.1,76,96.16,61
5453,20221005453,53.72,20,20,31.24,27.3,88,65.97,19
5454,20221005454,82.91,95.54,89.26,89.24,18.22,100,44.71,41
5455,20221005455,87.34,97.06,95.31,93.24,15.73,93,87.9,48
5456,20221005456,44.0,34.49,24.74,34.41,11.39,69,77.8,35
5457,20221005457,41.27,59.41,48.79,49.82,8.07,88,60.17,11
5458,20221005458,48.98,52.63,66.0,55.87,21.87,85,74.62,19
5459,20221005459,32.96,39.69,61.14,44.6,20.62,77,52.85,11
5460,20221005460,51.38,32.08,44.22,42.56,28.61,90,73.5,17
5461,20221005461,58.58,51.49,48.93,53.0,20.91,89,46.8,24
5462,20221005462,55.37,53.89,45.15,51.47,14.35,89,59.7,37
5463,20221005463,52.85,72.04,53.86,59.58,12.85,67,59.36,49
5464,20221005464,46.02,20.53,21.2,29.25,17.17,83,83.07,24
5465,20221005465,80.73,80.08,61.93,74.25,16.14,90,78.55,39
5466,20221005466,60.03,74.69,78.88,71.2,16.62,98,90.14,38
5467,20221005467,35.29,41.04,44.29,40.21,18.15,82,63.42,16
5468,20221005468,68.26,70.99,69.74,69.66,19.06,96,91.99,31
5469,20221005469,54.22,82.65,97.34,78.07,17.14,74,72.53,11
5470,20221005470,55.53,63.8,74.27,64.53,29.0,66,43.08,21
5471,20221005471,52.3,59.94,59.11,57.12,14.83,87,82.58,13
5472,20221005472,44.98,28.79,44.45,39.41,10.63,69,78.78,25
5473,20221005473,74.87,64.58,59.98,66.48,15.49,94,83.31,11
5474,20221005474,78.15,76.97,72.93,76.02,22.03,84,62.93,25
5475,20221005475,61.49,71.32,54.78,62.53,18.09,96,67.58,26
5476,20221005476,80.72,68.49,52.27,67.16,24.16,100,88.18,37
5477,20221005477,59.06,63.27,78.56,66.96,15.8,96,96.16,17
5478,20221005478,40.23,34.45,34.92,36.53,7.08,88,55.85,14
5479,20221005479,41.8,49.04,48.08,46.31,14.67,78,84.55,25
5480,20221005480,56.51,74.85,83.08,71.48,11.0,90,49.14,78
5481,20221005481,52.48,46.82,40.56,46.62,10.42,97,68.64,30
5482,20221005482,60.0,38.89,33.32,44.07,14.52,86,80.93,13
5483,20221005483,41.25,56.34,50.52,49.37,14.38,74,53.7,13
5484,20221005484,57.77,82.93,97.31,79.34,13.12,90,92.42,31
5485,20221005485,72.64,70.51,74.7,72.62,16.97,90,82.9,9
5486,20221005486,59.96,58.78,67.83,62.19,16.63,100,72.73,19
5487,20221005487,43.82,29.83,20,31.22,22.71,100,81.51,22
5488,20221005488,57.44,79.98,89.05,75.49,18.9,79,50.8,20
5489,20221005489,61.71,61.21,80.26,67.73,19.91,93,48.49,23
5490,20221005490,54.14,80.1,78.79,71.01,23.08,87,85.13,28
5491,20221005491,45.36,33.64,35.59,38.2,28.7,84,76.47,17
5492,20221005492,68.37,62.59,51.12,60.69,19.59,100,46.26,112
5493,20221005493,32.04,30.57,36.87,33.16,14.03,98,57.34,27
5494,20221005494,81.95,95.28,97.77,91.67,16.9,85,77.63,33
5495,20221005495,60.56,50.4,62.34,57.77,14.61,84,92.55,23
5496,20221005496,47.31,42.12,48.39,45.94,20.27,86,72.74,24
5497,20221005497,44.47,39.7,59.01,47.73,14.59,90,92.21,23
5498,20221005498,53.49,68.62,60.83,60.98,13.55,75,64.86,22
5499,20221005499,36.66,51.4,52.82,46.96,22.18,100,62.83,18
5500,20221005500,60.26,58.06,59.6,59.31,12.01,85,76.76,13
5501,20221005501,53.97,71.17,80.91,68.68,3.85,97,69.27,15
5502,20221005502,43.95,49.75,51.07,48.26,12.16,93,95.18,20
5503,20221005503,49.34,64.65,54.53,56.17,15.58,74,65.96,76
5504,20221005504,38.47,52.31,40.96,43.91,18.14,69,62.3,14
5505,20221005505,39.49,35.7,20,31.73,24.82,91,83.0,50
5506,20221005506,32.71,31.88,31.25,31.95,17.32,100,66.25,9
5507,20221005507,67.06,60.99,60.85,62.97,30.25,99,98.29,21
5508,20221005508,56.96,70.76,67.29,65.0,17.53,100,86.31,48
5509,20221005509,68.49,67.03,63.24,66.25,19.4,97,100,22
5510,20221005510,66.62,54.86,41.07,54.18,19.86,89,100,38
5511,20221005511,77.95,70.02,57.19,68.39,19.02,92,92.69,42
5512,20221005512,41.56,20,20,27.19,20.18,97,52.95,15
5513,20221005513,61.6,43.11,31.31,45.34,18.98,80,65.68,17
5514,20221005514,31.98,21.5,21.55,25.01,14.49,75,69.35,5
5515,20221005515,77.16,92.25,100,89.8,14.94,100,35.26,22
5516,20221005516,51.47,47.55,36.3,45.11,12.43,85,44.17,21
5517,20221005517,75.25,76.46,80.13,77.28,13.13,84,89.76,48
5518,20221005518,67.26,74.53,87.53,76.44,24.13,85,100,24
5519,20221005519,49.98,72.93,57.38,60.1,15.54,83,88.45,22
5520,20221005520,31.9,23.3,28.21,27.8,7.56,81,49.26,56
5521,20221005521,67.83,76.57,75.06,73.15,16.76,91,83.55,107
5522,20221005522,53.71,52.91,51.4,52.67,8.07,86,44.49,16
5523,20221005523,59.07,53.96,34.78,49.27,18.5,93,41.28,15
5524,20221005524,57.78,59.49,54.83,57.37,15.89,89,61.53,20
5525,20221005525,74.46,60.52,76.0,70.33,29.87,88,51.59,11
5526,20221005526,86.28,90.55,82.89,86.57,8.0,86,65.15,37
5527,20221005527,48.77,47.63,47.81,48.07,17.0,76,87.26,17
5528,20221005528,46.85,38.08,31.6,38.84,11.51,77,46.22,39
5529,20221005529,80.38,72.14,77.23,76.58,19.97,86,70.12,35
5530,20221005530,69.49,82.25,89.57,80.44,14.79,82,54.4,16
5531,20221005531,65.57,56.36,84.61,68.85,10.77,81,80.41,19
5532,20221005532,54.89,24.33,27.82,35.68,20.78,91,92.85,14
5533,20221005533,34.75,34.18,39.36,36.1,24.83,77,73.63,34
5534,20221005534,59.67,55.47,60.96,58.7,19.16,83,49.8,33
5535,20221005535,53.36,65.42,57.43,58.74,8.57,93,40.54,34
5536,20221005536,52.74,49.85,53.97,52.19,9.73,98,70.7,24
5537,20221005537,71.65,72.17,69.13,70.98,31.51,86,47.26,36
5538,20221005538,56.35,55.83,50.88,54.35,5.87,95,42.66,17
5539,20221005539,58.9,76.61,53.9,63.14,23.62,100,70.48,11
5540,20221005540,45.87,54.29,48.88,49.68,18.32,95,70.07,19
5541,20221005541,69.73,50.35,44.74,54.94,19.54,89,52.89,23
5542,20221005542,32.03,37.97,38.92,36.31,12.26,73,53.06,32
5543,20221005543,53.06,40.47,54.79,49.44,22.59,87,48.28,28
5544,20221005544,47.0,43.13,46.76,45.63,3.1,96,74.2,17
5545,20221005545,71.18,83.46,79.76,78.13,14.96,95,91.31,40
5546,20221005546,51.08,53.57,64.29,56.31,18.29,98,69.62,11
5547,20221005547,42.95,37.65,32.94,37.85,24.98,91,84.18,17
5548,20221005548,77.99,73.92,72.1,74.67,11.26,84,49.92,72
5549,20221005549,59.79,55.41,50.38,55.19,12.98,80,59.7,24
5550,20221005550,77.77,84.52,100,87.43,8.59,94,68.22,39
5551,20221005551,64.94,51.93,58.6,58.49,15.52,100,86.41,19
5552,20221005552,67.14,65.88,55.92,62.98,21.25,82,70.71,18
5553,20221005553,47.85,37.04,40.56,41.82,21.48,98,66.09,22
5554,20221005554,57.87,60.27,74.09,64.08,12.56,73,59.69,11
5555,20221005555,69.59,70.5,79.41,73.17,20.88,100,50.82,41
5556,20221005556,71.8,100,98.84,90.21,11.78,91,91.25,20
5557,20221005557,65.93,70.61,68.51,68.35,10.64,80,70.73,15
5558,20221005558,42.17,46.02,52.54,46.91,4.69,76,63.37,26
5559,20221005559,35.1,38.11,40.36,37.86,18.16,88,81.75,54
5560,20221005560,61.5,74.19,76.09,70.59,7.24,90,67.78,14
5561,20221005561,46.13,30.89,30.2,35.74,11.5,83,67.15,22
5562,20221005562,56.82,72.67,75.98,68.49,28.3,93,64.85,33
5563,20221005563,64.48,74.94,71.7,70.37,17.44,87,72.37,24
5564,20221005564,40.39,52.34,59.91,50.88,31.24,89,37.75,7
5565,20221005565,57.35,49.84,54.96,54.05,22.94,100,79.95,32
5566,20221005566,66.65,65.07,76.88,69.53,21.94,70,94.18,16
5567,20221005567,54.29,49.6,50.43,51.44,26.97,94,87.31,22
5568,20221005568,54.72,50.43,49.52,51.56,11.41,92,43.09,33
5569,20221005569,41.64,36.18,50.83,42.88,24.03,93,76.45,28
5570,20221005570,79.22,76.76,75.97,77.32,25.02,100,55.74,13
5571,20221005571,45.33,38.19,40.62,41.38,14.14,83,46.09,16
5572,20221005572,72.24,87.93,86.56,82.24,12.45,83,36.16,30
5573,20221005573,58.03,64.68,63.02,61.91,17.58,74,93.27,27
5574,20221005574,34.41,33.68,31.74,33.28,7.03,94,64.55,24
5575,20221005575,36.67,25.44,20.65,27.59,13.19,93,54.42,80
5576,20221005576,63.42,49.79,52.67,55.29,6.53,89,80.77,30
5577,20221005577,24.72,51.13,59.56,45.14,16.51,84,48.06,6
5578,20221005578,45.18,22.05,35.78,34.34,16.19,88,63.13,23
5579,20221005579,76.1,85.44,66.32,75.95,12.74,100,73.79,27
5580,20221005580,35.14,38.67,39.77,37.86,6.09,86,44.36,28
5581,20221005581,65.4,73.17,83.64,74.07,22.49,93,57.74,13
5582,20221005582,46.33,28.75,20,31.69,22.72,77,39.81,32
5583,20221005583,70.97,57.32,64.62,64.3,18.27,87,50.89,19
5584,20221005584,50.53,60.07,74.14,61.58,12.28,100,58.72,33
5585,20221005585,56.29,36.92,36.88,43.36,15.49,83,39.03,34
5586,20221005586,51.11,53.38,59.76,54.75,18.25,93,54.99,41
5587,20221005587,34.57,34.28,24.19,31.01,11.46,81,65.98,66
5588,20221005588,72.82,53.51,52.45,59.59,10.99,88,44.47,15
5589,20221005589,50.86,31.07,28.72,36.88,14.67,83,44.92,17
5590,20221005590,41.21,30.53,26.18,32.64,22.05,85,89.52,108
5591,20221005591,65.9,68.2,76.7,70.27,18.08,96,83.49,16
5592,20221005592,66.82,45.35,48.39,53.52,15.18,83,92.65,32
5593,20221005593,72.51,57.49,52.4,60.8,19.82,94,81.68,17
5594,20221005594,64.9,59.04,66.08,63.34,17.1,97,94.2,44
5595,20221005595,50.23,66.69,71.31,62.74,17.63,98,50.53,50
5596,20221005596,58.74,71.19,72.43,67.45,4.34,92,87.32,11
5597,20221005597,63.37,52.19,44.51,53.36,15.18,81,92.95,6
5598,20221005598,49.14,41.3,49.33,46.59,7.12,75,94.64,22
5599,20221005599,61.76,54.9,30.85,49.17,9.84,90,75.49,17
5600,20221005600,68.51,76.24,68.85,71.2,15.24,94,72.31,21
5601,20221005601,78.32,81.39,92.45,84.05,13.11,89,60.21,44
5602,20221005602,40.79,57.79,69.26,55.95,22.64,96,80.46,31
5603,20221005603,38.9,20,29.32,29.41,2,87,71.71,24
5604,20221005604,49.75,39.67,26.52,38.65,16.76,68,46.54,37
5605,20221005605,43.28,38.35,20,33.88,18.74,83,100,24
5606,20221005606,46.18,50.33,47.51,48.01,11.63,73,79.47,21
5607,20221005607,37.17,46.65,42.96,42.26,20.26,87,43.49,5
5608,20221005608,49.09,53.07,39.82,47.33,11.19,85,84.84,16
5609,20221005609,53.37,47.93,51.05,50.78,15.96,97,74.28,25
5610,20221005610,70.39,50.43,42.52,54.45,7.64,81,49.66,66
5611,20221005611,77.2,47.95,54.11,59.75,13.36,81,80.46,30
5612,20221005612,37.06,24.69,24.69,28.81,26.06,79,62.17,17
5613,20221005613,31.32,22.05,29.14,27.5,17.74,85,60.2,20
5614,20221005614,65.22,41.21,30.9,45.78,11.66,80,55.98,23
5615,20221005615,50.66,41.78,46.38,46.27,7.65,79,50.22,8
5616,20221005616,42.99,43.6,20,35.53,10.09,73,93.03,27
5617,20221005617,31.37,53.21,55.22,46.6,11.74,85,45.17,38
5618,20221005618,33.1,40.17,54.92,42.73,13.29,93,52.95,16
5619,20221005619,39.4,34.46,61.21,45.02,19.03,100,60.51,21
5620,20221005620,49.15,74.68,59.33,61.05,23.94,96,80.69,58
5621,20221005621,39.84,38.02,37.38,38.41,6.49,89,48.81,11
5622,20221005622,43.14,38.79,30.06,37.33,8.96,66,73.2,50
5623,20221005623,42.96,66.26,56.75,55.32,12.37,91,48.37,61
5624,20221005624,57.94,53.08,45.18,52.07,17.29,96,84.64,44
5625,20221005625,38.2,68.58,82.41,63.06,20.97,91,92.94,35
5626,20221005626,28.25,26.37,38.31,30.98,7.6,80,84.94,33
5627,20221005627,55.91,48.8,53.62,52.78,24.7,99,84.81,24
5628,20221005628,54.46,56.84,54.39,55.23,17.08,73,53.82,28
5629,20221005629,89.73,79.64,75.43,81.6,17.15,89,100,11
5630,20221005630,42.03,52.14,44.56,46.24,15.58,78,79.73,45
5631,20221005631,62.01,75.93,81.63,73.19,13.85,100,60.29,15
5632,20221005632,63.2,51.23,69.96,61.46,16.45,77,87.94,7
5633,20221005633,71.08,74.06,73.85,73.0,15.03,98,62.06,25
5634,20221005634,49.51,64.82,89.83,68.05,4.46,85,92.67,5
5635,20221005635,62.24,70.38,65.53,66.05,16.16,90,81.3,32
5636,20221005636,29.42,28.23,21.49,26.38,18.92,94,39.36,58
5637,20221005637,32.06,30.37,31.85,31.43,13.96,81,65.05,15
5638,20221005638,56.02,50.54,40.91,49.16,8.48,81,92.29,82
5639,20221005639,48.39,50.56,45.23,48.06,25.33,90,75.34,15
5640,20221005640,43.86,32.54,40.61,39.0,21.81,93,77.71,16
5641,20221005641,29.85,42.84,61.15,44.61,14.79,98,78.49,58
5642,20221005642,30.33,53.45,52.22,45.33,17.2,91,70.15,17
5643,20221005643,62.2,79.99,61.37,67.85,15.03,100,54.31,17
5644,20221005644,82.07,100,99.54,93.87,17.96,93,80.91,27
5645,20221005645,42.95,55.97,74.68,57.87,16.56,80,98.96,17
5646,20221005646,43.82,29.21,36.93,36.65,16.06,71,78.18,27
5647,20221005647,44.33,47.8,51.09,47.74,11.77,99,72.23,12
5648,20221005648,74.52,73.66,77.45,75.21,14.11,87,32.18,24
5649,20221005649,36.25,42.01,35.82,38.03,24.66,97,90.82,41
5650,20221005650,63.31,52.18,41.66,52.38,21.89,100,100,40
5651,20221005651,37.37,35.74,43.53,38.88,13.68,91,63.57,18
5652,20221005652,65.5,90.73,87.85,81.36,11.73,86,100,38
5653,20221005653,73.69,79.61,73.01,75.44,18.65,100,94.46,45
5654,20221005654,49.95,61.93,38.87,50.25,15.68,90,87.66,24
5655,20221005655,63.25,80.58,71.87,71.9,31.62,77,100,24
5656,20221005656,47.3,47.92,33.57,42.93,15.9,96,84.66,18
5657,20221005657,72.36,75.82,68.81,72.33,12.78,94,91.0,17
5658,20221005658,45.89,43.27,61.35,50.17,11.27,96,83.2,27
5659,20221005659,66.82,81.76,72.51,73.7,5.31,93,39.45,15
5660,20221005660,54.42,54.9,53.42,54.25,14.74,84,60.34,16
5661,20221005661,70.88,68.06,82.61,73.85,15.29,100,55.4,16
5662,20221005662,42.04,32.74,35.36,36.71,21.28,100,90.18,22
5663,20221005663,85.14,97.31,92.66,91.7,19.37,97,92.29,24
5664,20221005664,63.06,66.24,57.59,62.3,17.15,100,48.83,14
5665,20221005665,54.33,59.1,54.11,55.85,17.62,79,88.68,39
5666,20221005666,45.06,49.57,59.6,51.41,9.92,73,41.47,26
5667,20221005667,56.91,71.72,66.88,65.17,19.43,96,89.23,39
5668,20221005668,37.89,46.04,39.95,41.29,2,82,74.46,10
5669,20221005669,63.57,46.01,55.49,55.02,18.82,90,85.46,31
5670,20221005670,77.39,67.75,72.56,72.57,20.33,73,51.57,48
5671,20221005671,55.93,46.43,47.52,49.96,20.63,77,84.68,25
5672,20221005672,57.13,52.27,45.19,51.53,14.22,100,56.41,20
5673,20221005673,76.39,80.76,88.77,81.97,19.98,100,87.96,6
5674,20221005674,54.78,38.21,47.81,46.93,18.44,92,52.21,33
5675,20221005675,36.99,46.68,48.98,44.22,24.57,87,67.45,68
5676,20221005676,75.26,78.96,73.17,75.8,9.28,89,93.58,18
5677,20221005677,74.98,70.77,77.51,74.42,11.09,68,73.18,11
5678,20221005678,54.61,57.16,67.66,59.81,13.98,80,56.44,17
5679,20221005679,70.28,58.31,61.88,63.49,11.29,87,55.03,15
5680,20221005680,38.85,49.72,48.71,45.76,9.49,85,43.57,34
5681,20221005681,54.06,61.78,56.15,57.33,23.2,84,75.83,40
5682,20221005682,73.73,79.89,66.82,73.48,12.26,92,93.36,17
5683,20221005683,40.75,56.3,71.46,56.17,24.13,100,39.17,20
5684,20221005684,66.78,59.9,65.96,64.21,12.13,89,55.02,14
5685,20221005685,42.58,57.03,73.38,57.66,6.21,92,97.15,21
5686,20221005686,74.88,64.82,59.31,66.34,25.98,100,68.96,54
5687,20221005687,41.41,43.24,43.41,42.69,14.26,98,92.03,11
5688,20221005688,33.06,20,26.12,26.39,18.41,100,46.11,8
5689,20221005689,65.13,49.65,55.67,56.82,15.48,90,90.44,23
5690,20221005690,41.0,28.77,22.77,30.85,18.32,96,61.35,47
5691,20221005691,51.17,41.07,43.7,45.31,20.43,86,87.67,32
5692,20221005692,50.1,41.21,34.02,41.78,22.03,86,75.34,61
5693,20221005693,38.81,43.98,45.33,42.71,22.09,83,51.1,62
5694,20221005694,53.16,28.46,29.6,37.07,22.46,94,38.71,33
5695,20221005695,76.43,79.88,76.29,77.53,17.69,78,67.72,12
5696,20221005696,54.77,57.32,72.96,61.68,12.48,92,36.01,54
5697,20221005697,64.55,66.88,76.36,69.26,14.57,100,42.3,21
5698,20221005698,64.41,75.23,87.09,75.58,20.12,100,71.03,16
5699,20221005699,57.72,67.9,69.83,65.15,13.84,87,67.78,12
5700,20221005700,46.6,81.51,85.23,71.11,17.33,92,48.64,37
5701,20221005701,45.84,41.54,44.63,44.0,18.48,95,60.8,31
5702,20221005702,40.25,62.35,57.63,53.41,12.96,82,59.85,18
5703,20221005703,41.02,55.85,54.15,50.34,12.43,76,75.02,37
5704,20221005704,65.85,67.23,42.06,58.38,10.72,69,84.74,28
5705,20221005705,61.46,58.63,68.11,62.73,18.45,75,93.13,111
5706,20221005706,38.31,49.66,29.48,39.15,26.17,91,96.28,18
5707,20221005707,67.97,46.99,57.74,57.57,20.38,83,100,31
5708,20221005708,66.33,59.56,57.07,60.99,20.27,80,56.41,23
5709,20221005709,75.6,83.79,70.9,76.76,31.49,95,38.98,54
5710,20221005710,57.78,80.31,81.95,73.35,20.64,75,80.32,20
5711,20221005711,66.97,73.84,76.65,72.49,14.21,80,62.37,60
5712,20221005712,60.2,20,20,33.4,9.47,84,74.9,63
5713,20221005713,54.06,81.69,60.63,65.46,18.98,88,43.58,14
5714,20221005714,60.99,72.64,70.12,67.92,2,94,98.33,25
5715,20221005715,67.76,74.69,69.42,70.62,15.04,80,69.58,30
5716,20221005716,60.8,43.21,49.1,51.04,6.4,88,56.29,32
5717,20221005717,54.75,59.1,61.74,58.53,13.87,84,100,40
5718,20221005718,42.28,37.5,40.32,40.03,11.21,87,60.03,16
5719,20221005719,51.55,56.59,62.25,56.8,12.52,100,78.82,29
5720,20221005720,74.5,73.06,70.7,72.75,14.18,87,46.26,53
5721,20221005721,57.01,42.59,54.08,51.23,6.24,95,70.22,17
5722,20221005722,48.37,60.05,53.85,54.09,10.81,72,76.97,18
5723,20221005723,35.43,36.5,23.45,31.79,19.4,100,51.0,17
5724,20221005724,64.68,61.49,71.79,65.99,20.93,91,50.94,34
5725,20221005725,56.16,56.78,59.56,57.5,22.59,85,96.32,23
5726,20221005726,52.41,56.82,57.8,55.68,16.85,76,90.99,23
5727,20221005727,53.81,40.36,44.95,46.37,12.83,90,77.47,84
5728,20221005728,51.13,50.34,48.52,50.0,8.83,100,70.52,16
5729,20221005729,26.33,46.96,44.0,39.1,14.03,95,64.38,21
5730,20221005730,39.47,20,20,26.49,21.22,79,40.98,22
5731,20221005731,83.6,63.49,64.66,70.58,25.71,98,92.2,85
5732,20221005732,28.16,20,20,22.72,17.42,100,71.77,19
5733,20221005733,82.27,88.72,84.36,85.12,21.52,86,57.11,37
5734,20221005734,44.96,28.06,30.11,34.38,16.88,96,84.26,84
5735,20221005735,61.43,54.93,61.65,59.34,16.43,82,88.48,21
5736,20221005736,33.72,25.91,26.23,28.62,23.34,88,63.81,9
5737,20221005737,41.89,40.39,51.25,44.51,26.44,82,42.43,65
5738,20221005738,83.25,87.5,100,90.25,21.75,96,100,11
5739,20221005739,56.24,63.45,45.17,54.95,15.01,84,58.02,24
5740,20221005740,58.26,58.01,72.13,62.8,16.59,77,100,9
5741,20221005741,67.06,64.79,61.23,64.36,16.59,76,80.88,24
5742,20221005742,44.06,35.68,44.75,41.5,10.76,77,66.87,37
5743,20221005743,49.4,39.3,49.82,46.17,7.26,82,54.01,15
5744,20221005744,30.56,36.75,24.97,30.76,15.28,89,57.02,12
5745,20221005745,42.77,27.02,20,29.93,8.74,93,67.76,17
5746,20221005746,73.12,69.85,61.48,68.15,16.74,88,80.17,18
5747,20221005747,68.69,72.94,70.18,70.6,28.39,100,46.9,36
5748,20221005748,42.98,45.41,40.36,42.92,22.06,88,67.26,20
5749,20221005749,40.31,43.49,27.73,37.18,15.64,97,53.89,50
5750,20221005750,75.02,71.76,75.1,73.96,25.24,73,78.14,27
5751,20221005751,39.25,33.47,39.62,37.45,23.59,90,81.03,27
5752,20221005752,71.81,66.86,57.17,65.28,27.99,81,47.71,45
5753,20221005753,46.31,33.91,41.63,40.62,15.81,87,51.2,18
5754,20221005754,69.41,69.33,67.94,68.89,14.97,82,93.95,42
5755,20221005755,34.78,42.61,40.72,39.37,19.49,81,95.0,11
5756,20221005756,70.29,81.59,76.37,76.08,8.3,81,47.21,6
5757,20221005757,51.95,54.22,55.23,53.8,12.54,77,84.79,50
5758,20221005758,78.45,61.9,58.85,66.4,20.1,76,89.53,26
5759,20221005759,50.04,44.36,42.44,45.61,20.6,72,87.38,15
5760,20221005760,71.13,69.72,58.52,66.46,21.49,69,54.89,42
5761,20221005761,33.69,48.41,43.92,42.01,23.12,94,100,21
5762,20221005762,28.59,35.24,52.69,38.84,16.79,82,74.63,13
5763,20221005763,66.31,72.42,66.09,68.27,14.0,92,47.83,33
5764,20221005764,39.55,43.31,48.18,43.68,10.3,86,45.06,22
5765,20221005765,39.35,34.05,35.47,36.29,8.29,87,71.09,25
5766,20221005766,55.54,60.11,61.5,59.05,6.17,100,58.58,23
5767,20221005767,64.22,92.85,92.08,83.05,15.9,59,87.2,10
5768,20221005768,80.73,71.41,62.34,71.49,20.4,75,83.08,60
5769,20221005769,50.52,47.39,52.85,50.25,17.3,93,65.22,62
5770,20221005770,56.89,66.39,88.99,70.76,18.99,100,94.79,24
5771,20221005771,47.24,46.06,65.98,53.09,8.03,96,62.13,13
5772,20221005772,25.08,29.24,42.35,32.22,7.07,92,54.43,40
5773,20221005773,60.44,59.65,65.36,61.82,17.23,73,60.3,51
5774,20221005774,67.44,61.37,42.58,57.13,14.46,99,63.17,51
5775,20221005775,45.36,43.08,39.93,42.79,17.07,90,72.86,11
5776,20221005776,61.76,74.37,64.14,66.76,22.03,79,69.13,43
5777,20221005777,70.3,61.96,75.55,69.27,26.9,92,38.66,15
5778,20221005778,34.93,33.57,43.57,37.36,10.98,100,47.14,25
5779,20221005779,50.61,36.5,45.8,44.3,6.99,92,81.91,64
5780,20221005780,57.29,53.45,55.25,55.33,14.89,79,56.4,10
5781,20221005781,38.07,21.69,20,26.59,20.62,75,70.87,6
5782,20221005782,40.21,33.35,28.67,34.08,15.68,82,71.28,10
5783,20221005783,42.41,47.26,39.51,43.06,13.59,91,34.82,33
5784,20221005784,55.41,35.3,34.65,41.79,3.57,78,42.24,6
5785,20221005785,46.45,37.77,36.27,40.16,22.36,100,74.78,20
5786,20221005786,41.64,31.51,26.15,33.1,8.61,92,57.23,29
5787,20221005787,67.98,67.11,53.86,62.98,19.9,82,64.38,14
5788,20221005788,46.29,40.45,59.45,48.73,10.42,89,96.69,15
5789,20221005789,37.69,26.0,20,27.9,22.88,88,41.26,24
5790,20221005790,66.01,68.93,68.46,67.8,13.55,83,58.04,36
5791,20221005791,69.38,65.21,80.83,71.81,18.29,79,55.45,32
5792,20221005792,44.08,31.77,29.66,35.17,19.86,90,87.71,17
5793,20221005793,78.06,68.3,71.53,72.63,14.78,95,30.67,36
5794,20221005794,47.96,53.91,43.25,48.37,7.35,99,67.76,44
5795,20221005795,57.64,69.9,83.48,70.34,13.53,79,84.12,12
5796,20221005796,59.85,60.02,65.95,61.94,15.58,100,61.7,15
5797,20221005797,82.08,98.14,81.64,87.29,29.92,96,100,38
5798,20221005798,26.8,20,27.19,24.66,9.83,72,68.89,17
5799,20221005799,52.01,59.43,33.96,48.47,9.88,89,46.4,42
5800,20221005800,83.57,83.08,81.79,82.81,17.95,82,76.73,50
5801,20221005801,43.29,49.54,63.51,52.11,17.78,87,47.48,17
5802,20221005802,43.77,23.06,32.84,33.22,2.42,86,72.91,19
5803,20221005803,37.05,20,20,25.68,17.2,91,93.43,24
5804,20221005804,68.6,61.85,71.2,67.22,17.19,84,73.18,53
5805,20221005805,54.53,62.62,38.1,51.75,20.13,73,97.02,10
5806,20221005806,41.36,48.36,57.07,48.93,15.19,78,65.74,32
5807,20221005807,27.83,25.52,47.72,33.69,23.98,78,46.41,48
5808,20221005808,57.47,84.92,85.76,76.05,13.24,77,92.95,26
5809,20221005809,57.73,66.56,81.88,68.72,12.63,78,66.59,27
5810,20221005810,70.5,90.68,89.78,83.65,13.79,81,73.76,46
5811,20221005811,54.03,45.49,29.15,42.89,21.06,89,79.57,14
5812,20221005812,50.89,42.5,47.18,46.86,11.23,100,86.21,47
5813,20221005813,45.19,59.72,53.34,52.75,8.95,76,71.76,67
5814,20221005814,32.37,42.88,31.91,35.72,18.51,97,81.27,22
5815,20221005815,51.89,54.28,56.63,54.27,11.75,79,57.01,44
5816,20221005816,68.2,46.79,61.22,58.74,13.04,86,78.6,20
5817,20221005817,44.22,40.3,48.08,44.2,19.81,88,59.07,26
5818,20221005818,44.53,36.76,32.95,38.08,22.15,91,58.33,26
5819,20221005819,75.87,60.44,57.25,64.52,15.63,92,95.78,28
5820,20221005820,45.07,41.48,20.87,35.81,14.39,81,41.22,14
5821,20221005821,53.98,47.31,32.37,44.55,9.7,83,77.54,33
5822,20221005822,37.19,36.11,44.91,39.4,14.6,81,52.49,17
5823,20221005823,56.86,37.81,38.87,44.51,28.98,81,82.03,35
5824,20221005824,31.31,38.63,32.63,34.19,12.99,93,78.47,46
5825,20221005825,33.98,20,20,24.66,17.28,100,39.07,105
5826,20221005826,35.63,29.24,47.07,37.31,25.79,98,45.86,78
5827,20221005827,83.69,88.42,98.49,90.2,15.39,92,86.42,59
5828,20221005828,35.94,47.79,40.45,41.39,17.06,100,100,28
5829,20221005829,59.78,50.88,48.95,53.2,15.34,95,70.67,55
5830,20221005830,61.6,83.63,86.16,77.13,17.17,100,81.22,15
5831,20221005831,48.7,52.78,39.92,47.13,8.33,100,77.57,13
5832,20221005832,31.4,20,20,23.8,24.86,80,92.13,7
5833,20221005833,43.69,49.1,44.25,45.68,21.38,80,100,20
5834,20221005834,62.89,52.04,65.45,60.13,18.94,88,45.97,20
5835,20221005835,36.29,30.03,20,28.77,22.56,96,87.53,37
5836,20221005836,68.59,60.04,60.36,63.0,29.25,89,38.43,13
5837,20221005837,23.04,30.12,48.38,33.85,16.04,61,51.54,38
5838,20221005838,66.82,65.8,63.77,65.46,13.95,88,61.86,35
5839,20221005839,62.52,59.29,55.14,58.98,5.83,86,71.0,8
5840,20221005840,63.2,65.1,74.99,67.76,18.4,91,56.04,9
5841,20221005841,51.21,32.48,42.83,42.17,16.85,99,87.15,37
5842,20221005842,58.88,55.21,45.7,53.26,11.67,92,62.84,20
5843,20221005843,48.8,40.08,22.13,37.0,17.62,76,44.15,49
5844,20221005844,61.41,61.04,57.04,59.83,14.26,83,85.72,10
5845,20221005845,81.56,87.29,79.75,82.87,7.12,83,77.82,28
5846,20221005846,71.88,50.96,66.77,63.2,14.27,62,62.45,23
5847,20221005847,43.59,42.98,38.93,41.83,29.66,80,100,25
5848,20221005848,82.15,78.73,82.14,81.01,32.16,82,54.63,25
5849,20221005849,40.03,41.95,40.49,40.82,14.91,72,62.05,6
5850,20221005850,35.77,20,27.98,27.92,16.36,59,42.09,18
5851,20221005851,44.48,39.84,40.8,41.71,14.85,100,62.75,13
5852,20221005852,55.24,50.54,57.38,54.39,10.04,82,91.39,43
5853,20221005853,33.15,38.25,20,30.47,13.37,67,38.7,23
5854,20221005854,21.61,32.47,29.55,27.88,21.8,100,92.61,20
5855,20221005855,33.17,20,22.14,25.1,24.61,68,61.88,16
5856,20221005856,37.07,53.34,67.82,52.74,9.97,97,97.06,40
5857,20221005857,42.08,39.48,58.6,46.72,18.6,100,81.43,43
5858,20221005858,64.54,58.62,70.16,64.44,15.55,85,49.12,98
5859,20221005859,48.71,51.26,33.06,44.34,14.14,93,61.74,29
5860,20221005860,42.48,49.99,55.91,49.46,11.68,76,61.63,29
5861,20221005861,72.11,54.19,56.93,61.08,2,85,97.14,23
5862,20221005862,63.91,68.22,76.67,69.6,25.95,89,59.96,25
5863,20221005863,58.8,69.18,55.31,61.1,2.88,85,81.72,40
5864,20221005864,69.95,61.27,65.51,65.58,15.43,100,55.45,37
5865,20221005865,46.35,31.05,20.06,32.49,8.13,81,68.77,16
5866,20221005866,46.99,61.54,63.31,57.28,11.24,99,74.84,60
5867,20221005867,70.48,60.69,37.37,56.18,15.1,91,39.52,44
5868,20221005868,64.82,73.92,71.15,69.96,18.04,66,72.9,77
5869,20221005869,58.59,62.75,71.46,64.27,14.55,91,96.77,29
5870,20221005870,64.14,68.32,61.11,64.52,14.73,86,65.47,5
5871,20221005871,37.69,38.89,31.47,36.02,11.29,85,48.33,18
5872,20221005872,84.16,79.52,82.66,82.11,20.1,89,79.5,79
5873,20221005873,20,40.27,41.2,33.82,13.98,91,30,19
5874,20221005874,26.58,20,20,22.19,13.12,94,48.87,35
5875,20221005875,41.2,35.18,37.15,37.84,14.21,88,37.21,18
5876,20221005876,36.0,30.07,31.37,32.48,22.48,81,62.77,26
5877,20221005877,52.96,50.43,63.1,55.5,22.07,86,50.67,27
5878,20221005878,66.71,70.47,75.56,70.91,19.69,89,68.19,28
5879,20221005879,49.66,50.13,49.06,49.62,27.16,100,89.53,11
5880,20221005880,39.68,39.46,52.61,43.92,19.13,90,69.6,51
5881,20221005881,56.98,41.9,42.45,47.11,23.37,84,75.64,16
5882,20221005882,72.3,78.68,90.2,80.39,25.66,68,59.28,39
5883,20221005883,74.48,67.71,51.11,64.43,15.95,87,66.7,9
5884,20221005884,63.84,57.67,46.91,56.14,12.31,100,53.85,22
5885,20221005885,41.99,20,27.09,29.69,6.38,83,70.19,14
5886,20221005886,42.53,47.16,25.23,38.31,18.49,91,36.72,27
5887,20221005887,36.86,52.3,52.6,47.25,8.78,87,61.46,6
5888,20221005888,50.45,56.5,67.54,58.16,17.32,86,39.16,20
5889,20221005889,44.03,20.09,28.98,31.03,13.72,95,61.99,97
5890,20221005890,49.2,47.56,38.75,45.17,21.82,91,100,7
5891,20221005891,76.93,75.53,62.91,71.79,19.46,100,98.48,24
5892,20221005892,82.29,70.25,74.64,75.73,20.47,100,96.73,37
5893,20221005893,52.64,61.66,65.75,60.02,13.27,82,69.98,27
5894,20221005894,58.76,52.65,49.59,53.67,25.78,90,51.53,33
5895,20221005895,40.9,29.16,20.13,30.06,12.0,100,57.18,35
5896,20221005896,70.27,70.49,69.06,69.94,19.21,68,36.07,41
5897,20221005897,58.09,41.62,42.32,47.34,15.8,89,54.91,40
5898,20221005898,77.9,74.54,71.59,74.68,11.47,100,65.06,23
5899,20221005899,42.49,48.02,48.58,46.36,13.82,100,79.69,81
5900,20221005900,57.51,80.74,74.31,70.85,4.15,86,80.39,27
5901,20221005901,63.12,63.35,40.07,55.51,11.63,87,90.28,59
5902,20221005902,40.44,55.94,60.19,52.19,19.37,100,93.97,11
5903,20221005903,70.13,84.79,86.24,80.39,13.53,97,58.06,26
5904,20221005904,59.62,50.31,51.31,53.75,5.16,72,63.33,41
5905,20221005905,59.19,58.83,62.7,60.24,32.09,94,91.01,21
5906,20221005906,52.32,60.46,83.52,65.43,13.89,75,85.77,14
5907,20221005907,46.79,53.41,49.69,49.96,14.01,93,52.36,25
5908,20221005908,74.24,72.59,72.52,73.12,16.22,92,97.27,19
5909,20221005909,73.61,82.57,81.64,79.27,5.17,80,87.46,20
5910,20221005910,61.49,72.66,72.08,68.74,12.54,94,77.5,35
5911,20221005911,60.38,45.83,44.04,50.08,16.77,76,61.22,10
5912,20221005912,64.53,52.58,51.1,56.07,13.62,80,94.0,52
5913,20221005913,36.81,34.86,36.94,36.2,31.58,75,100,12
5914,20221005914,48.59,55.68,63.05,55.77,4.13,71,40.97,9
5915,20221005915,45.8,50.73,43.46,46.66,18.92,86,79.05,14
5916,20221005916,87.2,71.34,74.96,77.83,17.96,84,84.88,23
5917,20221005917,57.02,70.9,76.28,68.07,21.8,83,73.45,15
5918,20221005918,73.21,79.05,73.31,75.19,9.94,81,48.32,33
5919,20221005919,39.1,46.75,55.84,47.23,23.67,88,74.33,80
5920,20221005920,53.47,61.15,75.21,63.28,18.5,89,62.11,24
5921,20221005921,39.32,42.01,40.81,40.71,8.25,82,81.98,15
5922,20221005922,32.24,20,28.29,26.84,18.17,100,64.98,25
5923,20221005923,41.05,22.5,30.5,31.35,6.56,89,100,7
5924,20221005924,55.29,47.76,42.31,48.45,12.93,85,71.93,11
5925,20221005925,44.22,29.88,20,31.37,7.48,89,56.37,24
5926,20221005926,48.14,45.76,42.42,45.44,5.35,84,51.41,63
5927,20221005927,72.82,85.57,93.71,84.03,14.06,84,78.76,11
5928,20221005928,61.78,64.83,71.88,66.16,9.68,100,52.46,20
5929,20221005929,52.08,53.04,56.53,53.88,22.72,94,78.07,44
5930,20221005930,41.15,39.05,37.29,39.16,13.47,83,74.48,37
5931,20221005931,70.87,91.59,91.23,84.56,12.71,100,77.52,7
5932,20221005932,48.27,71.79,74.67,64.91,21.88,82,42.98,22
5933,20221005933,57.92,55.84,60.56,58.11,16.27,83,75.37,57
5934,20221005934,82.17,100,89.68,90.62,10.34,91,91.29,17
5935,20221005935,75.56,72.52,88.87,78.98,11.33,86,63.47,53
5936,20221005936,35.0,47.88,50.3,44.39,10.88,68,76.18,41
5937,20221005937,38.37,36.61,48.49,41.16,13.09,94,87.65,47
5938,20221005938,87.4,92.46,100,93.29,22.76,95,93.0,71
5939,20221005939,66.46,61.1,59.74,62.43,25.44,79,77.44,107
5940,20221005940,61.19,85.18,100,82.12,23.69,83,99.04,31
5941,20221005941,60.55,59.8,56.61,58.99,8.06,90,100,36
5942,20221005942,48.24,60.32,62.69,57.08,10.0,80,92.79,14
5943,20221005943,54.43,60.83,63.54,59.6,22.36,84,91.67,28
5944,20221005944,60.0,52.87,68.88,60.58,21.6,79,90.46,26
5945,20221005945,45.53,46.77,44.35,45.55,25.24,93,49.52,5
5946,20221005946,31.32,47.1,37.44,38.62,13.47,96,43.3,20
5947,20221005947,61.01,57.55,57.37,58.64,19.15,100,48.51,13
5948,20221005948,33.05,31.14,25.95,30.05,12.57,99,31.18,86
5949,20221005949,48.23,50.28,37.45,45.32,21.42,63,49.53,14
5950,20221005950,44.64,52.12,56.51,51.09,14.32,100,65.94,80
5951,20221005951,48.68,35.66,20,34.78,18.01,89,67.07,30
5952,20221005952,53.37,49.54,59.15,54.02,18.51,89,100,43
5953,20221005953,43.52,61.3,57.74,54.19,21.02,92,64.31,22
5954,20221005954,54.18,44.38,44.7,47.75,15.07,93,54.52,44
5955,20221005955,53.07,62.29,61.04,58.8,19.96,96,89.51,29
5956,20221005956,66.29,64.64,77.09,69.34,7.97,93,84.35,28
5957,20221005957,68.4,46.23,34.01,49.55,16.01,91,41.93,48
5958,20221005958,67.59,68.64,81.51,72.58,22.42,80,81.02,11
5959,20221005959,73.17,69.15,68.27,70.2,11.28,72,49.93,50
5960,20221005960,20,21.04,31.86,24.3,10.4,94,38.5,15
5961,20221005961,65.99,81.93,92.53,80.15,21.71,77,67.41,26
5962,20221005962,36.09,27.69,20,27.93,2.18,92,99.62,15
5963,20221005963,69.74,63.64,71.22,68.2,7.95,94,67.44,36
5964,20221005964,59.19,47.36,48.82,51.79,21.81,94,49.81,51
5965,20221005965,52.27,45.96,52.37,50.2,10.99,77,88.74,17
5966,20221005966,61.0,73.73,48.34,61.02,21.87,68,83.84,67
5967,20221005967,82.21,84.92,67.83,78.32,22.39,100,88.71,53
5968,20221005968,54.5,43.79,34.74,44.34,19.8,100,68.9,47
5969,20221005969,64.49,58.22,57.56,60.09,14.49,82,100,45
5970,20221005970,58.87,42.7,36.47,46.01,14.27,98,100,27
5971,20221005971,67.25,68.59,85.17,73.67,8.29,80,74.83,17
5972,20221005972,39.5,40.35,44.62,41.49,33.54,99,48.4,15
5973,20221005973,71.63,75.3,83.13,76.69,21.28,100,88.85,83
5974,20221005974,33.16,41.02,37.02,37.07,12.66,84,50.39,31
5975,20221005975,76.0,72.82,67.05,71.96,7.41,82,72.53,35
5976,20221005976,83.68,75.3,84.04,81.01,17.07,87,84.22,11
5977,20221005977,66.1,62.8,65.08,64.66,15.81,77,39.92,58
5978,20221005978,56.57,38.4,55.25,50.07,10.49,97,100,41
5979,20221005979,44.81,38.63,39.29,40.91,23.93,86,55.68,29
5980,20221005980,27.43,55.35,62.89,48.56,20.06,92,60.94,108
5981,20221005981,67.81,65.57,63.32,65.57,23.91,96,89.66,21
5982,20221005982,39.72,42.49,41.68,41.3,24.74,90,82.51,42
5983,20221005983,31.54,20,37.43,29.66,28.3,90,45.93,8
5984,20221005984,88.17,100,100,96.06,9.14,81,94.22,37
5985,20221005985,34.89,55.29,64.4,51.53,23.21,82,84.74,39
5986,20221005986,33.56,45.69,60.75,46.67,17.48,83,54.47,23
5987,20221005987,48.84,31.07,20,33.3,28.64,89,92.76,23
5988,20221005988,72.63,70.7,72.51,71.95,14.07,86,56.11,31
5989,20221005989,71.2,55.3,56.25,60.92,11.38,94,82.02,77
5990,20221005990,54.16,38.25,33.75,42.05,22.62,72,53.27,42
5991,20221005991,52.86,40.0,44.93,45.93,14.47,89,80.42,26
5992,20221005992,80.43,70.08,62.35,70.95,13.27,65,68.97,51
5993,20221005993,45.14,37.91,34.51,39.19,9.2,87,67.39,23
5994,20221005994,49.89,46.02,32.94,42.95,12.55,92,89.13,14
5995,20221005995,48.76,54.78,49.99,51.18,10.32,94,56.7,16
5996,20221005996,70.17,83.07,81.76,78.33,5.15,96,68.9,20
5997,20221005997,48.07,33.94,35.91,39.31,11.91,87,88.79,29
5998,20221005998,48.98,57.03,62.98,56.33,14.97,100,31.48,24
5999,20221005999,24.7,20,20,21.57,18.79,86,100,12
6000,20221006000,56.16,58.48,55.63,56.76,15.28,77,70.32,26
6001,20221006001,57.62,48.93,55.69,54.08,19.31,91,83.51,31
6002,20221006002,70.01,60.29,52.28,60.86,17.98,89,100,12
6003,20221006003,34.31,43.58,30.55,36.15,7.64,86,72.09,45
6004,20221006004,47.5,64.9,69.66,60.69,13.66,83,48.5,17
6005,20221006005,34.63,42.6,50.89,42.71,7.85,83,97.82,29
6006,20221006006,46.19,58.7,56.32,53.74,23.52,77,68.42,13
6007,20221006007,54.67,41.62,26.84,41.04,18.12,79,81.01,22
6008,20221006008,57.56,66.12,79.1,67.59,18.46,81,62.24,11
6009,20221006009,38.12,20,28.78,28.97,14.86,96,94.56,86
6010,20221006010,51.75,30.72,54.63,45.7,19.85,84,65.33,42
6011,20221006011,68.43,52.02,64.59,61.68,6.91,76,88.66,20
6012,20221006012,79.96,99.4,94.57,91.31,13.47,78,100,12
6013,20221006013,48.72,35.35,28.88,37.65,17.47,100,79.51,22
6014,20221006014,47.26,48.78,42.03,46.02,10.21,91,60.94,21
6015,20221006015,36.53,43.16,51.29,43.66,13.21,87,76.05,12
6016,20221006016,48.65,61.04,71.71,60.47,9.18,98,44.25,21
6017,20221006017,57.82,49.21,56.4,54.48,14.39,93,100,33
6018,20221006018,51.94,60.0,51.96,54.63,23.07,88,53.11,11
6019,20221006019,78.5,81.31,69.74,76.52,13.99,90,94.27,13
6020,20221006020,47.74,39.65,28.84,38.74,12.37,93,70.37,27
6021,20221006021,65.49,75.1,81.23,73.94,10.07,92,74.54,27
6022,20221006022,68.61,80.81,67.91,72.44,11.48,85,88.13,24
6023,20221006023,57.68,27.2,20,34.96,15.66,89,69.7,52
6024,20221006024,79.1,88.07,82.37,83.18,20.84,98,64.91,14
6025,20221006025,50.94,46.32,43.69,46.98,16.23,100,67.28,90
6026,20221006026,56.09,42.01,28.75,42.28,10.91,94,99.0,6
6027,20221006027,72.88,76.84,66.73,72.15,25.78,84,66.03,16
6028,20221006028,79.14,85.11,70.46,78.24,26.8,93,51.65,69
6029,20221006029,59.02,51.92,59.52,56.82,11.41,79,80.4,15
6030,20221006030,60.17,53.64,46.7,53.5,19.95,97,97.83,49
6031,20221006031,63.02,56.93,49.74,56.56,24.96,91,97.26,33
6032,20221006032,56.13,55.25,58.35,56.58,11.81,77,45.76,19
6033,20221006033,48.11,55.25,54.96,52.77,12.64,75,77.48,80
6034,20221006034,56.27,47.92,30.57,44.92,18.11,76,100,30
6035,20221006035,57.22,56.65,44.59,52.82,2,82,40.06,36
6036,20221006036,66.19,81.83,99.86,82.63,16.45,93,39.32,35
6037,20221006037,66.47,75.31,85.33,75.7,17.09,80,80.25,24
6038,20221006038,72.44,74.81,77.51,74.92,15.3,87,97.33,48
6039,20221006039,51.57,61.98,62.72,58.76,12.87,100,79.18,25
6040,20221006040,82.97,80.35,77.25,80.19,16.7,92,49.35,23
6041,20221006041,47.65,36.98,40.93,41.85,28.02,91,88.69,42
6042,20221006042,40.62,20,20,26.87,2.77,88,83.1,30
6043,20221006043,35.95,57.45,37.42,43.61,14.07,96,63.48,6
6044,20221006044,62.68,50.71,35.18,49.52,10.85,100,61.64,49
6045,20221006045,49.63,43.06,41.33,44.67,7.73,72,39.9,18
6046,20221006046,54.39,64.08,67.19,61.89,20.74,90,42.43,49
6047,20221006047,46.49,54.87,50.57,50.64,2,90,74.86,21
6048,20221006048,38.57,31.02,27.84,32.48,16.38,84,71.34,13
6049,20221006049,62.55,55.32,37.37,51.75,9.51,76,52.83,19
6050,20221006050,65.12,56.12,59.06,60.1,13.12,90,57.26,22
6051,20221006051,30.58,20,20,23.53,19.19,90,52.86,12
6052,20221006052,67.53,60.2,73.73,67.15,23.72,85,43.64,53
6053,20221006053,42.82,52.15,62.64,52.54,11.44,96,48.21,51
6054,20221006054,45.11,42.3,39.93,42.45,20.66,75,76.1,25
6055,20221006055,84.73,70.67,70.48,75.29,26.07,91,95.32,121
6056,20221006056,60.1,49.13,31.97,47.07,17.04,85,98.61,104
6057,20221006057,50.72,58.68,59.08,56.16,26.84,71,52.76,8
6058,20221006058,52.06,45.88,48.8,48.91,12.28,82,75.88,19
6059,20221006059,39.14,65.75,68.37,57.75,16.91,75,59.21,21
6060,20221006060,57.79,51.48,53.16,54.14,11.84,100,58.64,60
6061,20221006061,58.98,56.32,52.13,55.81,21.32,96,65.52,17
6062,20221006062,73.47,71.8,84.76,76.68,15.15,100,38.8,10
6063,20221006063,64.91,72.18,64.0,67.03,23.52,81,46.52,45
6064,20221006064,63.83,86.23,82.33,77.46,11.88,98,77.51,21
6065,20221006065,53.78,39.63,44.74,46.05,21.28,93,50.12,18
6066,20221006066,48.56,60.88,61.73,57.06,14.02,90,82.01,8
6067,20221006067,68.12,66.24,61.59,65.32,14.8,77,62.42,23
6068,20221006068,36.36,30.14,32.83,33.11,15.66,82,57.01,24
6069,20221006069,34.11,24.22,33.25,30.53,12.35,96,58.69,25
6070,20221006070,70.33,76.98,62.92,70.08,20.98,87,90.67,48
6071,20221006071,57.6,66.72,65.71,63.34,26.57,98,82.53,22
6072,20221006072,78.58,100,100,92.86,18.86,88,93.7,29
6073,20221006073,69.08,80.03,84.94,78.02,16.93,88,69.28,45
6074,20221006074,63.06,62.01,62.25,62.44,19.84,86,66.64,29
6075,20221006075,77.48,70.6,70.53,72.87,18.8,98,74.54,93
6076,20221006076,40.97,72.94,64.81,59.57,22.07,97,100,12
6077,20221006077,52.09,47.45,53.14,50.89,18.06,96,54.25,16
6078,20221006078,45.11,43.87,57.13,48.7,12.53,92,75.17,35
6079,20221006079,72.06,59.85,59.6,63.84,14.01,100,87.9,35
6080,20221006080,70.89,84.19,88.64,81.24,19.43,94,63.25,27
6081,20221006081,64.79,65.61,62.69,64.36,11.93,93,48.12,23
6082,20221006082,24.96,20,20,21.65,11.95,78,51.84,11
6083,20221006083,52.34,37.13,29.24,39.57,19.28,100,57.01,30
6084,20221006084,43.98,28.22,27.08,33.09,11.06,87,94.71,26
6085,20221006085,33.9,20,21.53,25.14,18.66,90,81.12,15
6086,20221006086,33.19,33.59,42.89,36.56,9.76,81,44.69,21
6087,20221006087,48.82,48.16,47.21,48.06,20.07,100,40.59,30
6088,20221006088,37.11,36.35,21.89,31.78,13.72,91,42.12,31
6089,20221006089,46.79,30.3,40.18,39.09,16.42,88,76.21,20
6090,20221006090,31.22,42.26,35.86,36.45,19.7,87,59.7,23
6091,20221006091,65.95,87.34,89.09,80.79,6.09,100,88.57,18
6092,20221006092,43.49,34.02,33.2,36.9,21.85,77,42.81,30
6093,20221006093,72.2,62.16,74.22,69.53,13.98,93,48.73,39
6094,20221006094,53.24,59.79,51.25,54.76,20.61,91,74.94,32
6095,20221006095,48.3,51.56,32.42,44.09,26.88,71,96.81,79
6096,20221006096,48.86,35.97,34.54,39.79,12.8,85,92.33,51
6097,20221006097,65.27,75.62,66.23,69.04,12.37,85,98.14,18
6098,20221006098,45.86,37.77,45.65,43.09,11.27,97,64.37,35
6099,20221006099,77.66,68.68,55.65,67.33,26.5,91,48.72,21
6100,20221006100,30.54,31.52,33.03,31.7,20.59,77,44.82,45
6101,20221006101,61.64,62.84,64.06,62.85,29.82,87,34.99,24
6102,20221006102,57.18,75.67,74.19,69.01,2,87,59.81,22
6103,20221006103,26.38,35.26,29.83,30.49,13.41,91,81.47,13
6104,20221006104,71.02,62.56,66.26,66.61,6.23,98,85.54,29
6105,20221006105,61.03,62.98,70.53,64.85,13.44,87,73.26,26
6106,20221006106,49.37,56.98,47.86,51.4,17.81,100,75.59,19
6107,20221006107,57.21,23.3,20,33.5,11.03,100,44.05,16
6108,20221006108,60.29,54.35,50.75,55.13,26.21,100,71.38,29
6109,20221006109,47.55,39.13,57.31,48.0,12.6,100,63.2,73
6110,20221006110,44.26,49.26,36.81,43.44,14.75,100,50.28,27
6111,20221006111,68.61,53.67,57.73,60.0,15.22,85,100,34
6112,20221006112,59.81,55.21,46.57,53.86,8.4,100,57.74,40
6113,20221006113,58.05,50.42,32.6,47.02,11.16,91,41.74,24
6114,20221006114,34.24,45.78,51.39,43.8,20.37,82,71.32,17
6115,20221006115,49.85,49.5,28.71,42.69,3.66,81,76.48,18
6116,20221006116,31.67,36.65,24.52,30.95,14.88,90,45.18,41
6117,20221006117,48.05,42.68,42.97,44.57,9.81,74,53.96,43
6118,20221006118,33.17,36.37,54.52,41.35,4.34,85,32.16,26
6119,20221006119,39.95,28.69,34.23,34.29,10.71,89,40.22,64
6120,20221006120,31.19,35.17,27.53,31.3,14.55,99,65.75,54
6121,20221006121,71.26,64.46,65.72,67.15,17.55,88,87.45,20
6122,20221006122,37.06,39.9,27.93,34.96,12.94,98,96.6,40
6123,20221006123,66.01,78.48,84.47,76.32,15.85,76,52.97,17
6124,20221006124,82.02,95.58,100,92.53,18.98,83,54.94,72
6125,20221006125,75.27,58.44,66.68,66.8,12.31,95,42.24,10
6126,20221006126,78.25,74.99,64.5,72.58,22.42,73,89.43,43
6127,20221006127,54.72,45.58,57.72,52.67,24.46,88,84.43,36
6128,20221006128,59.63,51.5,47.42,52.85,11.92,89,65.84,20
6129,20221006129,72.15,87.24,100,86.46,9.59,78,52.22,16
6130,20221006130,33.97,48.43,46.96,43.12,13.25,78,49.45,21
6131,20221006131,46.91,45.47,43.59,45.32,15.29,74,60.69,50
6132,20221006132,46.0,23.92,24.46,31.46,9.83,88,79.84,18
6133,20221006133,63.28,65.0,74.23,67.5,16.47,93,55.34,27
6134,20221006134,31.24,29.46,20,26.9,5.37,87,71.69,16
6135,20221006135,63.0,76.12,78.44,72.52,9.47,98,49.24,32
6136,20221006136,59.42,52.51,46.25,52.73,12.44,91,81.49,13
6137,20221006137,37.9,41.6,30.29,36.6,16.08,100,56.7,12
6138,20221006138,53.5,53.23,40.89,49.21,24.31,83,79.0,16
6139,20221006139,49.54,48.91,70.84,56.43,17.81,98,65.93,19
6140,20221006140,47.46,53.79,59.13,53.46,12.82,89,51.31,34
6141,20221006141,63.24,48.72,55.94,55.97,19.97,88,47.39,34
6142,20221006142,66.37,54.21,53.04,57.87,17.1,89,49.16,35
6143,20221006143,27.22,37.52,44.52,36.42,12.43,71,95.27,13
6144,20221006144,53.77,45.84,47.74,49.12,25.17,73,86.15,16
6145,20221006145,48.75,29.42,42.67,40.28,23.64,98,65.91,55
6146,20221006146,70.06,76.32,74.42,73.6,11.9,86,81.6,26
6147,20221006147,33.85,27.55,32.94,31.45,16.76,92,73.49,10
6148,20221006148,56.17,46.44,44.78,49.13,12.82,94,93.98,15
6149,20221006149,58.4,61.2,43.62,54.41,6.0,76,61.86,31
6150,20221006150,75.46,89.41,100,88.29,7.49,90,64.51,14
6151,20221006151,26.17,44.71,34.26,35.05,10.56,94,96.23,21
6152,20221006152,20,43.1,61.06,41.39,14.76,73,44.94,13
6153,20221006153,53.84,68.68,75.02,65.85,23.43,100,93.26,37
6154,20221006154,79.36,63.17,48.49,63.67,16.61,87,73.72,12
6155,20221006155,41.59,49.97,54.1,48.55,20.61,82,82.35,40
6156,20221006156,52.61,56.53,53.88,54.34,19.06,82,37.91,28
6157,20221006157,60.25,55.21,62.58,59.35,12.4,95,31.94,31
6158,20221006158,44.78,59.83,60.42,55.01,17.0,97,71.85,14
6159,20221006159,72.71,62.75,79.08,71.51,17.32,87,49.57,27
6160,20221006160,48.79,38.63,44.8,44.07,21.74,80,70.48,21
6161,20221006161,61.78,53.03,48.77,54.53,16.6,96,49.81,55
6162,20221006162,41.56,28.14,40.68,36.79,14.69,85,87.0,54
6163,20221006163,27.04,32.2,21.9,27.05,15.87,76,39.03,27
6164,20221006164,55.79,64.49,65.59,61.96,13.02,58,87.85,15
6165,20221006165,67.98,83.96,85.01,78.98,24.89,94,69.75,58
6166,20221006166,45.36,60.98,47.1,51.15,14.99,74,78.85,36
6167,20221006167,59.52,59.65,65.92,61.7,24.4,98,73.35,21
6168,20221006168,79.73,86.25,86.2,84.06,19.39,100,61.55,23
6169,20221006169,55.33,48.65,44.0,49.33,17.62,77,42.24,18
6170,20221006170,46.77,49.54,33.03,43.11,3.44,77,57.61,15
6171,20221006171,60.37,59.2,64.07,61.21,20.52,85,84.15,16
6172,20221006172,56.83,47.91,36.25,47.0,19.65,92,75.83,9
6173,20221006173,65.16,55.47,74.3,64.98,16.53,90,71.66,38
6174,20221006174,34.7,20,20,24.9,16.98,83,59.21,14
6175,20221006175,60.59,42.66,35.16,46.14,9.48,91,95.65,12
6176,20221006176,60.11,51.78,60.87,57.59,20.48,97,94.18,30
6177,20221006177,77.97,72.66,63.28,71.3,14.41,84,81.13,72
6178,20221006178,62.4,50.45,64.65,59.17,4.13,94,61.86,38
6179,20221006179,64.27,78.02,68.76,70.35,23.23,87,62.63,20
6180,20221006180,75.07,72.35,67.0,71.47,8.82,88,59.89,25
6181,20221006181,79.27,63.15,62.57,68.33,15.99,74,85.84,46
6182,20221006182,55.91,52.18,53.72,53.94,2,77,100,42
6183,20221006183,50.8,65.5,62.81,59.7,19.24,77,77.74,31
6184,20221006184,40.86,41.99,45.83,42.89,19.64,97,86.11,32
6185,20221006185,63.97,75.67,70.86,70.17,17.29,86,85.25,14
6186,20221006186,43.7,34.45,45.28,41.14,20.62,92,45.05,36
6187,20221006187,60.42,64.4,71.59,65.47,14.66,82,100,30
6188,20221006188,43.28,54.08,47.28,48.21,22.28,93,38.31,17
6189,20221006189,47.66,54.35,52.1,51.37,7.24,82,85.39,39
6190,20221006190,44.32,40.0,27.2,37.17,15.72,100,91.23,16
6191,20221006191,35.62,35.86,49.95,40.48,15.73,78,72.14,17
6192,20221006192,50.67,49.71,60.25,53.54,19.2,77,67.26,20
6193,20221006193,54.94,55.29,65.87,58.7,15.07,68,71.65,20
6194,20221006194,50.17,33.3,21.27,34.91,21.11,85,70.63,21
6195,20221006195,46.86,48.11,48.84,47.94,2,73,87.83,30
6196,20221006196,47.16,44.14,40.6,43.97,10.83,83,51.06,17
6197,20221006197,55.33,50.96,62.37,56.22,18.93,83,89.25,34
6198,20221006198,35.05,31.26,41.13,35.81,17.5,83,77.02,15
6199,20221006199,55.37,33.32,37.35,42.01,10.46,90,64.69,34
6200,20221006200,71.54,92.35,91.74,85.21,27.54,78,100,36
6201,20221006201,63.51,68.25,62.59,64.78,20.64,91,63.26,20
6202,20221006202,51.2,33.95,36.46,40.54,18.06,95,80.24,26
6203,20221006203,53.5,59.38,56.11,56.33,2,66,71.74,124
6204,20221006204,51.82,64.26,63.06,59.71,22.57,88,92.02,52
6205,20221006205,39.45,34.97,38.41,37.61,14.28,93,45.87,27
6206,20221006206,44.2,37.18,42.24,41.21,17.48,99,61.34,35
6207,20221006207,68.56,67.18,81.33,72.36,12.46,100,82.04,23
6208,20221006208,45.51,36.14,48.12,43.26,16.29,83,67.25,49
6209,20221006209,76.16,67.97,67.34,70.49,23.51,79,79.49,22
6210,20221006210,38.37,42.74,58.21,46.44,18.87,85,65.38,17
6211,20221006211,83.28,97.91,100,93.73,13.08,86,100,24
6212,20221006212,54.2,80.4,88.08,74.23,14.22,100,46.6,26
6213,20221006213,54.83,32.99,50.08,45.97,12.16,75,74.89,34
6214,20221006214,68.81,58.32,54.05,60.39,6.73,89,62.76,42
6215,20221006215,35.6,38.42,49.84,41.29,2.97,96,50.19,16
6216,20221006216,51.58,49.55,58.72,53.28,15.5,61,80.62,45
6217,20221006217,66.73,48.15,47.51,54.13,9.58,91,85.12,18
6218,20221006218,31.07,41.56,23.1,31.91,9.54,72,97.48,23
6219,20221006219,57.03,36.83,32.84,42.23,7.84,100,77.18,54
6220,20221006220,53.31,46.19,44.26,47.92,16.74,84,100,11
6221,20221006221,61.3,49.31,52.06,54.22,12.47,85,78.85,32
6222,20221006222,70.96,54.76,44.01,56.58,4.69,77,81.1,14
6223,20221006223,41.23,26.62,20,29.28,25.61,95,58.01,28
6224,20221006224,60.86,46.07,48.94,51.96,19.43,92,81.58,9
6225,20221006225,49.6,76.03,78.63,68.09,15.35,92,62.84,99
6226,20221006226,40.52,37.07,32.36,36.65,14.21,90,71.47,18
6227,20221006227,41.62,49.49,55.9,49.0,4.41,99,54.81,38
6228,20221006228,68.02,62.2,49.94,60.05,20.67,85,86.2,11
6229,20221006229,62.31,54.33,52.86,56.5,14.4,72,49.49,38
6230,20221006230,36.44,35.22,25.04,32.23,10.93,100,86.95,20
6231,20221006231,64.65,50.21,45.57,53.48,17.44,100,77.79,16
6232,20221006232,68.56,62.06,52.56,61.06,14.61,100,87.29,14
6233,20221006233,59.41,59.78,69.37,62.85,16.61,97,90.37,22
6234,20221006234,80.56,60.56,54.93,65.35,18.17,99,75.17,32
6235,20221006235,29.54,20,20,23.18,18.32,93,55.16,30
6236,20221006236,45.4,40.02,20.25,35.22,24.42,100,56.42,30
6237,20221006237,44.2,37.42,30.16,37.26,23.6,100,84.76,10
6238,20221006238,79.79,73.75,60.27,71.27,13.48,86,52.47,21
6239,20221006239,52.17,61.1,67.49,60.25,12.66,85,100,26
6240,20221006240,63.14,66.64,74.9,68.23,22.43,99,69.62,25
6241,20221006241,59.65,59.19,68.24,62.36,17.19,73,87.55,10
6242,20221006242,59.71,44.02,50.07,51.27,28.54,100,80.1,63
6243,20221006243,80.93,71.19,82.08,78.07,22.01,85,100,19
6244,20221006244,32.74,37.71,25.71,32.05,16.28,84,100,31
6245,20221006245,59.26,77.55,76.07,70.96,17.11,89,62.92,20
6246,20221006246,39.94,41.71,41.15,40.93,7.25,85,71.62,9
6247,20221006247,69.19,48.7,49.18,55.69,19.11,78,82.04,18
6248,20221006248,52.81,73.7,68.69,65.07,16.75,86,39.83,6
6249,20221006249,70.41,54.09,44.15,56.22,17.84,91,77.31,16
6250,20221006250,71.28,76.09,85.57,77.65,19.39,93,80.05,24
6251,20221006251,50.86,71.39,71.98,64.74,17.25,97,85.11,10
6252,20221006252,36.68,30.56,35.24,34.16,17.5,93,68.8,40
6253,20221006253,78.93,81.23,75.3,78.49,9.57,100,85.38,8
6254,20221006254,33.91,37.26,33.35,34.84,14.53,78,46.21,4
6255,20221006255,52.97,47.26,49.98,50.07,36.26,86,43.32,18
6256,20221006256,37.47,49.93,47.27,44.89,16.39,75,81.72,16
6257,20221006257,65.23,68.51,68.01,67.25,9.32,97,91.36,17
6258,20221006258,36.07,27.44,28.51,30.67,19.59,100,42.58,24
6259,20221006259,33.42,35.16,21.89,30.16,13.61,86,72.37,36
6260,20221006260,53.14,48.0,47.36,49.5,13.29,96,85.39,17
6261,20221006261,54.95,59.23,43.4,52.53,19.23,100,61.36,46
6262,20221006262,33.51,41.26,43.69,39.49,28.75,100,62.17,37
6263,20221006263,40.06,20.58,22.09,27.58,18.83,82,87.63,16
6264,20221006264,51.14,58.34,58.14,55.87,18.6,92,84.94,37
6265,20221006265,55.84,38.4,55.02,49.75,19.8,84,75.12,20
6266,20221006266,62.38,67.71,48.2,59.43,23.81,85,98.18,11
6267,20221006267,50.76,43.5,45.52,46.59,17.47,100,79.53,24
6268,20221006268,41.65,46.98,36.57,41.73,24.78,95,38.89,26
6269,20221006269,69.01,85.56,56.94,70.5,11.73,100,62.83,11
6270,20221006270,27.52,20,35.01,27.51,7.45,65,90.1,15
6271,20221006271,46.94,46.89,38.23,44.02,16.75,91,100,16
6272,20221006272,70.1,48.04,62.68,60.27,4.95,82,62.37,47
6273,20221006273,80.75,100,96.79,92.51,24.86,67,34.21,24
6274,20221006274,74.98,68.19,71.5,71.56,7.2,84,42.14,20
6275,20221006275,71.0,70.91,72.71,71.54,15.65,91,61.98,21
6276,20221006276,50.6,55.49,66.8,57.63,33.05,90,52.77,69
6277,20221006277,30.17,25.48,20,25.22,17.74,99,30.77,35
6278,20221006278,47.69,49.07,45.23,47.33,9.86,83,73.86,17
6279,20221006279,58.83,76.66,97.9,77.8,18.33,81,84.1,45
6280,20221006280,47.95,51.66,63.38,54.33,11.37,72,60.59,52
6281,20221006281,30.03,41.99,40.45,37.49,17.02,92,48.18,25
6282,20221006282,31.14,34.67,32.75,32.85,15.19,100,55.9,107
6283,20221006283,62.98,66.29,51.76,60.34,18.14,100,82.94,20
6284,20221006284,46.6,43.95,44.96,45.17,21.35,84,80.29,61
6285,20221006285,42.32,65.92,65.62,57.95,18.21,66,88.35,23
6286,20221006286,56.99,37.19,52.2,48.79,18.94,78,53.89,38
6287,20221006287,57.06,82.77,75.95,71.93,17.52,82,78.7,27
6288,20221006288,39.24,42.41,56.31,45.99,13.41,87,61.05,12
6289,20221006289,46.6,71.75,78.06,65.47,13.67,92,80.62,36
6290,20221006290,32.69,37.05,48.86,39.53,23.86,71,56.05,26
6291,20221006291,20.83,24.95,27.97,24.58,16.11,98,54.05,10
6292,20221006292,41.52,40.06,30.25,37.28,16.0,100,99.65,19
6293,20221006293,66.5,52.8,42.66,53.99,21.45,95,71.51,49
6294,20221006294,59.99,67.84,72.43,66.75,3.97,100,90.75,10
6295,20221006295,54.44,52.08,57.83,54.78,12.46,100,90.8,44
6296,20221006296,31.03,48.84,58.75,46.21,28.83,84,64.5,51
6297,20221006297,66.15,44.51,25.75,45.47,14.04,95,83.51,49
6298,20221006298,59.21,65.16,63.48,62.62,4.52,91,57.54,26
6299,20221006299,40.13,20,20,26.71,21.82,83,76.68,22
6300,20221006300,42.16,37.87,32.95,37.66,11.17,100,74.16,19
6301,20221006301,37.78,37.83,42.33,39.31,14.57,97,60.77,34
6302,20221006302,34.32,39.4,34.81,36.18,20.54,99,97.06,49
6303,20221006303,75.2,68.14,64.44,69.26,20.8,72,98.26,77
6304,20221006304,40.51,35.77,22.72,33.0,21.43,82,84.85,37
6305,20221006305,51.74,56.54,59.99,56.09,15.3,100,91.77,19
6306,20221006306,51.98,58.56,70.26,60.27,14.43,88,58.04,52
6307,20221006307,53.27,58.15,44.12,51.85,4.15,86,61.75,14
6308,20221006308,73.05,68.26,65.72,69.01,24.67,97,52.46,19
6309,20221006309,43.65,34.73,30.3,36.23,6.1,84,52.72,12
6310,20221006310,38.29,41.56,48.7,42.85,2,96,58.28,10
6311,20221006311,63.32,58.89,59.1,60.44,25.23,85,84.69,27
6312,20221006312,34.02,20,40.09,31.37,18.88,94,65.22,51
6313,20221006313,63.0,58.12,60.73,60.62,16.14,80,61.38,27
6314,20221006314,37.66,26.32,24.12,29.37,17.42,75,50.6,13
6315,20221006315,72.13,63.07,51.05,62.08,18.57,100,65.67,16
6316,20221006316,68.81,62.37,72.07,67.75,5.44,100,86.09,57
6317,20221006317,49.08,53.79,61.83,54.9,23.8,86,81.44,80
6318,20221006318,64.48,57.9,75.77,66.05,8.8,81,45.92,20
6319,20221006319,42.13,42.19,28.41,37.58,18.5,94,68.2,24
6320,20221006320,64.23,78.55,78.5,73.76,13.09,100,90.13,45
6321,20221006321,54.84,56.92,44.36,52.04,20.6,100,48.5,18
6322,20221006322,55.86,47.72,56.72,53.43,20.97,84,34.11,55
6323,20221006323,76.32,88.88,86.39,83.86,4.48,82,97.52,24
6324,20221006324,28.05,35.53,57.12,40.23,12.6,77,33.33,54
6325,20221006325,45.3,52.63,47.3,48.41,12.14,92,69.77,106
6326,20221006326,75.91,74.58,71.31,73.93,28.9,85,92.33,26
6327,20221006327,39.7,28.71,41.78,36.73,12.62,89,58.68,32
6328,20221006328,69.75,78.85,87.33,78.64,15.74,96,49.0,23
6329,20221006329,56.38,43.83,39.85,46.69,29.41,77,66.91,32
6330,20221006330,44.68,52.34,50.17,49.06,7.05,98,60.15,24
6331,20221006331,58.21,60.58,59.98,59.59,4.09,100,60.33,15
6332,20221006332,79.36,78.58,90.04,82.66,22.91,87,41.17,15
6333,20221006333,50.68,31.66,26.49,36.28,14.34,95,81.43,40
6334,20221006334,53.07,50.94,51.64,51.88,6.26,86,91.52,65
6335,20221006335,39.89,36.27,49.71,41.96,10.45,94,85.5,24
6336,20221006336,69.89,56.06,62.27,62.74,24.37,100,94.46,13
6337,20221006337,38.24,40.5,30.11,36.28,13.45,86,45.8,30
6338,20221006338,77.49,97.0,97.88,90.79,25.65,76,61.85,64
6339,20221006339,56.86,54.1,49.58,53.51,17.37,73,64.94,32
6340,20221006340,72.27,69.99,72.94,71.73,18.72,85,100,30
6341,20221006341,48.31,62.18,69.81,60.1,13.73,100,82.56,20
6342,20221006342,43.1,41.66,39.99,41.58,17.76,77,92.76,8
6343,20221006343,33.04,23.48,20,25.51,6.34,97,66.49,36
6344,20221006344,56.76,33.82,39.57,43.38,26.76,100,68.95,18
6345,20221006345,73.68,66.97,65.32,68.66,20.99,87,59.46,33
6346,20221006346,64.01,54.8,46.53,55.11,7.58,100,78.76,15
6347,20221006347,58.72,60.68,60.04,59.81,14.39,92,94.77,20
6348,20221006348,29.54,27.64,20,25.73,16.17,84,43.64,15
6349,20221006349,60.61,51.93,41.94,51.49,21.88,77,81.11,26
6350,20221006350,40.2,28.96,38.32,35.83,8.15,91,33.03,17
6351,20221006351,51.92,54.32,58.14,54.79,16.75,76,51.19,12
6352,20221006352,79.7,81.95,96.22,85.96,20.52,100,50.86,70
6353,20221006353,53.7,55.3,55.67,54.89,18.89,74,31.41,62
6354,20221006354,54.27,54.14,57.35,55.25,22.94,80,77.19,11
6355,20221006355,52.13,36.79,37.13,42.02,10.95,78,64.19,12
6356,20221006356,41.6,62.84,83.03,62.49,14.17,90,72.01,33
6357,20221006357,70.03,56.43,53.64,60.03,14.06,85,72.92,22
6358,20221006358,71.28,54.94,51.44,59.22,8.35,80,53.58,45
6359,20221006359,55.53,60.86,64.5,60.3,26.05,77,43.36,90
6360,20221006360,52.01,43.24,32.55,42.6,9.05,95,92.25,24
6361,20221006361,38.26,25.45,27.49,30.4,19.97,73,95.28,21
6362,20221006362,40.64,26.15,38.31,35.03,14.14,78,57.07,24
6363,20221006363,61.42,51.58,54.9,55.97,15.51,90,89.75,9
6364,20221006364,34.19,44.32,41.52,40.01,13.56,91,58.18,96
6365,20221006365,41.16,58.31,72.28,57.25,5.77,86,70.07,16
6366,20221006366,64.32,46.87,51.87,54.35,18.29,89,78.17,14
6367,20221006367,38.57,34.15,57.99,43.57,10.34,92,67.27,43
6368,20221006368,59.03,54.0,48.31,53.78,22.82,100,97.43,61
6369,20221006369,58.4,56.91,46.1,53.8,10.55,95,51.31,34
6370,20221006370,75.42,90.45,100,88.62,18.38,96,75.91,20
6371,20221006371,57.28,53.92,31.04,47.41,15.63,86,95.36,22
6372,20221006372,47.86,46.25,61.17,51.76,12.54,100,56.94,9
6373,20221006373,72.14,81.88,91.12,81.71,15.23,82,88.28,45
6374,20221006374,56.53,64.45,66.79,62.59,21.33,96,60.38,79
6375,20221006375,38.42,20,20.63,26.35,4.1,86,66.92,18
6376,20221006376,36.03,30.47,40.51,35.67,15.22,68,44.88,12
6377,20221006377,63.51,65.71,60.68,63.3,8.94,79,44.38,18
6378,20221006378,67.99,63.68,71.16,67.61,14.72,88,98.49,46
6379,20221006379,47.95,35.76,37.09,40.27,15.29,93,51.57,19
6380,20221006380,64.78,64.83,74.16,67.92,13.58,94,62.42,48
6381,20221006381,32.15,28.56,20,26.9,17.65,82,54.98,24
6382,20221006382,48.09,27.31,30.62,35.34,5.89,100,65.99,26
6383,20221006383,38.19,46.32,38.21,40.91,14.39,87,80.68,28
6384,20221006384,78.58,81.44,72.79,77.6,17.99,82,57.71,44
6385,20221006385,55.21,42.75,33.95,43.97,13.22,94,96.76,19
6386,20221006386,59.29,68.72,74.87,67.63,14.62,85,55.37,10
6387,20221006387,48.05,37.9,35.38,40.44,27.38,100,71.4,27
6388,20221006388,44.39,36.36,43.42,41.39,22.97,91,86.25,16
6389,20221006389,77.19,76.84,71.51,75.18,14.71,77,77.52,26
6390,20221006390,30.06,30.58,29.19,29.94,8.12,100,63.97,37
6391,20221006391,51.99,45.09,31.69,42.92,29.87,85,42.33,20
6392,20221006392,71.39,80.66,91.38,81.14,10.38,73,88.05,25
6393,20221006393,65.7,74.91,77.17,72.59,10.97,100,56.8,36
6394,20221006394,65.58,71.82,76.2,71.2,6.29,100,87.82,8
6395,20221006395,31.43,20,20,23.81,21.51,92,87.04,37
6396,20221006396,53.77,62.53,78.3,64.87,27.03,81,57.01,13
6397,20221006397,46.14,66.23,55.8,56.06,7.28,88,100,24
6398,20221006398,46.29,44.5,31.51,40.77,15.12,88,91.75,16
6399,20221006399,65.84,54.09,40.06,53.33,15.8,100,48.7,24
6400,20221006400,40.8,40.94,31.05,37.6,25.75,74,96.51,13
6401,20221006401,63.67,64.72,58.34,62.24,19.26,86,69.32,66
6402,20221006402,47.46,34.93,38.17,40.19,19.4,100,70.67,9
6403,20221006403,80.08,84.71,84.73,83.17,12.07,96,99.97,14
6404,20221006404,70.34,72.74,72.27,71.78,20.66,92,79.0,49
6405,20221006405,76.05,92.46,91.59,86.7,17.39,78,92.5,45
6406,20221006406,51.03,49.78,62.88,54.56,12.77,99,86.88,29
6407,20221006407,57.16,42.3,51.64,50.37,16.64,92,83.04,30
6408,20221006408,37.02,29.18,20.34,28.85,11.58,79,87.97,21
6409,20221006409,80.41,91.97,89.44,87.27,19.52,100,83.77,44
6410,20221006410,30.84,24.12,20,24.99,20.14,82,49.16,8
6411,20221006411,77.05,68.54,49.44,65.01,32.53,94,77.4,31
6412,20221006412,36.08,25.14,24.97,28.73,15.95,98,96.39,19
6413,20221006413,49.51,54.58,42.32,48.8,17.99,78,75.91,19
6414,20221006414,58.64,60.72,47.67,55.68,11.61,100,100,17
6415,20221006415,63.19,71.45,64.26,66.3,10.93,82,51.85,16
6416,20221006416,53.18,36.08,41.32,43.53,18.47,86,42.4,23
6417,20221006417,60.02,71.31,67.44,66.26,20.71,95,81.52,33
6418,20221006418,78.18,67.89,54.79,66.95,19.08,93,98.77,18
6419,20221006419,51.95,42.39,45.06,46.47,15.69,84,77.67,6
6420,20221006420,44.75,23.59,35.03,34.46,12.02,92,90.79,37
6421,20221006421,32.44,48.69,54.81,45.31,12.48,77,100,16
6422,20221006422,79.85,78.89,77.98,78.91,16.89,100,92.57,14
6423,20221006423,42.98,54.16,57.17,51.44,11.33,98,46.52,8
6424,20221006424,44.2,22.25,20,28.82,10.55,86,80.28,26
6425,20221006425,67.98,52.72,57.33,59.34,21.28,87,80.05,41
6426,20221006426,57.4,66.34,72.21,65.32,19.52,76,83.73,16
6427,20221006427,36.14,31.02,42.52,36.56,10.44,100,59.53,15
6428,20221006428,71.26,75.16,76.54,74.32,14.9,96,50.76,26
6429,20221006429,62.29,65.93,76.28,68.17,4.01,95,95.75,52
6430,20221006430,90.11,100,90.33,93.48,20.87,82,89.04,49
6431,20221006431,61.05,80.46,83.76,75.09,23.59,100,34.49,22
6432,20221006432,43.67,43.21,54.08,46.99,25.62,88,65.04,41
6433,20221006433,70.42,84.55,97.89,84.29,16.3,70,74.21,22
6434,20221006434,62.09,51.44,46.91,53.48,25.14,96,91.2,32
6435,20221006435,28.22,50.82,34.4,37.81,18.58,73,53.56,45
6436,20221006436,82.87,96.49,85.46,88.27,22.1,86,79.58,31
6437,20221006437,63.85,55.03,63.48,60.79,20.58,99,65.07,29
6438,20221006438,71.82,93.48,81.36,82.22,11.74,100,69.27,62
6439,20221006439,40.55,39.18,31.58,37.1,13.1,88,88.18,33
6440,20221006440,53.11,32.32,41.32,42.25,15.33,99,52.49,16
6441,20221006441,49.25,57.77,58.49,55.17,18.77,80,84.7,48
6442,20221006442,40.56,20,27.43,29.33,15.48,80,63.47,29
6443,20221006443,46.84,61.01,79.98,62.61,17.38,99,73.26,10
6444,20221006444,41.43,36.53,20,32.65,15.95,85,51.96,101
6445,20221006445,79.64,77.94,75.71,77.76,7.06,91,86.42,27
6446,20221006446,64.71,52.57,63.54,60.27,17.19,74,45.87,28
6447,20221006447,56.44,58.67,38.03,51.05,12.02,62,88.94,12
6448,20221006448,42.4,34.8,24.32,33.84,23.53,88,60.93,12
6449,20221006449,73.07,56.49,51.69,60.42,22.86,92,80.32,28
6450,20221006450,31.87,34.13,32.18,32.73,13.86,91,94.79,18
6451,20221006451,51.68,37.43,40.72,43.28,18.11,97,48.7,15
6452,20221006452,23.94,30.12,45.24,33.1,10.59,71,83.06,30
6453,20221006453,41.72,40.64,43.93,42.1,21.52,82,74.33,15
6454,20221006454,61.59,55.18,61.44,59.4,12.51,76,96.93,31
6455,20221006455,73.74,71.21,66.82,70.59,17.58,71,81.15,30
6456,20221006456,45.43,53.6,51.61,50.21,21.41,75,100,30
6457,20221006457,73.77,99.25,75.53,82.85,10.16,100,84.82,36
6458,20221006458,46.56,34.15,26.95,35.89,14.78,89,47.25,31
6459,20221006459,43.5,48.9,44.66,45.69,11.41,93,77.1,32
6460,20221006460,41.06,46.33,33.62,40.34,12.26,93,94.39,48
6461,20221006461,59.71,61.12,49.59,56.81,23.04,88,87.81,28
6462,20221006462,67.05,69.63,89.37,75.35,19.81,74,40.36,15
6463,20221006463,61.47,68.15,60.11,63.24,8.21,100,73.31,22
6464,20221006464,74.45,67.65,57.13,66.41,5.46,90,79.79,23
6465,20221006465,38.89,32.56,43.24,38.23,20.35,92,90.97,14
6466,20221006466,49.43,65.43,76.85,63.9,22.93,76,95.98,34
6467,20221006467,42.62,55.1,50.84,49.52,20.89,80,57.01,54
6468,20221006468,63.89,70.82,71.6,68.77,17.16,88,86.71,8
6469,20221006469,52.21,48.22,44.78,48.4,2,71,60.14,36
6470,20221006470,49.45,75.08,81.69,68.74,21.18,100,41.31,11
6471,20221006471,36.04,36.11,24.22,32.12,9.75,95,52.09,39
6472,20221006472,58.7,41.37,42.87,47.65,13.09,75,72.18,14
6473,20221006473,74.43,77.68,74.06,75.39,10.17,83,82.29,26
6474,20221006474,57.74,65.42,62.47,61.88,21.45,100,78.37,45
6475,20221006475,58.83,57.88,43.96,53.56,4.76,98,77.17,57
6476,20221006476,37.44,31.47,20,29.64,9.74,100,98.96,60
6477,20221006477,63.16,87.31,86.9,79.12,17.6,91,92.38,12
6478,20221006478,54.57,40.67,36.38,43.87,19.17,69,64.0,25
6479,20221006479,79.33,100,100,93.11,18.39,91,87.59,8
6480,20221006480,43.56,40.32,42.46,42.11,13.32,100,37.12,42
6481,20221006481,47.09,49.3,44.18,46.86,17.16,87,80.63,25
6482,20221006482,61.87,54.05,42.9,52.94,6.02,87,87.2,34
6483,20221006483,81.24,80.66,64.43,75.44,7.27,99,90.82,16
6484,20221006484,57.68,47.72,29.18,44.86,11.68,87,42.97,12
6485,20221006485,51.98,35.22,25.12,37.44,17.55,89,91.7,33
6486,20221006486,61.68,85.92,70.28,72.63,20.48,79,52.34,42
6487,20221006487,76.61,79.33,92.43,82.79,23.3,95,63.33,31
6488,20221006488,31.31,37.07,52.87,40.42,22.11,100,47.89,20
6489,20221006489,31.18,29.66,35.86,32.23,17.73,94,65.85,27
6490,20221006490,47.61,47.1,46.16,46.96,26.23,100,74.34,24
6491,20221006491,43.66,38.96,41.13,41.25,14.71,93,40.5,38
6492,20221006492,68.23,66.94,72.91,69.36,5.43,89,90.1,19
6493,20221006493,63.73,61.78,46.75,57.42,11.09,83,37.96,29
6494,20221006494,66.76,59.13,56.58,60.82,10.94,79,56.3,19
6495,20221006495,71.83,69.95,69.13,70.3,14.72,97,53.44,18
6496,20221006496,34.96,47.81,43.14,41.97,13.2,100,62.51,10
6497,20221006497,60.31,34.41,27.3,40.67,24.14,81,73.57,29
6498,20221006498,51.79,43.14,51.19,48.71,22.21,85,39.06,21
6499,20221006499,34.2,33.8,33.35,33.78,10.37,98,42.22,20
6500,20221006500,68.45,56.67,50.59,58.57,9.59,82,78.6,12
6501,20221006501,44.64,31.29,34.08,36.67,33.96,82,93.43,28
6502,20221006502,64.59,72.22,80.19,72.33,12.98,99,48.09,25
6503,20221006503,37.4,24.34,20,27.25,16.85,82,44.02,8
6504,20221006504,38.97,41.67,32.87,37.84,12.63,94,45.32,12
6505,20221006505,41.86,39.8,34.08,38.58,11.92,93,73.4,11
6506,20221006506,63.49,62.97,73.71,66.72,2,94,100,18
6507,20221006507,55.38,64.87,51.73,57.33,13.73,89,91.79,20
6508,20221006508,34.27,35.27,44.15,37.9,7.18,90,41.1,8
6509,20221006509,47.94,65.19,55.39,56.17,12.43,77,86.4,30
6510,20221006510,52.2,56.55,59.71,56.15,8.78,88,83.11,15
6511,20221006511,43.39,47.07,45.01,45.16,2,100,90.83,11
6512,20221006512,37.74,36.0,20,31.25,9.22,98,94.16,39
6513,20221006513,52.15,75.54,77.31,68.33,2,87,81.81,39
6514,20221006514,82.74,81.38,90.62,84.91,14.7,98,100,17
6515,20221006515,39.19,34.07,39.95,37.74,13.41,86,92.14,21
6516,20221006516,63.4,64.86,47.48,58.58,19.44,84,42.15,11
6517,20221006517,31.89,52.84,42.57,42.43,9.41,89,78.74,23
6518,20221006518,48.28,46.12,28.41,40.94,10.47,75,70.16,12
6519,20221006519,56.76,67.56,69.73,64.68,12.78,76,100,16
6520,20221006520,50.56,36.82,29.59,38.99,13.13,76,98.26,28
6521,20221006521,61.68,59.98,66.91,62.86,17.88,81,100,13
6522,20221006522,79.93,78.75,81.6,80.09,22.97,100,92.98,27
6523,20221006523,70.28,75.47,79.76,75.17,22.72,93,92.76,10
6524,20221006524,42.02,60.69,54.29,52.33,17.4,100,62.98,71
6525,20221006525,71.2,84.74,86.48,80.81,18.3,77,62.19,26
6526,20221006526,53.31,57.8,75.28,62.13,17.94,100,43.94,128
6527,20221006527,83.35,88.75,84.94,85.68,19.18,77,57.68,66
6528,20221006528,49.32,55.75,54.01,53.03,14.02,73,55.67,34
6529,20221006529,58.32,66.43,60.93,61.89,11.16,100,65.22,13
6530,20221006530,38.85,50.79,63.28,50.97,14.43,67,52.86,21
6531,20221006531,46.93,53.73,56.26,52.31,19.25,85,66.1,34
6532,20221006532,79.64,81.5,78.66,79.93,15.42,87,74.04,22
6533,20221006533,76.93,82.48,86.4,81.94,21.19,87,60.89,13
6534,20221006534,79.04,77.09,64.83,73.65,17.43,84,88.58,19
6535,20221006535,45.69,45.92,38.91,43.51,34.2,86,76.9,21
6536,20221006536,58.46,60.07,54.32,57.62,18.16,91,56.94,20
6537,20221006537,58.34,61.94,50.84,57.04,13.05,77,85.84,8
6538,20221006538,73.19,96.66,90.5,86.78,24.69,86,71.66,16
6539,20221006539,54.29,51.87,54.78,53.65,20.34,89,99.59,28
6540,20221006540,63.09,69.64,68.06,66.93,15.29,100,87.52,14
6541,20221006541,36.12,38.87,36.8,37.26,14.97,92,86.3,18
6542,20221006542,75.06,81.75,87.58,81.46,10.69,82,80.19,11
6543,20221006543,77.35,60.93,51.42,63.23,9.19,100,74.37,38
6544,20221006544,53.67,42.41,25.66,40.58,20.35,93,77.35,27
6545,20221006545,36.0,27.92,34.82,32.91,12.81,73,46.14,31
6546,20221006546,49.19,58.15,49.68,52.34,16.93,75,77.48,20
6547,20221006547,65.19,76.21,90.95,77.45,13.14,93,88.13,13
6548,20221006548,43.27,45.41,43.2,43.96,9.72,79,53.04,52
6549,20221006549,33.47,33.2,30.71,32.46,14.41,99,81.23,35
6550,20221006550,54.59,53.88,61.65,56.71,13.83,92,85.2,31
6551,20221006551,82.26,60.17,74.13,72.19,20.19,96,87.31,36
6552,20221006552,76.71,61.47,59.77,65.98,23.68,87,42.03,41
6553,20221006553,59.72,55.3,64.31,59.78,27.66,90,96.97,24
6554,20221006554,70.63,80.81,83.11,78.18,17.99,92,97.38,38
6555,20221006555,46.1,46.84,33.76,42.23,6.77,70,49.56,20
6556,20221006556,80.1,65.6,73.46,73.05,24.13,79,79.28,28
6557,20221006557,70.84,77.5,86.42,78.25,12.95,81,100,13
6558,20221006558,64.35,44.82,46.45,51.87,12.06,75,100,35
6559,20221006559,62.98,66.17,63.77,64.31,16.24,82,74.3,16
6560,20221006560,51.24,39.93,44.27,45.15,25.45,77,77.07,10
6561,20221006561,34.75,33.91,25.81,31.49,19.89,75,35.62,16
6562,20221006562,35.79,35.9,27.43,33.04,25.65,75,86.3,30
6563,20221006563,43.82,40.67,42.78,42.42,22.05,81,82.83,11
6564,20221006564,29.6,36.83,21.92,29.45,15.45,80,59.14,17
6565,20221006565,27.5,29.94,25.47,27.64,5.3,75,48.28,39
6566,20221006566,65.86,57.72,52.77,58.78,18.93,83,48.2,34
6567,20221006567,41.42,37.67,29.24,36.11,22.62,85,71.16,14
6568,20221006568,58.77,53.04,60.8,57.54,19.41,100,67.66,20
6569,20221006569,39.81,53.48,49.77,47.69,21.69,94,68.71,8
6570,20221006570,45.84,37.56,45.65,43.02,21.48,93,86.4,16
6571,20221006571,63.08,66.55,58.61,62.75,20.6,84,63.84,10
6572,20221006572,47.09,47.83,58.5,51.14,8.27,87,98.24,17
6573,20221006573,63.76,67.9,61.16,64.27,15.03,83,97.63,78
6574,20221006574,55.37,41.07,54.99,50.48,15.67,88,49.26,47
6575,20221006575,70.03,64.9,65.75,66.89,8.66,78,65.63,20
6576,20221006576,31.29,22.4,22.94,25.54,2,93,69.85,61
6577,20221006577,39.8,20,20,26.6,12.7,98,74.01,113
6578,20221006578,87.79,99.77,98.6,95.39,18.95,94,88.83,37
6579,20221006579,64.23,41.09,35.85,47.06,33.48,76,76.78,49
6580,20221006580,39.28,43.12,57.57,46.66,31.32,83,77.22,23
6581,20221006581,69.38,78.85,77.58,75.27,16.6,89,50.43,18
6582,20221006582,59.6,60.07,70.92,63.53,15.41,90,80.57,14
6583,20221006583,61.18,59.97,45.9,55.68,19.12,97,83.82,6
6584,20221006584,63.44,46.31,27.65,45.8,25.65,88,34.84,25
6585,20221006585,64.49,73.11,64.96,67.52,25.78,88,55.49,21
6586,20221006586,66.6,77.13,82.27,75.33,21.51,94,62.94,12
6587,20221006587,51.61,62.69,72.76,62.35,22.25,81,50.62,21
6588,20221006588,36.92,43.95,39.96,40.28,11.99,92,39.75,40
6589,20221006589,67.93,86.7,80.11,78.25,19.29,84,60.28,10
6590,20221006590,68.28,64.63,70.19,67.7,19.03,91,50.16,20
6591,20221006591,73.84,82.92,88.54,81.77,8.89,100,67.24,9
6592,20221006592,66.27,46.6,42.84,51.9,9.51,90,66.9,20
6593,20221006593,47.46,70.79,63.12,60.46,17.14,89,62.92,23
6594,20221006594,52.86,66.5,55.56,58.31,20.42,83,100,19
6595,20221006595,61.1,65.93,60.19,62.41,10.78,92,54.6,60
6596,20221006596,65.93,65.95,65.87,65.92,24.96,76,88.49,9
6597,20221006597,65.14,68.85,55.43,63.14,23.43,85,74.57,42
6598,20221006598,57.59,37.02,38.45,44.35,10.37,91,76.73,48
6599,20221006599,37.15,32.67,29.89,33.24,20.46,76,54.98,115
6600,20221006600,47.13,64.49,39.81,50.48,8.72,85,71.57,15
6601,20221006601,43.53,47.95,39.37,43.62,26.46,100,65.24,20
6602,20221006602,56.16,37.0,48.88,47.35,21.31,85,53.78,20
6603,20221006603,64.7,66.28,61.02,64.0,7.98,97,63.39,14
6604,20221006604,24.05,23.65,35.89,27.86,16.62,81,79.63,17
6605,20221006605,61.14,72.88,84.36,72.79,19.45,98,96.61,20
6606,20221006606,39.24,49.14,42.88,43.75,19.88,100,84.67,24
6607,20221006607,78.52,75.04,75.46,76.34,13.95,92,67.82,27
6608,20221006608,52.53,52.07,45.76,50.12,7.6,100,78.65,13
6609,20221006609,48.18,39.09,35.67,40.98,14.25,97,75.9,39
6610,20221006610,58.71,47.56,40.66,48.98,13.72,75,87.73,24
6611,20221006611,62.5,57.12,59.42,59.68,18.11,77,49.46,43
6612,20221006612,55.69,85.14,91.13,77.32,16.55,84,83.57,6
6613,20221006613,81.48,77.98,58.99,72.82,17.02,89,84.44,66
6614,20221006614,40.52,35.69,20,32.07,12.14,93,75.93,23
6615,20221006615,46.27,57.34,51.19,51.6,11.72,98,54.71,46
6616,20221006616,30.04,47.84,64.5,47.46,21.24,87,77.16,9
6617,20221006617,42.9,22.54,20,28.48,10.99,100,64.24,25
6618,20221006618,79.99,79.67,73.59,77.75,15.45,76,49.77,36
6619,20221006619,49.53,61.25,65.46,58.75,13.19,76,84.35,22
6620,20221006620,54.56,78.61,87.16,73.44,15.45,94,55.82,17
6621,20221006621,47.09,47.56,52.99,49.21,11.78,95,100,28
6622,20221006622,41.21,46.96,41.79,43.32,12.8,100,86.58,6
6623,20221006623,67.99,60.97,50.86,59.94,14.39,96,66.45,24
6624,20221006624,68.13,69.06,64.74,67.31,20.39,82,69.14,47
6625,20221006625,64.54,62.43,48.72,58.56,11.13,90,67.53,38
6626,20221006626,28.62,22.7,20,23.77,31.05,83,44.02,56
6627,20221006627,65.44,61.66,57.09,61.4,11.25,81,82.89,33
6628,20221006628,41.09,48.5,39.94,43.18,4.72,93,44.15,47
6629,20221006629,25.69,31.62,20,25.77,26.9,83,47.03,41
6630,20221006630,71.88,77.38,72.35,73.87,16.85,100,97.73,23
6631,20221006631,58.12,52.51,73.26,61.3,12.34,72,70.12,19
6632,20221006632,45.02,40.55,43.95,43.17,15.89,79,93.71,4
6633,20221006633,73.15,84.1,93.0,83.42,13.86,100,88.99,42
6634,20221006634,65.24,76.91,67.3,69.82,19.55,74,74.6,36
6635,20221006635,74.45,65.65,57.15,65.75,18.46,100,82.8,44
6636,20221006636,68.79,75.41,81.49,75.23,23.83,88,72.65,16
6637,20221006637,35.79,21.45,30.64,29.29,17.23,72,71.24,10
6638,20221006638,36.84,36.6,52.01,41.82,18.54,80,35.94,23
6639,20221006639,29.58,34.83,43.54,35.98,21.46,89,80.74,32
6640,20221006640,71.5,95.63,90.44,85.86,15.39,88,61.0,20
6641,20221006641,86.72,87.93,94.53,89.73,12.71,85,87.0,21
6642,20221006642,49.86,25.58,20,31.81,13.82,81,54.59,27
6643,20221006643,31.13,40.47,40.62,37.41,20.2,90,83.16,14
6644,20221006644,35.35,31.62,33.0,33.32,3.47,93,54.31,29
6645,20221006645,70.94,64.86,58.61,64.8,14.21,100,89.51,25
6646,20221006646,29.12,20,20,23.04,22.27,97,41.74,16
6647,20221006647,39.7,24.68,20,28.13,25.16,100,96.34,37
6648,20221006648,75.85,76.01,67.6,73.15,15.17,86,45.45,22
6649,20221006649,64.33,68.5,80.28,71.04,16.74,100,83.02,28
6650,20221006650,54.21,62.95,63.29,60.15,15.81,88,58.19,29
6651,20221006651,74.17,75.54,86.19,78.63,21.14,100,51.46,39
6652,20221006652,48.06,24.43,20,30.83,17.54,91,64.86,17
6653,20221006653,69.55,68.97,67.87,68.8,17.44,75,72.61,29
6654,20221006654,59.82,59.93,54.24,58.0,11.12,96,81.04,11
6655,20221006655,49.56,27.11,29.11,35.26,13.38,91,99.7,25
6656,20221006656,76.43,69.97,54.25,66.88,10.25,83,72.77,23
6657,20221006657,65.74,54.51,51.39,57.21,18.7,94,100,37
6658,20221006658,42.78,53.51,53.01,49.77,5.5,96,83.33,14
6659,20221006659,36.44,34.39,31.2,34.01,7.62,91,84.71,15
6660,20221006660,34.29,56.5,53.53,48.11,15.26,95,73.34,80
6661,20221006661,50.45,52.02,40.76,47.74,7.23,72,97.97,20
6662,20221006662,41.64,45.05,55.13,47.27,2,94,55.28,14
6663,20221006663,73.25,56.77,40.86,56.96,9.56,86,75.36,40
6664,20221006664,51.49,52.26,44.56,49.44,4.68,90,69.32,20
6665,20221006665,68.08,67.17,62.28,65.84,12.79,84,83.94,51
6666,20221006666,62.36,72.61,70.38,68.45,19.07,84,51.93,33
6667,20221006667,39.81,52.49,33.7,42.0,16.89,88,54.82,14
6668,20221006668,51.44,28.14,29.62,36.4,13.55,94,68.38,7
6669,20221006669,65.03,43.1,41.55,49.89,12.13,78,81.41,32
6670,20221006670,60.23,43.1,35.62,46.32,13.85,100,50.44,22
6671,20221006671,76.57,74.27,71.97,74.27,16.48,98,84.25,27
6672,20221006672,53.98,69.68,72.18,65.28,6.99,95,75.86,21
6673,20221006673,55.47,73.05,74.49,67.67,24.79,97,78.39,16
6674,20221006674,40.59,20,29.44,30.01,13.38,71,59.43,22
6675,20221006675,42.03,45.92,56.26,48.07,18.95,90,63.26,17
6676,20221006676,45.18,25.42,24.67,31.76,21.07,80,52.08,38
6677,20221006677,57.17,91.2,97.03,81.8,9.44,78,41.9,12
6678,20221006678,63.06,46.46,49.59,53.04,11.88,69,97.95,19
6679,20221006679,30.64,29.26,32.09,30.66,9.18,84,48.97,21
6680,20221006680,71.08,88.62,96.76,85.49,11.25,74,72.2,56
6681,20221006681,72.17,73.61,67.15,70.98,13.67,77,100,61
6682,20221006682,53.58,42.94,39.75,45.42,9.76,71,63.19,8
6683,20221006683,72.71,71.83,82.72,75.75,15.17,77,72.06,23
6684,20221006684,54.71,80.07,87.14,73.97,21.77,81,100,15
6685,20221006685,67.42,88.59,89.01,81.67,20.4,76,52.14,64
6686,20221006686,61.62,55.44,66.98,61.35,15.53,83,77.52,55
6687,20221006687,33.26,36.04,25.41,31.57,13.47,76,77.5,22
6688,20221006688,40.34,39.09,48.61,42.68,3.72,82,66.87,23
6689,20221006689,71.4,63.86,65.12,66.79,21.12,96,83.74,24
6690,20221006690,59.52,66.44,63.15,63.04,10.21,99,40.86,28
6691,20221006691,35.34,23.87,34.1,31.1,10.69,92,34.56,22
6692,20221006692,34.85,38.8,39.9,37.85,24.67,88,80.85,27
6693,20221006693,57.4,36.38,41.96,45.25,10.25,91,50.3,33
6694,20221006694,72.12,62.92,52.97,62.67,12.29,77,56.99,27
6695,20221006695,65.58,45.34,43.29,51.4,2,98,82.88,47
6696,20221006696,45.4,44.39,61.33,50.37,17.54,100,94.02,15
6697,20221006697,83.61,49.14,48.4,60.38,24.05,100,87.7,39
6698,20221006698,72.48,63.6,78.09,71.39,19.98,100,85.7,16
6699,20221006699,55.55,66.78,88.14,70.16,13.4,83,55.39,13
6700,20221006700,62.47,57.83,59.34,59.88,8.77,85,47.16,58
6701,20221006701,24.53,20,20,21.51,18.11,100,87.53,29
6702,20221006702,49.66,49.39,49.65,49.57,24.14,94,32.86,40
6703,20221006703,20.2,54.38,52.01,42.2,16.51,66,48.73,17
6704,20221006704,64.68,91.93,93.65,83.42,13.61,84,70.86,19
6705,20221006705,36.34,34.39,30.59,33.77,9.35,90,45.32,14
6706,20221006706,37.9,28.03,22.83,29.59,17.18,97,76.58,26
6707,20221006707,77.78,74.83,70.33,74.31,17.26,81,38.86,65
6708,20221006708,74.48,100,100,91.49,20.83,100,80.73,26
6709,20221006709,56.72,70.04,55.98,60.91,16.83,82,56.57,76
6710,20221006710,63.54,63.02,53.33,59.96,14.66,86,82.36,9
6711,20221006711,76.11,91.99,88.66,85.59,12.28,79,73.78,19
6712,20221006712,57.39,49.29,70.5,59.06,23.11,100,84.08,19
6713,20221006713,74.06,75.81,86.21,78.69,20.38,99,31.89,52
6714,20221006714,73.71,70.9,70.1,71.57,5.31,64,51.37,7
6715,20221006715,36.58,50.86,54.11,47.18,23.12,89,47.6,39
6716,20221006716,75.8,84.12,100,86.64,10.84,78,84.64,49
6717,20221006717,32.33,32.91,39.84,35.03,13.25,86,74.35,74
6718,20221006718,40.64,52.9,51.84,48.46,20.12,83,45.7,15
6719,20221006719,36.93,37.86,48.59,41.13,22.82,94,80.52,17
6720,20221006720,76.9,59.62,67.26,67.93,13.35,92,84.34,54
6721,20221006721,54.69,47.29,62.2,54.73,21.47,96,52.22,10
6722,20221006722,37.07,44.99,48.36,43.47,20.19,69,74.34,27
6723,20221006723,39.63,54.37,47.67,47.22,13.63,100,79.04,28
6724,20221006724,38.81,33.4,36.91,36.37,10.27,93,79.37,25
6725,20221006725,34.83,26.63,28.34,29.93,21.91,83,43.72,32
6726,20221006726,61.03,69.69,63.84,64.85,5.52,83,90.82,60
6727,20221006727,47.48,58.33,57.13,54.31,18.94,88,92.87,28
6728,20221006728,75.86,65.68,70.65,70.73,2,74,44.29,19
6729,20221006729,55.63,43.99,27.43,42.35,15.61,72,93.86,29
6730,20221006730,48.88,40.36,38.64,42.63,17.88,78,48.95,19
6731,20221006731,53.23,62.9,67.64,61.26,4.43,85,62.4,116
6732,20221006732,38.95,45.76,29.16,37.96,13.28,86,81.26,26
6733,20221006733,41.82,29.99,20,30.6,20.56,82,94.31,71
6734,20221006734,49.7,59.68,84.71,64.7,13.66,84,75.1,15
6735,20221006735,65.46,69.58,64.3,66.45,16.14,93,71.16,56
6736,20221006736,36.25,20.82,24.02,27.03,21.05,90,52.19,46
6737,20221006737,41.88,28.57,52.13,40.86,18.07,90,99.62,11
6738,20221006738,47.49,40.47,38.08,42.01,17.5,95,100,13
6739,20221006739,72.36,65.33,59.52,65.74,16.78,81,66.64,23
6740,20221006740,34.29,37.5,33.56,35.12,13.95,89,87.85,25
6741,20221006741,57.26,71.88,59.86,63.0,4.9,85,55.78,49
6742,20221006742,57.29,66.8,62.04,62.04,20.53,78,69.83,26
6743,20221006743,42.29,64.24,71.22,59.25,4.1,86,58.28,43
6744,20221006744,34.43,38.1,35.02,35.85,7.34,100,55.91,35
6745,20221006745,71.2,74.5,78.72,74.81,18.28,79,97.03,34
6746,20221006746,59.62,64.99,66.14,63.58,17.29,99,93.02,22
6747,20221006747,53.61,47.36,29.83,43.6,14.32,86,45.77,36
6748,20221006748,70.2,82.58,84.91,79.23,17.63,67,94.72,55
6749,20221006749,56.52,66.73,70.46,64.57,14.2,100,47.03,28
6750,20221006750,33.85,21.42,25.92,27.06,12.75,89,67.31,13
6751,20221006751,45.41,55.74,66.57,55.91,2,98,97.98,18
6752,20221006752,66.85,56.07,55.19,59.37,18.4,85,71.23,22
6753,20221006753,32.32,34.45,26.36,31.04,14.38,82,68.51,45
6754,20221006754,81.51,90.62,94.86,89.0,16.11,92,43.42,12
6755,20221006755,52.79,60.42,62.21,58.47,18.12,100,90.09,17
6756,20221006756,37.02,23.29,25.49,28.6,13.47,80,90.94,10
6757,20221006757,43.7,66.96,59.32,56.66,16.67,91,80.37,17
6758,20221006758,77.62,81.54,95.02,84.73,18.36,91,64.76,16
6759,20221006759,38.37,54.38,57.27,50.01,23.54,86,66.57,19
6760,20221006760,70.94,56.19,63.97,63.7,10.03,90,74.16,23
6761,20221006761,47.84,52.81,50.27,50.31,15.4,89,99.75,18
6762,20221006762,43.2,40.33,32.51,38.68,22.01,92,73.13,43
6763,20221006763,46.07,68.92,71.33,62.11,14.95,100,75.33,20
6764,20221006764,55.82,75.25,86.38,72.48,20.06,90,83.31,19
6765,20221006765,43.49,56.94,61.66,54.03,19.38,80,77.48,16
6766,20221006766,76.45,64.87,56.85,66.06,10.41,100,78.37,44
6767,20221006767,42.04,33.74,38.35,38.04,12.08,100,34.24,8
6768,20221006768,87.09,100,98.33,95.14,19.89,100,86.45,23
6769,20221006769,43.65,56.8,63.45,54.63,15.77,100,96.8,15
6770,20221006770,48.13,73.57,92.66,71.45,15.33,77,63.13,27
6771,20221006771,59.22,71.06,66.61,65.63,7.7,84,62.41,29
6772,20221006772,77.94,88.8,92.87,86.54,25.99,79,100,29
6773,20221006773,37.75,42.91,31.64,37.43,13.18,82,96.88,24
6774,20221006774,36.9,34.95,37.69,36.51,9.74,73,98.4,17
6775,20221006775,30.49,26.26,43.19,33.31,15.41,90,95.66,31
6776,20221006776,44.65,31.64,20,32.1,15.66,91,45.24,15
6777,20221006777,57.42,57.71,55.46,56.86,11.37,83,67.49,15
6778,20221006778,69.69,81.02,90.07,80.26,10.3,96,71.62,33
6779,20221006779,38.12,38.33,54.09,43.51,13.58,100,74.84,16
6780,20221006780,72.86,78.33,94.96,82.05,9.61,70,97.92,6
6781,20221006781,62.88,55.96,54.01,57.62,19.04,89,75.92,53
6782,20221006782,62.26,75.78,67.43,68.49,18.15,93,38.38,26
6783,20221006783,47.78,50.18,83.36,60.44,13.2,91,88.92,11
6784,20221006784,36.78,67.0,49.77,51.18,18.36,90,39.51,15
6785,20221006785,48.49,53.24,69.96,57.23,21.28,80,100,46
6786,20221006786,40.14,71.95,81.6,64.56,25.07,87,86.95,45
6787,20221006787,41.0,31.66,28.82,33.83,19.67,82,76.99,18
6788,20221006788,65.48,54.19,57.17,58.95,7.42,76,72.47,41
6789,20221006789,32.84,22.99,20,25.28,14.26,79,43.61,23
6790,20221006790,72.84,84.86,87.45,81.72,5.94,73,61.33,19
6791,20221006791,61.42,44.28,31.39,45.7,3.54,93,44.08,37
6792,20221006792,43.2,39.17,48.9,43.76,13.25,99,80.84,40
6793,20221006793,38.31,22.08,35.19,31.86,9.05,100,94.47,59
6794,20221006794,82.46,78.87,72.91,78.08,18.15,100,85.08,35
6795,20221006795,61.03,66.19,60.12,62.45,24.79,94,92.69,22
6796,20221006796,39.13,34.64,46.11,39.96,10.12,76,54.61,42
6797,20221006797,91.91,91.2,97.33,93.48,21.21,98,94.14,16
6798,20221006798,63.65,58.81,56.65,59.7,18.7,81,80.97,52
6799,20221006799,56.55,43.99,70.14,56.89,14.17,90,84.93,20
6800,20221006800,29.9,20,34.13,28.01,2.17,99,43.89,18
6801,20221006801,78.08,60.98,75.15,71.4,27.86,84,59.23,49
6802,20221006802,67.08,53.75,53.01,57.95,22.15,86,62.58,40
6803,20221006803,44.52,40.0,26.12,36.88,15.71,88,86.24,41
6804,20221006804,62.62,56.8,55.0,58.14,32.47,73,50.96,20
6805,20221006805,49.44,28.14,24.62,34.07,13.54,100,90.67,34
6806,20221006806,46.32,58.37,71.95,58.88,23.17,79,64.28,21
6807,20221006807,36.86,29.35,32.16,32.79,13.77,100,71.32,17
6808,20221006808,62.98,64.03,57.06,61.36,7.93,91,62.81,18
6809,20221006809,30.98,35.45,41.13,35.85,16.03,88,68.63,30
6810,20221006810,61.74,74.43,71.16,69.11,20.41,86,94.12,17
6811,20221006811,43.5,28.0,20,30.5,19.23,89,30,87
6812,20221006812,58.59,61.72,61.94,60.75,21.6,91,60.27,20
6813,20221006813,71.96,58.9,53.15,61.34,18.75,72,87.92,63
6814,20221006814,44.12,29.2,24.99,32.77,13.23,84,82.49,17
6815,20221006815,34.53,31.33,26.84,30.9,21.04,95,59.95,25
6816,20221006816,70.03,82.03,88.88,80.31,10.21,90,75.44,97
6817,20221006817,58.6,45.11,43.62,49.11,18.7,94,81.62,11
6818,20221006818,63.92,45.34,51.51,53.59,10.81,83,66.33,23
6819,20221006819,45.34,39.6,41.46,42.13,28.89,97,100,47
6820,20221006820,53.45,63.29,56.65,57.8,23.9,78,86.42,9
6821,20221006821,55.6,41.63,54.01,50.41,20.87,97,85.98,31
6822,20221006822,47.67,32.48,24.23,34.79,8.55,73,73.96,11
6823,20221006823,70.54,72.6,85.23,76.12,21.94,89,100,16
6824,20221006824,57.98,37.03,38.18,44.4,11.59,82,51.49,23
6825,20221006825,72.24,70.5,63.78,68.84,2,95,43.07,19
6826,20221006826,67.37,72.87,55.32,65.19,14.08,88,97.16,23
6827,20221006827,59.0,56.71,50.85,55.52,10.41,100,67.88,38
6828,20221006828,54.52,48.04,43.66,48.74,22.55,83,70.56,30
6829,20221006829,56.81,59.45,68.36,61.54,16.99,96,77.84,23
6830,20221006830,65.97,59.49,57.88,61.11,15.91,100,46.76,21
6831,20221006831,54.75,63.02,56.57,58.11,19.2,88,34.05,47
6832,20221006832,36.34,38.53,36.73,37.2,14.49,93,42.97,41
6833,20221006833,34.7,36.99,20,30.56,11.27,75,64.38,11
6834,20221006834,60.38,85.86,99.18,81.81,16.36,92,68.06,32
6835,20221006835,67.89,61.26,62.3,63.82,16.47,97,92.62,16
6836,20221006836,53.86,56.69,66.99,59.18,19.6,82,60.62,32
6837,20221006837,58.93,47.6,43.27,49.93,22.6,99,79.72,20
6838,20221006838,70.33,42.51,46.14,52.99,14.37,75,53.07,20
6839,20221006839,69.32,81.68,92.83,81.28,11.92,85,100,26
6840,20221006840,82.15,81.61,82.98,82.25,20.96,93,98.28,29
6841,20221006841,25.2,20,22.14,22.45,19.44,77,98.21,13
6842,20221006842,47.31,31.92,37.33,38.85,20.41,90,72.69,13
6843,20221006843,64.15,80.03,87.96,77.38,12.57,77,41.76,14
6844,20221006844,44.93,66.82,60.95,57.57,16.04,82,49.49,18
6845,20221006845,78.64,58.08,55.95,64.22,12.56,93,84.46,27
6846,20221006846,37.09,45.5,45.64,42.74,26.14,85,87.51,74
6847,20221006847,71.8,63.01,69.74,68.18,14.03,83,66.91,10
6848,20221006848,70.28,92.44,96.75,86.49,19.27,82,42.8,32
6849,20221006849,54.73,58.77,57.37,56.96,10.85,84,46.16,84
6850,20221006850,67.73,87.74,87.27,80.91,15.3,100,88.29,40
6851,20221006851,33.3,36.53,42.19,37.34,21.25,83,68.25,28
6852,20221006852,58.18,64.82,57.6,60.2,17.67,93,83.26,22
6853,20221006853,58.33,75.93,53.8,62.69,12.41,100,64.75,12
6854,20221006854,46.5,36.83,52.69,45.34,24.81,81,100,47
6855,20221006855,60.36,50.14,53.5,54.67,16.33,66,66.24,19
6856,20221006856,73.38,77.81,70.01,73.73,13.23,100,45.78,12
6857,20221006857,53.17,43.5,44.05,46.91,15.08,80,57.61,32
6858,20221006858,49.19,43.61,54.68,49.16,13.36,95,93.77,17
6859,20221006859,63.93,57.35,49.34,56.87,19.07,100,100,22
6860,20221006860,31.76,36.35,27.22,31.78,14.32,84,53.36,41
6861,20221006861,48.15,50.51,43.89,47.52,19.77,83,53.04,38
6862,20221006862,63.9,64.07,54.02,60.66,21.83,87,78.01,36
6863,20221006863,70.07,65.16,61.45,65.56,6.49,100,87.12,26
6864,20221006864,73.51,87.29,97.69,86.16,16.44,97,95.77,26
6865,20221006865,64.9,70.31,95.06,76.76,17.71,100,39.05,28
6866,20221006866,76.78,80.27,79.58,78.88,18.89,80,86.72,52
6867,20221006867,72.23,70.88,65.03,69.38,12.13,84,81.16,35
6868,20221006868,74.16,68.49,67.39,70.01,17.19,84,79.18,21
6869,20221006869,42.36,58.2,45.99,48.85,21.19,95,45.23,19
6870,20221006870,36.95,38.34,34.65,36.65,12.72,73,70.6,16
6871,20221006871,59.76,42.72,48.12,50.2,15.11,86,78.73,32
6872,20221006872,50.04,39.57,54.7,48.1,12.45,88,62.82,55
6873,20221006873,74.69,53.59,61.16,63.15,20.2,92,70.54,13
6874,20221006874,40.44,42.31,29.05,37.27,16.38,86,48.84,19
6875,20221006875,40.57,42.02,42.45,41.68,20.89,97,79.95,23
6876,20221006876,79.89,81.11,82.49,81.16,19.49,96,66.65,37
6877,20221006877,37.62,39.39,42.12,39.71,6.94,73,45.16,17
6878,20221006878,35.88,42.06,26.75,34.9,13.23,78,82.89,13
6879,20221006879,43.2,57.34,57.29,52.61,20.54,87,71.99,33
6880,20221006880,34.94,29.44,20,28.13,13.48,94,61.0,23
6881,20221006881,37.61,52.1,53.32,47.68,6.33,79,78.91,18
6882,20221006882,35.61,33.42,43.01,37.35,17.12,98,87.82,28
6883,20221006883,36.15,30.81,25.29,30.75,21.61,79,96.25,24
6884,20221006884,51.16,48.82,34.93,44.97,15.43,82,92.69,17
6885,20221006885,53.28,43.86,45.13,47.42,16.9,96,85.66,47
6886,20221006886,46.43,47.14,51.83,48.47,19.57,95,77.73,6
6887,20221006887,39.51,51.28,64.45,51.75,6.04,100,45.95,17
6888,20221006888,70.68,83.66,76.31,76.88,10.33,72,61.26,21
6889,20221006889,48.55,47.77,38.85,45.06,10.59,94,96.88,43
6890,20221006890,71.43,62.83,79.31,71.19,19.98,100,48.48,17
6891,20221006891,37.68,25.95,20,27.88,7.09,80,89.49,31
6892,20221006892,54.62,77.14,75.47,69.08,14.23,89,51.8,19
6893,20221006893,40.05,28.6,22.11,30.25,16.63,81,88.96,28
6894,20221006894,69.49,70.16,60.03,66.56,17.59,82,56.59,11
6895,20221006895,78.38,71.14,67.75,72.42,14.4,78,92.62,14
6896,20221006896,60.22,65.14,75.74,67.03,18.68,100,55.92,19
6897,20221006897,37.2,34.36,20.89,30.82,19.81,77,70.0,18
6898,20221006898,61.89,52.5,46.68,53.69,16.4,97,81.08,29
6899,20221006899,53.71,58.81,59.34,57.29,10.8,86,73.44,19
6900,20221006900,74.09,56.26,66.77,65.71,13.81,91,44.68,17
6901,20221006901,73.79,81.75,74.47,76.67,18.94,66,100,21
6902,20221006902,37.05,23.99,20.33,27.12,15.1,98,56.1,27
6903,20221006903,85.07,77.9,72.33,78.43,23.36,74,93.25,52
6904,20221006904,63.03,69.8,71.82,68.22,20.65,80,98.45,20
6905,20221006905,47.95,47.9,54.67,50.17,13.7,86,55.94,21
6906,20221006906,64.38,41.37,47.91,51.22,20.67,83,41.12,17
6907,20221006907,58.53,76.78,66.21,67.17,18.93,88,59.6,12
6908,20221006908,70.04,93.97,75.06,79.69,18.4,73,47.55,39
6909,20221006909,55.95,61.1,35.85,50.97,18.24,97,86.97,45
6910,20221006910,73.47,79.23,90.41,81.04,9.45,90,53.66,22
6911,20221006911,58.2,41.34,40.11,46.55,19.07,92,49.67,31
6912,20221006912,68.93,69.46,70.45,69.61,20.78,89,70.14,44
6913,20221006913,57.01,58.28,68.82,61.37,18.57,86,96.22,63
6914,20221006914,81.17,79.23,87.72,82.71,11.04,83,64.84,31
6915,20221006915,43.94,56.87,62.92,54.58,22.5,79,92.23,20
6916,20221006916,65.66,65.02,58.28,62.99,25.04,86,79.88,45
6917,20221006917,43.99,65.56,71.25,60.27,17.57,74,45.58,17
6918,20221006918,50.13,66.05,84.15,66.78,26.29,100,58.36,37
6919,20221006919,53.23,67.8,53.77,58.27,19.79,96,66.98,10
6920,20221006920,50.08,44.65,53.25,49.33,13.62,96,100,15
6921,20221006921,56.4,64.26,53.34,58.0,21.79,81,47.4,22
6922,20221006922,60.42,55.77,42.27,52.82,15.84,87,75.75,37
6923,20221006923,40.7,20,22.99,27.9,8.51,79,82.22,25
6924,20221006924,48.9,60.45,65.47,58.27,10.27,100,91.42,47
6925,20221006925,41.6,38.15,29.68,36.48,13.86,81,65.02,41
6926,20221006926,34.05,30.93,20,28.33,14.56,100,85.73,35
6927,20221006927,32.92,38.05,40.46,37.14,13.36,100,100,30
6928,20221006928,55.59,57.82,48.56,53.99,16.09,93,83.79,11
6929,20221006929,57.26,79.38,78.16,71.6,25.31,89,100,34
6930,20221006930,75.44,80.52,84.38,80.11,18.62,100,88.75,16
6931,20221006931,52.12,66.49,52.64,57.08,17.09,93,60.72,27
6932,20221006932,72.86,84.29,72.89,76.68,20.03,85,72.41,33
6933,20221006933,42.72,44.95,40.22,42.63,17.97,88,86.62,12
6934,20221006934,68.48,90.52,92.26,83.75,13.31,89,43.87,25
6935,20221006935,31.05,27.84,40.47,33.12,24.38,77,41.37,4
6936,20221006936,38.08,59.45,60.68,52.74,20.61,88,41.7,8
6937,20221006937,64.31,68.5,78.87,70.56,12.49,82,70.33,11
6938,20221006938,79.95,90.83,100,90.26,33.45,87,48.27,13
6939,20221006939,53.62,36.93,31.75,40.77,9.21,90,74.15,28
6940,20221006940,47.3,50.94,51.05,49.76,15.5,83,44.51,11
6941,20221006941,47.68,20.72,20,29.47,15.29,89,79.33,59
6942,20221006942,55.58,58.1,52.68,55.45,10.15,98,79.73,5
6943,20221006943,50.83,56.78,57.66,55.09,17.64,100,79.17,24
6944,20221006944,35.99,23.15,30.64,29.93,19.89,68,54.22,17
6945,20221006945,67.09,52.37,46.29,55.25,27.93,76,46.8,35
6946,20221006946,42.81,31.95,22.11,32.29,19.33,92,80.27,57
6947,20221006947,58.05,76.59,80.31,71.65,19.05,76,92.0,35
6948,20221006948,62.75,46.09,49.36,52.73,21.39,91,53.77,5
6949,20221006949,42.09,55.07,73.57,56.91,17.05,81,92.95,10
6950,20221006950,64.84,72.23,76.83,71.3,13.07,89,57.4,12
6951,20221006951,74.54,70.23,76.31,73.69,19.57,96,89.09,53
6952,20221006952,51.11,34.17,29.42,38.23,16.32,97,57.24,34
6953,20221006953,55.32,52.59,49.13,52.35,14.03,95,93.53,61
6954,20221006954,64.94,71.57,72.74,69.75,14.7,82,51.86,30
6955,20221006955,81.44,88.41,83.86,84.57,25.78,84,83.25,35
6956,20221006956,53.05,60.86,48.67,54.19,8.2,69,87.69,25
6957,20221006957,52.41,71.92,61.3,61.88,13.94,86,57.27,39
6958,20221006958,67.56,62.59,43.15,57.77,18.83,100,82.08,35
6959,20221006959,75.15,100,100,91.72,16.25,69,64.59,52
6960,20221006960,58.44,61.8,58.08,59.44,9.12,79,72.29,25
6961,20221006961,24.7,25.44,20,23.38,8.15,77,49.95,25
6962,20221006962,68.48,100,81.24,83.24,13.24,86,79.42,19
6963,20221006963,64.77,77.37,82.5,74.88,11.48,80,75.6,16
6964,20221006964,54.09,40.2,48.04,47.44,26.96,86,67.43,13
6965,20221006965,26.31,42.12,41.64,36.69,10.46,82,68.22,28
6966,20221006966,54.46,65.58,48.53,56.19,5.63,78,73.86,18
6967,20221006967,30.52,35.91,37.6,34.68,5.84,77,81.74,115
6968,20221006968,71.69,65.42,49.82,62.31,23.56,94,86.14,27
6969,20221006969,39.61,25.36,37.19,34.05,13.75,89,100,48
6970,20221006970,68.46,66.45,69.29,68.07,18.72,93,46.62,39
6971,20221006971,61.15,59.43,62.93,61.17,21.22,90,46.57,29
6972,20221006972,71.55,75.9,100,82.48,23.58,71,57.24,52
6973,20221006973,43.16,42.08,21.99,35.74,6.36,81,71.83,50
6974,20221006974,45.07,55.75,39.92,46.91,16.62,80,79.07,20
6975,20221006975,57.4,71.83,71.39,66.87,26.72,88,46.82,13
6976,20221006976,68.61,71.47,76.25,72.11,13.32,89,45.63,18
6977,20221006977,41.14,40.25,39.27,40.22,20.87,67,67.05,14
6978,20221006978,72.52,71.92,83.32,75.92,22.16,100,93.96,32
6979,20221006979,73.66,86.06,77.94,79.22,20.74,93,72.5,30
6980,20221006980,63.25,38.74,49.68,50.56,22.35,94,40.14,60
6981,20221006981,39.84,63.35,48.17,50.45,17.85,74,85.87,14
6982,20221006982,69.28,73.29,82.02,74.86,17.45,86,74.33,31
6983,20221006983,55.89,47.74,38.13,47.25,14.95,68,77.48,29
6984,20221006984,69.96,66.96,75.58,70.83,15.9,99,94.0,41
6985,20221006985,56.4,65.67,73.09,65.05,11.03,91,41.75,42
6986,20221006986,41.51,29.43,35.02,35.32,21.68,95,56.2,13
6987,20221006987,64.85,65.26,64.37,64.83,11.09,85,92.58,23
6988,20221006988,35.15,50.69,73.36,53.07,15.37,84,71.42,7
6989,20221006989,59.74,41.25,36.66,45.88,17.13,86,73.62,26
6990,20221006990,58.76,65.65,54.58,59.66,7.27,82,80.85,63
6991,20221006991,51.55,60.03,63.05,58.21,22.6,89,92.69,19
6992,20221006992,71.83,62.83,66.85,67.17,13.4,91,75.73,35
6993,20221006993,34.16,36.35,50.57,40.36,4.15,96,53.94,76
6994,20221006994,77.89,85.34,63.11,75.45,23.08,95,88.19,38
6995,20221006995,36.69,37.2,38.35,37.41,22.55,80,42.15,30
6996,20221006996,72.17,85.71,82.35,80.08,16.89,100,41.1,7
6997,20221006997,40.78,42.67,52.51,45.32,20.19,99,50.0,21
6998,20221006998,49.19,36.43,46.14,43.92,28.81,99,76.93,32
6999,20221006999,79.21,96.77,88.03,88.0,22.04,100,99.81,69
7000,20221007000,72.21,57.01,57.05,62.09,11.52,79,75.73,13
7001,20221007001,32.98,26.8,20,26.59,19.15,90,66.25,50
7002,20221007002,70.51,62.74,54.48,62.58,13.36,83,57.66,23
7003,20221007003,42.05,53.59,73.26,56.3,14.68,75,58.51,8
7004,20221007004,68.14,75.98,95.02,79.71,16.59,94,78.46,17
7005,20221007005,41.16,48.42,51.18,46.92,14.27,74,84.81,28
7006,20221007006,70.96,75.75,58.31,68.34,17.51,99,72.41,20
7007,20221007007,38.57,47.97,65.7,50.75,8.68,84,58.52,10
7008,20221007008,79.87,86.92,86.43,84.41,5.62,83,49.04,68
7009,20221007009,30.95,53.44,48.7,44.36,19.3,82,54.12,42
7010,20221007010,37.22,29.27,25.33,30.61,10.52,95,83.67,19
7011,20221007011,74.51,65.66,66.01,68.73,17.16,79,89.36,13
7012,20221007012,22.83,22.55,22.72,22.7,16.1,85,35.81,19
7013,20221007013,65.73,77.11,71.05,71.3,19.4,92,73.24,25
7014,20221007014,80.94,96.12,96.97,91.34,29.59,91,100,11
7015,20221007015,58.9,45.39,46.69,50.33,12.31,79,44.18,43
7016,20221007016,81.81,77.93,71.37,77.04,23.54,88,69.53,11
7017,20221007017,51.66,69.64,62.13,61.14,17.89,96,87.36,39
7018,20221007018,46.31,51.02,74.5,57.28,13.77,89,90.58,23
7019,20221007019,66.37,62.95,70.06,66.46,14.17,74,54.89,19
7020,20221007020,57.31,42.78,36.46,45.52,13.42,65,81.13,34
7021,20221007021,47.61,30.55,20,32.72,27.65,87,91.31,10
7022,20221007022,80.98,72.84,91.8,81.87,16.79,86,96.49,16
7023,20221007023,57.75,68.5,81.03,69.09,11.58,83,56.68,57
7024,20221007024,55.6,46.67,34.79,45.69,14.18,88,71.6,13
7025,20221007025,67.85,37.34,39.78,48.32,16.9,100,50.22,16
7026,20221007026,65.28,59.55,63.04,62.62,29.59,96,30,50
7027,20221007027,32.82,20,20,24.27,4.35,71,46.38,20
7028,20221007028,47.98,53.46,55.56,52.33,20.14,72,82.58,40
7029,20221007029,63.9,63.6,64.83,64.11,19.29,77,76.83,16
7030,20221007030,59.62,63.38,66.11,63.04,21.87,87,41.09,15
7031,20221007031,47.67,28.74,39.04,38.48,25.66,96,69.62,28
7032,20221007032,62.74,62.02,81.29,68.68,18.54,100,100,40
7033,20221007033,48.61,20,50.76,39.79,16.8,86,100,28
7034,20221007034,65.77,74.58,75.93,72.09,20.33,91,77.43,25
7035,20221007035,66.18,86.7,83.26,78.71,20.88,92,37.96,20
7036,20221007036,50.68,48.89,43.93,47.83,19.07,93,59.67,59
7037,20221007037,57.27,37.64,32.44,42.45,17.42,82,80.86,6
7038,20221007038,55.02,44.58,48.04,49.21,14.35,81,70.77,26
7039,20221007039,55.55,56.81,61.77,58.04,8.38,76,54.32,13
7040,20221007040,41.44,31.77,33.89,35.7,14.51,83,49.58,11
7041,20221007041,62.07,66.41,51.02,59.83,16.13,79,96.84,57
7042,20221007042,53.53,57.43,37.77,49.58,23.25,83,92.56,25
7043,20221007043,62.11,82.73,87.6,77.48,20.31,76,87.16,37
7044,20221007044,61.21,66.7,68.35,65.42,29.14,95,37.16,28
7045,20221007045,55.77,50.97,54.61,53.78,11.07,100,79.14,12
7046,20221007046,28.31,20,23.02,23.78,8.34,72,60.17,5
7047,20221007047,52.26,66.42,61.86,60.18,18.27,86,78.7,23
7048,20221007048,58.3,39.49,36.07,44.62,7.79,86,69.55,20
7049,20221007049,56.22,42.95,29.31,42.83,20.49,83,76.58,36
7050,20221007050,45.68,65.14,72.8,61.21,26.24,96,62.88,17
7051,20221007051,56.53,52.13,40.49,49.72,10.62,71,66.68,18
7052,20221007052,64.38,62.56,66.35,64.43,15.8,82,45.16,19
7053,20221007053,69.56,71.25,80.56,73.79,12.4,90,96.39,14
7054,20221007054,67.8,69.7,65.67,67.72,17.14,71,91.66,23
7055,20221007055,60.88,66.77,80.53,69.39,11.16,94,54.6,12
7056,20221007056,51.26,38.33,53.66,47.75,19.06,64,56.08,31
7057,20221007057,36.75,32.79,39.45,36.33,21.48,93,71.66,24
7058,20221007058,66.02,84.82,78.9,76.58,23.89,100,88.74,48
7059,20221007059,61.76,49.12,31.94,47.61,19.89,83,59.12,40
7060,20221007060,32.07,30.93,36.28,33.09,18.78,85,72.27,11
7061,20221007061,70.89,63.94,56.83,63.89,10.54,56,95.12,41
7062,20221007062,39.85,33.02,39.8,37.56,21.34,91,79.43,85
7063,20221007063,80.73,90.25,92.21,87.73,12.24,84,64.87,16
7064,20221007064,70.47,91.8,89.98,84.08,18.89,85,74.36,34
7065,20221007065,52.19,59.88,55.89,55.99,17.07,76,51.19,6
7066,20221007066,42.47,23.97,20,28.81,13.05,80,63.57,48
7067,20221007067,76.49,73.89,97.25,82.54,14.0,81,91.6,28
7068,20221007068,63.08,67.96,70.96,67.33,15.32,86,70.26,42
7069,20221007069,43.8,37.22,34.63,38.55,29.69,84,60.97,19
7070,20221007070,65.06,56.86,67.34,63.09,18.96,81,96.85,15
7071,20221007071,66.2,65.09,69.29,66.86,24.93,86,65.2,22
7072,20221007072,69.12,74.58,70.63,71.44,29.29,87,89.28,13
7073,20221007073,54.36,59.34,62.32,58.67,19.66,94,90.13,21
7074,20221007074,56.45,71.3,83.41,70.39,13.26,92,97.57,23
7075,20221007075,70.32,66.11,46.17,60.87,19.22,97,71.29,67
7076,20221007076,83.85,71.3,62.26,72.47,24.88,95,80.77,20
7077,20221007077,51.26,45.5,61.21,52.66,19.84,85,100,46
7078,20221007078,71.46,74.9,80.77,75.71,17.76,98,97.51,4
7079,20221007079,69.77,55.07,51.88,58.91,17.29,77,87.35,14
7080,20221007080,64.57,59.39,42.81,55.59,14.2,100,92.55,78
7081,20221007081,30.4,39.25,48.85,39.5,11.21,97,63.71,26
7082,20221007082,65.91,68.71,72.35,68.99,28.74,96,60.04,21
7083,20221007083,49.13,45.59,43.85,46.19,13.69,89,71.55,23
7084,20221007084,63.01,91.51,100,84.84,15.61,94,48.66,19
7085,20221007085,65.69,46.6,37.85,50.05,17.69,92,48.24,43
7086,20221007086,42.33,39.9,30.67,37.63,16.05,79,98.92,34
7087,20221007087,66.91,77.43,61.95,68.76,10.63,90,73.95,27
7088,20221007088,73.45,78.98,75.98,76.14,5.93,72,82.4,26
7089,20221007089,76.69,71.14,49.11,65.65,15.11,76,100,13
7090,20221007090,38.63,23.6,30.0,30.74,10.53,100,82.07,25
7091,20221007091,39.85,23.16,20,27.67,12.32,93,62.03,24
7092,20221007092,37.08,44.71,38.38,40.06,17.53,89,50.58,3
7093,20221007093,27.01,25.18,26.6,26.26,18.48,89,77.49,29
7094,20221007094,49.27,52.84,61.75,54.62,28.0,82,44.82,29
7095,20221007095,60.6,67.76,78.57,68.98,18.03,95,68.2,118
7096,20221007096,63.15,81.18,81.37,75.23,12.85,100,36.52,67
7097,20221007097,37.09,52.51,61.86,50.49,2,74,54.27,7
7098,20221007098,41.85,39.75,39.41,40.34,12.67,88,58.44,30
7099,20221007099,58.89,66.13,63.51,62.84,5.41,77,52.3,44
7100,20221007100,53.63,37.15,37.72,42.83,16.14,80,54.83,19
7101,20221007101,46.49,30.67,40.03,39.06,13.34,96,86.05,28
7102,20221007102,62.16,64.74,72.58,66.49,7.54,92,45.08,18
7103,20221007103,60.98,67.32,72.37,66.89,16.69,82,56.72,19
7104,20221007104,81.08,65.68,43.2,63.32,16.69,92,52.13,26
7105,20221007105,56.28,49.73,54.62,53.54,8.27,76,42.44,48
7106,20221007106,47.34,52.5,46.82,48.89,15.98,93,65.72,46
7107,20221007107,35.47,53.72,50.15,46.45,11.15,80,74.2,13
7108,20221007108,62.2,89.33,77.04,76.19,12.58,70,46.4,16
7109,20221007109,52.14,58.4,53.33,54.62,8.81,98,50.72,16
7110,20221007110,68.15,86.26,79.42,77.94,21.18,84,86.74,64
7111,20221007111,34.85,42.62,39.19,38.89,17.86,83,59.97,30
7112,20221007112,45.86,36.66,36.03,39.52,4.43,81,39.86,15
7113,20221007113,49.21,56.85,42.09,49.38,15.04,100,61.39,13
7114,20221007114,67.1,50.1,60.38,59.19,13.17,100,53.59,55
7115,20221007115,68.2,73.83,71.1,71.04,11.71,79,79.71,13
7116,20221007116,81.64,96.16,100,92.6,6.4,82,92.7,9
7117,20221007117,63.65,74.64,78.45,72.25,18.46,96,62.43,13
7118,20221007118,42.61,30.5,20,31.04,16.48,98,91.96,49
7119,20221007119,35.67,41.07,29.86,35.53,19.11,85,71.89,7
7120,20221007120,74.06,83.69,75.34,77.7,23.0,89,89.49,28
7121,20221007121,40.97,54.56,44.72,46.75,9.55,97,52.97,28
7122,20221007122,77.26,56.77,59.54,64.52,11.57,81,65.09,27
7123,20221007123,58.41,52.2,55.63,55.41,25.82,80,65.5,26
7124,20221007124,34.93,48.42,45.46,42.94,16.71,81,64.58,18
7125,20221007125,44.04,48.47,64.61,52.37,25.1,69,40.54,21
7126,20221007126,54.96,48.63,65.25,56.28,24.31,100,67.99,77
7127,20221007127,72.75,69.05,64.2,68.67,19.14,85,64.18,19
7128,20221007128,66.53,76.06,83.71,75.43,7.34,92,87.43,34
7129,20221007129,57.64,51.66,58.82,56.04,7.47,97,55.24,32
7130,20221007130,48.76,56.41,79.59,61.59,7.03,90,59.63,22
7131,20221007131,50.82,69.88,58.51,59.74,11.9,84,55.0,8
7132,20221007132,51.95,58.43,65.84,58.74,23.71,90,54.02,14
7133,20221007133,60.39,66.81,57.71,61.64,9.98,82,93.63,34
7134,20221007134,33.48,27.96,37.67,33.04,20.72,72,46.64,45
7135,20221007135,27.2,29.9,34.86,30.65,9.86,90,40.59,12
7136,20221007136,69.42,78.68,84.35,77.48,6.41,93,84.54,30
7137,20221007137,48.64,45.62,41.73,45.33,8.72,83,40.59,38
7138,20221007138,61.4,81.28,92.4,78.36,15.85,86,49.86,19
7139,20221007139,42.52,31.31,20,31.28,18.81,91,41.28,98
7140,20221007140,66.46,55.56,71.54,64.52,20.78,90,93.96,11
7141,20221007141,44.04,49.6,38.57,44.07,12.29,95,100,35
7142,20221007142,72.61,68.12,75.21,71.98,11.83,97,97.03,38
7143,20221007143,30.91,42.36,29.92,34.4,18.38,68,58.61,5
7144,20221007144,31.03,44.75,45.04,40.27,23.59,70,48.75,11
7145,20221007145,36.63,26.38,45.91,36.31,25.14,93,48.66,13
7146,20221007146,71.74,68.73,75.87,72.11,14.84,85,58.11,22
7147,20221007147,67.23,52.22,60.59,60.01,14.02,89,91.25,9
7148,20221007148,71.3,90.62,81.72,81.21,17.93,83,74.53,21
7149,20221007149,37.02,21.96,33.51,30.83,18.34,93,63.12,47
7150,20221007150,41.02,31.62,20,30.88,2.57,55,48.09,6
7151,20221007151,72.89,70.53,61.38,68.27,14.53,87,96.0,29
7152,20221007152,35.0,33.87,21.88,30.25,10.76,84,77.13,6
7153,20221007153,53.94,38.48,41.17,44.53,21.29,92,89.91,67
7154,20221007154,62.44,76.21,78.26,72.3,21.72,80,31.09,9
7155,20221007155,31.22,24.74,20,25.32,11.89,84,45.76,18
7156,20221007156,63.93,76.02,93.67,77.87,24.41,94,59.39,88
7157,20221007157,54.46,56.79,62.94,58.06,26.33,100,89.99,27
7158,20221007158,43.53,49.56,50.3,47.8,22.39,82,54.62,26
7159,20221007159,27.51,60.34,50.77,46.21,21.6,91,48.57,24
7160,20221007160,50.51,47.95,54.19,50.88,26.04,84,95.71,48
7161,20221007161,72.91,73.72,61.76,69.46,26.13,75,94.34,38
7162,20221007162,70.72,82.54,81.29,78.18,15.93,77,45.38,22
7163,20221007163,51.48,48.31,35.26,45.02,8.62,72,78.16,20
7164,20221007164,65.28,57.83,59.93,61.01,20.86,73,77.67,5
7165,20221007165,71.86,66.65,69.16,69.22,17.57,85,61.71,16
7166,20221007166,43.96,32.98,38.31,38.42,15.58,86,47.34,20
7167,20221007167,56.69,61.23,75.69,64.54,18.15,80,77.57,13
7168,20221007168,47.89,41.14,38.87,42.63,25.18,82,73.68,27
7169,20221007169,66.08,48.3,60.67,58.35,15.73,100,57.7,39
7170,20221007170,55.34,62.51,69.14,62.33,14.24,77,54.3,36
7171,20221007171,31.62,27.91,42.82,34.12,20.87,88,45.71,32
7172,20221007172,56.07,57.0,72.94,62.0,11.99,90,48.92,29
7173,20221007173,48.65,49.26,56.19,51.37,22.0,84,57.85,12
7174,20221007174,59.17,74.77,75.83,69.92,16.92,97,47.44,30
7175,20221007175,59.15,46.13,39.27,48.18,11.54,70,77.72,36
7176,20221007176,62.13,72.89,81.88,72.3,14.53,82,45.69,32
7177,20221007177,61.99,46.94,51.52,53.48,9.69,84,100,35
7178,20221007178,74.26,56.5,78.5,69.75,17.58,86,35.81,12
7179,20221007179,60.71,47.46,52.36,53.51,23.76,87,100,83
7180,20221007180,47.8,57.94,63.42,56.39,4.99,74,58.09,10
7181,20221007181,42.02,41.72,29.08,37.61,22.25,81,95.22,9
7182,20221007182,50.94,51.11,56.64,52.9,19.86,99,79.11,27
7183,20221007183,47.35,52.82,64.37,54.85,12.1,100,78.25,26
7184,20221007184,38.36,34.06,41.2,37.87,22.21,97,50.96,9
7185,20221007185,56.09,56.62,57.35,56.69,22.76,93,45.67,30
7186,20221007186,47.86,45.64,48.74,47.41,4.92,100,49.09,16
7187,20221007187,50.32,68.28,74.95,64.52,18.14,81,54.7,56
7188,20221007188,33.88,42.24,34.13,36.75,13.74,89,73.31,12
7189,20221007189,33.58,43.78,71.25,49.54,8.97,99,58.86,25
7190,20221007190,43.28,50.39,68.69,54.12,18.1,89,69.16,48
7191,20221007191,73.68,43.15,45.28,54.04,19.95,86,90.79,8
7192,20221007192,42.22,47.1,47.35,45.56,21.24,83,91.43,63
7193,20221007193,44.06,43.17,54.52,47.25,20.38,90,58.24,10
7194,20221007194,57.48,55.78,58.52,57.26,17.73,85,89.79,18
7195,20221007195,55.23,63.57,73.25,64.02,14.23,100,70.7,43
7196,20221007196,61.67,50.11,60.56,57.45,27.86,91,58.24,7
7197,20221007197,67.2,59.56,61.14,62.63,22.46,94,81.31,17
7198,20221007198,77.49,81.7,57.0,72.06,20.87,93,55.02,12
7199,20221007199,45.23,40.43,36.73,40.8,15.32,98,66.81,26
7200,20221007200,49.38,39.08,33.85,40.77,15.06,77,83.44,27
7201,20221007201,65.4,61.85,68.1,65.12,12.91,99,44.7,36
7202,20221007202,60.83,62.62,37.28,53.58,4.43,100,90.56,18
7203,20221007203,72.45,80.27,95.92,82.88,19.95,73,91.14,20
7204,20221007204,31.19,20,30.18,27.12,15.82,95,44.95,34
7205,20221007205,30.0,32.69,36.41,33.03,18.4,78,64.77,110
7206,20221007206,58.83,66.14,65.13,63.37,20.96,60,44.49,29
7207,20221007207,63.8,48.54,56.85,56.4,16.34,100,63.64,77
7208,20221007208,59.29,61.2,50.67,57.05,13.43,82,94.72,14
7209,20221007209,59.13,51.6,70.27,60.33,22.06,75,55.63,28
7210,20221007210,33.97,26.48,25.64,28.7,12.49,100,79.82,35
7211,20221007211,66.41,46.07,43.34,51.94,24.47,96,62.05,10
7212,20221007212,47.41,35.58,36.18,39.72,4.55,85,43.01,28
7213,20221007213,69.42,75.58,73.69,72.9,15.03,98,51.85,81
7214,20221007214,51.08,65.15,70.08,62.1,14.58,94,71.25,34
7215,20221007215,57.86,64.76,62.51,61.71,13.36,91,50.4,18
7216,20221007216,60.81,45.28,26.86,44.32,17.19,81,71.24,20
7217,20221007217,50.95,58.01,57.37,55.44,14.84,81,99.2,28
7218,20221007218,64.59,71.0,69.2,68.26,17.83,67,52.61,26
7219,20221007219,56.51,44.42,55.59,52.17,15.08,93,93.59,19
7220,20221007220,20,20,24.58,21.53,21.63,73,58.86,22
7221,20221007221,49.54,39.78,38.23,42.52,22.48,83,100,18
7222,20221007222,51.87,38.7,34.98,41.85,11.87,98,100,50
7223,20221007223,54.37,47.24,38.59,46.73,14.26,80,86.02,23
7224,20221007224,37.83,45.53,50.28,44.55,19.79,92,44.6,4
7225,20221007225,53.78,40.66,56.85,50.43,25.33,66,48.03,20
7226,20221007226,81.98,65.6,71.95,73.18,14.84,87,100,17
7227,20221007227,32.36,32.23,20,28.2,10.37,100,60.75,22
7228,20221007228,66.66,63.1,64.68,64.81,14.33,90,89.7,19
7229,20221007229,56.89,54.01,71.03,60.64,10.23,82,42.78,25
7230,20221007230,44.52,31.05,41.72,39.1,17.95,69,88.53,15
7231,20221007231,57.33,60.13,79.08,65.51,17.89,85,89.22,18
7232,20221007232,78.56,89.24,95.31,87.7,18.89,82,84.6,22
7233,20221007233,38.08,20,20,26.03,21.54,82,88.34,25
7234,20221007234,35.47,31.75,38.33,35.18,10.2,95,66.39,13
7235,20221007235,64.47,57.91,43.48,55.29,15.35,96,86.07,6
7236,20221007236,57.14,36.17,59.99,51.1,19.17,90,85.52,34
7237,20221007237,39.26,57.84,44.89,47.33,13.18,85,94.1,61
7238,20221007238,58.1,51.96,69.37,59.81,25.97,82,53.81,58
7239,20221007239,54.44,39.75,40.5,44.9,12.25,77,80.24,63
7240,20221007240,46.0,42.19,33.07,40.42,16.6,100,90.92,9
7241,20221007241,85.88,75.6,62.17,74.55,13.79,100,100,25
7242,20221007242,68.06,67.88,72.98,69.64,7.83,94,46.71,32
7243,20221007243,73.3,61.84,76.65,70.6,16.2,89,91.11,53
7244,20221007244,68.92,85.25,93.81,82.66,18.75,93,100,26
7245,20221007245,38.5,31.98,29.51,33.33,18.57,100,63.71,47
7246,20221007246,69.02,74.81,71.47,71.77,7.99,88,75.7,33
7247,20221007247,47.17,45.59,34.34,42.37,14.53,94,55.66,33
7248,20221007248,62.2,51.72,61.54,58.49,13.59,93,85.28,27
7249,20221007249,33.29,38.29,32.34,34.64,18.41,89,77.61,72
7250,20221007250,53.81,47.91,56.09,52.6,16.01,78,98.14,20
7251,20221007251,83.99,77.68,79.92,80.53,22.05,86,85.36,15
7252,20221007252,67.42,76.79,77.46,73.89,8.84,73,78.85,16
7253,20221007253,53.45,49.59,54.45,52.5,8.5,99,87.93,29
7254,20221007254,24.6,20,20.41,21.67,23.76,84,59.31,6
7255,20221007255,48.9,32.89,35.67,39.15,16.58,88,50.11,67
7256,20221007256,23.67,23.61,20,22.43,22.39,67,51.67,54
7257,20221007257,55.11,67.27,70.74,64.37,14.87,94,83.85,57
7258,20221007258,59.8,62.51,66.55,62.95,15.72,90,48.32,38
7259,20221007259,32.05,39.23,26.55,32.61,19.91,84,48.37,26
7260,20221007260,64.58,61.03,71.32,65.64,14.93,80,73.78,85
7261,20221007261,70.85,78.77,83.51,77.71,14.26,97,99.72,27
7262,20221007262,37.71,46.31,40.21,41.41,17.26,100,47.75,30
7263,20221007263,48.71,48.41,52.85,49.99,25.55,84,100,25
7264,20221007264,64.65,74.32,75.65,71.54,6.92,84,71.85,25
7265,20221007265,72.7,71.24,68.26,70.73,20.26,90,65.63,27
7266,20221007266,74.69,79.62,88.41,80.91,18.14,90,74.78,18
7267,20221007267,48.2,49.27,35.96,44.48,3.88,83,72.29,8
7268,20221007268,38.27,20,20.25,26.17,13.89,100,94.76,29
7269,20221007269,45.01,47.0,56.88,49.63,22.13,77,53.32,90
7270,20221007270,52.7,73.05,81.72,69.16,8.84,88,97.36,23
7271,20221007271,62.54,57.12,52.05,57.24,15.69,79,100,27
7272,20221007272,70.45,73.19,61.75,68.46,17.34,89,80.25,18
7273,20221007273,53.61,79.38,100,77.66,19.21,96,97.28,31
7274,20221007274,20,20,25.21,21.74,16.4,72,61.28,12
7275,20221007275,40.45,25.46,28.38,31.43,12.51,73,85.56,26
7276,20221007276,57.53,60.52,57.39,58.48,14.28,100,70.57,19
7277,20221007277,82.21,77.1,75.86,78.39,5.9,100,85.87,52
7278,20221007278,40.33,51.54,58.16,50.01,19.76,82,89.86,16
7279,20221007279,75.69,82.95,100,86.21,11.05,89,90.62,16
7280,20221007280,52.33,53.49,55.24,53.69,13.08,84,58.39,22
7281,20221007281,32.5,20,20,24.17,22.02,93,86.91,18
7282,20221007282,78.45,80.25,67.1,75.27,15.53,99,62.84,7
7283,20221007283,73.23,70.32,58.52,67.36,10.66,100,89.23,22
7284,20221007284,44.03,85.87,83.16,71.02,17.48,87,84.62,7
7285,20221007285,58.29,53.05,51.0,54.11,11.97,100,70.71,12
7286,20221007286,70.88,85.29,85.17,80.45,10.68,82,61.54,95
7287,20221007287,70.1,62.98,65.56,66.21,6.01,100,75.56,10
7288,20221007288,41.4,27.05,20,29.48,17.7,83,36.63,24
7289,20221007289,32.69,20,20,24.23,19.88,95,71.69,72
7290,20221007290,44.28,45.06,37.2,42.18,11.28,81,88.11,28
7291,20221007291,49.09,37.59,35.13,40.6,19.43,82,100,26
7292,20221007292,73.42,84.99,96.9,85.1,22.69,90,77.77,42
7293,20221007293,39.65,25.92,40.38,35.32,6.87,90,65.35,21
7294,20221007294,43.64,41.3,57.67,47.54,10.86,85,98.68,27
7295,20221007295,70.13,57.69,60.56,62.79,5.65,81,88.8,44
7296,20221007296,51.56,38.65,45.38,45.2,2.59,88,75.91,31
7297,20221007297,36.14,40.28,50.34,42.25,19.04,82,69.15,20
7298,20221007298,57.24,61.6,65.95,61.6,6.41,83,47.14,33
7299,20221007299,50.46,56.03,54.42,53.64,16.24,89,41.54,23
7300,20221007300,57.87,54.6,61.29,57.92,13.27,98,75.54,10
7301,20221007301,48.64,42.26,20.81,37.24,10.64,88,50.73,18
7302,20221007302,63.7,44.86,47.3,51.95,17.07,63,100,58
7303,20221007303,50.31,37.63,20.74,36.23,21.75,78,76.47,41
7304,20221007304,57.85,73.85,68.99,66.9,19.76,79,68.01,17
7305,20221007305,78.89,100,100,92.96,13.53,84,56.91,60
7306,20221007306,52.65,60.84,67.53,60.34,23.42,82,85.8,28
7307,20221007307,53.02,43.7,56.01,50.91,21.12,90,63.72,27
7308,20221007308,40.58,30.21,27.27,32.69,17.43,93,64.2,12
7309,20221007309,57.4,43.57,43.66,48.21,20.83,89,86.64,61
7310,20221007310,67.97,70.07,71.58,69.87,12.65,98,52.92,15
7311,20221007311,51.34,34.36,37.77,41.16,19.83,73,57.62,14
7312,20221007312,63.69,70.9,60.71,65.1,16.04,98,92.74,20
7313,20221007313,37.79,57.48,57.98,51.08,12.85,84,31.69,28
7314,20221007314,42.16,31.21,27.54,33.64,18.78,85,97.9,24
7315,20221007315,67.44,73.11,74.91,71.82,24.2,84,76.19,64
7316,20221007316,58.77,50.53,54.39,54.56,5.42,98,62.6,6
7317,20221007317,62.16,48.15,51.62,53.98,25.46,97,40.07,55
7318,20221007318,58.25,41.56,28.76,42.86,23.04,99,64.71,27
7319,20221007319,33.38,21.32,24.46,26.39,12.1,88,95.37,62
7320,20221007320,53.21,58.22,63.98,58.47,19.47,87,76.76,30
7321,20221007321,41.74,42.87,39.56,41.39,20.39,85,60.13,56
7322,20221007322,67.58,93.48,94.97,85.34,20.9,97,78.65,29
7323,20221007323,32.98,43.0,46.78,40.92,16.86,85,30,17
7324,20221007324,48.43,41.15,54.9,48.16,24.68,91,69.71,71
7325,20221007325,50.74,49.81,48.39,49.65,25.44,100,40.62,17
7326,20221007326,51.3,60.45,62.98,58.24,8.33,80,74.67,78
7327,20221007327,75.04,62.79,72.72,70.18,17.41,78,51.24,61
7328,20221007328,89.18,90.58,75.63,85.13,19.77,100,100,16
7329,20221007329,72.07,60.74,55.7,62.84,8.82,87,70.04,63
7330,20221007330,72.81,72.55,77.07,74.14,13.85,90,86.05,101
7331,20221007331,51.95,53.05,54.88,53.29,27.12,92,52.91,22
7332,20221007332,50.7,54.49,47.81,51.0,24.15,99,88.56,11
7333,20221007333,27.78,34.84,23.31,28.64,19.88,89,69.15,17
7334,20221007334,48.45,49.86,37.56,45.29,14.57,95,86.23,30
7335,20221007335,60.81,62.19,67.25,63.42,19.51,76,56.51,58
7336,20221007336,66.5,73.93,79.77,73.4,18.65,97,49.05,18
7337,20221007337,41.2,54.93,50.11,48.75,19.49,82,48.43,123
7338,20221007338,20,20,24.53,21.51,11.54,90,83.76,93
7339,20221007339,51.97,79.38,81.82,71.06,20.84,90,87.02,51
7340,20221007340,71.69,73.54,77.75,74.33,19.82,75,48.98,23
7341,20221007341,60.85,55.26,48.25,54.79,8.75,90,80.92,47
7342,20221007342,68.29,59.58,52.27,60.05,15.6,76,41.51,26
7343,20221007343,46.93,57.89,56.21,53.68,19.49,99,58.54,30
7344,20221007344,49.01,61.01,42.51,50.84,17.36,96,97.24,9
7345,20221007345,35.77,29.96,31.35,32.36,15.43,100,90.67,26
7346,20221007346,46.2,56.81,62.63,55.21,18.97,83,89.24,17
7347,20221007347,40.73,50.14,55.42,48.76,15.4,91,57.46,20
7348,20221007348,31.18,20,20,23.73,8.37,83,54.94,27
7349,20221007349,47.89,61.15,73.61,60.88,18.62,100,65.0,18
7350,20221007350,64.08,72.26,62.19,66.18,17.87,89,89.63,46
7351,20221007351,22.84,46.96,54.57,41.46,4.07,86,100,15
7352,20221007352,34.35,38.36,41.42,38.04,14.84,100,44.46,5
7353,20221007353,57.22,76.56,82.29,72.02,12.89,71,81.0,47
7354,20221007354,64.27,45.13,48.02,52.47,16.78,76,45.42,34
7355,20221007355,73.1,59.65,72.6,68.45,18.02,82,75.76,60
7356,20221007356,41.11,47.17,54.82,47.7,15.41,100,64.74,27
7357,20221007357,39.37,56.78,47.51,47.89,11.43,86,92.39,63
7358,20221007358,72.68,88.1,91.01,83.93,21.91,83,35.11,10
7359,20221007359,71.55,50.76,60.64,60.98,14.22,79,76.23,24
7360,20221007360,49.46,61.0,57.7,56.05,18.63,84,78.23,16
7361,20221007361,59.69,64.04,84.35,69.36,15.23,88,85.62,16
7362,20221007362,64.22,57.8,55.62,59.21,14.0,86,39.98,40
7363,20221007363,41.1,36.94,45.9,41.31,7.96,100,48.38,58
7364,20221007364,53.68,44.22,28.68,42.19,19.23,100,70.61,17
7365,20221007365,47.75,40.43,67.07,51.75,14.61,98,48.53,38
7366,20221007366,35.49,36.98,27.63,33.37,2.63,97,95.79,28
7367,20221007367,67.4,77.83,78.52,74.58,11.63,76,66.3,20
7368,20221007368,46.11,55.26,68.16,56.51,13.86,100,74.1,15
7369,20221007369,64.4,87.54,87.12,79.69,9.46,90,45.0,20
7370,20221007370,67.0,85.49,84.73,79.07,14.27,95,77.39,39
7371,20221007371,83.92,81.06,74.28,79.75,27.19,82,56.49,42
7372,20221007372,51.08,42.09,61.98,51.72,11.98,96,93.78,19
7373,20221007373,84.75,81.68,79.43,81.95,29.28,94,100,15
7374,20221007374,69.25,60.32,71.27,66.95,15.04,88,30,35
7375,20221007375,68.98,50.51,69.17,62.89,19.94,100,47.89,15
7376,20221007376,70.87,60.38,61.98,64.41,12.68,87,95.04,21
7377,20221007377,51.38,37.85,38.37,42.53,29.82,89,69.12,11
7378,20221007378,56.79,61.2,64.09,60.69,16.84,75,82.95,50
7379,20221007379,40.03,23.18,23.68,28.96,22.01,90,51.42,22
7380,20221007380,54.78,45.19,73.22,57.73,2,91,89.39,22
7381,20221007381,49.58,47.01,47.41,48.0,17.57,84,51.77,39
7382,20221007382,72.54,57.3,59.08,62.97,11.11,84,48.4,12
7383,20221007383,64.96,73.33,74.34,70.88,15.84,81,68.25,23
7384,20221007384,52.81,52.5,64.88,56.73,16.8,78,96.42,31
7385,20221007385,31.02,47.28,39.24,39.18,16.13,100,53.77,34
7386,20221007386,54.34,43.73,40.19,46.09,3.88,78,86.7,16
7387,20221007387,63.1,44.97,52.58,53.55,18.88,79,61.08,45
7388,20221007388,61.09,59.5,85.76,68.78,8.8,78,54.18,26
7389,20221007389,41.73,47.24,40.67,43.21,30.74,90,59.48,35
7390,20221007390,40.87,31.74,20,30.87,20.38,58,98.48,15
7391,20221007391,46.51,24.6,27.04,32.72,17.1,81,83.06,9
7392,20221007392,37.65,39.04,40.3,39.0,10.45,100,97.9,14
7393,20221007393,47.21,58.12,72.49,59.27,3.34,98,76.45,22
7394,20221007394,65.26,49.03,49.34,54.54,10.17,100,82.17,22
7395,20221007395,73.27,81.27,79.05,77.86,12.34,97,67.92,7
7396,20221007396,41.4,43.61,41.92,42.31,22.26,89,64.94,17
7397,20221007397,75.17,86.71,74.76,78.88,23.3,93,63.2,39
7398,20221007398,42.92,20,29.08,30.67,10.34,98,81.52,25
7399,20221007399,56.26,56.16,55.76,56.06,18.2,83,83.78,34
7400,20221007400,78.55,100,94.55,91.03,16.32,90,42.45,14
7401,20221007401,35.32,24.27,20,26.53,18.95,82,55.96,39
7402,20221007402,53.67,60.15,56.14,56.65,17.97,88,64.27,14
7403,20221007403,67.97,81.63,69.84,73.15,18.97,97,56.72,22
7404,20221007404,41.91,43.0,39.81,41.57,16.01,95,67.04,42
7405,20221007405,43.56,29.93,58.28,43.92,19.69,80,65.0,219
7406,20221007406,29.6,40.13,35.14,34.96,2,82,79.05,30
7407,20221007407,36.14,52.95,45.05,44.71,17.36,83,63.31,54
7408,20221007408,64.17,54.13,57.63,58.64,4.84,100,46.17,27
7409,20221007409,46.39,59.89,51.38,52.55,10.44,95,90.03,20
7410,20221007410,62.72,71.59,71.78,68.7,24.33,100,57.18,24
7411,20221007411,48.53,65.26,72.02,61.94,20.63,66,86.39,71
7412,20221007412,62.23,42.35,25.69,43.42,25.93,91,73.07,39
7413,20221007413,42.6,65.87,66.97,58.48,14.4,77,75.55,18
7414,20221007414,58.98,56.22,56.42,57.21,17.54,94,92.5,16
7415,20221007415,72.04,57.21,62.21,63.82,9.87,90,59.3,19
7416,20221007416,30.37,26.82,22.19,26.46,18.39,79,45.91,10
7417,20221007417,77.22,87.11,65.81,76.71,14.45,100,84.54,36
7418,20221007418,44.19,40.81,30.7,38.57,18.6,98,80.1,74
7419,20221007419,69.79,85.05,90.24,81.69,4.71,89,54.24,13
7420,20221007420,39.3,20,20,26.43,32.72,77,66.39,30
7421,20221007421,64.16,67.15,85.09,72.13,14.75,83,78.85,20
7422,20221007422,44.81,66.53,76.34,62.56,18.15,85,94.91,12
7423,20221007423,35.49,32.14,33.43,33.69,6.54,97,68.91,17
7424,20221007424,69.1,48.02,63.91,60.34,17.44,81,95.3,19
7425,20221007425,56.63,62.43,50.14,56.4,17.45,78,59.32,23
7426,20221007426,57.67,55.92,49.29,54.29,11.71,94,43.55,32
7427,20221007427,67.44,74.69,70.96,71.03,26.76,81,51.41,21
7428,20221007428,46.28,63.17,48.95,52.8,13.32,92,73.77,44
7429,20221007429,62.03,71.28,74.23,69.18,24.86,87,88.12,26
7430,20221007430,30.77,47.63,56.36,44.92,20.46,91,48.14,75
7431,20221007431,45.11,50.83,52.58,49.51,10.61,100,40.85,21
7432,20221007432,45.41,47.2,41.29,44.63,22.93,87,62.34,15
7433,20221007433,68.69,65.38,55.24,63.1,23.87,76,67.6,41
7434,20221007434,53.28,45.91,47.03,48.74,12.15,80,74.39,22
7435,20221007435,46.3,53.36,42.67,47.44,15.09,84,70.92,39
7436,20221007436,34.79,39.41,30.64,34.95,13.84,77,84.83,14
7437,20221007437,76.06,69.7,63.89,69.88,6.91,95,84.52,40
7438,20221007438,74.99,74.47,62.83,70.76,21.19,91,51.5,7
7439,20221007439,70.81,73.89,87.87,77.52,18.86,96,73.02,74
7440,20221007440,38.67,38.04,31.32,36.01,4.05,100,42.69,12
7441,20221007441,45.68,49.43,43.42,46.18,21.85,94,97.02,27
7442,20221007442,37.19,42.19,36.07,38.48,21.04,93,53.4,33
7443,20221007443,71.75,77.16,72.41,73.77,18.33,89,70.09,22
7444,20221007444,69.73,62.89,53.92,62.18,18.98,93,50.11,35
7445,20221007445,42.51,47.21,65.01,51.58,21.38,93,79.61,18
7446,20221007446,63.55,61.67,45.03,56.75,21.55,77,61.5,45
7447,20221007447,63.23,74.42,69.84,69.16,23.23,86,73.0,42
7448,20221007448,46.28,27.78,21.19,31.75,19.23,99,69.77,26
7449,20221007449,74.17,64.26,49.24,62.56,11.15,89,98.41,29
7450,20221007450,62.14,84.95,67.1,71.4,14.75,96,55.24,51
7451,20221007451,35.54,34.34,35.67,35.18,18.68,91,53.32,30
7452,20221007452,35.75,41.0,39.94,38.9,29.31,90,66.24,8
7453,20221007453,66.2,66.78,66.37,66.45,18.32,100,43.57,29
7454,20221007454,75.48,86.38,98.16,86.67,20.31,84,99.8,80
7455,20221007455,44.95,67.13,64.0,58.69,3.12,87,56.43,27
7456,20221007456,55.68,62.77,79.95,66.13,13.82,98,95.03,14
7457,20221007457,52.24,45.88,38.5,45.54,17.8,92,78.48,9
7458,20221007458,57.99,55.02,68.05,60.35,13.95,83,79.01,12
7459,20221007459,34.43,52.46,60.16,49.02,23.1,89,68.97,25
7460,20221007460,62.09,70.99,63.47,65.52,22.61,92,71.54,23
7461,20221007461,69.34,76.96,72.15,72.82,13.72,87,86.41,15
7462,20221007462,53.17,68.93,76.52,66.21,12.13,85,87.4,23
7463,20221007463,57.6,59.89,71.91,63.13,13.52,83,74.33,11
7464,20221007464,64.23,78.36,79.9,74.16,18.57,84,82.92,37
7465,20221007465,69.73,65.4,64.28,66.47,13.22,79,50.7,25
7466,20221007466,72.17,62.21,67.31,67.23,21.33,85,46.17,31
7467,20221007467,21.22,20,20,20.41,16.26,85,38.69,25
7468,20221007468,29.66,20,20,23.22,4.84,94,100,16
7469,20221007469,42.38,55.04,56.38,51.27,12.86,87,52.34,26
7470,20221007470,36.74,22.88,20,26.54,14.57,94,58.44,30
7471,20221007471,84.53,86.97,77.25,82.92,16.97,83,88.46,84
7472,20221007472,32.61,25.4,22.44,26.82,20.49,89,51.14,73
7473,20221007473,25.18,20,27.74,24.31,20.01,89,57.34,16
7474,20221007474,41.64,34.35,42.16,39.38,22.59,83,93.14,61
7475,20221007475,50.61,51.85,48.76,50.41,17.94,78,39.36,20
7476,20221007476,41.53,35.96,51.32,42.94,11.24,96,49.57,29
7477,20221007477,87.69,83.28,82.52,84.5,24.71,88,87.54,84
7478,20221007478,84.51,90.25,84.22,86.33,18.82,100,78.9,36
7479,20221007479,61.66,72.17,48.4,60.74,14.18,93,45.36,26
7480,20221007480,27.73,33.96,34.82,32.17,8.31,90,53.71,35
7481,20221007481,78.55,72.28,71.61,74.15,6.84,83,82.16,35
7482,20221007482,69.55,57.98,40.31,55.95,21.47,100,50.72,18
7483,20221007483,58.05,49.46,34.46,47.32,13.73,76,100,8
7484,20221007484,40.07,43.6,52.57,45.41,18.77,89,65.26,25
7485,20221007485,34.23,26.44,25.94,28.87,17.24,93,55.79,24
7486,20221007486,56.89,62.91,64.3,61.37,9.12,96,63.21,38
7487,20221007487,72.75,80.1,73.32,75.39,11.83,94,96.48,110
7488,20221007488,76.75,79.54,91.72,82.67,12.32,75,100,27
7489,20221007489,78.6,76.99,86.69,80.76,14.18,92,56.11,41
7490,20221007490,42.16,28.13,40.95,37.08,24.45,80,94.12,27
7491,20221007491,72.29,72.69,64.85,69.94,18.3,95,39.58,14
7492,20221007492,41.37,57.78,54.31,51.15,21.18,72,48.22,11
7493,20221007493,47.06,55.0,49.66,50.57,17.2,87,45.77,19
7494,20221007494,47.3,60.62,66.52,58.15,10.35,93,100,38
7495,20221007495,40.08,28.48,41.51,36.69,19.84,77,79.81,34
7496,20221007496,78.32,84.12,72.36,78.27,12.79,92,72.65,6
7497,20221007497,58.86,52.61,47.87,53.11,11.99,93,100,26
7498,20221007498,28.53,20,20,22.84,16.57,84,40.45,58
7499,20221007499,44.53,69.56,68.31,60.8,13.11,93,40.96,17
7500,20221007500,68.96,80.99,74.59,74.85,26.84,71,67.47,71
7501,20221007501,78.28,100,96.86,91.71,17.06,74,84.67,16
7502,20221007502,43.65,76.83,72.38,64.29,35.1,99,81.64,8
7503,20221007503,35.01,44.65,48.68,42.78,13.03,98,53.53,64
7504,20221007504,29.27,38.18,49.66,39.04,14.98,99,43.25,15
7505,20221007505,58.04,51.49,55.43,54.99,19.65,95,56.54,9
7506,20221007506,52.63,60.52,34.81,49.32,10.26,77,57.22,18
7507,20221007507,52.51,63.28,56.75,57.51,20.84,93,56.97,25
7508,20221007508,20,20,20,20.0,11.2,93,62.36,29
7509,20221007509,39.69,52.66,60.15,50.83,16.1,79,100,46
7510,20221007510,69.04,92.21,84.72,81.99,12.01,77,100,43
7511,20221007511,44.57,28.9,24.69,32.72,12.48,85,64.61,54
7512,20221007512,53.35,40.83,42.74,45.64,12.2,95,79.22,14
7513,20221007513,60.1,48.12,63.33,57.18,24.02,90,65.34,66
7514,20221007514,49.08,45.14,35.83,43.35,17.22,96,56.43,21
7515,20221007515,80.73,89.9,80.89,83.84,21.9,97,71.85,37
7516,20221007516,34.93,24.54,20,26.49,17.39,85,94.83,67
7517,20221007517,58.3,51.32,44.71,51.44,17.26,90,43.01,51
7518,20221007518,59.02,60.78,53.76,57.85,17.3,78,64.54,56
7519,20221007519,41.87,52.86,55.37,50.03,19.06,92,97.55,27
7520,20221007520,57.33,53.55,47.33,52.74,12.9,76,64.0,31
7521,20221007521,44.69,50.05,49.98,48.24,17.72,90,71.12,70
7522,20221007522,76.54,72.95,67.49,72.33,22.68,85,98.04,23
7523,20221007523,68.26,75.81,65.75,69.94,13.07,74,67.86,19
7524,20221007524,55.27,38.39,35.07,42.91,14.65,100,91.27,19
7525,20221007525,64.77,46.07,41.31,50.72,27.1,100,71.03,51
7526,20221007526,47.92,30.52,44.62,41.02,14.53,72,94.2,25
7527,20221007527,51.6,39.87,24.56,38.68,13.87,88,56.23,9
7528,20221007528,69.29,79.43,85.35,78.02,19.32,72,63.33,21
7529,20221007529,63.33,62.69,62.65,62.89,2.12,92,74.34,19
7530,20221007530,44.27,60.54,45.34,50.05,14.55,78,48.65,15
7531,20221007531,34.46,20,20,24.82,9.59,91,50.61,21
7532,20221007532,63.09,80.69,69.37,71.05,28.59,73,53.0,31
7533,20221007533,51.38,52.97,54.84,53.06,15.07,69,67.12,15
7534,20221007534,53.1,65.98,65.5,61.53,18.07,74,59.3,23
7535,20221007535,31.16,20,20,23.72,9.38,98,43.07,15
7536,20221007536,77.27,54.38,46.69,59.45,10.85,100,69.13,32
7537,20221007537,38.94,57.25,55.47,50.55,20.35,76,55.02,7
7538,20221007538,76.25,99.77,100,92.01,17.51,90,85.16,26
7539,20221007539,42.32,55.17,48.89,48.79,17.04,83,72.37,13
7540,20221007540,56.39,78.48,87.8,74.22,18.37,88,97.75,24
7541,20221007541,44.63,30.0,26.0,33.54,10.47,73,77.93,15
7542,20221007542,48.73,48.67,49.76,49.05,11.14,89,86.1,22
7543,20221007543,30.31,32.46,35.01,32.59,16.1,100,67.59,15
7544,20221007544,74.83,54.35,66.36,65.18,17.81,78,68.21,13
7545,20221007545,45.72,45.73,41.18,44.21,29.66,76,72.98,75
7546,20221007546,63.11,62.77,62.64,62.84,10.92,84,72.58,41
7547,20221007547,71.55,68.33,52.11,64.0,14.87,80,93.57,8
7548,20221007548,53.19,54.05,64.05,57.1,20.76,99,80.93,13
7549,20221007549,39.05,32.36,43.5,38.3,17.99,99,91.13,14
7550,20221007550,66.28,58.94,63.86,63.03,29.9,100,49.57,16
7551,20221007551,59.71,72.34,74.8,68.95,20.16,75,46.13,13
7552,20221007552,63.57,54.74,58.7,59.0,25.89,85,71.24,15
7553,20221007553,73.39,66.12,60.61,66.71,12.19,100,41.04,53
7554,20221007554,81.8,88.72,80.6,83.71,2.25,94,90.15,22
7555,20221007555,74.17,50.29,46.85,57.1,23.6,97,86.78,34
7556,20221007556,76.75,70.79,64.73,70.76,13.79,100,66.37,35
7557,20221007557,36.14,42.51,42.38,40.34,14.46,100,42.92,25
7558,20221007558,33.47,47.05,53.71,44.74,20.02,92,94.46,7
7559,20221007559,64.15,55.61,56.59,58.78,2,84,88.39,10
7560,20221007560,68.49,74.1,77.87,73.49,7.88,65,92.6,37
7561,20221007561,55.43,64.68,64.72,61.61,24.81,88,58.85,42
7562,20221007562,56.21,40.36,42.99,46.52,10.16,99,44.57,15
7563,20221007563,50.67,46.22,59.38,52.09,21.25,96,60.09,17
7564,20221007564,77.83,88.06,89.73,85.21,7.17,96,75.15,31
7565,20221007565,41.75,41.9,59.62,47.76,9.77,95,75.27,15
7566,20221007566,64.14,54.01,52.44,56.86,13.0,97,54.15,11
7567,20221007567,65.0,60.32,55.42,60.25,12.52,84,54.58,15
7568,20221007568,32.76,29.15,34.02,31.98,26.7,84,45.86,16
7569,20221007569,66.42,70.82,75.59,70.94,16.33,100,55.37,35
7570,20221007570,24.87,20,20,21.62,18.18,85,36.58,11
7571,20221007571,42.32,41.52,33.39,39.08,16.5,100,69.88,24
7572,20221007572,45.22,54.6,35.05,44.96,13.09,76,49.02,27
7573,20221007573,68.68,75.35,81.98,75.34,15.86,85,56.28,14
7574,20221007574,75.78,80.23,89.47,81.83,11.99,91,76.76,54
7575,20221007575,37.76,32.79,20,30.18,8.01,100,80.68,11
7576,20221007576,59.44,75.41,78.36,71.07,11.14,97,100,148
7577,20221007577,53.26,67.65,68.34,63.08,14.46,100,42.79,37
7578,20221007578,76.92,100,88.55,88.49,14.94,68,95.18,9
7579,20221007579,72.8,64.2,43.5,60.17,28.4,99,61.72,32
7580,20221007580,39.22,57.7,28.11,41.68,16.06,80,80.66,10
7581,20221007581,26.98,20,40.3,29.09,15.02,76,61.86,21
7582,20221007582,56.12,61.75,66.12,61.33,22.79,72,43.25,15
7583,20221007583,41.15,56.26,70.82,56.08,20.91,75,81.12,13
7584,20221007584,70.82,61.21,72.75,68.26,18.72,94,59.13,17
7585,20221007585,71.15,73.06,70.08,71.43,17.67,100,53.3,14
7586,20221007586,47.15,73.58,71.16,63.96,29.42,73,64.04,25
7587,20221007587,29.95,34.13,46.34,36.81,12.22,78,48.94,14
7588,20221007588,81.04,98.88,100,93.31,16.79,83,88.98,19
7589,20221007589,34.14,27.03,20,27.06,17.17,86,79.72,26
7590,20221007590,75.91,91.76,95.79,87.82,22.38,79,94.21,30
7591,20221007591,45.61,38.37,39.88,41.29,9.78,81,75.38,56
7592,20221007592,48.7,36.37,45.85,43.64,2,93,49.42,24
7593,20221007593,73.12,78.71,80.14,77.32,20.84,85,50.37,13
7594,20221007594,42.02,34.71,34.32,37.02,8.65,95,59.02,55
7595,20221007595,70.53,77.26,78.64,75.48,22.99,88,62.24,57
7596,20221007596,37.66,20,23.09,26.92,13.8,100,46.87,28
7597,20221007597,47.08,29.5,20.95,32.51,12.05,100,44.09,17
7598,20221007598,70.53,91.46,99.45,87.15,20.37,76,68.44,49
7599,20221007599,50.54,39.86,22.6,37.67,20.91,85,79.18,20
7600,20221007600,68.25,75.51,88.54,77.43,11.24,89,59.46,13
7601,20221007601,23.46,20,20,21.15,18.95,86,85.77,21
7602,20221007602,47.14,50.32,48.5,48.65,4.57,94,99.06,43
7603,20221007603,46.48,63.88,76.29,62.22,14.56,90,47.0,81
7604,20221007604,83.84,93.26,78.81,85.3,12.1,73,81.19,22
7605,20221007605,64.57,50.59,36.92,50.69,10.23,65,54.87,46
7606,20221007606,45.47,43.63,55.63,48.24,17.67,89,74.64,15
7607,20221007607,28.63,30.32,20,26.32,17.81,93,79.54,32
7608,20221007608,42.52,40.39,37.51,40.14,22.73,100,45.88,74
7609,20221007609,48.07,40.64,50.18,46.3,19.51,86,86.84,120
7610,20221007610,55.55,80.14,71.78,69.16,6.42,84,86.04,37
7611,20221007611,31.28,41.22,38.59,37.03,16.36,74,47.25,35
7612,20221007612,56.74,85.48,65.21,69.14,16.99,73,88.85,44
7613,20221007613,70.93,55.86,48.95,58.58,15.47,98,44.23,13
7614,20221007614,67.48,63.4,50.14,60.34,29.46,88,62.75,24
7615,20221007615,35.19,36.9,40.09,37.39,13.52,100,87.0,26
7616,20221007616,38.65,22.55,20,27.07,22.02,74,56.63,52
7617,20221007617,47.02,54.98,70.11,57.37,24.99,84,64.55,53
7618,20221007618,43.03,66.83,84.53,64.8,16.19,94,72.8,27
7619,20221007619,41.01,52.61,57.63,50.42,13.0,100,92.37,8
7620,20221007620,39.81,32.56,40.58,37.65,12.53,92,81.13,20
7621,20221007621,59.03,55.99,44.1,53.04,14.95,86,53.41,33
7622,20221007622,43.73,34.07,34.79,37.53,15.51,81,39.48,31
7623,20221007623,66.81,61.23,67.56,65.2,13.02,70,86.82,15
7624,20221007624,76.52,78.73,87.54,80.93,15.74,90,77.46,24
7625,20221007625,65.75,83.51,76.39,75.22,18.23,90,49.78,61
7626,20221007626,55.21,68.31,74.02,65.85,13.05,92,89.04,27
7627,20221007627,65.92,69.12,66.95,67.33,19.12,89,59.23,33
7628,20221007628,64.32,66.86,80.55,70.58,21.46,92,82.93,27
7629,20221007629,60.96,55.39,42.93,53.09,4.95,89,60.83,30
7630,20221007630,75.95,67.96,72.62,72.18,16.48,100,69.39,15
7631,20221007631,70.34,55.98,63.68,63.33,17.64,93,95.49,66
7632,20221007632,59.39,62.66,62.01,61.35,15.76,98,59.98,13
7633,20221007633,64.79,81.24,71.92,72.65,13.39,85,37.81,47
7634,20221007634,62.36,64.3,50.35,59.0,13.79,98,35.35,24
7635,20221007635,44.94,30.1,32.14,35.73,18.31,83,87.07,22
7636,20221007636,49.15,55.19,51.62,51.99,11.83,89,75.01,22
7637,20221007637,74.51,70.17,58.0,67.56,27.44,85,93.5,47
7638,20221007638,75.72,74.05,72.6,74.12,19.12,81,97.02,26
7639,20221007639,50.31,51.06,58.86,53.41,8.7,91,48.75,33
7640,20221007640,44.12,23.48,22.87,30.16,6.61,85,41.92,37
7641,20221007641,44.44,26.96,20,30.47,15.52,89,97.27,11
7642,20221007642,20,21.4,31.84,24.41,14.67,96,55.13,21
7643,20221007643,39.29,42.22,66.83,49.45,27.57,98,48.68,22
7644,20221007644,66.4,62.65,62.17,63.74,19.62,73,86.59,41
7645,20221007645,50.82,70.23,66.38,62.48,25.52,84,78.46,25
7646,20221007646,37.37,41.12,44.3,40.93,10.82,100,42.51,9
7647,20221007647,60.67,72.4,62.97,65.35,21.15,93,59.76,18
7648,20221007648,78.88,83.9,91.56,84.78,10.17,100,69.43,44
7649,20221007649,64.47,64.95,83.37,70.93,19.83,75,59.44,20
7650,20221007650,54.27,55.41,53.27,54.32,15.81,89,96.15,6
7651,20221007651,30.41,51.41,38.45,40.09,13.51,68,60.45,37
7652,20221007652,58.6,69.8,70.73,66.38,17.36,76,50.82,61
7653,20221007653,53.85,50.73,44.07,49.55,15.6,94,59.43,49
7654,20221007654,61.94,76.36,72.63,70.31,26.88,68,74.88,48
7655,20221007655,53.86,51.44,55.56,53.62,19.19,84,71.41,12
7656,20221007656,30.97,29.09,32.81,30.96,15.84,96,63.49,20
7657,20221007657,68.99,57.88,62.48,63.12,21.79,87,59.08,26
7658,20221007658,27.87,30.53,23.05,27.15,16.8,79,78.18,25
7659,20221007659,74.73,70.99,75.44,73.72,15.75,96,61.8,26
7660,20221007660,69.29,68.63,70.52,69.48,17.57,100,54.74,26
7661,20221007661,34.76,48.34,49.31,44.14,21.38,80,91.24,34
7662,20221007662,23.1,34.55,41.79,33.15,16.53,85,38.31,13
7663,20221007663,44.8,33.81,24.93,34.51,18.24,68,93.12,26
7664,20221007664,61.88,70.43,76.81,69.71,18.24,79,90.23,23
7665,20221007665,32.18,20,36.9,29.69,19.67,89,62.75,44
7666,20221007666,69.88,75.99,72.71,72.86,20.26,79,67.03,36
7667,20221007667,83.52,73.0,75.09,77.2,17.06,84,37.9,32
7668,20221007668,51.89,60.08,42.62,51.53,14.82,85,99.37,16
7669,20221007669,53.5,64.51,68.79,62.27,14.11,96,89.26,30
7670,20221007670,42.28,55.78,54.12,50.73,8.97,100,78.54,40
7671,20221007671,56.23,61.63,64.04,60.63,21.57,86,88.57,16
7672,20221007672,43.35,43.7,56.81,47.95,23.06,96,84.94,57
7673,20221007673,35.9,30.05,20,28.65,26.11,81,98.99,23
7674,20221007674,55.96,68.45,59.39,61.27,16.64,87,75.9,10
7675,20221007675,57.78,46.34,47.54,50.55,19.47,75,54.55,17
7676,20221007676,67.56,62.47,58.63,62.89,15.2,99,91.87,32
7677,20221007677,48.58,50.07,52.14,50.26,25.79,85,75.02,18
7678,20221007678,43.1,49.76,53.12,48.66,9.25,100,95.05,133
7679,20221007679,53.24,37.27,20,36.84,17.52,100,55.61,37
7680,20221007680,61.83,63.96,64.98,63.59,28.55,91,95.51,101
7681,20221007681,48.42,28.75,36.2,37.79,5.29,74,73.7,41
7682,20221007682,65.02,67.49,81.59,71.37,21.11,92,55.01,10
7683,20221007683,62.59,55.28,45.87,54.58,18.51,89,79.56,61
7684,20221007684,82.27,76.57,75.21,78.02,13.59,83,42.07,73
7685,20221007685,51.01,51.11,50.71,50.94,7.02,94,55.01,62
7686,20221007686,54.18,30.11,22.29,35.53,15.24,80,71.07,68
7687,20221007687,53.75,43.74,33.46,43.65,13.27,85,88.06,20
7688,20221007688,42.2,41.97,37.33,40.5,26.83,80,90.74,26
7689,20221007689,66.02,59.51,66.13,63.89,2.97,92,52.92,44
7690,20221007690,70.65,80.06,84.78,78.5,6.47,77,59.04,22
7691,20221007691,45.41,57.02,59.35,53.93,14.35,100,81.61,30
7692,20221007692,37.67,50.69,58.46,48.94,21.0,100,38.66,22
7693,20221007693,56.84,54.3,50.35,53.83,12.21,90,69.13,11
7694,20221007694,40.54,23.69,35.82,33.35,13.33,83,84.76,31
7695,20221007695,56.22,35.01,30.31,40.51,7.23,77,77.61,24
7696,20221007696,33.24,26.45,20,26.56,10.4,97,51.78,9
7697,20221007697,34.5,39.64,49.28,41.14,18.69,94,54.24,13
7698,20221007698,36.54,36.38,43.33,38.75,23.99,100,58.07,31
7699,20221007699,38.38,64.62,74.54,59.18,15.49,92,87.8,9
7700,20221007700,72.16,74.73,76.16,74.35,14.76,74,83.63,36
7701,20221007701,72.38,86.82,61.07,73.42,15.59,75,73.66,43
7702,20221007702,71.32,50.24,59.42,60.33,18.78,100,58.89,26
7703,20221007703,52.23,43.98,34.83,43.68,10.83,74,41.78,23
7704,20221007704,58.3,47.03,67.62,57.65,5.36,63,48.76,48
7705,20221007705,38.61,43.52,44.99,42.37,15.52,100,53.78,32
7706,20221007706,70.2,72.42,78.8,73.81,6.38,74,98.72,57
7707,20221007707,69.63,77.77,64.69,70.7,15.41,82,54.35,12
7708,20221007708,30.44,36.63,29.89,32.32,14.07,97,55.9,19
7709,20221007709,38.03,22.24,20,26.76,15.68,94,92.22,21
7710,20221007710,40.36,43.43,53.84,45.88,20.9,86,46.7,38
7711,20221007711,23.32,20,20,21.11,22.18,87,55.81,29
7712,20221007712,54.19,69.3,60.52,61.34,22.05,85,51.08,14
7713,20221007713,76.61,54.52,56.73,62.62,13.23,97,79.4,18
7714,20221007714,57.16,56.95,59.27,57.79,8.78,90,60.43,65
7715,20221007715,64.47,82.49,94.34,80.43,13.4,89,48.25,22
7716,20221007716,67.35,64.05,41.86,57.75,14.27,92,100,39
7717,20221007717,72.59,70.54,75.78,72.97,13.31,90,38.13,11
7718,20221007718,51.35,46.52,36.75,44.87,21.59,84,75.38,20
7719,20221007719,52.16,42.97,44.28,46.47,13.27,74,58.24,30
7720,20221007720,37.29,56.87,54.58,49.58,19.85,98,52.07,7
7721,20221007721,54.75,39.69,39.81,44.75,29.73,93,59.82,49
7722,20221007722,52.77,64.63,70.38,62.59,23.18,80,60.76,6
7723,20221007723,56.1,68.39,75.16,66.55,19.66,90,84.4,19
7724,20221007724,34.36,28.94,26.06,29.79,10.25,98,62.91,24
7725,20221007725,33.81,43.59,42.96,40.12,20.62,99,68.8,20
7726,20221007726,63.58,51.39,40.3,51.76,17.31,85,78.71,44
7727,20221007727,68.46,67.39,69.06,68.3,11.31,92,77.5,13
7728,20221007728,30.37,33.75,36.09,33.4,13.35,100,55.63,5
7729,20221007729,58.12,65.48,51.44,58.35,16.75,94,78.19,18
7730,20221007730,48.78,44.79,54.49,49.35,13.59,100,77.28,34
7731,20221007731,70.14,51.47,29.58,50.4,22.9,74,58.82,29
7732,20221007732,32.15,34.67,20,28.94,16.83,83,79.8,25
7733,20221007733,73.52,80.96,66.15,73.54,18.42,87,76.55,31
7734,20221007734,66.74,69.34,59.29,65.12,15.77,79,54.31,15
7735,20221007735,67.33,78.19,93.59,79.7,13.4,87,59.03,18
7736,20221007736,42.69,42.62,64.02,49.78,14.41,98,100,23
7737,20221007737,80.63,57.53,46.53,61.56,24.2,88,73.33,58
7738,20221007738,59.23,76.88,78.88,71.66,12.32,91,78.25,10
7739,20221007739,32.38,26.29,20,26.22,5.64,100,66.38,52
7740,20221007740,69.53,86.02,87.19,80.91,30.09,81,76.57,45
7741,20221007741,53.9,38.53,47.88,46.77,5.86,93,67.36,101
7742,20221007742,39.63,48.78,37.45,41.95,18.44,63,53.51,32
7743,20221007743,33.38,20,20,24.46,17.41,80,98.74,34
7744,20221007744,37.54,51.11,51.13,46.59,17.33,85,60.91,36
7745,20221007745,69.43,61.12,47.14,59.23,14.12,85,67.02,66
7746,20221007746,66.98,79.45,88.81,78.41,16.06,86,37.75,33
7747,20221007747,41.87,42.65,22.25,35.59,18.37,93,70.08,26
7748,20221007748,58.21,43.76,42.12,48.03,6.52,78,100,33
7749,20221007749,51.07,49.32,63.07,54.49,15.94,100,52.69,10
7750,20221007750,56.71,66.59,68.64,63.98,17.98,85,76.5,11
7751,20221007751,42.03,55.69,67.1,54.94,15.37,74,87.19,23
7752,20221007752,34.99,23.44,26.65,28.36,11.14,75,70.98,62
7753,20221007753,54.32,65.85,68.91,63.03,22.54,80,36.01,10
7754,20221007754,57.48,59.14,50.51,55.71,18.49,93,57.12,17
7755,20221007755,69.04,71.93,66.51,69.16,28.62,86,100,18
7756,20221007756,43.9,26.24,35.47,35.2,22.65,80,96.77,49
7757,20221007757,46.6,46.35,54.25,49.07,16.48,81,88.82,39
7758,20221007758,30.35,30.91,24.0,28.42,13.35,86,100,19
7759,20221007759,47.78,32.96,26.42,35.72,17.63,74,45.63,14
7760,20221007760,75.6,83.2,95.71,84.84,16.7,98,93.55,11
7761,20221007761,67.61,78.02,77.36,74.33,4.83,77,58.92,21
7762,20221007762,33.93,27.23,28.01,29.72,18.96,92,100,32
7763,20221007763,36.01,20,20,25.34,12.39,90,67.34,32
7764,20221007764,61.05,24.45,23.99,36.5,20.55,100,76.84,38
7765,20221007765,26.28,30.93,38.55,31.92,8.21,88,34.06,11
7766,20221007766,41.18,38.92,35.39,38.5,15.61,93,46.58,46
7767,20221007767,60.61,52.88,54.89,56.13,23.35,73,36.2,15
7768,20221007768,41.43,53.02,43.18,45.88,22.36,98,56.87,24
7769,20221007769,47.12,62.0,58.88,56.0,21.46,92,78.05,32
7770,20221007770,69.49,81.34,75.75,75.53,23.1,82,56.68,35
7771,20221007771,63.7,84.64,88.4,78.91,20.3,97,87.19,32
7772,20221007772,64.65,80.19,85.41,76.75,15.94,100,87.63,18
7773,20221007773,73.65,100,100,91.22,17.25,97,78.45,23
7774,20221007774,37.7,40.73,31.15,36.53,23.98,69,49.1,65
7775,20221007775,65.53,70.99,85.71,74.08,6.6,82,77.07,107
7776,20221007776,22.0,20,20,20.67,12.02,63,65.15,22
7777,20221007777,39.58,40.26,40.6,40.15,15.83,86,85.67,25
7778,20221007778,66.05,66.21,73.94,68.73,13.99,87,48.35,32
7779,20221007779,49.05,33.82,24.06,35.64,2,78,35.2,12
7780,20221007780,33.12,37.82,44.65,38.53,22.21,99,59.78,22
7781,20221007781,51.84,48.34,53.08,51.09,27.01,100,56.02,21
7782,20221007782,41.04,55.56,68.75,55.12,15.06,88,76.2,20
7783,20221007783,56.79,50.3,55.87,54.32,15.17,77,91.67,10
7784,20221007784,72.5,68.32,48.69,63.17,19.65,95,70.35,13
7785,20221007785,43.99,47.11,50.46,47.19,21.38,83,42.08,15
7786,20221007786,35.89,20,40.93,32.27,13.02,83,67.41,59
7787,20221007787,61.26,65.37,60.52,62.38,20.31,100,86.06,27
7788,20221007788,66.66,77.76,76.71,73.71,12.49,95,77.7,12
7789,20221007789,44.19,54.49,45.85,48.18,5.66,100,58.42,14
7790,20221007790,43.5,42.81,33.57,39.96,8.65,83,62.57,22
7791,20221007791,71.31,77.59,69.33,72.74,19.74,74,79.79,21
7792,20221007792,59.69,73.9,66.27,66.62,7.73,78,64.49,30
7793,20221007793,56.71,52.91,41.78,50.47,11.68,82,80.89,31
7794,20221007794,67.26,39.44,31.11,45.94,18.82,88,93.91,12
7795,20221007795,81.53,100,89.1,90.21,14.56,85,55.04,11
7796,20221007796,71.8,72.66,87.96,77.47,27.95,100,100,7
7797,20221007797,79.95,58.57,66.54,68.35,15.23,74,98.15,32
7798,20221007798,81.28,65.34,68.96,71.86,25.62,100,99.64,41
7799,20221007799,59.48,50.27,48.74,52.83,25.02,87,61.35,41
7800,20221007800,46.76,25.45,20.26,30.82,9.44,80,87.7,29
7801,20221007801,69.54,84.28,92.22,82.01,14.2,79,70.47,47
7802,20221007802,33.69,39.16,42.24,38.36,17.67,83,65.48,65
7803,20221007803,62.85,73.06,80.49,72.13,23.6,98,89.39,45
7804,20221007804,38.1,37.29,32.86,36.08,21.53,86,85.29,17
7805,20221007805,43.8,47.18,50.4,47.13,14.11,81,82.91,16
7806,20221007806,39.65,30.14,34.76,34.85,19.06,79,78.87,14
7807,20221007807,75.25,76.44,70.01,73.9,2.61,89,100,31
7808,20221007808,67.22,77.53,57.02,67.26,21.68,86,79.82,49
7809,20221007809,64.61,54.58,54.51,57.9,13.22,89,52.76,41
7810,20221007810,52.84,40.42,30.01,41.09,5.6,73,80.29,71
7811,20221007811,83.81,100,100,94.6,23.86,98,85.8,78
7812,20221007812,29.83,23.43,36.18,29.81,3.36,82,76.1,29
7813,20221007813,69.77,51.82,56.66,59.42,26.68,84,57.8,20
7814,20221007814,73.06,59.63,46.6,59.76,13.57,79,58.65,59
7815,20221007815,77.83,53.21,61.07,64.04,7.2,98,80.29,24
7816,20221007816,58.18,40.07,21.91,40.05,12.25,100,32.63,16
7817,20221007817,45.46,27.82,25.68,32.99,13.85,72,89.85,19
7818,20221007818,53.98,35.45,29.56,39.66,9.89,95,100,55
7819,20221007819,34.43,45.4,54.22,44.68,13.25,100,97.18,16
7820,20221007820,83.49,93.76,80.31,85.85,15.21,93,46.15,44
7821,20221007821,66.43,65.17,68.13,66.58,21.2,89,54.72,22
7822,20221007822,37.05,26.85,40.76,34.89,19.81,100,49.9,26
7823,20221007823,61.17,52.18,57.01,56.79,19.54,86,76.13,41
7824,20221007824,41.22,32.83,45.35,39.8,13.39,82,62.23,41
7825,20221007825,39.0,32.37,41.94,37.77,14.19,94,75.35,10
7826,20221007826,79.03,66.65,67.22,70.97,5.81,98,45.28,11
7827,20221007827,71.65,69.52,74.6,71.92,20.23,92,46.06,25
7828,20221007828,71.46,75.1,94.16,80.24,15.87,94,51.01,29
7829,20221007829,69.3,60.18,59.2,62.89,19.8,91,62.48,34
7830,20221007830,36.01,47.85,58.96,47.61,21.98,93,50.23,39
7831,20221007831,39.19,30.74,44.15,38.03,3.69,74,48.75,22
7832,20221007832,39.08,36.37,27.73,34.39,26.75,100,55.13,30
7833,20221007833,33.8,42.53,46.21,40.85,12.02,86,56.03,24
7834,20221007834,51.18,41.51,37.28,43.32,17.16,100,61.52,13
7835,20221007835,61.58,67.2,77.42,68.73,18.34,91,67.24,40
7836,20221007836,67.53,66.4,70.39,68.11,26.4,90,41.69,29
7837,20221007837,67.03,60.79,48.98,58.93,10.06,93,48.67,14
7838,20221007838,71.92,76.38,72.83,73.71,21.12,93,63.57,10
7839,20221007839,72.41,59.96,47.92,60.1,12.42,91,81.02,29
7840,20221007840,64.84,64.46,54.48,61.26,11.78,95,100,10
7841,20221007841,59.64,71.45,51.72,60.94,17.57,97,96.77,30
7842,20221007842,50.91,31.27,43.67,41.95,16.08,95,85.47,16
7843,20221007843,71.88,80.41,87.05,79.78,14.61,74,52.69,16
7844,20221007844,66.52,69.42,81.69,72.54,14.73,90,70.74,27
7845,20221007845,69.93,85.93,87.53,81.13,25.23,78,83.62,21
7846,20221007846,65.32,57.82,38.31,53.82,8.63,97,54.55,13
7847,20221007847,36.94,72.59,82.73,64.09,8.43,67,83.65,11
7848,20221007848,39.51,44.76,46.13,43.47,19.77,92,53.75,10
7849,20221007849,66.57,74.29,89.07,76.64,32.39,95,52.24,29
7850,20221007850,38.0,29.6,20,29.2,4.01,100,78.22,9
7851,20221007851,62.72,65.31,80.0,69.34,17.32,85,43.75,47
7852,20221007852,39.37,53.03,54.79,49.06,20.6,89,78.19,22
7853,20221007853,42.03,49.06,58.8,49.96,18.11,99,37.27,26
7854,20221007854,58.63,75.09,61.75,65.16,21.26,100,62.25,16
7855,20221007855,65.48,71.18,58.02,64.89,13.11,91,78.55,34
7856,20221007856,55.85,47.78,43.33,48.99,12.39,92,100,10
7857,20221007857,73.32,83.35,68.74,75.14,20.28,100,95.45,37
7858,20221007858,75.49,80.88,73.5,76.62,17.36,98,86.8,16
7859,20221007859,23.32,21.8,20,21.71,11.49,83,91.44,21
7860,20221007860,74.79,48.65,56.89,60.11,23.29,78,52.41,48
7861,20221007861,42.44,40.24,43.25,41.98,17.67,91,51.75,8
7862,20221007862,34.34,43.82,47.89,42.02,11.44,80,76.08,13
7863,20221007863,66.28,56.48,54.94,59.23,8.87,86,91.6,15
7864,20221007864,55.69,47.03,43.19,48.64,19.99,87,85.17,24
7865,20221007865,69.02,59.78,57.76,62.19,17.15,95,49.56,38
7866,20221007866,54.51,50.17,51.38,52.02,9.5,89,92.83,45
7867,20221007867,34.25,37.34,43.12,38.24,28.65,89,64.97,19
7868,20221007868,39.17,30.66,20,29.94,13.56,100,69.43,20
7869,20221007869,42.54,35.45,34.48,37.49,17.0,93,93.09,11
7870,20221007870,44.47,42.2,43.22,43.3,16.25,92,67.11,32
7871,20221007871,45.98,36.02,39.57,40.52,21.02,74,52.56,19
7872,20221007872,57.75,38.35,44.27,46.79,11.66,78,67.43,16
7873,20221007873,70.83,66.67,63.51,67.0,23.39,86,64.15,98
7874,20221007874,62.05,69.26,65.19,65.5,16.21,100,96.9,11
7875,20221007875,72.35,70.49,77.87,73.57,9.39,83,65.18,20
7876,20221007876,43.02,22.81,20,28.61,18.45,96,70.02,17
7877,20221007877,60.05,56.98,74.12,63.72,18.12,97,100,26
7878,20221007878,53.48,59.34,55.74,56.19,19.53,100,95.53,9
7879,20221007879,55.24,50.35,57.16,54.25,15.3,100,39.93,24
7880,20221007880,37.01,50.15,54.31,47.16,6.15,92,100,54
7881,20221007881,34.03,38.97,38.21,37.07,14.4,95,94.7,74
7882,20221007882,53.52,58.22,58.61,56.78,23.4,69,93.74,35
7883,20221007883,52.33,69.19,66.12,62.55,17.12,80,52.78,11
7884,20221007884,71.9,82.0,83.12,79.01,10.55,81,61.13,26
7885,20221007885,36.17,44.24,54.47,44.96,7.89,82,59.98,23
7886,20221007886,67.91,43.41,54.59,55.3,16.72,100,52.54,21
7887,20221007887,41.15,47.98,52.66,47.26,17.8,78,58.53,20
7888,20221007888,44.41,57.36,58.35,53.37,11.03,90,48.44,15
7889,20221007889,67.38,80.88,97.66,81.97,4.83,91,100,16
7890,20221007890,29.62,32.35,35.41,32.46,16.67,77,48.01,41
7891,20221007891,57.95,51.18,56.96,55.36,19.1,83,75.29,49
7892,20221007892,76.46,84.72,83.91,81.7,9.96,85,100,43
7893,20221007893,62.37,57.64,53.86,57.96,16.99,67,87.18,27
7894,20221007894,26.79,20,31.71,26.17,21.92,84,86.32,71
7895,20221007895,55.09,53.67,54.39,54.38,14.57,92,99.46,17
7896,20221007896,66.37,59.76,55.53,60.55,24.45,91,97.21,47
7897,20221007897,56.16,32.53,20,36.23,17.22,100,75.14,36
7898,20221007898,39.88,50.0,47.1,45.66,22.5,84,84.79,26
7899,20221007899,74.48,80.07,100,84.85,23.35,79,91.47,24
7900,20221007900,52.69,64.65,77.49,64.94,19.47,100,38.95,12
7901,20221007901,49.56,45.27,46.39,47.07,17.17,81,46.65,86
7902,20221007902,82.49,92.61,100,91.7,8.25,87,89.85,38
7903,20221007903,71.9,72.55,77.05,73.83,17.81,92,48.95,45
7904,20221007904,80.69,71.48,76.29,76.15,22.37,100,91.0,59
7905,20221007905,41.28,54.07,36.67,44.01,14.28,100,67.45,43
7906,20221007906,71.69,69.82,75.17,72.23,17.04,99,69.18,33
7907,20221007907,56.39,38.43,32.71,42.51,12.63,91,73.75,15
7908,20221007908,47.98,41.88,42.38,44.08,2.48,99,54.5,124
7909,20221007909,64.25,73.69,78.06,72.0,21.6,100,55.71,10
7910,20221007910,61.57,38.76,20,40.11,16.08,65,85.29,27
7911,20221007911,59.9,61.09,64.71,61.9,7.05,79,75.57,14
7912,20221007912,54.28,44.32,39.69,46.1,13.0,82,71.24,79
7913,20221007913,55.15,54.69,50.98,53.61,11.68,80,100,60
7914,20221007914,64.74,70.06,66.91,67.24,13.24,86,67.75,26
7915,20221007915,43.9,53.38,66.78,54.69,15.89,99,43.42,45
7916,20221007916,46.22,30.91,31.74,36.29,13.4,82,87.4,37
7917,20221007917,50.21,66.17,63.46,59.95,20.41,86,85.45,31
7918,20221007918,53.89,40.58,29.33,41.27,17.0,99,33.42,21
7919,20221007919,36.99,22.1,37.24,32.11,19.84,87,92.19,19
7920,20221007920,29.67,31.76,26.3,29.24,6.26,93,50.46,35
7921,20221007921,48.02,64.83,75.47,62.77,16.81,93,95.6,33
7922,20221007922,73.05,77.39,64.03,71.49,8.09,64,55.02,54
7923,20221007923,59.11,55.1,43.76,52.66,9.91,95,93.04,32
7924,20221007924,20,21.61,20,20.54,12.22,84,61.85,11
7925,20221007925,69.05,64.72,64.85,66.21,23.27,98,41.57,9
7926,20221007926,49.08,53.02,64.43,55.51,11.62,76,95.38,55
7927,20221007927,34.78,20,20,24.93,11.0,76,73.21,16
7928,20221007928,55.93,65.19,73.1,64.74,23.11,92,55.74,11
7929,20221007929,36.46,27.16,20,27.87,14.2,83,76.02,41
7930,20221007930,28.05,20,20,22.68,15.19,87,73.38,48
7931,20221007931,68.78,67.07,86.61,74.15,12.75,97,59.58,40
7932,20221007932,52.78,33.26,22.64,36.23,21.91,87,96.48,32
7933,20221007933,49.6,35.67,40.53,41.93,17.16,97,60.14,24
7934,20221007934,67.36,60.35,44.96,57.56,21.95,83,100,13
7935,20221007935,74.22,70.48,73.24,72.65,15.37,67,100,17
7936,20221007936,42.63,20,32.49,31.71,17.27,100,68.83,17
7937,20221007937,49.46,54.96,43.76,49.39,16.56,97,92.88,31
7938,20221007938,64.77,58.85,44.07,55.9,17.15,80,100,20
7939,20221007939,65.81,75.52,74.9,72.08,27.44,79,85.51,18
7940,20221007940,39.2,35.15,39.64,38.0,14.66,93,54.57,19
7941,20221007941,37.02,34.56,28.33,33.3,3.56,85,100,30
7942,20221007942,70.6,73.46,67.09,70.38,8.39,83,89.42,32
7943,20221007943,35.31,37.99,55.13,42.81,15.2,82,65.34,43
7944,20221007944,56.56,68.46,69.0,64.67,14.5,100,88.55,18
7945,20221007945,31.89,25.89,20.83,26.2,13.05,91,59.03,23
7946,20221007946,51.98,78.59,68.63,66.4,14.87,82,63.86,26
7947,20221007947,42.19,34.48,32.95,36.54,5.86,85,72.6,84
7948,20221007948,68.44,76.92,92.9,79.42,17.64,84,68.74,21
7949,20221007949,57.81,74.11,78.03,69.98,11.19,79,59.94,6
7950,20221007950,46.17,49.04,48.68,47.96,18.22,81,46.04,24
7951,20221007951,41.22,20.99,20,27.4,16.15,100,98.94,49
7952,20221007952,72.48,84.01,96.74,84.41,6.36,93,73.03,12
7953,20221007953,74.85,65.5,51.9,64.08,16.85,100,75.66,46
7954,20221007954,39.46,43.19,35.68,39.44,20.24,85,65.77,23
7955,20221007955,35.26,29.87,32.0,32.38,14.91,82,60.72,17
7956,20221007956,56.19,48.25,47.37,50.6,23.42,83,70.68,21
7957,20221007957,46.49,66.16,82.35,65.0,9.2,79,41.55,5
7958,20221007958,62.95,59.97,64.77,62.56,14.04,84,54.77,21
7959,20221007959,64.2,77.98,74.81,72.33,11.68,76,88.59,63
7960,20221007960,50.53,44.48,37.87,44.29,20.17,77,80.77,56
7961,20221007961,46.62,22.41,20,29.68,15.76,97,99.98,46
7962,20221007962,68.79,77.24,77.49,74.51,13.45,93,61.23,22
7963,20221007963,68.5,71.67,74.77,71.65,8.4,84,68.47,43
7964,20221007964,67.48,58.46,64.26,63.4,11.19,80,61.95,25
7965,20221007965,69.87,64.18,46.26,60.1,9.47,82,88.72,30
7966,20221007966,71.59,56.46,53.33,60.46,11.64,95,83.92,21
7967,20221007967,47.47,77.23,88.85,71.18,19.17,91,80.79,38
7968,20221007968,45.9,43.2,52.2,47.1,19.16,100,93.09,15
7969,20221007969,41.3,20,34.47,31.92,12.45,78,47.23,33
7970,20221007970,51.42,59.73,42.86,51.34,13.31,95,100,29
7971,20221007971,28.28,20,31.39,26.56,10.66,100,45.21,15
7972,20221007972,70.13,66.09,55.37,63.86,18.83,83,83.79,26
7973,20221007973,57.04,55.22,42.1,51.45,22.34,100,62.58,31
7974,20221007974,73.07,62.79,73.64,69.83,18.0,100,93.88,13
7975,20221007975,44.16,43.45,42.54,43.38,24.01,81,69.65,22
7976,20221007976,62.68,50.22,49.36,54.09,17.86,82,38.09,30
7977,20221007977,62.09,38.01,40.06,46.72,14.2,93,90.39,16
7978,20221007978,25.02,20,22.73,22.58,4.7,83,73.91,9
7979,20221007979,73.85,84.97,91.69,83.5,15.08,94,43.05,30
7980,20221007980,68.62,70.6,65.49,68.24,20.37,100,64.27,18
7981,20221007981,66.73,58.09,54.24,59.69,13.77,90,84.42,19
7982,20221007982,61.42,83.24,94.78,79.81,20.63,86,46.67,35
7983,20221007983,68.42,71.89,62.85,67.72,9.16,86,99.25,42
7984,20221007984,40.76,37.2,37.97,38.64,12.92,90,38.92,63
7985,20221007985,46.28,64.65,71.59,60.84,6.45,90,76.24,58
7986,20221007986,57.93,59.21,72.64,63.26,25.96,98,90.9,11
7987,20221007987,33.24,37.21,32.18,34.21,18.66,97,55.83,48
7988,20221007988,51.87,46.06,48.42,48.78,14.21,69,85.66,16
7989,20221007989,54.11,60.65,63.28,59.35,12.29,90,89.02,10
7990,20221007990,37.93,48.91,66.86,51.23,13.45,78,31.01,21
7991,20221007991,66.97,63.44,86.62,72.34,26.52,81,91.11,53
7992,20221007992,56.33,64.6,56.75,59.23,16.83,100,91.19,18
7993,20221007993,58.17,46.68,53.23,52.69,19.41,87,43.63,71
7994,20221007994,59.93,68.6,65.65,64.73,15.09,87,74.04,28
7995,20221007995,54.85,59.28,44.92,53.02,18.84,100,60.35,45
7996,20221007996,50.37,50.76,50.25,50.46,11.12,83,54.3,19
7997,20221007997,37.42,41.8,55.36,44.86,16.91,94,75.08,17
7998,20221007998,61.43,67.02,73.88,67.44,22.61,97,67.26,28
7999,20221007999,36.5,24.93,25.19,28.87,16.84,79,99.39,41
8000,20221008000,66.7,63.36,60.69,63.58,4.29,74,72.98,97
8001,20221008001,32.3,30.34,32.25,31.63,15.63,71,82.54,17
8002,20221008002,27.81,20,20,22.6,12.44,94,43.29,17
8003,20221008003,36.93,20,20,25.64,14.45,78,84.8,9
8004,20221008004,56.04,54.78,57.48,56.1,15.66,87,64.51,31
8005,20221008005,83.51,83.75,95.93,87.73,14.86,75,44.19,16
8006,20221008006,35.55,41.94,46.41,41.3,20.62,82,79.26,54
8007,20221008007,46.62,37.18,26.5,36.77,28.81,95,52.64,14
8008,20221008008,47.46,51.34,54.69,51.16,17.29,77,84.08,34
8009,20221008009,38.32,38.3,47.7,41.44,14.5,76,57.02,48
8010,20221008010,38.85,38.43,41.7,39.66,16.92,83,51.73,16
8011,20221008011,35.81,32.14,24.68,30.88,14.63,85,83.94,85
8012,20221008012,68.42,53.88,53.15,58.48,14.91,100,52.65,22
8013,20221008013,48.07,52.64,61.05,53.92,19.75,96,63.33,5
8014,20221008014,27.54,42.9,35.31,35.25,14.69,92,51.49,16
8015,20221008015,71.69,57.44,38.51,55.88,6.15,95,95.46,31
8016,20221008016,44.07,40.39,34.63,39.7,22.03,100,58.07,30
8017,20221008017,31.04,30.96,28.86,30.29,15.85,95,71.58,6
8018,20221008018,49.74,25.13,39.7,38.19,22.29,92,65.16,22
8019,20221008019,72.28,88.4,72.92,77.87,14.91,85,97.12,16
8020,20221008020,38.97,21.86,20,26.94,21.21,98,79.47,15
8021,20221008021,57.0,81.21,79.12,72.44,17.8,91,83.05,25
8022,20221008022,33.94,20,27.59,27.18,18.84,73,45.05,10
8023,20221008023,68.62,85.61,75.63,76.62,15.31,78,90.57,47
8024,20221008024,61.75,49.06,20.29,43.7,23.99,77,100,70
8025,20221008025,43.9,24.73,22.01,30.21,26.81,100,73.37,91
8026,20221008026,44.86,57.74,83.41,62.0,11.26,95,69.55,46
8027,20221008027,69.04,43.94,42.84,51.94,14.54,91,85.46,59
8028,20221008028,44.12,24.68,39.73,36.18,18.84,98,59.37,26
8029,20221008029,79.81,87.08,98.16,88.35,15.25,99,60.44,28
8030,20221008030,30.19,50.46,46.8,42.48,22.95,86,51.5,50
8031,20221008031,32.05,47.17,52.32,43.85,16.81,82,64.92,22
8032,20221008032,74.03,73.47,79.96,75.82,14.17,87,82.8,23
8033,20221008033,57.89,65.18,61.58,61.55,10.23,89,88.2,30
8034,20221008034,76.51,82.21,86.6,81.77,5.75,82,44.61,10
8035,20221008035,61.86,57.68,65.33,61.62,8.36,71,67.53,21
8036,20221008036,53.54,25.53,32.07,37.05,22.46,92,58.54,19
8037,20221008037,62.8,63.89,47.34,58.01,21.62,100,55.03,30
8038,20221008038,60.93,59.19,69.66,63.26,18.35,86,40.4,17
8039,20221008039,65.82,60.01,60.0,61.94,22.98,85,87.11,21
8040,20221008040,31.86,33.24,47.42,37.51,9.9,81,91.76,26
8041,20221008041,53.98,62.7,60.32,59.0,8.6,100,30.22,18
8042,20221008042,82.64,85.76,65.58,77.99,21.99,94,89.91,12
8043,20221008043,61.31,40.47,53.58,51.79,22.56,69,36.28,23
8044,20221008044,64.94,57.63,66.92,63.16,8.63,86,97.46,10
8045,20221008045,42.06,44.33,43.12,43.17,18.58,84,41.4,60
8046,20221008046,59.72,65.26,52.21,59.06,13.02,88,72.74,49
8047,20221008047,32.37,48.76,31.54,37.56,7.06,80,51.66,8
8048,20221008048,51.53,41.88,33.11,42.17,15.91,100,76.02,42
8049,20221008049,76.93,61.3,51.51,63.25,25.14,92,63.29,27
8050,20221008050,49.89,34.75,28.82,37.82,21.44,89,60.83,52
8051,20221008051,56.03,60.62,50.33,55.66,11.56,92,46.07,25
8052,20221008052,38.74,24.1,32.07,31.64,24.58,88,83.45,9
8053,20221008053,52.11,54.02,61.16,55.76,30.51,83,56.51,13
8054,20221008054,30.57,43.97,56.61,43.72,12.8,88,52.2,81
8055,20221008055,74.84,65.2,64.12,68.05,11.99,94,56.79,17
8056,20221008056,51.19,57.12,55.8,54.7,15.76,94,80.39,78
8057,20221008057,50.14,46.32,46.85,47.77,18.75,100,65.49,27
8058,20221008058,21.02,20,23.51,21.51,17.1,79,44.25,21
8059,20221008059,49.74,33.58,36.46,39.93,14.86,89,53.03,11
8060,20221008060,41.5,48.36,53.08,47.65,22.49,92,82.51,8
8061,20221008061,81.26,67.7,71.36,73.44,19.68,79,39.14,48
8062,20221008062,69.39,44.9,47.45,53.91,12.37,72,68.0,28
8063,20221008063,60.05,58.31,51.78,56.71,16.71,100,56.39,31
8064,20221008064,74.24,81.1,94.57,83.3,12.25,92,64.07,7
8065,20221008065,39.07,43.49,41.82,41.46,14.83,84,53.0,27
8066,20221008066,42.24,71.12,70.72,61.36,12.28,89,92.24,11
8067,20221008067,66.75,67.66,78.94,71.12,10.87,90,88.28,30
8068,20221008068,64.96,63.58,49.27,59.27,21.17,100,55.3,15
8069,20221008069,96.9,77.32,81.55,85.26,14.9,100,69.7,103
8070,20221008070,51.46,61.64,61.36,58.15,18.52,93,51.92,12
8071,20221008071,62.55,67.09,70.66,66.77,22.42,79,78.62,17
8072,20221008072,30.77,26.33,26.89,28.0,19.49,92,67.95,40
8073,20221008073,67.54,50.97,52.01,56.84,11.91,79,82.79,95
8074,20221008074,70.01,83.15,91.57,81.58,2,100,59.16,37
8075,20221008075,78.54,91.56,100,90.03,27.31,85,61.95,21
8076,20221008076,48.18,49.44,42.29,46.64,6.13,80,80.72,18
8077,20221008077,84.23,88.04,77.49,83.25,19.12,100,88.13,20
8078,20221008078,45.29,55.75,52.14,51.06,12.51,84,61.72,7
8079,20221008079,72.47,57.7,63.21,64.46,22.71,85,59.65,20
8080,20221008080,72.14,80.47,80.95,77.85,5.5,94,84.97,21
8081,20221008081,68.76,71.03,78.81,72.87,11.21,95,66.72,37
8082,20221008082,35.78,51.62,47.57,44.99,18.34,73,100,24
8083,20221008083,69.59,69.81,55.7,65.03,22.35,100,32.09,30
8084,20221008084,50.91,53.89,42.69,49.16,12.98,91,100,24
8085,20221008085,32.7,28.02,40.03,33.58,8.38,93,77.72,27
8086,20221008086,50.99,47.96,52.65,50.53,14.04,87,46.7,39
8087,20221008087,22.85,44.1,47.35,38.1,15.85,78,67.82,27
8088,20221008088,33.76,45.16,53.52,44.15,13.96,72,90.49,60
8089,20221008089,42.4,48.17,44.13,44.9,13.82,85,87.38,24
8090,20221008090,76.97,80.44,79.65,79.02,18.63,99,70.38,47
8091,20221008091,65.04,49.85,48.19,54.36,19.51,77,52.37,15
8092,20221008092,42.77,30.87,42.21,38.62,15.42,85,47.53,21
8093,20221008093,37.04,31.04,28.62,32.23,21.18,92,62.44,42
8094,20221008094,66.91,66.68,84.97,72.85,6.89,71,66.52,35
8095,20221008095,80.87,89.37,86.13,85.46,12.52,83,78.9,28
8096,20221008096,41.05,39.71,30.83,37.2,20.17,93,85.11,32
8097,20221008097,63.04,49.36,53.72,55.37,16.64,82,94.0,27
8098,20221008098,47.93,63.67,64.16,58.59,25.67,99,84.71,28
8099,20221008099,41.58,37.38,45.89,41.62,9.71,78,68.27,13
8100,20221008100,74.96,81.97,61.65,72.86,10.06,83,78.75,38
8101,20221008101,86.42,87.1,77.74,83.75,27.88,90,100,52
8102,20221008102,70.32,72.93,72.27,71.84,15.58,97,61.17,22
8103,20221008103,57.78,58.11,51.45,55.78,17.45,83,40.6,27
8104,20221008104,58.04,63.61,64.81,62.15,12.66,90,72.17,13
8105,20221008105,72.87,64.42,59.64,65.64,18.9,91,87.0,32
8106,20221008106,47.19,31.16,33.55,37.3,11.08,85,100,52
8107,20221008107,65.29,88.14,80.4,77.94,2.87,90,48.48,40
8108,20221008108,60.04,45.75,57.42,54.4,17.27,100,63.29,16
8109,20221008109,60.85,59.28,49.63,56.59,8.21,96,58.81,27
8110,20221008110,64.15,52.13,70.47,62.25,14.16,90,54.73,17
8111,20221008111,52.94,65.72,58.34,59.0,23.78,91,62.95,21
8112,20221008112,40.2,48.18,60.34,49.57,19.29,85,42.76,22
8113,20221008113,41.96,31.45,20,31.14,8.96,90,82.35,54
8114,20221008114,35.6,35.01,34.71,35.11,16.82,100,57.26,27
8115,20221008115,66.94,67.8,58.88,64.54,14.29,87,76.89,27
8116,20221008116,39.57,43.2,31.05,37.94,17.77,98,48.02,29
8117,20221008117,60.99,75.54,70.62,69.05,10.59,99,41.69,16
8118,20221008118,42.05,59.65,57.22,52.97,17.7,95,67.35,26
8119,20221008119,34.28,55.11,64.87,51.42,17.04,97,67.39,109
8120,20221008120,40.19,52.83,49.84,47.62,17.49,100,44.24,20
8121,20221008121,65.41,77.34,90.13,77.63,16.32,89,97.08,33
8122,20221008122,72.99,68.92,72.42,71.44,14.13,99,67.61,17
8123,20221008123,44.59,33.86,41.41,39.95,11.89,92,82.89,13
8124,20221008124,48.86,56.75,67.48,57.7,10.53,85,71.12,16
8125,20221008125,34.71,35.19,34.7,34.87,14.95,100,42.45,58
8126,20221008126,49.13,34.6,33.78,39.17,25.14,95,73.13,12
8127,20221008127,33.61,46.96,50.07,43.55,17.97,100,63.05,14
8128,20221008128,51.44,54.59,49.6,51.88,16.97,97,77.43,28
8129,20221008129,80.85,86.53,100,89.13,15.89,100,84.01,79
8130,20221008130,81.25,66.22,65.11,70.86,15.7,84,100,31
8131,20221008131,73.2,68.68,69.89,70.59,25.59,73,93.83,10
8132,20221008132,45.06,55.83,63.06,54.65,17.87,73,49.4,57
8133,20221008133,54.17,55.94,60.88,57.0,18.08,94,88.09,23
8134,20221008134,39.14,44.0,56.46,46.53,15.53,68,49.15,12
8135,20221008135,75.56,82.93,92.98,83.82,23.96,90,86.33,20
8136,20221008136,54.91,59.43,57.87,57.4,11.92,93,54.58,7
8137,20221008137,64.09,74.61,92.44,77.05,13.97,76,54.53,32
8138,20221008138,55.46,43.49,33.43,44.13,20.55,82,91.1,13
8139,20221008139,60.73,58.23,57.5,58.82,3.06,74,100,31
8140,20221008140,68.42,73.05,66.13,69.2,26.64,83,69.3,10
8141,20221008141,42.07,44.38,41.19,42.55,14.17,83,68.07,33
8142,20221008142,42.82,47.63,37.35,42.6,15.78,80,84.19,22
8143,20221008143,41.12,54.28,55.45,50.28,13.41,91,97.54,14
8144,20221008144,42.66,49.83,52.45,48.31,12.97,98,70.18,17
8145,20221008145,75.26,65.02,51.29,63.86,10.69,81,85.03,20
8146,20221008146,30.37,20,20,23.46,16.05,99,71.93,32
8147,20221008147,40.78,38.33,54.35,44.49,22.76,86,51.46,43
8148,20221008148,58.4,94.45,99.63,84.16,25.67,76,57.03,31
8149,20221008149,68.17,57.06,52.75,59.33,16.35,77,45.85,67
8150,20221008150,56.93,81.19,75.6,71.24,27.07,75,79.89,22
8151,20221008151,45.74,53.31,55.99,51.68,17.16,100,39.59,39
8152,20221008152,79.92,61.08,66.35,69.12,20.72,95,51.21,12
8153,20221008153,65.79,59.71,73.5,66.33,19.57,97,58.44,10
8154,20221008154,80.01,51.86,45.99,59.29,11.11,68,59.16,26
8155,20221008155,63.91,77.26,66.3,69.16,20.93,92,98.71,92
8156,20221008156,58.56,51.49,49.76,53.27,9.29,77,41.12,29
8157,20221008157,81.84,69.44,59.0,70.09,14.47,92,81.65,11
8158,20221008158,28.6,28.38,38.68,31.89,9.35,100,85.28,22
8159,20221008159,59.72,60.46,60.0,60.06,15.26,89,78.89,50
8160,20221008160,30.62,21.5,24.25,25.46,15.98,87,81.58,42
8161,20221008161,54.97,76.37,92.15,74.5,19.2,76,44.71,43
8162,20221008162,38.53,26.4,21.7,28.88,19.08,100,64.05,20
8163,20221008163,60.56,90.92,84.97,78.82,15.61,85,51.11,22
8164,20221008164,72.15,89.04,91.2,84.13,13.3,79,93.17,42
8165,20221008165,60.83,64.49,60.36,61.89,6.91,100,52.66,58
8166,20221008166,53.2,62.56,75.91,63.89,13.85,93,81.69,37
8167,20221008167,40.29,24.21,26.49,30.33,3.27,89,64.62,24
8168,20221008168,45.4,52.42,62.88,53.57,14.33,94,63.15,25
8169,20221008169,40.12,23.63,28.02,30.59,11.48,75,55.42,69
8170,20221008170,48.23,35.72,38.65,40.87,3.84,99,93.85,57
8171,20221008171,44.85,29.53,32.09,35.49,2.05,97,45.64,18
8172,20221008172,65.85,69.29,65.75,66.96,20.62,70,99.39,15
8173,20221008173,66.86,80.45,91.59,79.63,21.71,81,47.88,44
8174,20221008174,72.26,84.81,66.45,74.51,18.19,70,71.86,43
8175,20221008175,47.27,60.92,78.85,62.35,14.17,100,58.55,39
8176,20221008176,44.26,48.94,39.09,44.1,6.01,79,86.45,34
8177,20221008177,49.97,48.78,33.86,44.2,17.95,97,75.94,9
8178,20221008178,65.9,75.15,83.05,74.7,22.52,93,63.06,30
8179,20221008179,41.26,20,24.32,28.53,11.84,95,42.74,22
8180,20221008180,69.41,67.8,76.78,71.33,16.63,96,65.41,8
8181,20221008181,41.1,49.05,54.95,48.37,15.49,96,65.96,24
8182,20221008182,36.38,45.73,54.25,45.45,13.74,84,63.84,15
8183,20221008183,49.95,39.79,61.01,50.25,14.57,76,97.08,22
8184,20221008184,31.59,30.11,35.69,32.46,18.18,90,43.89,58
8185,20221008185,51.08,46.67,59.4,52.38,14.46,82,84.81,33
8186,20221008186,63.26,93.35,89.21,81.94,19.38,89,67.68,13
8187,20221008187,26.87,20,20,22.29,12.39,70,54.56,23
8188,20221008188,46.18,42.15,46.81,45.05,6.31,87,51.9,9
8189,20221008189,71.9,77.58,83.25,77.58,15.35,96,49.23,34
8190,20221008190,80.24,68.3,65.46,71.33,10.86,82,75.99,39
8191,20221008191,64.12,80.5,67.22,70.61,19.19,86,86.86,119
8192,20221008192,52.0,52.31,44.3,49.54,15.48,87,94.01,31
8193,20221008193,78.06,76.15,74.3,76.17,22.77,88,100,28
8194,20221008194,35.38,44.17,46.04,41.86,21.03,100,35.44,14
8195,20221008195,61.6,62.14,63.47,62.4,20.51,81,100,7
8196,20221008196,52.01,56.02,50.19,52.74,18.66,78,64.26,25
8197,20221008197,43.85,29.81,35.55,36.4,20.12,82,53.5,52
8198,20221008198,47.07,68.29,68.77,61.38,12.04,97,75.62,24
8199,20221008199,75.97,74.36,64.49,71.61,17.48,100,51.22,42
8200,20221008200,50.26,32.25,37.13,39.88,17.73,100,71.19,25
8201,20221008201,74.2,73.2,82.77,76.72,15.84,75,89.3,7
8202,20221008202,63.73,51.06,45.1,53.3,14.62,85,49.27,19
8203,20221008203,67.82,45.75,40.94,51.5,8.95,82,70.36,27
8204,20221008204,34.17,37.19,42.32,37.89,11.31,92,81.43,18
8205,20221008205,37.33,36.2,32.24,35.26,26.46,97,57.35,20
8206,20221008206,66.71,69.7,61.45,65.95,10.39,100,92.78,36
8207,20221008207,48.42,34.7,30.8,37.97,8.52,65,62.84,18
8208,20221008208,62.42,70.89,77.18,70.16,21.41,76,79.63,21
8209,20221008209,69.94,72.15,66.29,69.46,10.1,86,80.67,19
8210,20221008210,52.91,42.02,51.69,48.87,19.65,100,90.68,14
8211,20221008211,77.56,80.5,70.8,76.29,20.63,98,51.08,18
8212,20221008212,74.81,67.11,74.89,72.27,13.96,84,85.95,21
8213,20221008213,70.44,99.16,100,89.87,24.47,97,47.31,32
8214,20221008214,58.42,73.13,67.46,66.34,18.3,100,92.34,11
8215,20221008215,48.43,41.9,47.06,45.8,12.88,100,33.02,50
8216,20221008216,48.87,36.48,27.2,37.52,13.82,89,95.05,28
8217,20221008217,37.53,41.73,41.64,40.3,18.0,89,59.79,9
8218,20221008218,38.51,37.32,46.9,40.91,28.31,92,74.34,28
8219,20221008219,55.09,59.4,52.74,55.74,16.83,97,60.65,24
8220,20221008220,53.65,45.68,43.81,47.71,19.92,79,100,35
8221,20221008221,50.92,49.55,48.26,49.58,10.1,100,42.3,13
8222,20221008222,67.72,83.37,99.69,83.59,28.51,81,61.01,27
8223,20221008223,41.81,38.81,40.09,40.24,15.98,96,67.94,36
8224,20221008224,60.81,65.54,61.98,62.78,24.7,94,53.27,10
8225,20221008225,73.99,79.4,75.48,76.29,8.16,92,81.67,44
8226,20221008226,55.69,46.03,45.73,49.15,13.17,81,82.5,67
8227,20221008227,33.65,47.26,50.55,43.82,14.44,100,51.65,9
8228,20221008228,71.4,69.1,83.71,74.74,14.82,94,98.76,16
8229,20221008229,65.75,86.17,92.52,81.48,14.18,88,100,14
8230,20221008230,73.19,86.15,86.79,82.04,20.65,95,86.42,19
8231,20221008231,68.36,55.7,62.08,62.05,13.25,85,77.27,16
8232,20221008232,73.08,64.4,60.69,66.06,21.68,87,69.87,27
8233,20221008233,53.97,61.69,59.16,58.27,20.62,73,85.55,56
8234,20221008234,31.29,27.73,37.55,32.19,4.69,85,87.07,7
8235,20221008235,67.52,84.8,93.67,82.0,18.2,85,75.31,25
8236,20221008236,72.47,82.18,74.36,76.34,9.87,93,99.64,12
8237,20221008237,65.54,60.07,51.07,58.89,24.18,81,40.97,18
8238,20221008238,62.3,63.37,75.64,67.1,10.28,79,55.49,20
8239,20221008239,59.41,71.22,76.5,69.04,29.74,86,98.44,77
8240,20221008240,68.57,84.77,100,84.45,19.8,91,43.07,18
8241,20221008241,53.7,63.11,51.15,55.99,10.94,90,85.89,53
8242,20221008242,45.94,44.68,27.09,39.24,21.97,86,87.56,24
8243,20221008243,35.41,36.67,34.23,35.44,15.55,91,77.34,30
8244,20221008244,68.1,72.04,77.61,72.58,20.09,83,50.34,20
8245,20221008245,66.92,73.14,66.57,68.88,25.16,100,84.23,77
8246,20221008246,47.92,48.02,45.64,47.19,15.35,88,77.61,16
8247,20221008247,52.23,29.49,29.02,36.91,17.27,94,57.32,31
8248,20221008248,62.97,55.19,84.18,67.45,20.27,95,84.65,18
8249,20221008249,72.1,56.07,59.87,62.68,19.22,83,49.08,8
8250,20221008250,36.49,46.62,49.73,44.28,26.07,82,40.61,31
8251,20221008251,72.04,84.41,69.9,75.45,12.11,96,64.99,10
8252,20221008252,56.59,34.06,43.93,44.86,16.37,84,55.29,19
8253,20221008253,66.64,64.62,64.38,65.21,8.24,100,94.04,13
8254,20221008254,65.07,75.4,69.71,70.06,14.34,77,87.01,20
8255,20221008255,43.48,41.45,53.4,46.11,16.46,100,42.04,16
8256,20221008256,49.57,42.87,43.47,45.3,22.29,72,98.07,35
8257,20221008257,30.62,23.66,25.88,26.72,10.83,84,46.98,11
8258,20221008258,49.0,67.2,59.56,58.59,12.86,82,87.18,24
8259,20221008259,42.62,29.73,32.55,34.97,10.43,73,65.45,16
8260,20221008260,33.04,39.52,48.39,40.32,13.9,99,57.94,22
8261,20221008261,78.3,80.42,72.93,77.22,2,74,81.08,45
8262,20221008262,64.92,62.75,45.22,57.63,11.83,99,53.47,20
8263,20221008263,39.3,35.34,34.2,36.28,11.6,61,50.64,14
8264,20221008264,66.03,46.74,46.21,52.99,15.02,100,64.05,70
8265,20221008265,41.77,47.7,39.31,42.93,16.85,98,83.51,33
8266,20221008266,70.31,52.34,34.64,52.43,17.64,91,97.19,21
8267,20221008267,44.11,45.88,37.88,42.62,4.88,92,64.03,36
8268,20221008268,53.19,79.9,88.64,73.91,14.1,89,39.06,11
8269,20221008269,67.17,61.42,69.31,65.97,8.63,80,97.33,48
8270,20221008270,67.13,63.82,71.24,67.4,9.34,100,80.8,29
8271,20221008271,47.42,42.35,56.34,48.7,13.97,86,54.05,38
8272,20221008272,68.86,63.51,54.48,62.28,5.51,61,100,65
8273,20221008273,43.08,42.74,38.11,41.31,15.42,84,88.1,7
8274,20221008274,65.27,60.86,61.06,62.4,4.98,87,48.92,18
8275,20221008275,60.27,61.88,58.66,60.27,2,87,83.17,62
8276,20221008276,51.66,44.33,58.02,51.34,14.7,92,85.39,21
8277,20221008277,33.88,34.18,33.24,33.77,15.03,72,49.21,20
8278,20221008278,74.28,68.9,74.21,72.46,27.49,94,90.77,59
8279,20221008279,61.89,59.31,63.57,61.59,17.42,91,100,50
8280,20221008280,23.81,21.03,25.73,23.52,6.0,73,41.54,11
8281,20221008281,28.15,45.79,43.4,39.11,2,82,56.61,21
8282,20221008282,42.06,20.46,33.98,32.17,20.34,94,44.29,16
8283,20221008283,23.62,32.0,20,25.21,19.61,78,41.79,51
8284,20221008284,61.39,48.27,39.29,49.65,13.86,95,40.64,23
8285,20221008285,64.94,82.14,65.66,70.91,6.63,70,88.52,18
8286,20221008286,67.77,63.88,74.28,68.64,15.41,83,48.25,59
8287,20221008287,60.35,72.57,70.01,67.64,22.16,92,64.99,9
8288,20221008288,54.42,79.65,69.8,67.96,16.42,71,47.93,21
8289,20221008289,78.15,95.19,96.87,90.07,19.38,92,77.89,47
8290,20221008290,73.23,98.89,89.36,87.16,17.24,100,100,13
8291,20221008291,76.27,93.08,92.54,87.3,22.39,92,60.99,7
8292,20221008292,35.25,28.77,33.17,32.4,27.76,77,65.54,18
8293,20221008293,41.51,54.62,48.05,48.06,22.21,90,64.86,24
8294,20221008294,46.59,72.79,77.53,65.64,13.65,81,45.26,16
8295,20221008295,86.88,92.57,100,93.15,14.04,100,86.78,44
8296,20221008296,29.87,29.23,28.71,29.27,21.86,80,63.29,14
8297,20221008297,28.33,41.63,43.33,37.76,17.61,97,73.27,53
8298,20221008298,50.47,52.73,40.62,47.94,9.17,76,86.44,32
8299,20221008299,34.61,20,21.16,25.26,18.44,100,70.17,64
8300,20221008300,77.97,77.75,74.47,76.73,6.43,100,88.07,22
8301,20221008301,44.27,52.69,58.9,51.95,11.67,81,59.48,43
8302,20221008302,48.89,60.29,61.68,56.95,13.21,85,90.66,21
8303,20221008303,44.49,49.74,39.79,44.67,13.85,92,43.73,22
8304,20221008304,44.25,52.54,49.19,48.66,17.5,100,67.93,16
8305,20221008305,45.66,43.14,33.37,40.72,22.4,75,91.66,42
8306,20221008306,66.24,64.19,54.93,61.79,15.8,93,57.73,31
8307,20221008307,81.99,73.4,70.38,75.26,12.2,77,78.24,29
8308,20221008308,85.82,85.68,95.12,88.87,28.02,96,91.21,31
8309,20221008309,70.87,50.09,39.49,53.48,18.17,76,70.61,33
8310,20221008310,72.09,78.81,80.44,77.11,21.28,90,87.51,24
8311,20221008311,36.54,41.08,30.82,36.15,3.93,87,67.85,32
8312,20221008312,52.65,52.15,53.31,52.7,9.96,82,95.91,21
8313,20221008313,43.06,23.26,42.79,36.37,22.32,88,67.04,59
8314,20221008314,49.65,42.0,53.08,48.24,28.37,80,80.67,9
8315,20221008315,73.71,76.98,55.29,68.66,11.19,100,52.55,23
8316,20221008316,58.58,40.44,54.28,51.1,11.51,83,37.57,60
8317,20221008317,44.48,41.63,54.71,46.94,11.89,85,89.14,52
8318,20221008318,74.39,78.32,90.02,80.91,20.97,100,59.53,13
8319,20221008319,39.81,51.66,39.52,43.66,15.78,100,62.43,18
8320,20221008320,68.04,42.45,48.02,52.84,26.01,76,81.49,30
8321,20221008321,54.82,72.72,57.75,61.76,19.64,57,30,15
8322,20221008322,63.26,69.23,87.71,73.4,10.6,78,74.49,14
8323,20221008323,70.38,75.32,72.48,72.73,21.6,91,94.34,34
8324,20221008324,80.7,80.07,89.81,83.53,19.53,100,95.84,28
8325,20221008325,57.24,38.49,49.78,48.5,15.03,77,54.75,21
8326,20221008326,54.5,60.91,74.5,63.3,18.46,70,88.86,19
8327,20221008327,44.27,47.11,34.39,41.92,11.42,95,46.37,18
8328,20221008328,80.25,62.49,55.75,66.16,29.21,100,97.57,31
8329,20221008329,66.01,63.1,53.62,60.91,18.59,78,58.43,28
8330,20221008330,32.01,38.79,48.25,39.68,16.61,80,95.83,80
8331,20221008331,47.5,57.07,64.16,56.24,26.07,79,58.27,43
8332,20221008332,63.22,52.06,55.87,57.05,20.36,87,63.87,22
8333,20221008333,63.91,78.15,62.19,68.08,12.32,91,74.04,17
8334,20221008334,32.44,38.22,47.4,39.35,16.04,91,98.97,11
8335,20221008335,35.61,46.18,63.13,48.31,19.26,93,85.9,17
8336,20221008336,53.75,61.11,61.9,58.92,2,81,54.91,34
8337,20221008337,75.87,85.39,72.39,77.88,23.97,87,56.7,30
8338,20221008338,45.92,46.32,44.18,45.47,18.12,96,82.05,37
8339,20221008339,44.49,58.64,65.33,56.15,13.75,98,65.25,29
8340,20221008340,51.07,48.2,49.97,49.75,19.47,90,50.43,24
8341,20221008341,41.46,51.05,47.35,46.62,14.68,95,91.47,33
8342,20221008342,62.61,45.31,39.6,49.17,15.93,88,82.36,21
8343,20221008343,71.47,78.46,83.47,77.8,22.44,74,42.81,41
8344,20221008344,57.99,81.74,90.37,76.7,29.66,86,100,22
8345,20221008345,67.01,70.38,73.05,70.15,11.53,98,35.45,41
8346,20221008346,60.81,56.98,79.08,65.62,11.67,83,80.72,8
8347,20221008347,43.33,29.95,39.33,37.54,16.19,93,52.84,16
8348,20221008348,35.83,47.54,48.98,44.12,20.55,89,44.58,38
8349,20221008349,59.0,82.55,66.77,69.44,23.29,73,43.49,20
8350,20221008350,62.41,88.8,85.1,78.77,25.49,88,56.39,34
8351,20221008351,45.03,33.31,43.77,40.7,11.24,90,44.05,13
8352,20221008352,56.07,44.35,39.6,46.67,14.3,94,78.79,17
8353,20221008353,32.36,31.3,42.6,35.42,17.87,97,85.2,15
8354,20221008354,72.14,56.46,79.7,69.43,14.84,78,65.04,15
8355,20221008355,49.53,67.24,67.52,61.43,19.46,95,53.88,11
8356,20221008356,72.18,61.74,52.82,62.25,13.4,94,51.42,61
8357,20221008357,31.77,21.51,31.33,28.2,13.97,68,80.17,11
8358,20221008358,31.0,40.03,37.65,36.23,20.94,99,56.87,20
8359,20221008359,50.67,63.52,50.99,55.06,12.66,93,90.88,15
8360,20221008360,24.84,32.47,48.27,35.19,25.03,82,42.63,12
8361,20221008361,53.93,41.96,52.41,49.43,18.56,87,99.79,11
8362,20221008362,32.76,28.08,29.07,29.97,14.41,100,78.56,19
8363,20221008363,53.64,43.75,48.88,48.76,14.68,76,67.12,46
8364,20221008364,54.9,54.56,55.24,54.9,15.06,79,47.23,32
8365,20221008365,77.89,89.78,75.66,81.11,16.93,79,88.62,73
8366,20221008366,48.5,51.0,35.2,44.9,25.1,97,71.03,25
8367,20221008367,61.05,68.82,94.06,74.64,25.55,91,88.82,13
8368,20221008368,68.46,61.46,47.17,59.03,15.06,90,75.99,41
8369,20221008369,37.41,20,31.29,29.57,13.65,97,76.78,14
8370,20221008370,68.46,47.79,43.58,53.28,25.91,83,51.09,31
8371,20221008371,26.09,20,26.83,24.31,23.42,100,74.9,42
8372,20221008372,71.87,73.03,74.28,73.06,18.5,96,63.01,30
8373,20221008373,25.79,40.6,54.25,40.21,20.58,91,57.2,10
8374,20221008374,60.26,56.24,39.92,52.14,20.78,84,77.77,35
8375,20221008375,46.74,46.79,54.76,49.43,22.45,84,51.51,18
8376,20221008376,69.84,56.96,53.04,59.95,9.87,95,47.59,19
8377,20221008377,51.31,55.37,56.33,54.34,18.14,100,36.31,19
8378,20221008378,49.17,50.95,53.09,51.07,11.45,90,58.15,24
8379,20221008379,69.93,60.06,50.35,60.11,16.43,88,46.19,21
8380,20221008380,44.5,32.14,42.12,39.59,15.92,89,75.71,55
8381,20221008381,38.94,31.51,29.49,33.31,18.97,68,60.37,25
8382,20221008382,56.08,53.91,31.29,47.09,2,77,100,40
8383,20221008383,50.53,31.95,31.32,37.93,23.95,84,89.8,9
8384,20221008384,33.63,37.59,28.69,33.3,14.44,100,85.28,24
8385,20221008385,65.41,80.04,93.47,79.64,9.82,100,54.65,15
8386,20221008386,71.69,65.15,67.15,68.0,14.06,81,52.33,16
8387,20221008387,50.06,48.64,49.81,49.5,19.34,86,51.55,16
8388,20221008388,51.65,46.88,47.42,48.65,28.65,97,39.19,23
8389,20221008389,77.7,86.81,63.8,76.1,22.87,100,67.67,57
8390,20221008390,32.3,39.24,35.28,35.61,17.97,80,55.42,15
8391,20221008391,65.08,58.12,46.8,56.67,31.61,92,52.37,78
8392,20221008392,45.33,49.32,58.38,51.01,14.79,81,56.29,22
8393,20221008393,81.49,62.36,75.05,72.97,24.44,100,58.42,32
8394,20221008394,62.36,69.26,64.02,65.21,6.1,100,43.89,10
8395,20221008395,77.87,74.65,74.0,75.51,21.36,65,88.87,68
8396,20221008396,52.58,46.84,53.85,51.09,20.46,94,51.29,16
8397,20221008397,60.99,55.4,45.53,53.97,22.75,97,93.88,53
8398,20221008398,42.1,48.32,48.52,46.31,24.06,92,94.53,43
8399,20221008399,37.33,45.72,53.06,45.37,19.09,100,43.18,47
8400,20221008400,69.99,64.12,63.45,65.85,17.84,87,99.65,45
8401,20221008401,54.99,30.47,31.26,38.91,11.87,81,62.75,30
8402,20221008402,71.54,99.24,100,90.26,25.21,97,72.97,7
8403,20221008403,34.71,41.83,40.19,38.91,16.93,93,66.48,68
8404,20221008404,63.37,51.87,42.0,52.41,12.62,85,51.6,22
8405,20221008405,72.44,60.81,54.4,62.55,7.29,72,86.92,11
8406,20221008406,42.45,46.26,59.08,49.26,15.93,91,47.41,7
8407,20221008407,41.8,45.76,37.32,41.63,6.93,89,58.56,25
8408,20221008408,42.36,61.19,57.62,53.72,8.3,89,74.71,45
8409,20221008409,72.28,64.98,57.88,65.05,19.25,78,36.51,20
8410,20221008410,75.3,72.57,77.19,75.02,13.97,100,59.74,25
8411,20221008411,66.37,61.09,55.3,60.92,21.22,83,37.89,113
8412,20221008412,38.3,43.52,49.88,43.9,13.31,77,50.23,22
8413,20221008413,40.94,45.55,40.62,42.37,19.51,97,81.55,13
8414,20221008414,71.42,81.01,70.96,74.46,11.5,92,94.18,11
8415,20221008415,40.85,48.54,35.19,41.53,16.81,98,100,45
8416,20221008416,62.15,64.66,62.09,62.97,22.27,86,94.09,14
8417,20221008417,64.76,71.25,66.15,67.39,17.64,92,63.68,30
8418,20221008418,62.14,53.13,42.77,52.68,28.98,100,81.96,16
8419,20221008419,59.85,57.23,66.73,61.27,7.68,79,81.48,29
8420,20221008420,78.76,69.17,69.4,72.44,18.58,88,61.56,17
8421,20221008421,56.12,72.14,62.3,63.52,13.54,97,68.29,16
8422,20221008422,58.22,57.66,33.45,49.78,14.78,78,36.99,14
8423,20221008423,65.38,55.53,49.73,56.88,18.51,100,98.02,7
8424,20221008424,72.59,77.2,83.07,77.62,13.07,100,81.92,31
8425,20221008425,66.0,73.21,87.96,75.72,17.0,100,71.61,20
8426,20221008426,45.84,38.32,31.85,38.67,10.76,87,92.39,43
8427,20221008427,38.31,37.82,20,32.04,10.89,100,41.39,53
8428,20221008428,30.71,20,20,23.57,16.77,93,63.93,33
8429,20221008429,53.69,55.85,58.31,55.95,18.38,99,66.48,15
8430,20221008430,33.3,35.95,39.72,36.32,10.04,76,42.01,26
8431,20221008431,80.07,94.03,79.48,84.53,15.19,100,78.12,20
8432,20221008432,73.47,86.79,80.62,80.29,23.56,82,68.92,30
8433,20221008433,33.64,44.61,58.25,45.5,20.67,98,74.94,44
8434,20221008434,58.45,52.81,46.57,52.61,21.03,80,76.64,19
8435,20221008435,59.33,64.89,51.8,58.67,20.37,88,92.43,104
8436,20221008436,35.3,34.55,46.37,38.74,15.46,92,65.89,24
8437,20221008437,47.08,49.91,50.61,49.2,18.24,73,70.81,23
8438,20221008438,61.06,68.61,64.96,64.88,20.33,82,41.77,36
8439,20221008439,42.52,49.82,58.97,50.44,10.97,88,86.32,24
8440,20221008440,50.88,36.01,20,35.63,9.95,100,41.73,21
8441,20221008441,45.66,37.76,53.32,45.58,13.71,88,72.49,23
8442,20221008442,79.61,79.11,70.75,76.49,28.5,80,96.78,16
8443,20221008443,78.92,66.16,54.9,66.66,9.44,90,54.74,30
8444,20221008444,47.39,66.37,75.68,63.15,14.16,98,83.64,56
8445,20221008445,56.46,46.43,44.45,49.11,18.26,76,69.68,17
8446,20221008446,33.07,42.28,42.01,39.12,10.21,89,53.33,11
8447,20221008447,58.31,55.81,73.69,62.6,22.91,94,100,36
8448,20221008448,28.82,31.29,31.03,30.38,23.14,94,43.02,24
8449,20221008449,46.91,40.55,48.55,45.34,15.51,100,51.08,20
8450,20221008450,60.42,51.09,40.53,50.68,20.33,91,76.07,15
8451,20221008451,40.56,35.15,33.74,36.48,30.12,99,41.97,26
8452,20221008452,53.33,52.45,47.12,50.97,12.75,88,68.28,22
8453,20221008453,37.27,50.09,77.75,55.04,22.52,98,92.17,11
8454,20221008454,36.72,40.93,55.0,44.22,19.62,76,91.03,29
8455,20221008455,39.29,42.53,34.78,38.87,13.32,93,90.28,39
8456,20221008456,68.71,60.2,51.62,60.18,21.03,87,60.45,96
8457,20221008457,34.61,30.57,38.27,34.48,28.37,87,66.61,12
8458,20221008458,58.38,51.1,47.26,52.25,18.23,100,76.43,17
8459,20221008459,46.11,56.89,50.13,51.04,13.28,92,90.54,38
8460,20221008460,85.51,75.15,98.73,86.46,12.57,96,93.4,6
8461,20221008461,73.31,69.55,68.07,70.31,11.14,73,81.89,24
8462,20221008462,51.46,58.05,77.38,62.3,23.89,90,58.76,19
8463,20221008463,42.94,42.82,46.23,44.0,16.03,94,64.19,25
8464,20221008464,46.24,61.22,61.67,56.38,10.36,100,49.3,44
8465,20221008465,50.66,53.7,60.1,54.82,21.21,92,62.13,16
8466,20221008466,25.57,20,22.99,22.85,13.25,67,47.11,11
8467,20221008467,24.24,20,20,21.41,20.42,92,61.23,59
8468,20221008468,59.64,59.03,58.78,59.15,21.39,81,69.04,13
8469,20221008469,74.08,65.88,90.65,76.87,18.65,85,77.3,35
8470,20221008470,47.84,40.47,44.58,44.3,13.19,81,55.6,27
8471,20221008471,72.02,71.25,59.83,67.7,3.99,89,68.09,74
8472,20221008472,45.51,51.87,52.64,50.01,10.1,86,68.88,38
8473,20221008473,34.54,28.64,20,27.73,13.1,77,96.65,35
8474,20221008474,76.45,80.45,100,85.63,16.64,96,94.22,39
8475,20221008475,44.97,53.37,56.3,51.55,9.52,79,52.16,17
8476,20221008476,75.28,78.06,65.79,73.04,25.43,88,94.3,14
8477,20221008477,65.26,46.37,31.95,47.86,10.54,94,78.16,25
8478,20221008478,50.18,48.24,44.5,47.64,20.21,93,59.85,43
8479,20221008479,62.76,72.52,62.18,65.82,20.32,82,66.42,29
8480,20221008480,61.92,59.63,44.51,55.35,16.76,100,62.2,14
8481,20221008481,42.96,42.83,39.97,41.92,20.24,94,55.4,6
8482,20221008482,39.51,20,32.29,30.6,25.43,98,67.24,38
8483,20221008483,47.97,43.73,40.65,44.12,15.42,84,62.63,45
8484,20221008484,48.43,33.75,43.64,41.94,15.27,98,83.14,19
8485,20221008485,50.89,53.9,49.27,51.35,7.75,84,72.7,31
8486,20221008486,75.59,70.03,63.87,69.83,20.2,98,100,14
8487,20221008487,67.12,53.4,54.69,58.4,12.8,93,74.97,27
8488,20221008488,53.29,40.5,35.33,43.04,9.66,83,91.45,20
8489,20221008489,60.43,61.51,71.19,64.38,7.77,100,68.41,30
8490,20221008490,53.8,51.5,37.44,47.58,11.47,79,80.98,22
8491,20221008491,39.92,40.23,44.16,41.44,19.41,73,76.63,25
8492,20221008492,20.69,37.44,35.15,31.09,16.28,100,43.58,49
8493,20221008493,69.82,69.55,90.04,76.47,16.92,100,100,50
8494,20221008494,40.58,34.37,44.93,39.96,36.56,97,85.52,20
8495,20221008495,31.27,38.43,39.14,36.28,21.67,89,55.76,14
8496,20221008496,39.4,55.09,61.54,52.01,15.32,56,99.57,17
8497,20221008497,58.47,53.04,68.85,60.12,8.8,76,64.67,20
8498,20221008498,70.37,70.74,73.41,71.51,14.06,88,56.02,18
8499,20221008499,50.65,34.75,26.51,37.3,27.4,84,63.82,25
8500,20221008500,45.11,33.87,32.22,37.07,8.38,81,66.12,14
8501,20221008501,72.42,64.51,68.2,68.38,21.01,85,41.53,18
8502,20221008502,39.02,49.69,68.83,52.51,19.0,81,54.41,10
8503,20221008503,75.59,75.24,68.13,72.99,14.28,96,63.17,20
8504,20221008504,59.69,43.1,52.29,51.69,26.03,95,93.59,35
8505,20221008505,40.85,43.75,43.3,42.63,3.42,78,92.71,18
8506,20221008506,34.28,40.87,39.86,38.34,10.96,90,78.87,10
8507,20221008507,55.08,57.46,50.16,54.23,16.75,94,100,19
8508,20221008508,57.5,74.4,71.27,67.72,24.73,83,85.52,108
8509,20221008509,71.78,51.32,55.77,59.62,22.58,98,81.6,64
8510,20221008510,35.17,25.1,20,26.76,17.31,91,63.59,47
8511,20221008511,61.76,68.52,79.94,70.07,21.01,100,52.56,14
8512,20221008512,40.45,37.34,25.91,34.57,22.6,100,60.71,29
8513,20221008513,64.27,78.92,70.77,71.32,19.23,92,77.19,20
8514,20221008514,50.0,58.42,67.17,58.53,8.99,69,36.28,19
8515,20221008515,39.97,40.26,49.65,43.29,8.43,87,79.24,21
8516,20221008516,65.67,82.25,77.61,75.18,20.25,96,65.73,19
8517,20221008517,51.08,75.3,52.29,59.56,29.91,86,95.43,46
8518,20221008518,50.59,44.31,47.67,47.52,2,82,67.11,39
8519,20221008519,45.49,68.45,86.41,66.78,10.26,98,77.13,19
8520,20221008520,66.73,68.93,92.27,75.98,15.88,96,70.19,21
8521,20221008521,65.95,75.64,71.56,71.05,15.04,92,40.36,23
8522,20221008522,83.35,63.04,56.74,67.71,14.4,74,98.29,14
8523,20221008523,42.1,41.65,41.3,41.68,13.63,91,53.54,21
8524,20221008524,40.69,30.85,31.74,34.43,13.62,100,68.68,14
8525,20221008525,68.06,59.04,59.09,62.06,13.87,100,76.49,39
8526,20221008526,36.7,42.34,40.22,39.75,21.63,90,86.45,14
8527,20221008527,42.49,48.05,55.54,48.69,9.57,97,46.99,5
8528,20221008528,82.33,100,100,94.11,17.39,91,63.83,44
8529,20221008529,63.6,55.19,47.41,55.4,14.6,94,68.68,17
8530,20221008530,40.25,45.78,44.16,43.4,12.99,88,62.42,33
8531,20221008531,49.2,39.09,28.52,38.94,20.33,100,63.52,56
8532,20221008532,31.84,50.84,54.6,45.76,14.03,83,61.06,40
8533,20221008533,61.33,48.89,56.14,55.45,15.77,93,43.13,25
8534,20221008534,30.06,29.62,20,26.56,18.09,82,65.46,27
8535,20221008535,73.16,76.31,81.42,76.96,25.99,98,77.45,28
8536,20221008536,33.88,34.23,45.81,37.97,16.35,88,79.59,26
8537,20221008537,71.19,77.48,91.82,80.16,12.6,100,100,18
8538,20221008538,71.87,74.26,68.81,71.65,3.15,81,88.96,29
8539,20221008539,38.82,45.79,51.49,45.37,2,95,96.95,17
8540,20221008540,35.65,47.72,48.22,43.86,16.85,85,36.89,30
8541,20221008541,58.19,46.2,45.88,50.09,8.15,83,45.87,27
8542,20221008542,52.43,69.11,74.9,65.48,14.24,98,73.88,17
8543,20221008543,56.06,64.84,87.57,69.49,13.0,95,74.09,48
8544,20221008544,29.67,20,21.24,23.64,24.92,94,57.12,14
8545,20221008545,35.9,26.13,30.51,30.85,19.37,88,57.85,27
8546,20221008546,25.44,20,20,21.81,14.95,86,91.11,61
8547,20221008547,29.03,36.13,37.28,34.15,15.5,95,52.3,58
8548,20221008548,61.09,58.72,55.11,58.31,19.57,86,66.38,18
8549,20221008549,35.96,32.49,26.93,31.79,20.51,97,85.62,14
8550,20221008550,59.23,49.32,45.13,51.23,18.7,90,68.12,4
8551,20221008551,50.5,66.45,78.81,65.25,16.81,82,57.65,32
8552,20221008552,34.34,44.55,52.97,43.95,21.81,100,92.47,10
8553,20221008553,68.26,57.27,54.53,60.02,23.74,74,85.57,35
8554,20221008554,28.31,20,24.63,24.31,25.69,84,37.87,11
8555,20221008555,45.66,43.45,40.51,43.21,7.22,82,98.28,46
8556,20221008556,57.36,50.67,49.84,52.62,2.66,100,81.72,12
8557,20221008557,38.81,50.99,40.18,43.33,14.28,87,92.72,26
8558,20221008558,64.0,44.7,55.64,54.78,17.23,73,66.88,17
8559,20221008559,74.29,61.85,36.06,57.4,5.61,92,75.01,54
8560,20221008560,47.5,61.38,68.03,58.97,24.47,84,72.42,29
8561,20221008561,48.73,58.49,81.93,63.05,19.98,100,75.34,59
8562,20221008562,63.11,60.48,61.97,61.85,15.93,88,100,27
8563,20221008563,76.86,92.41,89.87,86.38,20.35,96,45.82,31
8564,20221008564,64.02,61.07,73.17,66.09,12.04,88,77.14,15
8565,20221008565,39.99,39.14,40.15,39.76,7.45,86,57.66,18
8566,20221008566,27.37,20.42,20,22.6,16.22,88,96.72,8
8567,20221008567,63.97,53.94,63.47,60.46,7.05,86,51.51,9
8568,20221008568,56.71,54.55,50.94,54.07,20.11,69,54.97,18
8569,20221008569,39.23,25.35,28.56,31.05,17.11,96,52.34,20
8570,20221008570,42.15,66.76,56.16,55.02,13.47,85,55.54,52
8571,20221008571,46.72,40.7,42.8,43.41,21.78,81,72.66,15
8572,20221008572,29.28,21.92,20,23.73,12.63,89,49.14,35
8573,20221008573,56.41,41.05,33.46,43.64,19.38,72,41.55,10
8574,20221008574,76.23,64.48,89.03,76.58,14.77,80,58.8,38
8575,20221008575,64.03,71.75,69.96,68.58,15.68,97,80.55,23
8576,20221008576,33.02,24.41,20,25.81,6.73,74,75.41,43
8577,20221008577,46.26,51.24,50.34,49.28,16.24,84,45.1,46
8578,20221008578,37.75,32.76,24.23,31.58,12.8,85,58.77,47
8579,20221008579,46.76,47.45,36.08,43.43,29.56,99,87.04,20
8580,20221008580,76.73,81.71,80.85,79.76,16.44,85,93.34,16
8581,20221008581,64.65,61.83,72.58,66.35,14.41,90,45.46,18
8582,20221008582,55.63,55.97,64.62,58.74,17.58,90,44.38,15
8583,20221008583,43.95,49.5,43.19,45.55,22.12,92,64.05,23
8584,20221008584,32.79,34.71,41.14,36.21,11.24,91,50.12,20
8585,20221008585,46.0,45.15,35.62,42.26,7.22,99,94.47,44
8586,20221008586,34.68,35.75,57.11,42.51,23.39,81,40.11,20
8587,20221008587,33.81,34.61,30.99,33.14,23.88,91,39.29,56
8588,20221008588,66.69,71.38,38.37,58.81,19.73,79,97.46,29
8589,20221008589,27.55,20,20,22.52,13.36,98,45.42,19
8590,20221008590,67.27,53.33,46.57,55.72,21.32,90,92.84,37
8591,20221008591,79.47,75.93,83.56,79.65,13.6,91,97.74,27
8592,20221008592,68.21,64.33,70.57,67.7,5.74,91,60.69,8
8593,20221008593,59.53,74.41,72.48,68.81,18.47,86,55.35,67
8594,20221008594,32.31,51.39,49.93,44.54,15.69,74,50.28,13
8595,20221008595,57.78,85.73,90.21,77.91,7.52,99,52.19,22
8596,20221008596,44.07,49.52,42.92,45.5,3.25,100,62.31,36
8597,20221008597,50.9,59.59,62.82,57.77,16.49,100,99.32,14
8598,20221008598,39.94,33.45,31.51,34.97,23.23,100,52.57,11
8599,20221008599,57.69,53.05,42.36,51.03,19.62,93,44.46,13
8600,20221008600,46.61,42.06,45.04,44.57,14.44,100,72.62,21
8601,20221008601,61.91,66.31,79.86,69.36,24.29,82,51.92,42
8602,20221008602,50.96,43.45,27.54,40.65,21.85,95,62.38,18
8603,20221008603,74.19,75.42,80.64,76.75,14.09,84,48.94,24
8604,20221008604,57.96,52.6,50.46,53.67,13.66,81,60.13,36
8605,20221008605,53.01,42.23,47.83,47.69,12.09,100,85.69,37
8606,20221008606,35.21,41.39,32.18,36.26,17.42,78,45.86,33
8607,20221008607,52.88,48.76,39.72,47.12,20.67,84,83.76,40
8608,20221008608,44.82,58.35,60.12,54.43,13.54,93,80.92,33
8609,20221008609,49.48,47.11,43.47,46.69,8.92,95,90.71,21
8610,20221008610,48.5,67.89,49.92,55.44,16.3,93,61.14,20
8611,20221008611,72.73,68.11,71.12,70.65,18.52,100,81.08,24
8612,20221008612,81.88,77.74,77.08,78.9,14.65,89,86.31,43
8613,20221008613,66.23,66.51,65.96,66.23,18.53,92,94.5,31
8614,20221008614,71.56,68.03,50.2,63.26,15.73,90,61.96,33
8615,20221008615,38.58,42.88,24.94,35.47,15.95,81,36.02,17
8616,20221008616,60.98,71.28,70.49,67.58,21.52,87,64.0,46
8617,20221008617,34.94,54.22,58.43,49.2,13.46,86,53.04,12
8618,20221008618,61.79,38.49,47.07,49.12,9.7,84,77.23,15
8619,20221008619,49.11,54.99,49.55,51.22,16.38,87,96.0,78
8620,20221008620,38.41,20,26.38,28.26,12.67,96,85.61,15
8621,20221008621,29.47,43.88,33.64,35.66,19.61,93,52.26,8
8622,20221008622,67.12,76.62,72.99,72.24,28.7,100,98.55,38
8623,20221008623,58.42,45.6,47.07,50.36,19.23,73,61.94,22
8624,20221008624,26.54,25.34,20.5,24.13,24.71,86,49.6,28
8625,20221008625,64.04,52.62,44.73,53.8,17.75,81,36.11,49
8626,20221008626,47.59,59.41,58.52,55.17,7.03,86,72.51,21
8627,20221008627,32.97,68.73,74.23,58.64,13.49,80,44.52,13
8628,20221008628,65.0,58.07,58.63,60.57,11.48,66,82.66,15
8629,20221008629,80.89,86.2,85.08,84.06,11.2,92,70.62,33
8630,20221008630,58.64,46.8,54.01,53.15,20.01,100,61.94,42
8631,20221008631,64.1,73.52,83.34,73.65,14.05,97,92.66,19
8632,20221008632,45.79,39.14,20,34.98,18.76,90,66.47,50
8633,20221008633,61.2,72.45,66.8,66.82,8.95,100,84.02,10
8634,20221008634,55.6,79.11,79.08,71.26,15.72,88,93.06,17
8635,20221008635,44.36,27.61,20,30.66,19.96,100,63.34,38
8636,20221008636,57.07,71.56,55.1,61.24,10.96,86,100,49
8637,20221008637,72.63,93.48,100,88.7,14.59,77,86.92,14
8638,20221008638,71.84,60.38,41.71,57.98,15.72,77,52.27,65
8639,20221008639,32.04,21.54,30.65,28.08,20.05,100,38.87,22
8640,20221008640,46.74,20,24.82,30.52,19.51,100,75.88,19
8641,20221008641,37.34,37.55,45.73,40.21,17.03,67,74.96,17
8642,20221008642,45.99,53.02,44.49,47.83,8.97,90,100,19
8643,20221008643,47.06,36.3,23.5,35.62,9.38,73,81.37,16
8644,20221008644,38.17,41.88,51.85,43.97,6.17,100,55.83,13
8645,20221008645,49.45,51.17,50.95,50.52,17.54,82,100,138
8646,20221008646,48.15,43.11,38.29,43.18,26.81,81,43.17,10
8647,20221008647,64.39,73.73,84.93,74.35,16.28,90,59.89,15
8648,20221008648,50.18,54.62,62.15,55.65,16.45,91,78.05,27
8649,20221008649,78.7,70.32,65.65,71.56,17.86,92,80.19,27
8650,20221008650,45.68,72.61,76.1,64.8,14.22,76,100,57
8651,20221008651,37.56,26.1,20,27.89,11.72,89,89.47,23
8652,20221008652,35.54,36.79,36.7,36.34,2,76,100,23
8653,20221008653,39.22,37.24,35.72,37.39,14.75,81,93.0,38
8654,20221008654,40.75,66.18,56.93,54.62,22.08,86,85.96,29
8655,20221008655,47.59,38.87,32.36,39.61,4.85,71,47.46,25
8656,20221008656,50.12,49.05,37.92,45.7,8.73,87,62.18,49
8657,20221008657,54.92,55.33,64.59,58.28,13.71,73,68.11,18
8658,20221008658,27.92,50.53,35.58,38.01,11.24,91,88.07,15
8659,20221008659,68.77,97.68,83.2,83.22,19.11,82,82.54,30
8660,20221008660,45.96,54.94,61.8,54.23,14.76,85,63.04,10
8661,20221008661,72.47,69.36,86.46,76.1,16.33,80,55.89,89
8662,20221008662,43.26,36.53,33.02,37.6,14.1,95,98.04,37
8663,20221008663,76.06,78.42,77.22,77.23,14.06,74,70.69,31
8664,20221008664,46.87,53.13,49.06,49.69,17.43,77,56.15,20
8665,20221008665,57.32,62.04,51.65,57.0,14.56,69,73.43,13
8666,20221008666,59.35,57.19,48.24,54.93,20.99,83,57.74,18
8667,20221008667,72.73,81.62,93.73,82.69,2,93,52.69,12
8668,20221008668,63.34,62.1,62.91,62.78,19.56,85,56.43,24
8669,20221008669,43.01,54.93,57.76,51.9,8.14,78,63.85,24
8670,20221008670,35.29,34.62,32.7,34.2,11.67,78,95.97,22
8671,20221008671,66.86,79.35,73.73,73.31,29.59,90,85.0,20
8672,20221008672,51.39,52.51,59.06,54.32,21.3,87,86.07,16
8673,20221008673,51.17,47.38,49.99,49.51,21.29,88,62.28,22
8674,20221008674,24.32,41.65,42.37,36.11,30.26,83,30.94,47
8675,20221008675,30.18,20,20.87,23.68,5.99,95,47.5,18
8676,20221008676,61.96,63.78,59.54,61.76,15.69,95,82.2,16
8677,20221008677,52.98,45.52,47.79,48.76,12.66,94,55.49,30
8678,20221008678,65.04,46.77,48.13,53.31,15.92,87,80.82,36
8679,20221008679,53.63,46.91,56.74,52.43,10.77,77,56.6,41
8680,20221008680,76.04,63.55,61.16,66.92,16.45,74,78.92,12
8681,20221008681,30.91,20,20,23.64,19.07,89,68.66,28
8682,20221008682,34.66,21.56,20,25.41,21.23,89,60.76,21
8683,20221008683,56.9,58.18,52.16,55.75,9.01,92,61.62,55
8684,20221008684,65.74,62.32,71.06,66.37,12.98,87,94.88,30
8685,20221008685,33.83,33.63,32.23,33.23,4.24,97,73.98,45
8686,20221008686,23.81,27.12,32.65,27.86,17.04,79,51.78,18
8687,20221008687,63.38,64.67,60.49,62.85,21.33,96,63.99,36
8688,20221008688,68.83,62.49,50.93,60.75,7.57,81,57.76,32
8689,20221008689,36.38,45.53,41.11,41.01,10.83,82,61.17,21
8690,20221008690,65.27,71.46,77.0,71.24,18.8,92,67.51,44
8691,20221008691,76.25,76.25,82.21,78.24,22.81,76,72.11,21
8692,20221008692,38.44,39.35,36.62,38.14,20.24,82,80.24,43
8693,20221008693,52.57,75.44,86.37,71.46,18.29,100,96.31,29
8694,20221008694,32.72,27.05,20,26.59,9.77,84,49.83,11
8695,20221008695,45.03,46.79,56.38,49.4,11.05,85,76.53,24
8696,20221008696,45.99,45.43,51.16,47.53,16.94,74,75.14,30
8697,20221008697,81.66,80.29,76.46,79.47,11.43,94,62.92,13
8698,20221008698,68.51,48.52,53.36,56.8,7.13,98,52.93,23
8699,20221008699,69.03,92.18,95.03,85.41,17.56,87,100,19
8700,20221008700,39.82,41.13,40.57,40.51,13.36,100,100,58
8701,20221008701,29.49,48.91,21.97,33.46,12.29,85,68.18,12
8702,20221008702,45.57,34.03,25.81,35.14,15.34,77,99.95,21
8703,20221008703,67.44,72.83,91.1,77.12,11.86,89,40.16,9
8704,20221008704,60.22,79.54,77.31,72.36,6.36,81,83.69,42
8705,20221008705,62.62,29.93,26.51,39.69,14.05,88,89.42,40
8706,20221008706,75.55,72.6,71.49,73.21,17.78,94,92.53,69
8707,20221008707,76.64,85.95,85.23,82.61,26.08,80,86.91,44
8708,20221008708,56.62,47.13,49.27,51.01,23.33,88,47.54,12
8709,20221008709,26.48,20,20,22.16,18.74,100,61.56,28
8710,20221008710,65.0,47.93,35.58,49.5,12.01,77,76.76,14
8711,20221008711,71.23,69.25,62.37,67.62,18.14,86,58.88,55
8712,20221008712,20.37,20,20,20.12,16.82,92,72.34,12
8713,20221008713,25.16,20,20,21.72,5.46,85,40.61,20
8714,20221008714,33.7,47.18,41.28,40.72,22.17,88,84.34,39
8715,20221008715,63.75,67.94,57.18,62.96,7.33,98,48.09,27
8716,20221008716,62.6,56.48,46.75,55.28,16.05,86,89.25,20
8717,20221008717,23.1,25.94,29.91,26.32,19.63,80,45.77,39
8718,20221008718,65.86,74.35,51.39,63.87,28.14,73,57.36,12
8719,20221008719,82.05,80.16,95.81,86.01,21.52,86,70.97,22
8720,20221008720,46.37,46.42,34.22,42.34,15.62,91,45.13,21
8721,20221008721,37.65,52.6,50.15,46.8,11.53,97,92.0,14
8722,20221008722,61.49,50.51,37.92,49.97,15.48,85,48.66,34
8723,20221008723,29.67,25.7,20,25.12,24.35,89,58.77,38
8724,20221008724,66.05,74.96,60.03,67.01,15.17,94,41.25,47
8725,20221008725,57.05,40.04,31.83,42.97,17.83,90,94.63,16
8726,20221008726,59.33,49.4,49.78,52.84,7.28,84,73.9,29
8727,20221008727,39.32,20.46,20,26.59,12.94,86,35.04,26
8728,20221008728,66.69,53.26,49.31,56.42,16.43,92,93.12,18
8729,20221008729,70.96,67.42,39.19,59.19,15.02,89,64.69,23
8730,20221008730,68.68,59.27,42.81,56.92,19.68,100,75.92,25
8731,20221008731,62.8,59.58,71.76,64.71,23.93,98,41.87,22
8732,20221008732,33.8,47.21,40.7,40.57,19.52,90,53.74,17
8733,20221008733,51.99,52.06,79.53,61.19,25.6,65,88.88,15
8734,20221008734,35.03,42.0,36.55,37.86,11.45,84,71.18,10
8735,20221008735,29.49,20,23.5,24.33,15.12,79,100,15
8736,20221008736,70.38,67.01,55.41,64.27,16.66,94,48.84,31
8737,20221008737,87.52,85.79,85.59,86.3,9.06,93,70.13,26
8738,20221008738,37.03,38.26,57.71,44.33,18.35,86,79.04,21
8739,20221008739,64.14,75.76,54.77,64.89,11.63,89,64.27,33
8740,20221008740,39.13,37.85,25.64,34.21,19.62,100,89.48,44
8741,20221008741,69.16,74.88,84.24,76.09,17.78,71,81.28,7
8742,20221008742,58.63,58.67,76.82,64.71,19.47,99,57.62,16
8743,20221008743,47.6,49.39,50.15,49.05,7.04,63,79.29,23
8744,20221008744,80.62,77.13,84.03,80.59,13.09,98,69.29,13
8745,20221008745,38.94,38.49,49.07,42.17,22.12,81,76.44,18
8746,20221008746,85.67,80.38,86.96,84.34,27.48,88,70.17,17
8747,20221008747,74.7,74.74,67.35,72.26,23.1,86,84.8,27
8748,20221008748,78.63,73.89,70.7,74.41,26.47,98,87.64,52
8749,20221008749,51.25,52.23,46.26,49.91,17.88,100,92.9,25
8750,20221008750,56.01,74.93,66.55,65.83,14.96,69,82.23,37
8751,20221008751,20.87,20,35.41,25.43,17.39,80,83.96,16
8752,20221008752,49.08,51.84,54.4,51.77,18.37,99,84.62,37
8753,20221008753,40.87,49.93,38.85,43.22,22.22,99,45.84,18
8754,20221008754,66.14,69.19,55.21,63.51,14.87,91,95.57,15
8755,20221008755,43.88,58.81,52.13,51.61,23.59,96,91.94,9
8756,20221008756,35.66,42.34,62.91,46.97,16.91,98,90.02,20
8757,20221008757,34.37,50.39,59.66,48.14,12.41,81,46.54,55
8758,20221008758,22.35,26.72,28.52,25.86,11.54,58,41.68,18
8759,20221008759,46.61,49.66,47.12,47.8,16.61,88,62.43,14
8760,20221008760,37.9,41.39,54.66,44.65,19.26,68,76.16,49
8761,20221008761,38.46,49.13,42.96,43.52,17.25,90,41.94,9
8762,20221008762,58.27,55.37,65.05,59.56,8.53,91,62.04,138
8763,20221008763,34.45,20,25.49,26.65,19.0,86,70.39,35
8764,20221008764,29.96,39.58,37.78,35.77,7.8,80,67.22,20
8765,20221008765,33.37,53.21,55.42,47.33,16.32,89,46.03,7
8766,20221008766,67.3,63.26,75.95,68.84,11.93,92,51.24,55
8767,20221008767,41.0,49.94,57.11,49.35,15.21,96,49.1,27
8768,20221008768,41.74,24.14,32.98,32.95,19.59,91,99.46,19
8769,20221008769,44.51,33.99,40.1,39.53,25.09,85,43.04,32
8770,20221008770,33.89,50.34,54.8,46.34,17.28,98,49.19,16
8771,20221008771,66.1,65.1,69.86,67.02,10.61,77,43.94,41
8772,20221008772,58.19,64.65,76.32,66.39,20.85,93,92.61,56
8773,20221008773,37.09,45.22,25.54,35.95,16.39,96,46.03,6
8774,20221008774,48.63,79.03,63.94,63.87,14.07,75,45.38,46
8775,20221008775,32.72,27.63,31.52,30.62,19.37,71,49.71,15
8776,20221008776,42.46,38.92,42.96,41.45,18.26,94,62.07,23
8777,20221008777,49.48,56.4,44.36,50.08,30.86,100,88.17,14
8778,20221008778,46.39,30.09,22.0,32.83,15.13,99,99.7,67
8779,20221008779,44.09,25.15,20,29.75,27.1,94,52.78,18
8780,20221008780,68.97,86.83,84.75,80.18,11.17,88,58.09,77
8781,20221008781,56.77,43.26,46.34,48.79,13.44,84,77.95,19
8782,20221008782,71.91,90.81,86.01,82.91,19.94,94,71.65,9
8783,20221008783,63.76,47.33,44.58,51.89,14.68,93,93.63,16
8784,20221008784,42.51,37.15,46.32,41.99,21.78,85,55.05,18
8785,20221008785,68.73,55.34,43.55,55.87,11.18,92,72.5,19
8786,20221008786,36.75,30.35,54.92,40.67,13.43,95,93.74,23
8787,20221008787,68.71,38.72,41.42,49.62,18.64,77,37.47,20
8788,20221008788,49.33,44.49,39.43,44.42,16.91,79,52.91,23
8789,20221008789,70.52,62.73,53.0,62.08,11.72,100,90.44,49
8790,20221008790,74.52,61.36,35.18,57.02,8.74,87,59.01,94
8791,20221008791,44.54,52.06,53.98,50.19,15.86,85,58.17,29
8792,20221008792,59.22,61.21,58.79,59.74,2.99,93,85.44,30
8793,20221008793,72.77,48.63,47.08,56.16,16.01,84,82.96,19
8794,20221008794,28.5,20,36.19,28.23,8.92,87,52.47,24
8795,20221008795,54.98,43.73,48.23,48.98,16.78,97,77.93,11
8796,20221008796,70.21,55.59,51.44,59.08,15.68,85,92.62,23
8797,20221008797,32.74,29.99,28.76,30.5,12.27,76,86.48,5
8798,20221008798,41.93,34.89,46.0,40.94,18.96,89,65.72,32
8799,20221008799,47.91,53.65,49.62,50.39,15.55,89,65.68,45
8800,20221008800,39.84,53.04,70.44,54.44,15.92,84,59.81,20
8801,20221008801,65.86,62.44,60.65,62.98,14.02,97,66.76,14
8802,20221008802,29.5,44.06,22.7,32.09,14.96,78,98.08,20
8803,20221008803,60.74,70.01,73.27,68.01,17.22,82,42.92,39
8804,20221008804,56.4,66.18,68.5,63.69,17.05,78,92.32,17
8805,20221008805,76.24,65.97,54.03,65.41,12.82,92,53.18,45
8806,20221008806,34.42,37.96,31.71,34.7,8.4,86,51.22,17
8807,20221008807,41.9,45.6,36.15,41.22,15.46,85,59.29,20
8808,20221008808,44.61,58.55,73.47,58.88,18.37,88,84.03,10
8809,20221008809,36.12,39.45,45.04,40.2,18.03,93,72.44,34
8810,20221008810,30.81,20,20.17,23.66,24.97,95,45.73,23
8811,20221008811,83.21,94.51,86.23,87.98,8.07,84,100,46
8812,20221008812,49.57,46.1,51.53,49.07,13.65,98,80.23,20
8813,20221008813,48.39,56.82,58.78,54.66,11.82,84,91.25,39
8814,20221008814,44.62,36.64,27.31,36.19,8.72,88,76.2,59
8815,20221008815,34.26,37.74,42.01,38.0,14.11,89,94.46,7
8816,20221008816,41.31,42.45,33.95,39.24,18.24,91,50.53,25
8817,20221008817,50.43,45.77,59.31,51.84,2,86,63.44,26
8818,20221008818,65.72,73.23,74.2,71.05,12.34,88,79.74,5
8819,20221008819,42.69,26.93,33.62,34.41,16.24,82,88.82,67
8820,20221008820,32.41,30.91,43.79,35.7,12.87,81,57.69,19
8821,20221008821,74.94,63.45,56.46,64.95,16.98,84,58.02,85
8822,20221008822,57.64,73.9,49.18,60.24,22.72,97,72.28,9
8823,20221008823,37.51,37.35,20,31.62,7.18,94,73.83,90
8824,20221008824,61.45,59.12,68.38,62.98,14.95,79,89.91,19
8825,20221008825,20,21.92,22.34,21.42,16.05,77,36.48,12
8826,20221008826,72.27,58.89,53.19,61.45,18.3,90,63.21,25
8827,20221008827,63.27,58.9,68.97,63.71,12.35,81,90.13,11
8828,20221008828,72.23,78.68,70.41,73.77,10.24,100,92.17,19
8829,20221008829,59.47,63.19,64.53,62.4,22.85,100,99.69,56
8830,20221008830,65.19,74.68,88.27,76.05,33.28,100,51.06,20
8831,20221008831,34.63,20,20,24.88,23.19,91,83.01,47
8832,20221008832,74.28,63.98,68.13,68.8,20.91,81,67.03,15
8833,20221008833,45.82,39.12,38.7,41.21,16.16,92,45.24,38
8834,20221008834,64.46,65.81,71.94,67.4,13.82,84,59.21,28
8835,20221008835,72.3,74.62,70.18,72.37,18.25,88,95.96,11
8836,20221008836,58.66,90.45,84.38,77.83,16.05,80,44.63,27
8837,20221008837,48.02,62.99,49.62,53.54,5.15,73,98.75,71
8838,20221008838,82.48,66.57,55.7,68.25,16.88,84,76.58,29
8839,20221008839,46.51,42.74,34.24,41.16,23.57,88,44.51,22
8840,20221008840,42.72,59.26,69.5,57.16,12.02,78,70.54,60
8841,20221008841,44.49,39.67,40.08,41.41,19.88,61,67.3,14
8842,20221008842,35.68,34.4,35.83,35.3,18.41,86,53.63,29
8843,20221008843,46.94,58.67,67.19,57.6,12.84,89,51.38,89
8844,20221008844,72.12,87.56,78.15,79.28,22.37,79,89.44,34
8845,20221008845,72.8,58.55,40.17,57.17,9.63,88,56.62,8
8846,20221008846,62.97,64.38,60.25,62.53,20.33,97,94.82,8
8847,20221008847,74.54,72.82,50.87,66.08,28.96,93,100,47
8848,20221008848,47.78,60.6,55.86,54.75,16.8,93,79.17,31
8849,20221008849,44.69,66.12,69.31,60.04,11.36,74,100,23
8850,20221008850,66.53,35.83,33.16,45.17,7.74,79,100,36
8851,20221008851,36.01,64.1,57.53,52.55,22.19,84,52.7,25
8852,20221008852,50.93,59.01,72.36,60.77,11.98,82,90.96,54
8853,20221008853,52.97,51.86,56.23,53.69,8.32,80,80.94,26
8854,20221008854,57.48,73.75,55.62,62.28,7.16,71,51.44,33
8855,20221008855,56.18,49.69,44.97,50.28,19.58,95,72.25,12
8856,20221008856,67.94,67.58,77.74,71.09,18.39,87,89.87,14
8857,20221008857,58.97,53.47,38.62,50.35,17.08,92,57.77,36
8858,20221008858,63.73,34.96,37.33,45.34,28.03,77,68.71,30
8859,20221008859,44.11,33.98,20,32.7,25.88,92,60.18,17
8860,20221008860,67.34,56.26,37.86,53.82,19.53,91,47.77,82
8861,20221008861,42.12,55.95,67.68,55.25,18.95,89,70.61,18
8862,20221008862,47.72,69.93,71.41,63.02,8.03,74,68.58,26
8863,20221008863,56.55,67.24,75.06,66.28,16.76,88,94.33,50
8864,20221008864,77.96,82.3,66.31,75.52,20.3,83,81.15,47
8865,20221008865,70.73,83.49,66.51,73.58,17.58,69,43.34,58
8866,20221008866,63.45,68.77,68.94,67.05,23.26,100,84.15,12
8867,20221008867,44.7,43.66,43.74,44.03,12.67,83,82.82,17
8868,20221008868,63.16,74.81,85.47,74.48,10.49,100,46.72,20
8869,20221008869,69.61,61.89,50.15,60.55,18.67,94,59.5,50
8870,20221008870,27.12,40.6,45.45,37.72,19.02,74,73.95,12
8871,20221008871,63.41,63.83,54.33,60.52,15.92,77,100,44
8872,20221008872,41.29,49.79,35.49,42.19,19.38,90,98.3,17
8873,20221008873,61.13,56.29,48.43,55.28,11.03,92,76.67,14
8874,20221008874,36.76,44.28,64.95,48.66,9.71,69,70.21,35
8875,20221008875,53.07,65.7,59.09,59.29,17.05,97,91.64,53
8876,20221008876,68.83,62.17,55.19,62.06,7.43,92,100,65
8877,20221008877,44.98,45.85,51.17,47.33,7.33,95,100,14
8878,20221008878,46.38,20,25.98,30.79,25.94,90,88.79,16
8879,20221008879,30.73,52.73,62.07,48.51,11.78,86,89.18,43
8880,20221008880,36.39,50.8,47.55,44.91,9.43,93,56.37,34
8881,20221008881,77.38,60.69,50.54,62.87,21.41,79,100,12
8882,20221008882,39.47,53.57,41.25,44.76,6.03,91,71.14,45
8883,20221008883,67.38,68.44,72.33,69.38,27.54,100,50.66,38
8884,20221008884,52.46,71.87,82.1,68.81,14.2,85,57.36,27
8885,20221008885,42.21,48.59,49.13,46.64,26.33,86,50.07,13
8886,20221008886,49.9,20,23.02,30.97,4.05,85,49.62,20
8887,20221008887,38.29,20,33.6,30.63,14.64,82,33.63,19
8888,20221008888,39.98,58.17,36.56,44.9,18.02,100,57.73,34
8889,20221008889,46.67,54.92,47.7,49.76,18.26,85,60.71,32
8890,20221008890,75.05,67.56,71.73,71.45,22.3,93,44.4,57
8891,20221008891,50.03,59.86,48.29,52.73,19.24,97,100,9
8892,20221008892,67.37,47.55,39.05,51.32,23.74,99,84.9,21
8893,20221008893,71.54,70.8,71.65,71.33,18.31,88,79.19,52
8894,20221008894,33.25,37.51,39.08,36.61,11.27,89,62.3,22
8895,20221008895,29.95,20,28.01,25.99,10.1,100,69.42,23
8896,20221008896,38.3,22.31,37.94,32.85,15.15,94,96.74,30
8897,20221008897,43.61,58.61,61.03,54.42,16.69,71,78.41,34
8898,20221008898,54.38,44.29,46.96,48.54,20.71,96,40.45,15
8899,20221008899,20,20,27.72,22.57,24.71,79,46.42,29
8900,20221008900,67.01,44.02,44.03,51.69,13.52,81,52.13,19
8901,20221008901,58.66,65.0,47.82,57.16,11.59,89,85.33,17
8902,20221008902,42.55,47.64,64.14,51.44,11.3,73,47.48,13
8903,20221008903,30.97,28.61,39.97,33.18,10.36,88,58.32,22
8904,20221008904,53.18,41.6,47.19,47.32,10.03,93,97.94,24
8905,20221008905,70.1,72.55,81.9,74.85,20.66,69,65.26,21
8906,20221008906,69.04,58.9,52.65,60.2,14.36,100,54.59,34
8907,20221008907,62.86,46.94,55.77,55.19,19.62,90,72.13,37
8908,20221008908,52.63,28.3,35.58,38.84,10.05,86,41.39,21
8909,20221008909,62.72,42.35,54.65,53.24,11.51,95,72.14,27
8910,20221008910,38.64,55.48,59.95,51.36,18.57,77,42.08,11
8911,20221008911,42.51,28.61,32.97,34.7,10.29,85,100,13
8912,20221008912,37.91,63.45,64.52,55.29,14.5,97,90.26,17
8913,20221008913,30.31,43.8,27.63,33.91,21.76,86,58.09,64
8914,20221008914,38.69,51.59,62.45,50.91,5.73,89,100,64
8915,20221008915,46.41,32.5,31.05,36.65,22.12,87,93.17,41
8916,20221008916,36.98,49.07,47.98,44.68,14.59,71,86.66,44
8917,20221008917,47.72,70.0,80.79,66.17,12.02,81,77.67,46
8918,20221008918,32.62,24.84,28.85,28.77,18.44,87,88.56,19
8919,20221008919,74.86,89.04,78.23,80.71,19.42,82,87.87,40
8920,20221008920,75.87,62.14,60.26,66.09,20.96,94,43.71,16
8921,20221008921,64.54,61.65,68.29,64.83,12.15,92,68.84,38
8922,20221008922,51.01,73.35,68.28,64.21,7.64,82,83.48,40
8923,20221008923,29.34,27.45,20,25.6,17.93,90,56.58,11
8924,20221008924,67.42,82.34,72.43,74.06,15.28,97,87.39,30
8925,20221008925,59.12,49.07,20,42.73,12.27,100,95.38,17
8926,20221008926,48.68,58.61,57.06,54.78,12.53,82,95.69,22
8927,20221008927,41.89,48.3,47.33,45.84,19.54,94,70.26,10
8928,20221008928,69.53,70.7,69.39,69.87,3.48,100,84.52,27
8929,20221008929,43.5,27.23,24.32,31.68,13.49,100,68.69,49
8930,20221008930,61.05,65.11,77.51,67.89,19.0,90,70.07,11
8931,20221008931,50.48,55.34,64.44,56.75,18.94,84,86.99,14
8932,20221008932,68.04,73.16,70.38,70.53,21.17,92,39.77,31
8933,20221008933,62.76,35.59,35.91,44.75,4.94,86,66.89,17
8934,20221008934,72.25,74.47,72.21,72.98,13.94,93,67.22,12
8935,20221008935,65.12,60.02,69.85,65.0,13.65,83,45.39,15
8936,20221008936,39.19,23.02,20,27.4,20.73,84,83.55,18
8937,20221008937,41.92,51.88,40.15,44.65,14.52,97,92.15,8
8938,20221008938,21.65,25.78,31.5,26.31,14.94,83,67.68,14
8939,20221008939,27.27,40.53,39.17,35.66,5.61,83,44.43,31
8940,20221008940,40.01,57.19,40.92,46.04,7.46,77,41.66,46
8941,20221008941,53.32,48.46,38.99,46.92,21.9,93,79.47,48
8942,20221008942,52.28,43.71,41.26,45.75,16.89,83,82.61,33
8943,20221008943,68.27,81.52,75.51,75.1,21.77,86,84.13,6
8944,20221008944,37.51,35.32,47.24,40.02,18.59,75,52.82,12
8945,20221008945,48.12,38.99,33.39,40.17,21.95,95,65.49,15
8946,20221008946,54.26,82.77,93.42,76.82,6.23,92,84.02,59
8947,20221008947,71.18,55.03,44.53,56.91,11.62,63,36.69,21
8948,20221008948,36.02,35.24,40.71,37.32,22.21,92,75.07,70
8949,20221008949,34.08,33.63,32.66,33.46,13.86,94,53.89,17
8950,20221008950,67.56,74.93,76.54,73.01,24.44,100,92.72,37
8951,20221008951,44.57,38.78,47.66,43.67,21.31,82,72.89,20
8952,20221008952,71.49,61.01,66.84,66.45,12.43,82,72.16,8
8953,20221008953,45.08,32.95,38.23,38.75,12.87,100,75.02,67
8954,20221008954,66.53,57.12,60.3,61.32,21.71,93,86.17,17
8955,20221008955,71.05,93.62,100,88.22,10.91,91,63.92,9
8956,20221008956,72.53,69.05,63.41,68.33,22.02,97,58.25,32
8957,20221008957,79.07,100,100,93.02,24.2,83,100,28
8958,20221008958,52.61,21.63,25.01,33.08,13.36,100,81.51,37
8959,20221008959,34.31,27.4,20,27.24,14.93,100,66.92,8
8960,20221008960,56.22,63.94,77.31,65.82,21.77,91,48.01,65
8961,20221008961,54.99,35.25,25.65,38.63,18.62,90,60.85,13
8962,20221008962,66.34,58.24,62.72,62.43,15.81,78,54.33,31
8963,20221008963,55.68,70.94,59.31,61.98,10.8,73,67.51,35
8964,20221008964,72.61,70.12,78.0,73.58,17.66,81,74.23,15
8965,20221008965,65.79,69.88,71.49,69.05,9.91,81,42.58,14
8966,20221008966,38.15,33.74,56.4,42.76,26.29,91,55.5,42
8967,20221008967,28.35,24.97,22.13,25.15,9.54,85,92.54,16
8968,20221008968,68.22,60.29,63.78,64.1,8.52,97,85.6,14
8969,20221008969,67.82,80.95,100,82.92,18.32,89,79.39,73
8970,20221008970,43.02,46.45,50.69,46.72,16.76,99,99.05,20
8971,20221008971,43.79,46.0,53.28,47.69,18.82,81,99.2,19
8972,20221008972,65.61,76.07,67.52,69.73,18.56,84,48.88,16
8973,20221008973,58.57,53.79,51.9,54.75,4.78,84,92.11,36
8974,20221008974,40.27,22.66,20,27.64,9.04,74,44.93,20
8975,20221008975,44.01,51.01,45.51,46.84,20.42,89,58.77,51
8976,20221008976,58.28,69.7,62.28,63.42,15.74,90,74.52,30
8977,20221008977,46.59,48.34,46.29,47.07,17.43,100,53.36,70
8978,20221008978,56.26,77.0,81.65,71.64,15.13,78,74.98,40
8979,20221008979,64.42,64.21,56.98,61.87,17.31,93,56.84,25
8980,20221008980,44.45,45.32,34.59,41.45,8.2,92,31.18,17
8981,20221008981,33.56,40.02,44.5,39.36,24.16,79,58.34,48
8982,20221008982,36.76,20,20,25.59,15.03,93,65.0,15
8983,20221008983,68.11,60.24,56.12,61.49,15.15,76,51.58,17
8984,20221008984,33.17,30.69,22.93,28.93,10.74,84,85.12,19
8985,20221008985,51.81,42.21,32.26,42.09,6.49,81,91.37,67
8986,20221008986,81.43,94.74,100,92.06,28.5,97,80.19,7
8987,20221008987,56.55,55.77,47.07,53.13,15.6,82,75.99,31
8988,20221008988,57.74,62.47,42.22,54.14,8.72,79,96.0,23
8989,20221008989,47.58,44.54,52.68,48.27,16.64,78,78.11,20
8990,20221008990,84.4,78.53,77.68,80.2,7.47,88,73.64,67
8991,20221008991,49.46,54.79,51.38,51.88,22.86,84,36.05,10
8992,20221008992,40.64,61.27,64.12,55.34,19.84,89,70.51,29
8993,20221008993,48.68,46.17,61.73,52.19,16.71,79,76.09,18
8994,20221008994,31.34,32.06,37.92,33.77,18.8,92,73.33,22
8995,20221008995,34.39,21.92,44.35,33.55,17.29,92,63.27,18
8996,20221008996,33.73,23.09,20,25.61,12.68,73,90.91,23
8997,20221008997,77.18,92.83,100,90.0,14.55,100,51.36,42
8998,20221008998,42.43,20,34.52,32.32,12.34,84,87.92,18
8999,20221008999,38.83,38.99,37.91,38.58,16.92,83,60.63,11
9000,20221009000,34.32,33.11,31.9,33.11,7.89,100,68.21,19
9001,20221009001,58.77,47.07,51.12,52.32,7.34,90,100,36
9002,20221009002,48.44,65.59,81.19,65.07,12.21,83,96.15,24
9003,20221009003,67.91,69.02,88.29,75.07,10.53,86,61.98,11
9004,20221009004,76.41,61.72,46.49,61.54,19.19,98,95.83,21
9005,20221009005,76.31,82.04,90.95,83.1,15.5,100,71.1,38
9006,20221009006,41.78,54.95,56.09,50.94,13.91,91,82.0,30
9007,20221009007,60.56,60.8,67.64,63.0,18.97,95,82.45,31
9008,20221009008,48.63,49.27,39.95,45.95,26.39,84,67.14,32
9009,20221009009,48.37,61.37,60.28,56.67,21.05,93,49.99,14
9010,20221009010,74.14,58.59,59.33,64.02,12.8,80,93.94,8
9011,20221009011,62.98,37.77,38.02,46.26,12.22,100,50.62,29
9012,20221009012,71.34,72.1,87.95,77.13,22.79,100,42.3,12
9013,20221009013,59.64,67.3,71.86,66.27,18.96,94,52.88,29
9014,20221009014,26.89,21.37,20,22.75,17.68,90,72.58,10
9015,20221009015,55.73,69.31,73.77,66.27,14.26,100,69.37,21
9016,20221009016,42.81,43.26,48.17,44.75,21.85,74,39.56,36
9017,20221009017,50.0,77.12,89.67,72.26,4.18,82,64.52,17
9018,20221009018,56.54,62.2,70.52,63.09,13.03,78,47.23,21
9019,20221009019,71.86,62.57,68.18,67.54,28.51,63,92.77,27
9020,20221009020,30.15,33.92,40.95,35.01,19.8,100,74.33,31
9021,20221009021,61.75,68.78,84.52,71.68,19.33,100,71.06,16
9022,20221009022,28.46,28.34,25.28,27.36,16.86,79,78.47,10
9023,20221009023,68.88,77.8,70.65,72.44,18.31,71,51.37,20
9024,20221009024,68.71,55.85,49.7,58.09,22.22,100,42.76,32
9025,20221009025,40.08,49.4,66.73,52.07,26.38,87,84.92,27
9026,20221009026,31.1,23.56,35.62,30.09,16.99,100,85.52,24
9027,20221009027,87.12,76.48,77.82,80.47,16.39,93,60.88,14
9028,20221009028,72.27,69.29,76.35,72.64,10.96,100,81.72,32
9029,20221009029,31.57,30.12,32.01,31.23,5.47,75,48.15,42
9030,20221009030,30.5,24.93,20,25.14,20.66,97,60.37,27
9031,20221009031,34.21,34.57,30.31,33.03,24.6,100,100,24
9032,20221009032,47.74,30.88,22.38,33.67,7.58,96,81.01,8
9033,20221009033,75.8,93.7,95.79,88.43,14.73,88,67.84,30
9034,20221009034,72.64,79.15,84.25,78.68,18.08,82,72.8,14
9035,20221009035,59.85,55.25,69.37,61.49,23.35,69,46.36,18
9036,20221009036,41.39,36.09,24.66,34.05,19.86,83,75.59,16
9037,20221009037,68.59,72.15,81.35,74.03,8.42,99,100,21
9038,20221009038,50.94,62.29,57.67,56.97,9.86,83,86.15,11
9039,20221009039,45.44,51.45,41.41,46.1,12.92,81,64.25,84
9040,20221009040,50.3,49.62,68.64,56.19,26.91,92,90.68,50
9041,20221009041,48.57,41.62,41.7,43.96,20.65,82,49.16,49
9042,20221009042,48.69,49.45,33.02,43.72,10.33,93,78.63,25
9043,20221009043,66.88,38.71,23.44,43.01,10.23,74,74.59,42
9044,20221009044,50.81,49.48,57.58,52.62,21.86,83,71.09,18
9045,20221009045,85.63,75.45,76.5,79.19,14.07,78,59.1,17
9046,20221009046,72.1,77.14,57.6,68.95,27.79,91,36.77,24
9047,20221009047,56.57,64.69,52.49,57.92,11.55,98,98.95,49
9048,20221009048,58.23,47.01,48.68,51.31,18.32,99,78.91,15
9049,20221009049,41.45,46.95,20,36.13,17.6,84,68.35,27
9050,20221009050,76.85,69.55,72.65,73.02,20.61,85,56.38,25
9051,20221009051,45.2,72.72,73.91,63.94,17.2,85,89.65,25
9052,20221009052,64.38,49.91,39.85,51.38,14.58,83,67.02,19
9053,20221009053,42.65,57.76,75.08,58.5,20.61,100,58.3,22
9054,20221009054,38.66,58.24,55.77,50.89,10.37,100,63.41,33
9055,20221009055,46.18,56.35,53.13,51.89,22.97,100,97.66,12
9056,20221009056,43.06,51.39,37.93,44.13,19.64,91,88.9,27
9057,20221009057,40.7,56.56,71.92,56.39,17.48,76,65.01,56
9058,20221009058,43.23,41.71,46.24,43.73,6.05,84,75.79,140
9059,20221009059,29.46,29.0,41.64,33.37,14.26,100,63.19,17
9060,20221009060,68.05,60.96,48.1,59.04,22.57,99,78.89,20
9061,20221009061,49.27,44.98,57.33,50.53,17.91,96,97.8,76
9062,20221009062,52.32,40.14,33.33,41.93,13.48,84,57.64,37
9063,20221009063,37.01,35.37,26.87,33.08,15.25,79,69.46,60
9064,20221009064,36.84,48.77,43.53,43.05,14.21,75,95.48,29
9065,20221009065,44.05,46.93,55.28,48.75,20.78,100,77.86,6
9066,20221009066,33.15,47.09,37.43,39.22,13.06,98,62.61,19
9067,20221009067,52.42,57.02,50.71,53.38,22.13,100,81.36,23
9068,20221009068,72.42,83.46,100,85.29,10.26,80,82.79,53
9069,20221009069,40.87,46.58,52.45,46.63,20.66,82,41.43,38
9070,20221009070,38.59,32.59,31.03,34.07,15.6,82,35.32,15
9071,20221009071,53.41,52.96,78.38,61.58,18.22,83,60.3,15
9072,20221009072,81.16,60.19,65.41,68.92,20.11,87,90.52,24
9073,20221009073,55.79,57.59,50.57,54.65,21.18,100,45.09,26
9074,20221009074,42.85,63.71,63.12,56.56,22.91,100,87.62,11
9075,20221009075,84.52,100,100,94.84,23.66,86,62.06,52
9076,20221009076,75.45,79.25,80.92,78.54,10.87,87,48.52,13
9077,20221009077,53.76,48.67,44.8,49.08,17.47,100,42.42,28
9078,20221009078,36.8,58.96,50.46,48.74,8.0,76,58.26,6
9079,20221009079,45.09,39.68,60.5,48.42,16.54,68,77.19,42
9080,20221009080,58.17,57.89,63.4,59.82,13.03,87,66.09,26
9081,20221009081,65.32,68.82,77.13,70.42,23.63,79,69.68,23
9082,20221009082,52.83,33.5,38.65,41.66,16.44,81,48.67,7
9083,20221009083,57.55,40.48,54.08,50.7,19.85,94,53.93,20
9084,20221009084,50.31,53.82,59.43,54.52,21.63,84,71.98,15
9085,20221009085,59.07,65.74,79.5,68.1,19.78,100,50.19,15
9086,20221009086,50.68,63.32,48.09,54.03,16.8,97,47.06,38
9087,20221009087,78.77,100,99.53,92.77,15.7,90,44.36,16
9088,20221009088,64.05,81.23,100,81.76,18.23,77,84.47,42
9089,20221009089,74.36,67.87,95.29,79.17,13.0,98,73.86,30
9090,20221009090,66.01,47.48,56.34,56.61,24.91,93,73.67,35
9091,20221009091,75.31,70.79,88.52,78.21,19.04,95,95.26,17
9092,20221009092,64.9,88.58,92.14,81.87,12.41,98,36.66,15
9093,20221009093,61.42,54.56,55.71,57.23,9.99,90,53.56,11
9094,20221009094,52.56,43.7,53.69,49.98,21.79,79,70.08,23
9095,20221009095,52.48,35.95,42.74,43.72,21.25,100,64.69,50
9096,20221009096,73.16,77.51,78.56,76.41,13.74,96,97.15,16
9097,20221009097,27.16,20,26.0,24.39,22.99,99,50.0,37
9098,20221009098,51.11,36.11,37.87,41.7,8.28,89,96.45,12
9099,20221009099,37.64,20,20,25.88,24.28,100,80.91,20
9100,20221009100,54.53,64.63,49.4,56.19,9.6,91,89.68,25
9101,20221009101,55.28,28.94,20,34.74,37.43,93,45.2,31
9102,20221009102,51.49,31.16,40.37,41.01,14.58,94,88.93,16
9103,20221009103,49.69,70.35,74.66,64.9,9.96,100,77.63,36
9104,20221009104,62.3,59.98,60.91,61.06,13.93,70,61.65,9
9105,20221009105,60.02,49.81,38.75,49.53,15.76,82,88.52,35
9106,20221009106,43.99,52.61,59.02,51.87,20.66,68,91.54,14
9107,20221009107,60.08,75.81,68.76,68.22,23.9,98,71.9,45
9108,20221009108,46.8,49.12,51.05,48.99,16.48,92,81.41,28
9109,20221009109,61.08,63.24,56.63,60.32,11.37,100,67.57,9
9110,20221009110,59.84,59.49,57.69,59.01,19.19,84,72.69,25
9111,20221009111,79.23,100,100,93.08,26.78,90,67.2,19
9112,20221009112,52.54,53.24,56.96,54.25,10.19,90,69.71,40
9113,20221009113,45.45,43.37,22.74,37.19,25.31,98,78.82,13
9114,20221009114,45.53,24.7,21.19,30.47,15.49,88,41.97,58
9115,20221009115,42.07,26.81,20,29.63,10.09,100,91.04,18
9116,20221009116,45.65,34.05,34.27,37.99,14.49,77,47.78,21
9117,20221009117,59.48,62.03,44.85,55.45,15.2,80,76.55,39
9118,20221009118,48.83,52.0,53.55,51.46,21.47,82,39.72,35
9119,20221009119,31.21,36.98,25.99,31.39,16.43,100,86.92,55
9120,20221009120,34.58,20,31.63,28.74,11.4,87,84.83,23
9121,20221009121,47.09,53.04,48.66,49.6,12.8,75,93.53,16
9122,20221009122,39.69,43.17,40.13,41.0,21.9,79,82.89,18
9123,20221009123,49.95,46.46,49.15,48.52,13.84,100,47.43,13
9124,20221009124,52.49,64.5,65.69,60.89,20.88,89,55.85,33
9125,20221009125,29.74,32.0,21.39,27.71,17.9,100,44.57,15
9126,20221009126,64.32,60.26,62.11,62.23,17.14,82,73.3,42
9127,20221009127,47.87,65.64,67.33,60.28,12.71,90,42.73,61
9128,20221009128,70.43,55.27,57.48,61.06,11.08,78,76.29,131
9129,20221009129,43.19,30.25,35.6,36.35,14.38,92,50.6,42
9130,20221009130,71.38,85.81,89.56,82.25,30.15,83,83.37,20
9131,20221009131,46.82,57.08,50.39,51.43,12.56,100,39.58,21
9132,20221009132,37.6,42.54,50.2,43.45,19.09,92,92.67,35
9133,20221009133,49.92,54.32,57.03,53.76,14.49,85,89.27,13
9134,20221009134,66.68,37.3,30.3,44.76,17.87,93,48.37,43
9135,20221009135,65.03,64.9,72.18,67.37,17.8,83,76.88,25
9136,20221009136,66.82,45.98,22.5,45.1,5.35,91,48.24,19
9137,20221009137,49.01,57.56,55.43,54.0,21.43,83,38.86,20
9138,20221009138,50.37,52.13,57.66,53.39,21.48,100,85.8,63
9139,20221009139,44.92,32.19,20,32.37,13.78,80,90.16,48
9140,20221009140,51.37,56.06,39.57,49.0,12.28,93,50.69,5
9141,20221009141,45.25,36.04,42.27,41.19,15.33,63,50.63,52
9142,20221009142,59.01,63.46,55.38,59.28,11.53,78,43.42,37
9143,20221009143,38.72,39.1,29.97,35.93,27.55,84,48.65,27
9144,20221009144,37.84,27.81,58.97,41.54,21.77,71,90.18,41
9145,20221009145,40.65,37.66,36.03,38.11,12.25,88,89.02,32
9146,20221009146,43.63,25.28,23.17,30.69,20.43,87,69.18,29
9147,20221009147,79.37,58.74,51.3,63.14,27.24,91,85.79,21
9148,20221009148,55.69,45.72,37.45,46.29,12.76,68,87.18,52
9149,20221009149,86.08,86.93,86.17,86.39,18.41,87,92.19,39
9150,20221009150,59.75,63.81,60.32,61.29,7.61,83,92.04,20
9151,20221009151,67.04,67.76,59.38,64.73,15.66,75,77.67,42
9152,20221009152,60.33,56.15,57.74,58.07,22.54,80,77.68,20
9153,20221009153,62.38,52.69,57.94,57.67,11.78,76,76.18,10
9154,20221009154,61.17,70.71,61.67,64.52,24.01,85,52.93,25
9155,20221009155,33.23,32.67,34.32,33.41,9.79,100,75.54,23
9156,20221009156,39.24,40.22,36.96,38.81,9.24,87,100,9
9157,20221009157,62.43,41.06,56.31,53.27,25.11,100,73.66,93
9158,20221009158,72.5,66.06,72.59,70.38,12.21,99,48.95,16
9159,20221009159,55.96,34.19,20,36.72,13.9,84,45.76,28
9160,20221009160,65.23,48.44,51.28,54.98,5.97,81,57.91,14
9161,20221009161,32.7,28.56,24.28,28.51,8.77,96,69.97,54
9162,20221009162,63.09,66.11,93.65,74.28,17.08,100,88.47,19
9163,20221009163,41.78,34.68,20,32.15,14.4,92,64.71,14
9164,20221009164,69.63,87.73,79.47,78.94,15.93,90,86.99,20
9165,20221009165,59.45,52.91,43.7,52.02,12.93,77,61.78,81
9166,20221009166,75.54,100,97.73,91.09,9.88,94,44.61,30
9167,20221009167,78.36,52.64,63.35,64.78,16.78,84,90.11,33
9168,20221009168,55.95,34.26,26.85,39.02,16.79,91,82.26,21
9169,20221009169,46.83,61.62,53.67,54.04,18.75,77,61.39,42
9170,20221009170,44.78,48.24,51.09,48.04,11.48,98,43.31,28
9171,20221009171,65.17,83.45,84.8,77.81,20.74,100,36.61,40
9172,20221009172,43.06,28.7,40.3,37.35,3.72,74,100,53
9173,20221009173,58.47,67.96,74.52,66.98,17.71,96,68.82,23
9174,20221009174,58.86,50.6,40.6,50.02,25.12,100,54.33,5
9175,20221009175,73.28,97.84,75.28,82.13,25.76,86,64.54,37
9176,20221009176,67.32,66.95,65.3,66.52,25.37,89,46.99,47
9177,20221009177,48.48,51.74,54.99,51.74,20.58,81,80.8,14
9178,20221009178,40.21,46.54,36.62,41.12,27.27,88,93.57,26
9179,20221009179,58.78,50.89,71.12,60.26,27.95,95,90.32,49
9180,20221009180,57.0,63.75,68.88,63.21,15.69,80,62.46,54
9181,20221009181,80.23,66.9,75.71,74.28,21.09,79,86.71,13
9182,20221009182,45.43,56.61,63.18,55.07,11.04,84,78.44,18
9183,20221009183,52.54,59.67,44.04,52.08,20.1,81,90.19,31
9184,20221009184,50.02,40.92,48.54,46.49,7.94,96,93.64,12
9185,20221009185,57.28,60.92,50.2,56.13,12.52,92,85.02,16
9186,20221009186,76.35,81.81,85.19,81.12,14.64,77,100,61
9187,20221009187,60.87,52.88,48.11,53.95,9.61,75,39.1,19
9188,20221009188,30.55,20,20,23.52,19.57,91,63.23,24
9189,20221009189,43.22,61.92,58.33,54.49,17.29,100,79.21,28
9190,20221009190,83.49,91.96,86.65,87.37,15.97,85,57.29,24
9191,20221009191,50.27,48.21,56.82,51.77,10.26,100,51.03,16
9192,20221009192,76.94,86.39,76.74,80.02,21.83,86,72.89,16
9193,20221009193,71.65,73.28,78.09,74.34,7.95,80,84.63,8
9194,20221009194,70.54,62.57,54.44,62.52,20.64,76,47.4,41
9195,20221009195,65.52,62.72,69.81,66.02,24.74,83,71.01,43
9196,20221009196,48.51,62.49,56.77,55.92,8.41,91,80.06,15
9197,20221009197,23.35,20,25.13,22.83,13.94,90,72.86,46
9198,20221009198,58.85,62.24,53.71,58.27,27.75,92,72.14,19
9199,20221009199,65.02,22.34,20,35.79,25.06,98,100,54
9200,20221009200,26.47,20,20,22.16,11.06,91,53.43,23
9201,20221009201,76.07,88.17,79.25,81.16,13.46,99,62.16,15
9202,20221009202,56.56,46.08,52.72,51.79,2,81,71.58,20
9203,20221009203,51.86,54.88,58.69,55.14,17.56,94,60.28,10
9204,20221009204,77.91,53.55,44.18,58.55,12.53,89,45.04,38
9205,20221009205,39.35,32.17,23.48,31.67,26.71,89,82.36,37
9206,20221009206,52.76,63.31,65.73,60.6,10.09,83,33.89,13
9207,20221009207,36.98,38.18,34.14,36.43,15.83,76,52.48,9
9208,20221009208,33.63,23.39,26.47,27.83,3.05,85,34.83,17
9209,20221009209,54.32,67.85,84.03,68.73,11.94,77,54.07,16
9210,20221009210,76.32,70.36,67.82,71.5,9.1,96,77.15,30
9211,20221009211,72.71,82.2,84.58,79.83,17.58,100,75.23,55
9212,20221009212,48.03,39.84,43.93,43.93,6.07,94,38.03,40
9213,20221009213,69.55,74.64,78.9,74.36,14.15,97,94.41,36
9214,20221009214,71.2,72.46,66.24,69.97,9.37,81,76.9,12
9215,20221009215,76.37,82.65,73.38,77.47,18.11,82,42.62,29
9216,20221009216,47.99,41.04,34.51,41.18,14.32,100,66.7,11
9217,20221009217,50.08,47.94,49.21,49.08,12.7,83,46.25,13
9218,20221009218,57.64,53.08,43.66,51.46,14.03,81,45.85,14
9219,20221009219,56.09,36.44,36.23,42.92,12.49,95,59.9,16
9220,20221009220,56.22,46.61,55.03,52.62,18.11,88,74.13,21
9221,20221009221,35.94,35.47,29.26,33.56,9.11,87,37.55,15
9222,20221009222,78.82,70.64,55.09,68.18,23.85,75,72.42,18
9223,20221009223,32.57,52.84,49.77,45.06,13.61,78,64.49,23
9224,20221009224,52.04,45.08,30.11,42.41,16.29,100,100,11
9225,20221009225,65.49,70.65,68.07,68.07,25.71,100,41.1,40
9226,20221009226,51.57,61.71,51.18,54.82,18.24,84,66.12,30
9227,20221009227,40.43,43.09,43.64,42.39,14.8,85,100,32
9228,20221009228,80.3,71.22,72.87,74.8,16.5,80,50.04,26
9229,20221009229,28.81,34.29,39.98,34.36,12.15,88,61.82,44
9230,20221009230,62.73,52.1,50.23,55.02,11.04,97,67.46,19
9231,20221009231,74.78,54.72,69.59,66.36,21.08,99,96.84,25
9232,20221009232,59.74,78.65,69.6,69.33,17.27,75,59.95,34
9233,20221009233,66.72,54.77,65.91,62.47,11.62,79,72.92,13
9234,20221009234,80.13,62.96,60.88,67.99,23.74,94,79.51,52
9235,20221009235,38.11,36.71,36.26,37.03,25.76,78,79.45,19
9236,20221009236,84.13,68.44,64.52,72.36,26.3,80,97.85,27
9237,20221009237,47.18,46.71,46.92,46.94,23.09,100,53.05,32
9238,20221009238,47.98,58.76,76.15,60.96,16.5,94,96.32,21
9239,20221009239,81.92,49.99,50.08,60.66,19.84,97,69.25,67
9240,20221009240,59.8,65.61,71.86,65.76,18.32,100,70.3,48
9241,20221009241,37.06,35.73,42.34,38.38,20.55,70,65.59,38
9242,20221009242,74.34,76.17,63.06,71.19,27.79,100,48.96,23
9243,20221009243,62.25,58.7,66.92,62.62,22.66,83,51.65,24
9244,20221009244,35.75,32.97,41.35,36.69,11.42,84,71.81,21
9245,20221009245,60.94,60.12,63.13,61.4,20.79,88,65.0,17
9246,20221009246,30.95,27.9,32.09,30.31,29.8,100,63.15,18
9247,20221009247,20.59,20.31,20,20.3,4.6,100,59.39,44
9248,20221009248,23.92,20,20,21.31,19.65,86,71.4,21
9249,20221009249,46.13,49.64,58.74,51.5,15.31,100,69.2,31
9250,20221009250,39.29,32.19,37.63,36.37,21.01,72,100,29
9251,20221009251,57.69,61.9,67.75,62.45,25.99,84,82.93,15
9252,20221009252,60.54,73.86,80.2,71.53,5.28,77,66.62,39
9253,20221009253,86.07,87.68,75.33,83.03,13.4,77,70.87,18
9254,20221009254,51.21,54.41,60.01,55.21,8.52,84,100,41
9255,20221009255,79.84,89.47,80.69,83.33,9.51,83,52.57,28
9256,20221009256,69.59,62.45,70.26,67.43,13.16,100,91.03,24
9257,20221009257,50.05,43.58,35.22,42.95,19.39,57,69.56,26
9258,20221009258,78.79,61.94,73.72,71.48,16.81,77,87.7,20
9259,20221009259,68.18,50.42,58.96,59.19,13.95,75,59.79,16
9260,20221009260,91.79,83.06,77.8,84.22,19.67,73,79.83,42
9261,20221009261,60.81,65.53,70.52,65.62,7.95,92,45.74,41
9262,20221009262,47.9,38.18,35.39,40.49,27.26,91,92.14,51
9263,20221009263,74.4,100,100,91.47,12.7,97,88.77,55
9264,20221009264,36.52,52.4,64.59,51.17,25.49,95,44.91,32
9265,20221009265,84.69,86.06,83.15,84.63,8.88,92,83.14,45
9266,20221009266,53.59,51.02,51.77,52.13,10.34,88,73.19,22
9267,20221009267,55.88,42.09,38.28,45.42,20.23,96,41.19,8
9268,20221009268,56.39,46.42,43.98,48.93,17.93,76,60.44,30
9269,20221009269,80.45,64.66,51.49,65.53,16.41,79,96.6,40
9270,20221009270,49.34,79.93,79.87,69.71,6.53,84,36.5,91
9271,20221009271,64.69,72.52,72.67,69.96,7.15,76,99.8,11
9272,20221009272,66.63,62.05,52.37,60.35,18.94,78,61.22,22
9273,20221009273,43.19,44.83,32.66,40.23,12.99,90,83.8,27
9274,20221009274,34.11,39.98,31.06,35.05,30.22,84,47.96,26
9275,20221009275,65.03,57.79,53.93,58.92,12.61,83,71.22,56
9276,20221009276,54.32,72.22,71.74,66.09,15.76,73,68.33,9
9277,20221009277,38.69,50.64,46.99,45.44,11.28,92,64.71,23
9278,20221009278,44.59,43.72,58.43,48.91,18.2,90,44.37,13
9279,20221009279,55.19,49.35,53.0,52.51,21.03,90,52.8,15
9280,20221009280,73.61,68.0,77.08,72.9,21.46,86,70.43,14
9281,20221009281,60.41,81.56,76.3,72.76,12.87,82,86.39,28
9282,20221009282,73.7,61.92,57.36,64.33,19.98,73,80.75,12
9283,20221009283,36.68,20,20,25.56,20.01,74,100,19
9284,20221009284,39.71,27.84,31.62,33.06,26.61,81,86.45,27
9285,20221009285,45.71,40.11,25.47,37.1,12.84,84,38.87,47
9286,20221009286,92.01,100,100,97.34,4.9,100,83.94,21
9287,20221009287,43.94,43.56,39.09,42.2,11.19,92,85.39,33
9288,20221009288,84.86,100,90.67,91.84,10.63,87,82.6,20
9289,20221009289,68.46,64.18,48.53,60.39,4.96,97,69.94,37
9290,20221009290,48.44,40.21,20,36.22,24.62,80,73.62,33
9291,20221009291,41.33,40.4,32.26,38.0,10.88,87,61.55,22
9292,20221009292,50.65,59.01,47.13,52.26,9.24,95,74.53,8
9293,20221009293,58.67,82.23,86.22,75.71,12.07,83,97.48,15
9294,20221009294,33.3,48.52,44.93,42.25,22.26,66,56.36,14
9295,20221009295,66.09,67.02,56.55,63.22,18.31,86,46.78,15
9296,20221009296,37.12,43.03,49.72,43.29,13.46,95,87.93,12
9297,20221009297,75.64,78.42,88.43,80.83,13.75,82,61.1,39
9298,20221009298,48.6,42.83,25.21,38.88,19.29,78,96.95,39
9299,20221009299,40.64,46.91,43.42,43.66,24.11,82,46.46,17
9300,20221009300,29.52,22.46,32.24,28.07,4.04,97,42.76,18
9301,20221009301,66.7,73.43,80.0,73.38,16.98,100,79.04,14
9302,20221009302,54.53,58.09,69.95,60.86,17.64,85,44.8,20
9303,20221009303,53.33,36.83,20,36.72,20.77,100,91.64,7
9304,20221009304,79.8,75.51,93.67,82.99,21.19,87,74.18,14
9305,20221009305,68.29,60.82,63.44,64.18,9.06,99,58.52,54
9306,20221009306,37.27,31.21,20,29.49,8.5,100,67.62,32
9307,20221009307,54.06,57.53,68.68,60.09,23.04,88,80.39,31
9308,20221009308,28.72,20,52.62,33.78,28.55,88,48.37,17
9309,20221009309,70.03,47.28,40.5,52.6,17.12,84,51.39,60
9310,20221009310,77.2,62.26,60.68,66.71,20.91,91,84.92,12
9311,20221009311,53.73,64.73,55.69,58.05,22.63,100,59.12,25
9312,20221009312,50.05,34.56,57.11,47.24,27.13,92,86.93,22
9313,20221009313,62.41,59.97,70.25,64.21,14.37,93,56.68,16
9314,20221009314,48.45,50.64,48.21,49.1,14.17,95,85.74,7
9315,20221009315,59.34,53.15,49.96,54.15,14.55,92,65.5,61
9316,20221009316,78.29,84.88,90.3,84.49,19.63,100,70.77,25
9317,20221009317,79.83,84.2,82.83,82.29,24.88,100,72.39,17
9318,20221009318,70.27,48.38,53.06,57.24,14.22,67,82.97,48
9319,20221009319,33.28,38.82,40.23,37.44,24.69,99,44.16,16
9320,20221009320,24.26,32.1,43.76,33.37,15.55,83,72.69,17
9321,20221009321,66.32,57.19,38.86,54.12,16.76,77,66.91,37
9322,20221009322,47.05,61.65,50.21,52.97,20.42,84,51.57,25
9323,20221009323,33.96,22.78,23.1,26.61,16.31,80,69.28,17
9324,20221009324,74.35,77.78,67.94,73.36,19.36,73,100,26
9325,20221009325,51.82,70.7,81.87,68.13,24.78,100,77.2,22
9326,20221009326,78.33,77.57,68.29,74.73,20.09,86,90.2,6
9327,20221009327,45.92,56.09,52.83,51.61,24.04,69,83.86,29
9328,20221009328,29.23,20,24.23,24.49,2.41,80,52.15,63
9329,20221009329,67.38,59.91,69.32,65.54,20.91,74,57.69,21
9330,20221009330,60.42,39.24,40.83,46.83,17.41,100,35.9,27
9331,20221009331,73.44,69.67,88.34,77.15,25.11,83,53.84,20
9332,20221009332,32.78,23.03,35.07,30.29,20.22,82,75.13,36
9333,20221009333,56.04,72.26,63.97,64.09,18.6,99,60.3,17
9334,20221009334,67.72,65.16,63.22,65.37,14.08,94,63.41,32
9335,20221009335,61.63,69.34,73.81,68.26,19.27,83,91.84,9
9336,20221009336,62.15,48.28,51.71,54.05,10.89,83,53.69,64
9337,20221009337,51.99,60.95,51.19,54.71,17.76,89,47.25,14
9338,20221009338,60.93,54.44,36.56,50.64,20.92,94,65.41,16
9339,20221009339,48.48,48.41,67.86,54.92,6.16,84,87.96,36
9340,20221009340,30.7,23.81,20.09,24.87,12.77,93,64.89,15
9341,20221009341,77.88,71.02,76.33,75.08,11.98,86,92.82,42
9342,20221009342,62.48,61.01,52.25,58.58,28.5,98,70.8,26
9343,20221009343,25.8,28.52,20,24.77,10.3,77,72.49,35
9344,20221009344,52.07,50.73,49.05,50.62,8.84,94,50.45,22
9345,20221009345,39.19,40.79,41.37,40.45,2,90,86.9,30
9346,20221009346,71.48,59.03,64.38,64.96,11.47,86,64.79,10
9347,20221009347,66.4,74.96,68.46,69.94,8.65,80,79.38,19
9348,20221009348,30.67,37.15,20.92,29.58,24.88,76,38.25,68
9349,20221009349,68.35,57.5,61.87,62.57,19.62,76,86.57,38
9350,20221009350,48.24,49.94,60.75,52.98,10.05,88,69.35,7
9351,20221009351,28.14,20,21.88,23.34,16.5,87,49.57,21
9352,20221009352,65.69,62.34,68.93,65.65,12.66,100,57.1,35
9353,20221009353,28.07,40.85,41.94,36.95,2.75,87,56.05,10
9354,20221009354,76.74,60.38,67.24,68.12,11.98,82,72.47,36
9355,20221009355,25.34,20.12,25.37,23.61,16.35,92,87.83,46
9356,20221009356,72.17,63.93,54.54,63.55,20.67,68,93.6,16
9357,20221009357,43.68,27.98,20,30.55,8.23,86,82.78,19
9358,20221009358,69.57,83.89,81.64,78.37,23.76,87,56.45,15
9359,20221009359,71.04,66.9,73.21,70.38,24.75,88,34.99,24
9360,20221009360,69.56,71.53,76.79,72.63,14.35,85,100,26
9361,20221009361,44.4,39.79,69.9,51.36,13.03,91,66.7,33
9362,20221009362,51.36,48.09,50.93,50.13,12.03,82,77.83,25
9363,20221009363,63.71,49.81,64.33,59.28,8.91,98,82.79,11
9364,20221009364,65.35,78.47,80.21,74.68,16.64,88,90.4,12
9365,20221009365,66.25,93.33,100,86.53,15.33,83,55.37,14
9366,20221009366,51.24,45.7,42.27,46.4,25.93,82,67.03,59
9367,20221009367,50.53,43.04,32.86,42.14,21.9,65,53.15,8
9368,20221009368,63.37,58.76,61.73,61.29,21.61,92,79.06,23
9369,20221009369,52.52,60.96,64.46,59.31,11.74,100,89.59,9
9370,20221009370,69.46,77.62,53.5,66.86,16.36,74,83.7,26
9371,20221009371,34.91,36.95,20.67,30.84,16.51,72,54.13,23
9372,20221009372,50.64,37.33,32.59,40.19,21.13,97,49.65,18
9373,20221009373,52.2,60.78,68.5,60.49,11.35,86,75.19,17
9374,20221009374,47.54,45.42,42.28,45.08,22.72,89,42.53,8
9375,20221009375,78.04,68.45,71.64,72.71,19.38,100,76.79,32
9376,20221009376,66.07,78.25,88.34,77.55,24.6,93,75.67,21
9377,20221009377,69.34,88.74,79.19,79.09,27.13,68,61.83,42
9378,20221009378,73.82,65.7,58.76,66.09,18.1,89,53.08,49
9379,20221009379,65.12,61.25,51.86,59.41,15.1,95,67.27,21
9380,20221009380,40.96,46.49,60.69,49.38,19.65,88,42.97,22
9381,20221009381,78.91,81.06,91.36,83.78,26.95,77,96.89,21
9382,20221009382,46.4,38.9,37.97,41.09,20.24,77,54.29,12
9383,20221009383,75.21,64.67,69.38,69.75,23.52,79,62.2,59
9384,20221009384,48.78,32.51,29.97,37.09,6.2,76,58.95,11
9385,20221009385,69.14,59.99,65.78,64.97,17.59,92,90.33,171
9386,20221009386,61.52,55.85,45.04,54.14,15.95,100,38.87,23
9387,20221009387,89.95,100,100,96.65,14.61,81,52.07,21
9388,20221009388,57.1,68.36,71.94,65.8,15.38,100,84.25,39
9389,20221009389,29.14,44.65,46.19,39.99,15.35,100,58.17,19
9390,20221009390,86.09,71.69,71.35,76.38,24.53,94,62.35,13
9391,20221009391,65.24,63.31,66.82,65.12,18.03,78,52.0,22
9392,20221009392,62.84,55.07,55.49,57.8,21.78,89,56.5,28
9393,20221009393,77.9,97.28,96.25,90.48,25.9,83,98.21,17
9394,20221009394,35.69,27.19,38.75,33.88,11.61,87,56.5,11
9395,20221009395,54.13,29.2,26.15,36.49,11.11,87,97.87,15
9396,20221009396,67.0,90.01,72.2,76.4,15.24,87,68.0,26
9397,20221009397,63.42,42.77,34.13,46.77,18.71,84,82.13,22
9398,20221009398,73.64,59.17,69.51,67.44,24.35,95,87.84,51
9399,20221009399,41.32,38.89,52.95,44.39,16.81,84,60.02,17
9400,20221009400,58.06,55.67,60.09,57.94,9.84,91,71.14,17
9401,20221009401,48.06,46.12,50.74,48.31,17.18,78,53.08,13
9402,20221009402,62.2,44.3,44.34,50.28,9.89,75,83.62,36
9403,20221009403,43.03,47.0,50.06,46.7,13.2,83,87.37,21
9404,20221009404,76.27,64.37,58.82,66.49,20.06,98,100,47
9405,20221009405,37.58,20,20,25.86,19.3,84,60.59,15
9406,20221009406,43.9,52.62,40.34,45.62,12.77,76,70.24,50
9407,20221009407,39.41,48.17,45.23,44.27,13.07,69,75.75,19
9408,20221009408,74.42,70.25,67.06,70.58,18.88,100,56.76,38
9409,20221009409,75.84,79.73,90.02,81.86,4.18,89,51.51,44
9410,20221009410,43.64,58.1,59.61,53.78,18.96,94,77.35,15
9411,20221009411,65.25,58.69,63.53,62.49,9.82,75,56.95,14
9412,20221009412,87.34,82.29,70.17,79.93,8.51,100,75.94,24
9413,20221009413,31.48,54.82,62.86,49.72,12.75,95,67.58,22
9414,20221009414,70.84,70.88,75.32,72.35,19.01,58,66.73,7
9415,20221009415,76.46,53.71,58.6,62.92,15.67,76,69.78,19
9416,20221009416,74.16,81.66,65.51,73.78,16.65,100,64.45,29
9417,20221009417,66.53,93.69,97.78,86.0,13.21,78,59.77,50
9418,20221009418,61.46,58.77,60.21,60.15,15.22,72,47.35,67
9419,20221009419,37.96,28.45,27.54,31.32,16.38,86,84.2,28
9420,20221009420,32.87,25.64,27.59,28.7,13.74,83,86.87,13
9421,20221009421,61.37,54.51,44.33,53.4,13.63,86,68.67,28
9422,20221009422,21.98,37.37,35.38,31.58,13.15,89,67.12,10
9423,20221009423,60.69,45.49,50.84,52.34,19.21,100,87.77,15
9424,20221009424,65.35,41.94,38.42,48.57,20.15,95,100,84
9425,20221009425,59.14,48.61,54.09,53.95,13.04,75,85.65,16
9426,20221009426,40.17,46.3,52.03,46.17,17.02,82,95.08,33
9427,20221009427,64.22,57.1,60.69,60.67,19.0,100,71.19,30
9428,20221009428,59.62,72.31,70.5,67.48,5.24,92,45.78,64
9429,20221009429,45.96,50.27,43.65,46.63,8.18,81,87.6,40
9430,20221009430,45.41,40.08,29.5,38.33,10.05,92,50.73,29
9431,20221009431,71.36,61.94,58.61,63.97,34.92,87,97.04,25
9432,20221009432,42.26,26.25,21.7,30.07,2.35,92,62.91,34
9433,20221009433,57.02,49.69,57.69,54.8,18.94,85,66.23,19
9434,20221009434,42.51,34.27,33.99,36.92,10.07,93,44.49,16
9435,20221009435,69.3,76.34,77.93,74.52,14.11,100,87.9,18
9436,20221009436,54.8,55.19,53.62,54.54,21.27,72,41.76,47
9437,20221009437,42.99,25.57,22.01,30.19,18.59,97,84.65,11
9438,20221009438,65.71,58.46,74.29,66.15,12.29,87,66.91,29
9439,20221009439,41.39,42.73,56.65,46.92,13.41,73,93.42,82
9440,20221009440,79.27,100,94.04,91.1,23.98,73,87.67,23
9441,20221009441,61.86,64.76,57.78,61.47,13.38,79,81.79,17
9442,20221009442,63.16,52.64,70.72,62.17,14.25,95,48.46,50
9443,20221009443,34.21,20,21.38,25.2,12.82,100,72.01,12
9444,20221009444,30.46,27.49,44.67,34.21,15.5,76,37.72,18
9445,20221009445,65.18,75.37,74.69,71.75,18.14,82,74.85,13
9446,20221009446,66.4,64.1,57.75,62.75,16.79,84,71.34,8
9447,20221009447,49.04,50.95,58.66,52.88,18.38,77,74.03,34
9448,20221009448,35.17,34.53,44.2,37.97,22.39,89,54.07,22
9449,20221009449,47.77,57.46,48.18,51.14,20.93,100,86.13,45
9450,20221009450,52.31,57.29,90.05,66.55,3.21,79,44.87,19
9451,20221009451,57.01,46.58,40.42,48.0,15.7,90,67.48,33
9452,20221009452,70.4,84.31,92.69,82.47,3.38,91,48.88,18
9453,20221009453,75.79,85.59,67.3,76.23,12.46,92,88.77,12
9454,20221009454,81.43,69.2,58.92,69.85,17.63,86,68.71,11
9455,20221009455,53.14,55.05,72.02,60.07,15.21,81,100,10
9456,20221009456,55.24,37.74,24.21,39.06,20.78,94,86.98,27
9457,20221009457,74.72,85.86,87.88,82.82,16.88,85,67.89,24
9458,20221009458,66.2,57.17,76.85,66.74,21.26,91,58.66,47
9459,20221009459,74.94,97.47,80.23,84.21,5.73,99,82.52,15
9460,20221009460,32.85,29.42,35.99,32.75,16.17,100,73.67,13
9461,20221009461,30.41,20,20,23.47,19.69,69,88.46,56
9462,20221009462,51.35,60.28,67.19,59.61,14.98,83,76.94,37
9463,20221009463,33.9,48.92,45.99,42.94,13.15,97,49.42,18
9464,20221009464,53.64,57.79,32.9,48.11,21.76,97,81.65,27
9465,20221009465,66.07,59.88,69.39,65.11,11.84,76,86.23,34
9466,20221009466,58.44,58.8,46.58,54.61,8.09,99,54.16,11
9467,20221009467,42.4,26.07,20,29.49,13.7,87,37.83,16
9468,20221009468,60.57,46.91,57.95,55.14,16.6,84,39.68,12
9469,20221009469,41.81,56.27,72.02,56.7,21.26,75,83.58,22
9470,20221009470,71.8,84.66,83.07,79.84,19.02,78,44.01,60
9471,20221009471,57.98,48.92,49.98,52.29,16.52,88,62.84,31
9472,20221009472,73.69,66.65,61.29,67.21,18.44,100,76.25,53
9473,20221009473,54.28,70.69,65.95,63.64,11.61,79,41.33,12
9474,20221009474,64.87,64.49,70.07,66.48,17.05,93,94.38,26
9475,20221009475,84.18,97.93,100,94.04,10.82,89,87.84,30
9476,20221009476,26.9,42.69,37.83,35.81,12.79,80,81.03,29
9477,20221009477,49.01,40.44,51.98,47.14,16.06,100,69.48,17
9478,20221009478,81.94,70.77,55.12,69.28,15.77,78,74.57,23
9479,20221009479,46.27,38.34,42.81,42.47,15.54,78,70.95,34
9480,20221009480,44.71,66.8,72.69,61.4,18.43,100,44.4,31
9481,20221009481,53.9,66.49,78.76,66.38,18.64,82,42.02,29
9482,20221009482,46.38,52.07,58.89,52.45,9.35,90,73.91,36
9483,20221009483,70.38,71.6,59.31,67.1,14.41,99,100,50
9484,20221009484,48.34,65.07,71.74,61.72,24.07,83,100,45
9485,20221009485,33.88,24.96,20,26.28,12.8,78,81.54,31
9486,20221009486,55.8,70.36,57.92,61.36,8.25,93,71.74,35
9487,20221009487,45.01,47.45,61.87,51.44,23.15,100,100,18
9488,20221009488,71.56,65.09,56.12,64.26,18.04,84,61.82,56
9489,20221009489,41.9,33.16,36.32,37.13,17.13,86,71.43,5
9490,20221009490,76.93,100,81.5,86.14,22.49,91,79.14,32
9491,20221009491,36.42,24.16,36.56,32.38,22.03,81,97.45,36
9492,20221009492,71.33,76.48,68.55,72.12,24.34,72,43.08,14
9493,20221009493,42.23,42.37,44.34,42.98,15.45,86,44.48,34
9494,20221009494,50.54,62.91,65.54,59.66,20.62,57,45.59,40
9495,20221009495,65.9,73.05,80.71,73.22,28.63,100,68.19,18
9496,20221009496,84.79,89.69,75.55,83.34,17.83,91,95.37,16
9497,20221009497,37.19,53.62,45.8,45.54,20.93,87,62.77,52
9498,20221009498,66.61,82.0,90.04,79.55,12.74,85,62.0,10
9499,20221009499,39.49,46.62,44.85,43.65,16.44,90,49.94,58
9500,20221009500,63.85,67.49,65.64,65.66,26.63,71,36.57,38
9501,20221009501,71.49,89.52,94.81,85.27,17.53,81,43.92,44
9502,20221009502,54.54,52.53,42.6,49.89,9.7,81,69.51,13
9503,20221009503,78.06,83.0,100,87.02,13.35,94,77.4,32
9504,20221009504,39.9,46.44,48.14,44.83,15.74,88,39.77,11
9505,20221009505,35.79,26.54,38.8,33.71,8.16,96,98.19,30
9506,20221009506,51.23,51.23,45.09,49.18,14.19,79,59.27,13
9507,20221009507,51.46,47.74,53.13,50.78,22.06,100,45.12,17
9508,20221009508,57.96,52.69,52.58,54.41,5.45,96,55.81,21
9509,20221009509,40.22,56.13,67.83,54.73,7.85,92,59.51,26
9510,20221009510,34.15,20,20,24.72,16.42,98,52.63,28
9511,20221009511,38.33,42.85,30.68,37.29,9.81,88,58.76,58
9512,20221009512,69.93,83.08,78.71,77.24,19.19,96,59.72,46
9513,20221009513,80.8,80.17,81.67,80.88,13.34,100,72.22,13
9514,20221009514,48.04,57.51,52.8,52.78,20.64,85,68.04,71
9515,20221009515,65.45,72.47,68.65,68.86,10.4,82,89.44,34
9516,20221009516,80.71,92.67,92.99,88.79,18.53,75,95.58,35
9517,20221009517,48.1,50.38,40.44,46.31,21.79,78,40.45,13
9518,20221009518,35.77,49.92,44.15,43.28,9.79,95,92.67,18
9519,20221009519,61.59,67.94,70.24,66.59,18.13,88,53.39,24
9520,20221009520,40.05,31.42,46.13,39.2,14.48,100,72.98,24
9521,20221009521,43.59,40.42,44.34,42.78,7.52,98,89.09,14
9522,20221009522,50.1,62.0,65.82,59.31,13.32,93,85.29,10
9523,20221009523,39.97,27.32,39.6,35.63,14.4,81,72.92,31
9524,20221009524,68.69,75.12,65.65,69.82,9.2,83,65.03,102
9525,20221009525,35.65,48.56,55.88,46.7,8.62,91,64.87,15
9526,20221009526,41.26,50.16,36.06,42.49,15.82,74,79.0,31
9527,20221009527,43.98,43.97,41.51,43.15,23.93,88,67.55,22
9528,20221009528,28.64,20,36.81,28.48,15.17,89,47.69,48
9529,20221009529,57.4,57.0,67.94,60.78,17.71,96,60.91,30
9530,20221009530,28.99,24.96,33.37,29.11,19.0,86,65.83,13
9531,20221009531,52.4,44.27,49.38,48.68,20.08,87,50.07,41
9532,20221009532,56.89,45.58,51.29,51.25,12.72,84,91.14,20
9533,20221009533,81.58,100,80.02,87.2,16.38,81,49.75,24
9534,20221009534,49.74,42.62,39.42,43.93,23.86,83,51.46,15
9535,20221009535,76.54,78.58,69.24,74.79,23.41,81,97.85,19
9536,20221009536,56.8,55.3,45.43,52.51,12.45,92,46.94,6
9537,20221009537,69.63,78.07,65.58,71.09,21.07,90,40.61,19
9538,20221009538,48.85,62.67,79.75,63.76,15.01,100,77.7,46
9539,20221009539,56.07,50.81,51.61,52.83,22.35,88,100,39
9540,20221009540,38.99,32.5,25.73,32.41,13.98,94,81.42,7
9541,20221009541,39.92,40.98,39.6,40.17,18.67,71,92.27,19
9542,20221009542,65.03,67.54,61.43,64.67,14.2,83,53.76,27
9543,20221009543,29.37,33.9,44.53,35.93,16.88,74,90.42,34
9544,20221009544,56.88,43.56,35.81,45.42,7.83,91,95.17,17
9545,20221009545,55.52,59.23,56.26,57.0,12.82,89,64.45,32
9546,20221009546,65.2,74.68,80.52,73.47,18.53,90,38.11,36
9547,20221009547,70.9,62.38,68.27,67.18,22.49,71,41.61,25
9548,20221009548,27.36,20,25.69,24.35,22.23,83,56.56,9
9549,20221009549,34.43,30.98,26.74,30.72,10.25,87,63.42,28
9550,20221009550,41.03,21.69,38.94,33.89,15.17,86,77.28,33
9551,20221009551,39.82,30.54,33.1,34.49,18.96,80,40.31,15
9552,20221009552,45.84,58.24,47.27,50.45,16.18,95,42.6,10
9553,20221009553,20.51,20,20,20.17,13.4,76,42.31,38
9554,20221009554,62.12,48.44,59.82,56.79,20.86,89,35.0,15
9555,20221009555,48.6,56.95,40.78,48.78,19.27,85,72.76,30
9556,20221009556,82.48,89.61,99.71,90.6,2.05,79,88.48,20
9557,20221009557,65.47,79.61,75.34,73.47,13.7,89,65.57,26
9558,20221009558,42.79,27.35,37.76,35.97,15.53,97,57.02,19
9559,20221009559,43.17,39.33,34.13,38.88,19.94,82,34.62,19
9560,20221009560,71.54,79.62,72.55,74.57,14.9,81,76.14,21
9561,20221009561,61.87,55.89,65.47,61.08,21.77,71,67.83,60
9562,20221009562,74.81,85.6,77.86,79.42,11.9,81,66.36,29
9563,20221009563,74.81,69.79,55.46,66.69,20.91,90,83.01,17
9564,20221009564,62.13,64.03,64.21,63.46,18.79,100,91.74,15
9565,20221009565,52.21,48.68,55.2,52.03,18.2,90,49.52,8
9566,20221009566,68.02,40.59,34.88,47.83,14.04,96,65.88,31
9567,20221009567,62.34,85.4,75.51,74.42,15.35,100,78.94,28
9568,20221009568,39.66,23.4,29.4,30.82,32.03,84,98.38,61
9569,20221009569,83.52,84.47,80.17,82.72,13.81,90,79.93,32
9570,20221009570,32.9,31.61,23.11,29.21,9.7,77,33.6,34
9571,20221009571,37.7,38.29,33.94,36.64,15.11,75,95.59,33
9572,20221009572,72.92,71.81,64.56,69.76,5.94,97,47.25,53
9573,20221009573,35.56,42.33,44.2,40.7,10.13,97,65.82,24
9574,20221009574,44.39,36.38,39.75,40.17,14.07,90,87.19,8
9575,20221009575,62.29,69.03,60.53,63.95,22.9,94,85.71,88
9576,20221009576,45.65,37.6,28.18,37.14,12.51,100,75.91,22
9577,20221009577,42.76,33.3,30.69,35.58,21.26,82,37.33,13
9578,20221009578,41.06,66.18,67.08,58.11,21.53,70,64.43,44
9579,20221009579,75.64,74.11,75.49,75.08,23.73,79,54.07,47
9580,20221009580,35.19,40.65,58.24,44.69,19.42,77,48.99,18
9581,20221009581,79.82,95.0,100,91.61,19.35,93,100,89
9582,20221009582,51.08,42.65,33.64,42.46,11.12,92,62.19,22
9583,20221009583,75.93,84.37,73.69,78.0,20.21,84,56.5,24
9584,20221009584,60.99,52.98,39.52,51.16,22.98,100,92.97,19
9585,20221009585,45.19,62.07,69.36,58.87,10.62,86,87.38,10
9586,20221009586,57.11,47.36,53.07,52.51,21.38,67,75.27,29
9587,20221009587,44.51,45.35,44.72,44.86,15.48,81,93.98,11
9588,20221009588,49.44,40.19,25.15,38.26,18.24,100,64.37,39
9589,20221009589,45.6,48.33,51.02,48.32,13.5,88,52.15,20
9590,20221009590,55.09,57.44,33.5,48.68,16.8,98,58.32,25
9591,20221009591,39.03,29.4,27.84,32.09,12.38,88,68.48,9
9592,20221009592,64.76,74.85,69.76,69.79,2.61,73,73.97,17
9593,20221009593,83.9,91.92,79.13,84.98,15.58,79,88.48,20
9594,20221009594,49.35,41.67,51.57,47.53,7.95,78,56.59,29
9595,20221009595,69.59,59.6,53.24,60.81,14.97,91,32.61,50
9596,20221009596,36.52,27.85,30.81,31.73,17.61,71,58.87,21
9597,20221009597,64.02,69.85,75.54,69.8,18.79,100,57.0,34
9598,20221009598,52.88,51.06,44.53,49.49,19.49,89,37.13,17
9599,20221009599,51.29,24.25,30.3,35.28,13.28,75,90.79,21
9600,20221009600,32.27,23.93,21.66,25.95,9.29,91,65.84,29
9601,20221009601,49.82,27.16,23.2,33.39,8.67,96,67.64,38
9602,20221009602,64.64,66.88,70.31,67.28,20.71,69,66.22,53
9603,20221009603,36.12,30.64,61.4,42.72,12.31,91,62.53,47
9604,20221009604,78.28,71.09,52.67,67.35,7.57,85,45.24,22
9605,20221009605,47.14,40.27,25.5,37.64,14.78,100,90.45,16
9606,20221009606,67.69,68.93,61.02,65.88,7.43,98,91.31,29
9607,20221009607,36.96,61.85,64.55,54.45,25.13,69,91.61,21
9608,20221009608,54.22,57.86,62.55,58.21,7.47,100,49.35,67
9609,20221009609,69.32,77.92,95.18,80.81,34.58,83,50.31,16
9610,20221009610,83.52,100,100,94.51,24.07,84,54.4,19
9611,20221009611,63.06,67.37,84.32,71.58,10.42,99,53.77,8
9612,20221009612,44.3,42.17,52.69,46.39,15.34,92,64.3,57
9613,20221009613,71.45,72.13,88.05,77.21,12.94,85,93.13,18
9614,20221009614,33.57,30.82,38.06,34.15,15.66,82,48.13,16
9615,20221009615,44.98,47.82,38.4,43.73,9.77,86,83.45,64
9616,20221009616,32.32,40.64,38.1,37.02,8.88,87,79.27,27
9617,20221009617,68.39,66.98,66.71,67.36,21.44,86,94.02,18
9618,20221009618,48.11,55.32,55.24,52.89,23.02,84,41.91,41
9619,20221009619,62.33,74.03,63.95,66.77,18.37,87,42.0,38
9620,20221009620,73.01,75.72,55.8,68.18,25.2,72,78.14,22
9621,20221009621,55.95,32.91,41.57,43.48,8.12,81,54.29,55
9622,20221009622,72.5,73.12,70.98,72.2,19.56,90,100,24
9623,20221009623,22.79,20,20,20.93,8.99,76,46.77,21
9624,20221009624,33.93,20,20,24.64,21.09,95,86.61,33
9625,20221009625,72.79,77.89,60.55,70.41,13.82,100,72.88,13
9626,20221009626,44.5,20,20,28.17,16.44,98,81.7,12
9627,20221009627,47.27,48.03,44.59,46.63,14.97,100,89.99,69
9628,20221009628,39.63,37.38,46.75,41.25,10.2,76,48.53,48
9629,20221009629,53.0,50.07,60.24,54.44,16.9,81,61.58,9
9630,20221009630,85.19,100,98.6,94.6,15.21,100,100,19
9631,20221009631,43.14,50.58,52.64,48.79,15.59,91,73.47,18
9632,20221009632,32.24,74.3,87.17,64.57,13.09,89,68.44,14
9633,20221009633,43.07,26.65,29.53,33.08,10.6,83,42.16,17
9634,20221009634,48.22,64.92,56.7,56.61,8.03,93,95.42,54
9635,20221009635,42.21,51.07,54.45,49.24,31.47,100,81.85,14
9636,20221009636,24.79,23.45,21.43,23.22,12.81,98,78.13,24
9637,20221009637,50.7,66.05,81.3,66.02,19.63,87,44.61,58
9638,20221009638,74.19,99.33,85.03,86.18,14.9,87,61.19,54
9639,20221009639,85.92,100,100,95.31,6.47,100,99.02,8
9640,20221009640,33.23,43.15,38.24,38.21,15.79,77,39.15,56
9641,20221009641,25.14,25.84,24.49,25.16,12.69,91,87.21,28
9642,20221009642,32.49,20,23.51,25.33,9.85,80,90.4,15
9643,20221009643,64.52,65.77,66.67,65.65,9.87,95,92.4,12
9644,20221009644,41.37,20,20,27.12,12.68,91,54.53,30
9645,20221009645,58.2,64.91,71.58,64.9,18.71,91,98.31,8
9646,20221009646,63.85,59.63,53.47,58.98,23.6,89,57.48,62
9647,20221009647,51.25,38.3,30.02,39.86,19.93,75,98.54,31
9648,20221009648,75.76,62.14,60.91,66.27,22.89,97,82.85,46
9649,20221009649,52.36,44.03,39.31,45.23,15.5,96,96.14,23
9650,20221009650,71.53,97.74,99.08,89.45,27.02,82,57.49,24
9651,20221009651,57.38,52.37,30.79,46.85,16.24,91,71.23,27
9652,20221009652,59.84,55.03,35.55,50.14,16.83,60,79.07,10
9653,20221009653,70.28,53.14,60.26,61.23,12.34,92,50.3,20
9654,20221009654,40.49,55.65,53.53,49.89,19.77,99,60.98,13
9655,20221009655,49.35,39.93,27.2,38.83,24.16,94,77.58,16
9656,20221009656,49.88,43.02,52.35,48.42,12.17,90,43.3,12
9657,20221009657,35.41,51.19,53.01,46.54,14.66,97,63.37,11
9658,20221009658,56.06,53.6,68.07,59.24,19.07,81,40.81,32
9659,20221009659,79.35,85.63,96.73,87.24,11.16,94,57.14,7
9660,20221009660,43.23,47.31,49.93,46.82,19.96,77,90.85,8
9661,20221009661,56.58,66.6,72.29,65.16,11.19,77,62.79,4
9662,20221009662,53.38,42.33,40.91,45.54,8.34,81,65.18,46
9663,20221009663,62.07,61.63,74.36,66.02,25.57,69,70.55,35
9664,20221009664,36.88,35.69,30.71,34.43,13.83,90,92.2,16
9665,20221009665,45.93,53.49,52.86,50.76,24.87,94,49.98,22
9666,20221009666,35.3,34.47,51.94,40.57,30.28,81,83.61,9
9667,20221009667,72.41,71.39,82.82,75.54,5.89,88,79.43,103
9668,20221009668,64.41,47.82,51.96,54.73,21.36,77,82.3,17
9669,20221009669,29.54,20,20.03,23.19,25.17,70,55.11,40
9670,20221009670,54.62,60.62,62.03,59.09,17.87,85,77.38,31
9671,20221009671,83.71,57.7,45.73,62.38,20.73,100,71.76,27
9672,20221009672,66.68,65.47,66.29,66.15,14.3,95,88.44,17
9673,20221009673,52.92,55.0,62.87,56.93,17.9,85,75.35,42
9674,20221009674,58.16,66.95,70.72,65.28,7.51,98,51.74,12
9675,20221009675,59.66,39.18,32.08,43.64,15.62,100,69.72,10
9676,20221009676,60.56,53.51,59.58,57.88,14.31,92,30.2,15
9677,20221009677,42.6,26.37,48.88,39.28,24.11,83,76.66,13
9678,20221009678,47.37,40.48,53.2,47.02,16.87,91,70.21,24
9679,20221009679,41.36,20,27.9,29.75,14.4,83,100,11
9680,20221009680,43.68,44.57,57.05,48.43,28.08,83,59.87,21
9681,20221009681,74.23,96.52,100,90.25,14.51,80,100,30
9682,20221009682,70.65,89.85,92.52,84.34,7.88,94,89.13,25
9683,20221009683,38.33,31.86,28.37,32.85,2.91,83,47.27,19
9684,20221009684,50.3,57.56,63.9,57.25,17.3,98,77.7,17
9685,20221009685,51.1,59.33,51.44,53.96,10.54,92,79.31,39
9686,20221009686,70.59,80.17,71.34,74.03,21.38,78,85.49,14
9687,20221009687,44.95,41.01,43.83,43.26,18.14,100,42.94,24
9688,20221009688,61.47,64.64,56.99,61.03,17.46,97,72.82,78
9689,20221009689,74.48,69.74,95.61,79.94,16.88,85,73.87,24
9690,20221009690,42.47,31.89,24.56,32.97,23.81,64,45.5,32
9691,20221009691,58.4,36.8,20,38.4,23.66,100,86.58,21
9692,20221009692,50.83,58.54,81.06,63.48,15.36,91,63.8,29
9693,20221009693,39.34,37.51,47.85,41.57,9.29,76,90.06,11
9694,20221009694,48.98,51.38,45.65,48.67,10.28,95,79.42,11
9695,20221009695,75.4,69.23,73.79,72.81,5.79,90,71.68,25
9696,20221009696,62.86,59.2,57.68,59.91,13.45,64,86.34,47
9697,20221009697,53.45,58.78,49.36,53.86,13.3,91,70.72,24
9698,20221009698,48.65,50.68,56.13,51.82,26.08,77,48.38,12
9699,20221009699,51.39,44.62,40.43,45.48,16.16,80,56.51,54
9700,20221009700,20,27.16,37.24,28.13,21.98,85,62.69,21
9701,20221009701,38.34,51.76,58.31,49.47,11.4,86,99.81,8
9702,20221009702,43.76,34.85,49.5,42.7,22.64,65,66.64,18
9703,20221009703,40.87,42.81,48.01,43.9,13.0,92,87.7,38
9704,20221009704,59.38,78.19,76.63,71.4,15.6,79,97.25,42
9705,20221009705,65.35,68.08,59.88,64.44,23.98,84,52.93,22
9706,20221009706,34.0,31.32,32.86,32.73,18.49,95,85.62,10
9707,20221009707,57.45,52.31,50.14,53.3,23.83,90,59.58,25
9708,20221009708,36.64,30.19,52.12,39.65,17.52,95,52.37,21
9709,20221009709,57.55,58.23,71.5,62.43,17.88,83,63.37,20
9710,20221009710,45.6,30.21,29.94,35.25,16.63,83,84.18,47
9711,20221009711,42.98,62.05,56.95,53.99,22.37,82,67.73,34
9712,20221009712,83.22,93.37,100,92.2,13.99,96,97.3,15
9713,20221009713,47.5,90.02,84.66,74.06,10.63,90,52.73,22
9714,20221009714,61.64,54.22,62.69,59.52,18.16,97,65.0,67
9715,20221009715,53.99,69.76,72.8,65.52,17.44,100,78.56,29
9716,20221009716,55.17,29.87,48.66,44.57,19.3,72,71.97,12
9717,20221009717,53.08,82.52,75.57,70.39,6.44,100,77.68,23
9718,20221009718,70.36,72.56,66.49,69.8,13.85,94,52.65,13
9719,20221009719,37.42,34.29,31.32,34.34,15.19,84,51.39,20
9720,20221009720,57.13,35.41,39.05,43.86,8.46,84,35.16,25
9721,20221009721,44.66,34.01,25.5,34.72,15.16,86,98.86,38
9722,20221009722,52.3,23.7,20,32.0,9.72,83,54.2,40
9723,20221009723,52.66,54.27,50.54,52.49,17.38,91,67.2,32
9724,20221009724,56.55,45.9,43.97,48.81,16.9,100,94.39,27
9725,20221009725,60.66,43.27,37.36,47.1,22.81,100,81.13,27
9726,20221009726,75.89,63.31,71.72,70.31,15.16,82,98.96,12
9727,20221009727,32.83,20,20,24.28,16.83,82,58.17,18
9728,20221009728,71.69,80.76,75.41,75.95,13.93,91,94.59,50
9729,20221009729,52.65,45.35,38.32,45.44,6.27,81,60.07,19
9730,20221009730,56.33,52.71,73.75,60.93,10.51,75,52.6,15
9731,20221009731,58.26,51.72,57.5,55.83,14.27,93,85.27,51
9732,20221009732,73.03,69.2,63.59,68.61,7.18,100,66.26,14
9733,20221009733,75.63,69.98,57.66,67.76,11.74,100,50.17,17
9734,20221009734,51.18,40.26,44.26,45.23,11.84,92,56.86,26
9735,20221009735,63.13,74.88,76.78,71.6,2.12,78,73.01,56
9736,20221009736,33.07,48.99,41.41,41.16,7.23,73,77.49,36
9737,20221009737,40.31,51.36,51.77,47.81,5.29,78,84.86,12
9738,20221009738,55.68,43.83,43.71,47.74,17.09,96,89.82,21
9739,20221009739,37.82,31.39,32.1,33.77,10.15,86,87.89,17
9740,20221009740,49.73,45.51,36.02,43.75,2,86,94.56,34
9741,20221009741,39.25,40.91,32.13,37.43,15.66,86,69.59,44
9742,20221009742,35.04,35.91,52.57,41.17,29.2,99,60.66,59
9743,20221009743,41.64,43.61,47.15,44.13,21.48,77,89.22,20
9744,20221009744,55.48,43.37,39.83,46.23,19.87,83,53.54,55
9745,20221009745,66.78,89.48,84.6,80.29,26.2,98,98.39,44
9746,20221009746,58.8,37.16,39.29,45.08,22.09,82,83.56,45
9747,20221009747,67.31,46.71,61.86,58.63,25.65,100,55.44,12
9748,20221009748,66.14,76.79,65.68,69.54,21.84,70,70.47,29
9749,20221009749,37.75,37.63,29.07,34.82,17.89,85,91.51,16
9750,20221009750,31.18,49.26,48.92,43.12,8.87,96,44.78,23
9751,20221009751,46.87,49.62,50.73,49.07,25.48,93,45.66,9
9752,20221009752,50.7,55.84,45.5,50.68,16.4,80,91.2,118
9753,20221009753,30.04,32.72,50.83,37.86,23.53,91,79.44,29
9754,20221009754,61.28,54.29,59.15,58.24,15.43,82,67.36,47
9755,20221009755,58.28,52.29,45.95,52.17,8.21,92,90.08,15
9756,20221009756,52.58,47.04,53.24,50.95,17.4,81,83.89,10
9757,20221009757,70.82,62.16,76.44,69.81,4.94,100,93.78,17
9758,20221009758,42.77,23.21,27.01,31.0,22.18,91,97.26,57
9759,20221009759,46.32,70.73,84.71,67.25,16.87,73,87.02,42
9760,20221009760,52.59,31.55,31.87,38.67,16.96,94,57.51,62
9761,20221009761,52.75,60.74,60.06,57.85,12.15,100,89.57,53
9762,20221009762,69.87,70.89,65.88,68.88,20.11,100,88.16,29
9763,20221009763,52.19,51.56,42.85,48.87,16.95,85,42.05,47
9764,20221009764,77.86,60.26,66.19,68.1,18.03,100,70.18,19
9765,20221009765,66.64,78.15,65.82,70.2,9.11,86,45.78,8
9766,20221009766,76.85,84.71,80.76,80.77,2,100,100,54
9767,20221009767,62.27,61.6,54.75,59.54,17.14,73,51.57,9
9768,20221009768,48.48,41.13,65.09,51.57,20.57,70,65.74,54
9769,20221009769,65.39,52.14,41.91,53.15,10.87,70,86.23,13
9770,20221009770,39.4,44.71,43.86,42.66,21.89,94,51.79,41
9771,20221009771,62.66,73.57,81.5,72.58,11.39,88,45.28,30
9772,20221009772,45.91,31.68,35.51,37.7,10.91,84,75.93,30
9773,20221009773,29.21,26.19,20,25.13,19.44,92,100,49
9774,20221009774,73.58,93.66,100,89.08,9.75,98,87.4,26
9775,20221009775,68.43,58.68,53.2,60.1,21.32,88,96.14,48
9776,20221009776,66.02,72.97,69.57,69.52,19.89,75,88.06,23
9777,20221009777,71.81,64.5,76.25,70.85,15.7,100,86.62,40
9778,20221009778,50.1,59.68,53.46,54.41,16.56,86,93.56,21
9779,20221009779,30.46,49.42,24.75,34.88,23.3,82,47.21,15
9780,20221009780,23.65,38.38,46.28,36.1,6.47,95,50.01,11
9781,20221009781,34.32,23.86,20.74,26.31,31.02,94,73.93,31
9782,20221009782,53.28,51.61,60.67,55.19,17.39,70,51.47,61
9783,20221009783,68.18,84.02,83.16,78.45,13.82,81,98.95,51
9784,20221009784,69.19,85.13,82.23,78.85,14.88,83,68.96,28
9785,20221009785,50.35,52.64,68.87,57.29,14.47,88,56.98,17
9786,20221009786,40.41,36.53,29.02,35.32,8.39,81,76.9,18
9787,20221009787,60.75,50.49,35.46,48.9,25.87,100,65.76,20
9788,20221009788,77.09,83.27,88.84,83.07,24.96,82,44.57,9
9789,20221009789,35.49,36.53,33.33,35.12,15.97,97,51.96,57
9790,20221009790,71.95,56.21,64.86,64.34,21.7,93,61.76,40
9791,20221009791,47.37,20,20,29.12,8.5,100,80.44,9
9792,20221009792,65.95,80.26,69.37,71.86,23.13,93,100,23
9793,20221009793,48.75,35.99,32.83,39.19,20.03,100,76.49,122
9794,20221009794,61.61,50.72,57.05,56.46,24.99,68,100,55
9795,20221009795,42.25,41.73,50.66,44.88,15.41,98,74.69,15
9796,20221009796,32.11,26.75,25.01,27.96,8.12,79,80.44,48
9797,20221009797,28.36,20,22.67,23.68,3.63,93,41.05,7
9798,20221009798,69.14,58.09,59.32,62.18,3.23,91,75.05,37
9799,20221009799,45.99,58.92,55.26,53.39,15.94,100,93.8,55
9800,20221009800,68.48,50.54,60.29,59.77,25.1,89,45.0,26
9801,20221009801,53.52,52.46,64.65,56.88,13.5,83,79.45,16
9802,20221009802,70.19,67.35,67.23,68.26,27.51,82,78.53,19
9803,20221009803,64.19,68.88,64.22,65.76,14.88,90,52.03,48
9804,20221009804,52.59,61.39,82.32,65.43,19.12,100,47.83,58
9805,20221009805,78.04,70.67,52.2,66.97,9.29,85,90.74,24
9806,20221009806,58.76,47.8,58.85,55.14,15.26,90,48.8,7
9807,20221009807,55.64,66.44,61.38,61.15,23.89,94,74.63,30
9808,20221009808,29.71,47.61,38.01,38.44,21.67,68,77.18,22
9809,20221009809,39.04,48.38,32.8,40.07,14.02,83,74.91,18
9810,20221009810,41.37,38.27,42.76,40.8,31.65,78,75.74,22
9811,20221009811,62.03,77.65,89.87,76.52,17.7,70,86.17,35
9812,20221009812,60.45,58.5,68.25,62.4,14.87,77,98.63,47
9813,20221009813,35.95,20,25.03,26.99,10.64,92,69.23,24
9814,20221009814,52.46,44.96,65.86,54.43,22.75,84,54.73,28
9815,20221009815,71.1,59.26,72.67,67.68,14.34,85,50.25,9
9816,20221009816,71.92,93.24,89.33,84.83,22.72,86,78.38,56
9817,20221009817,86.27,73.54,75.35,78.39,22.13,100,77.23,16
9818,20221009818,50.12,58.48,52.37,53.66,20.92,82,37.28,10
9819,20221009819,71.85,63.7,73.56,69.7,26.09,99,42.6,14
9820,20221009820,28.54,24.52,20,24.35,17.19,81,79.19,40
9821,20221009821,75.21,78.91,80.26,78.13,20.17,81,87.17,69
9822,20221009822,54.03,68.72,81.24,68.0,18.21,95,100,29
9823,20221009823,71.16,70.68,63.26,68.37,12.22,100,71.3,20
9824,20221009824,78.1,82.73,81.4,80.74,12.18,76,49.2,29
9825,20221009825,39.33,56.24,69.01,54.86,21.53,100,79.48,39
9826,20221009826,41.09,20,21.15,27.41,19.65,98,46.33,47
9827,20221009827,47.69,60.42,64.21,57.44,15.51,98,56.39,28
9828,20221009828,43.62,41.47,36.63,40.57,15.67,100,82.94,12
9829,20221009829,41.92,48.9,55.06,48.63,10.87,84,100,18
9830,20221009830,26.34,27.78,35.2,29.77,18.01,80,53.33,17
9831,20221009831,53.29,52.87,45.31,50.49,8.36,72,41.54,46
9832,20221009832,37.62,35.56,38.16,37.11,21.31,92,61.1,13
9833,20221009833,55.42,60.64,40.13,52.06,16.65,90,93.48,14
9834,20221009834,55.52,64.79,56.55,58.95,13.76,84,73.6,17
9835,20221009835,27.88,31.5,20,26.46,20.85,98,56.84,47
9836,20221009836,58.83,52.57,52.1,54.5,11.27,86,73.59,43
9837,20221009837,58.67,89.92,100,82.86,15.37,87,79.74,9
9838,20221009838,41.6,23.96,25.33,30.3,17.96,100,60.71,13
9839,20221009839,37.21,48.13,40.27,41.87,12.41,95,65.01,21
9840,20221009840,51.63,39.52,46.06,45.74,14.16,85,74.32,67
9841,20221009841,78.61,89.7,82.94,83.75,18.99,88,87.56,15
9842,20221009842,48.92,54.45,46.83,50.07,13.29,100,91.56,54
9843,20221009843,70.83,83.84,72.2,75.62,13.66,85,86.69,67
9844,20221009844,65.81,61.61,57.22,61.55,19.16,84,78.21,33
9845,20221009845,68.35,77.01,65.07,70.14,18.71,95,80.43,44
9846,20221009846,61.11,70.27,79.43,70.27,18.04,92,89.04,15
9847,20221009847,33.26,27.8,23.85,28.3,15.36,90,85.07,59
9848,20221009848,54.03,57.75,52.73,54.84,18.79,90,85.91,26
9849,20221009849,42.45,43.74,32.45,39.55,12.35,74,58.45,38
9850,20221009850,50.34,56.94,56.95,54.74,10.82,100,47.17,10
9851,20221009851,73.38,64.33,92.56,76.76,18.42,95,100,17
9852,20221009852,54.73,67.73,67.89,63.45,7.47,100,45.47,26
9853,20221009853,65.05,73.15,66.0,68.07,10.93,86,51.26,48
9854,20221009854,35.26,20,20,25.09,9.31,80,70.9,13
9855,20221009855,64.45,61.35,61.49,62.43,28.75,100,84.08,8
9856,20221009856,37.11,40.45,30.81,36.12,20.32,92,91.03,35
9857,20221009857,67.51,62.27,63.77,64.52,13.45,69,35.67,14
9858,20221009858,85.73,69.57,76.53,77.28,26.38,87,73.5,66
9859,20221009859,72.22,94.96,100,89.06,21.86,93,57.06,27
9860,20221009860,71.58,60.47,63.55,65.2,14.83,98,86.32,32
9861,20221009861,70.79,66.84,69.96,69.2,14.61,81,85.21,26
9862,20221009862,56.41,41.19,55.79,51.13,11.55,60,47.74,33
9863,20221009863,78.09,83.45,82.39,81.31,20.14,79,98.7,63
9864,20221009864,40.86,64.25,67.79,57.63,7.54,79,50.91,16
9865,20221009865,62.07,71.81,74.35,69.41,6.42,82,63.91,29
9866,20221009866,65.9,63.18,48.58,59.22,22.33,89,69.02,28
9867,20221009867,68.53,82.48,67.97,72.99,20.61,90,49.77,21
9868,20221009868,53.24,69.43,82.03,68.23,20.04,87,93.14,39
9869,20221009869,46.83,27.17,29.45,34.48,12.59,100,87.8,65
9870,20221009870,70.71,69.68,56.66,65.68,18.76,96,68.68,12
9871,20221009871,56.7,54.2,79.43,63.44,26.42,79,84.62,33
9872,20221009872,76.04,73.87,82.68,77.53,11.63,98,37.54,41
9873,20221009873,63.12,66.83,71.7,67.22,24.69,81,81.63,20
9874,20221009874,37.64,38.9,39.8,38.78,14.45,74,53.93,59
9875,20221009875,38.56,36.15,47.22,40.64,13.24,100,89.13,19
9876,20221009876,72.94,59.26,65.24,65.81,26.17,89,67.23,29
9877,20221009877,65.33,65.57,74.9,68.6,6.54,75,49.57,20
9878,20221009878,62.83,87.65,96.58,82.35,12.84,98,62.35,12
9879,20221009879,60.32,57.84,66.86,61.67,12.21,73,75.0,21
9880,20221009880,29.01,30.81,24.82,28.21,10.61,76,68.0,45
9881,20221009881,75.82,73.91,72.46,74.06,17.92,83,38.81,43
9882,20221009882,70.96,68.52,52.15,63.88,17.48,86,61.53,42
9883,20221009883,70.97,80.51,64.35,71.94,7.7,86,100,31
9884,20221009884,62.42,48.78,38.13,49.78,17.07,95,57.84,40
9885,20221009885,76.68,85.11,82.45,81.41,18.33,87,79.57,37
9886,20221009886,34.13,27.86,34.06,32.02,21.62,75,68.6,37
9887,20221009887,46.37,54.59,61.99,54.32,18.36,93,100,10
9888,20221009888,36.11,25.78,24.53,28.81,22.5,87,64.09,64
9889,20221009889,54.71,66.78,66.86,62.78,17.43,85,100,42
9890,20221009890,33.32,22.2,20,25.17,11.15,96,57.67,25
9891,20221009891,51.38,62.76,63.8,59.31,18.94,78,79.3,23
9892,20221009892,57.15,51.56,63.1,57.27,12.87,85,45.13,24
9893,20221009893,70.47,80.92,79.66,77.02,12.8,88,49.17,16
9894,20221009894,65.12,48.28,41.67,51.69,24.5,100,67.66,19
9895,20221009895,58.35,68.48,76.45,67.76,14.49,95,64.12,34
9896,20221009896,65.95,59.63,80.32,68.63,16.79,85,48.18,22
9897,20221009897,25.29,39.69,32.6,32.53,16.51,78,47.67,21
9898,20221009898,63.09,64.4,55.48,60.99,6.66,80,36.5,17
9899,20221009899,45.36,44.89,31.81,40.69,12.11,72,90.33,23
9900,20221009900,34.04,34.58,30.08,32.9,16.8,96,93.44,60
9901,20221009901,47.71,51.0,41.66,46.79,7.75,94,94.95,33
9902,20221009902,42.37,39.86,59.89,47.37,21.97,80,72.39,45
9903,20221009903,76.55,63.19,72.4,70.71,9.86,93,84.4,27
9904,20221009904,45.11,43.87,28.67,39.22,18.73,94,78.62,33
9905,20221009905,63.68,58.79,57.04,59.84,24.49,100,31.53,15
9906,20221009906,76.42,71.77,50.58,66.26,16.96,99,99.77,11
9907,20221009907,51.6,46.51,58.69,52.27,20.67,85,83.71,23
9908,20221009908,44.69,20,33.48,32.72,20.4,74,79.51,33
9909,20221009909,49.36,37.5,22.92,36.59,12.89,89,53.5,38
9910,20221009910,63.65,60.76,57.89,60.77,11.71,100,82.38,10
9911,20221009911,47.69,55.79,44.84,49.44,16.14,84,43.67,15
9912,20221009912,43.14,47.07,39.51,43.24,9.22,80,97.24,22
9913,20221009913,73.87,68.79,74.27,72.31,15.7,100,43.97,38
9914,20221009914,73.35,74.48,63.74,70.52,15.56,70,87.5,39
9915,20221009915,73.16,94.77,100,89.31,12.55,96,73.02,45
9916,20221009916,82.02,83.85,94.4,86.76,18.24,93,85.7,17
9917,20221009917,40.74,47.72,50.55,46.34,8.15,81,36.31,16
9918,20221009918,76.25,77.54,83.25,79.01,19.23,84,86.64,11
9919,20221009919,79.89,82.56,79.9,80.78,11.32,96,48.93,21
9920,20221009920,84.85,100,100,94.95,22.72,80,69.37,10
9921,20221009921,78.39,82.0,68.8,76.4,15.22,88,84.44,24
9922,20221009922,54.62,55.12,69.5,59.75,19.73,100,47.31,23
9923,20221009923,55.34,68.65,77.24,67.08,11.14,91,56.73,52
9924,20221009924,30.92,21.82,31.27,28.0,24.66,72,99.91,6
9925,20221009925,64.0,54.84,66.35,61.73,5.3,93,57.7,46
9926,20221009926,47.75,37.22,53.55,46.17,22.17,86,38.31,91
9927,20221009927,45.98,49.98,50.5,48.82,10.67,87,60.53,37
9928,20221009928,39.61,44.43,36.5,40.18,21.47,64,68.65,20
9929,20221009929,53.6,22.56,20,32.05,14.81,85,63.31,36
9930,20221009930,61.59,59.95,67.05,62.86,11.45,98,61.53,29
9931,20221009931,30.71,20,26.41,25.71,15.78,81,37.58,20
9932,20221009932,39.28,35.0,34.32,36.2,15.23,92,73.46,13
9933,20221009933,66.63,67.7,58.03,64.12,15.0,96,80.65,31
9934,20221009934,53.92,70.78,65.54,63.41,16.02,97,97.52,11
9935,20221009935,72.2,69.61,76.77,72.86,29.3,94,92.27,25
9936,20221009936,73.02,69.83,54.47,65.77,9.27,100,84.94,29
9937,20221009937,59.88,58.39,56.55,58.27,13.9,84,67.87,35
9938,20221009938,72.06,59.25,70.7,67.34,13.51,100,44.29,12
9939,20221009939,61.86,53.29,34.65,49.93,12.68,92,66.69,33
9940,20221009940,54.3,38.42,36.96,43.23,17.75,81,55.94,25
9941,20221009941,40.21,30.23,20,30.15,15.97,100,41.91,27
9942,20221009942,75.48,99.91,100,91.8,8.34,90,61.26,10
9943,20221009943,27.1,20,20,22.37,15.42,77,86.81,21
9944,20221009944,75.85,82.9,64.28,74.34,15.39,85,53.22,16
9945,20221009945,63.77,64.82,52.95,60.51,19.68,84,84.87,39
9946,20221009946,69.59,76.76,87.86,78.07,8.69,99,100,36
9947,20221009947,76.24,84.84,68.06,76.38,20.0,100,58.86,13
9948,20221009948,35.61,20,21.92,25.84,16.44,83,96.61,18
9949,20221009949,34.75,48.82,53.61,45.73,19.38,78,95.0,36
9950,20221009950,54.64,72.5,63.62,63.59,20.85,88,42.03,75
9951,20221009951,82.17,92.14,98.93,91.08,16.98,92,82.07,18
9952,20221009952,44.13,64.6,73.61,60.78,15.96,98,37.84,33
9953,20221009953,85.91,79.36,78.28,81.18,13.73,94,76.04,27
9954,20221009954,70.52,71.97,61.83,68.11,20.63,100,100,19
9955,20221009955,53.23,48.8,35.3,45.78,17.4,91,56.89,26
9956,20221009956,67.53,65.89,62.35,65.26,16.07,93,45.92,21
9957,20221009957,51.36,61.5,67.88,60.25,24.52,86,41.37,48
9958,20221009958,62.12,78.59,92.82,77.84,9.48,100,74.26,52
9959,20221009959,32.32,29.62,34.19,32.04,8.56,100,80.6,13
9960,20221009960,46.49,43.23,45.59,45.1,23.24,78,69.08,10
9961,20221009961,47.69,22.87,33.86,34.81,22.61,84,90.92,43
9962,20221009962,55.82,53.49,38.4,49.24,11.21,88,49.99,26
9963,20221009963,45.3,59.27,46.18,50.25,21.09,87,49.61,31
9964,20221009964,35.37,38.81,38.62,37.6,7.85,78,51.29,22
9965,20221009965,70.04,71.4,75.53,72.32,17.87,97,89.85,23
9966,20221009966,52.68,53.83,60.68,55.73,23.94,91,60.43,19
9967,20221009967,41.48,58.7,64.49,54.89,15.49,79,91.63,30
9968,20221009968,32.78,34.58,47.21,38.19,19.95,76,81.21,22
9969,20221009969,67.98,54.72,65.89,62.86,13.6,80,56.7,18
9970,20221009970,63.69,73.69,75.25,70.88,15.9,89,85.82,10
9971,20221009971,38.3,50.7,47.5,45.5,16.66,95,62.22,20
9972,20221009972,64.23,64.29,63.86,64.13,5.59,89,89.44,33
9973,20221009973,46.24,44.02,39.98,43.41,14.94,91,63.01,29
9974,20221009974,73.28,82.09,67.36,74.24,18.3,100,84.96,55
9975,20221009975,32.01,46.34,59.64,46.0,14.98,98,68.18,29
9976,20221009976,58.64,61.34,66.15,62.04,16.33,96,60.1,9
9977,20221009977,77.02,74.64,79.01,76.89,8.99,95,83.06,17
9978,20221009978,53.35,50.34,57.09,53.59,16.11,89,77.61,35
9979,20221009979,57.53,50.23,49.05,52.27,19.23,100,52.8,15
9980,20221009980,74.11,64.74,55.1,64.65,15.58,73,51.19,11
9981,20221009981,54.56,52.07,55.98,54.2,13.65,100,82.66,4
9982,20221009982,43.53,46.56,46.3,45.46,13.95,93,58.47,43
9983,20221009983,61.24,64.64,64.24,63.37,27.35,79,100,27
9984,20221009984,30.73,47.64,65.44,47.94,24.34,79,75.09,48
9985,20221009985,49.99,63.06,53.12,55.39,9.11,87,43.55,11
9986,20221009986,70.54,67.49,61.97,66.67,12.04,79,97.4,84
9987,20221009987,24.1,36.76,37.16,32.67,15.31,86,57.44,42
9988,20221009988,38.73,41.52,22.13,34.13,3.82,98,76.19,16
9989,20221009989,33.14,37.39,43.01,37.85,11.16,94,88.79,13
9990,20221009990,24.0,20,23.99,22.66,8.0,96,67.24,5
9991,20221009991,66.69,50.27,35.04,50.67,6.41,83,89.27,19
9992,20221009992,39.91,29.8,27.43,32.38,12.98,83,39.08,16
9993,20221009993,57.59,57.13,66.79,60.5,14.82,94,84.23,16
9994,20221009994,63.3,51.88,48.3,54.49,29.32,72,35.34,47
9995,20221009995,58.51,72.87,66.82,66.07,18.25,88,95.85,31
9996,20221009996,42.45,75.49,74.87,64.27,24.22,100,97.44,24
9997,20221009997,54.28,67.27,61.91,61.15,19.55,95,59.25,18
9998,20221009998,64.41,67.07,63.88,65.12,17.23,87,95.79,8
9999,20221009999,48.91,38.97,48.1,45.33,14.0,89,50.28,48
10000,20221010000,51.78,51.87,51.92,51.86,11.08,90,53.71,48
