student_id,student_no,name,gender,grade,class,birth_date,contact_phone,email
1,20221000001,徐腾昊,女,大一,11班,2007-08-09,13688589067,20221000001@school.edu.cn
2,20221000002,许宥二,男,大一,1班,2006-10-02,15099883522,20221000002@school.edu.cn
3,20221000003,周思,女,大一,12班,2006-05-03,13663090021,20221000003@school.edu.cn
4,20221000004,林渲八,男,大一,4班,2006-10-09,17842708906,20221000004@school.edu.cn
5,20221000005,罗婕骞,男,大一,1班,2007-10-11,18060570893,20221000005@school.edu.cn
6,20221000006,李林瑾,男,大一,11班,2007-01-24,17604184880,20221000006@school.edu.cn
7,20221000007,曹颖霖,男,大一,4班,2007-01-02,15098379352,20221000007@school.edu.cn
8,20221000008,韩婷锴,男,大一,3班,2006-03-09,13762495417,20221000008@school.edu.cn
9,20221000009,周睿御,女,大一,5班,2007-09-12,13258889144,20221000009@school.edu.cn
10,20221000010,谢嫣,女,大一,4班,2007-09-10,18519806269,20221000010@school.edu.cn
11,20221000011,冯菲茹,女,大一,1班,2006-03-19,18729086100,20221000011@school.edu.cn
12,20221000012,袁睿九,女,大一,5班,2006-11-09,13327319171,20221000012@school.edu.cn
13,20221000013,周珂御,男,大一,12班,2006-03-07,13109216117,20221000013@school.edu.cn
14,20221000014,谢雨,男,大一,1班,2006-05-13,15952335065,20221000014@school.edu.cn
15,20221000015,李明骞,女,大一,12班,2006-01-07,18364186012,20221000015@school.edu.cn
16,20221000016,郑明蕾,男,大一,6班,2007-06-01,15231865767,20221000016@school.edu.cn
17,20221000017,郭依颖,男,大一,2班,2007-05-27,13727059961,20221000017@school.edu.cn
18,20221000018,唐八怡,女,大一,9班,2007-08-08,13035224084,20221000018@school.edu.cn
19,20221000019,沈若希,女,大一,3班,2006-12-06,17399645565,20221000019@school.edu.cn
20,20221000020,周欣,女,大一,7班,2006-11-13,15257053578,20221000020@school.edu.cn
21,20221000021,陈景骐,男,大一,7班,2006-12-28,18017919828,20221000021@school.edu.cn
22,20221000022,朱妍可,男,大一,5班,2007-01-15,18238701040,20221000022@school.edu.cn
23,20221000023,高瑶怡,男,大一,4班,2006-10-10,15111540236,20221000023@school.edu.cn
24,20221000024,周清馥,男,大一,6班,2006-03-22,13267875651,20221000024@school.edu.cn
25,20221000025,于泽茹,女,大一,1班,2006-08-26,13012169656,20221000025@school.edu.cn
26,20221000026,李涵帆,男,大一,4班,2006-01-31,18820803079,20221000026@school.edu.cn
27,20221000027,吕杰希,女,大一,3班,2006-01-11,18507820771,20221000027@school.edu.cn
28,20221000028,彭瑞,男,大一,1班,2007-11-16,13933646394,20221000028@school.edu.cn
29,20221000029,马羽,女,大一,12班,2006-08-21,13942294725,20221000029@school.edu.cn
30,20221000030,曹博凯,男,大一,5班,2006-07-02,13149221631,20221000030@school.edu.cn
31,20221000031,杨子,女,大一,2班,2006-01-01,17667289250,20221000031@school.edu.cn
32,20221000032,林佳晟,女,大一,8班,2007-08-19,18234789286,20221000032@school.edu.cn
33,20221000033,孙乐萌,女,大一,12班,2007-03-02,17780906171,20221000033@school.edu.cn
34,20221000034,傅奕馥,男,大一,7班,2006-03-20,13471821279,20221000034@school.edu.cn
35,20221000035,萧思宇,女,大一,1班,2006-07-03,18883790452,20221000035@school.edu.cn
36,20221000036,郭颖衡,女,大一,1班,2006-11-03,18067897839,20221000036@school.edu.cn
37,20221000037,李筱煜,女,大一,10班,2006-01-12,18272709603,20221000037@school.edu.cn
38,20221000038,曹涵,女,大一,10班,2007-04-24,18085091553,20221000038@school.edu.cn
39,20221000039,许启琛,男,大一,10班,2006-08-19,13552398433,20221000039@school.edu.cn
40,20221000040,周乐琳,男,大一,9班,2007-04-25,15325262583,20221000040@school.edu.cn
41,20221000041,林筱御,男,大一,6班,2006-09-15,13727415982,20221000041@school.edu.cn
42,20221000042,程星,女,大一,10班,2007-06-30,13688283642,20221000042@school.edu.cn
43,20221000043,程雨,男,大一,11班,2007-08-25,17504748149,20221000043@school.edu.cn
44,20221000044,吕梓,女,大一,4班,2006-01-20,17884280006,20221000044@school.edu.cn
45,20221000045,徐泓,男,大一,6班,2006-12-19,13188183995,20221000045@school.edu.cn
46,20221000046,吕依,男,大一,7班,2007-11-20,18711573762,20221000046@school.edu.cn
47,20221000047,许景渝,男,大一,3班,2007-03-25,13673643706,20221000047@school.edu.cn
48,20221000048,周珺钰,男,大一,1班,2007-07-28,15065012324,20221000048@school.edu.cn
49,20221000049,吕五泽,男,大一,1班,2007-09-26,13640934879,20221000049@school.edu.cn
50,20221000050,曹二恺,女,大一,5班,2006-09-30,15317665909,20221000050@school.edu.cn
51,20221000051,杨霖,男,大一,4班,2007-02-11,15390408245,20221000051@school.edu.cn
52,20221000052,曹博,男,大一,4班,2006-07-02,15399213278,20221000052@school.edu.cn
53,20221000053,徐筱宁,男,大一,7班,2006-06-26,15777526081,20221000053@school.edu.cn
54,20221000054,高乐珊,女,大一,2班,2006-12-31,13734387458,20221000054@school.edu.cn
55,20221000055,林梓翎,男,大一,4班,2006-02-10,15073717268,20221000055@school.edu.cn
56,20221000056,吕泓帆,男,大一,7班,2006-12-12,15858821114,20221000056@school.edu.cn
57,20221000057,徐五渝,女,大一,2班,2006-09-25,13368190128,20221000057@school.edu.cn
58,20221000058,梁序,男,大一,6班,2007-04-26,18857880709,20221000058@school.edu.cn
59,20221000059,邓泓萱,男,大一,8班,2006-04-18,15273434330,20221000059@school.edu.cn
60,20221000060,宋乐凯,女,大一,4班,2007-05-20,18132137664,20221000060@school.edu.cn
61,20221000061,许佳钰,女,大一,11班,2006-10-31,15271853422,20221000061@school.edu.cn
62,20221000062,董姝驰,男,大一,2班,2007-09-01,15175804773,20221000062@school.edu.cn
63,20221000063,赵杰,男,大一,7班,2006-05-18,17713584458,20221000063@school.edu.cn
64,20221000064,袁岚六,男,大一,5班,2006-05-06,18058309650,20221000064@school.edu.cn
65,20221000065,曹若骁,男,大一,9班,2006-04-07,13047091843,20221000065@school.edu.cn
66,20221000066,冯筱萱,女,大一,10班,2007-03-03,13917804599,20221000066@school.edu.cn
67,20221000067,傅婷博,女,大一,5班,2006-01-06,13212798296,20221000067@school.edu.cn
68,20221000068,杨梓,女,大一,8班,2007-05-26,18641766301,20221000068@school.edu.cn
69,20221000069,郑翊宇,男,大一,6班,2007-08-10,17651218693,20221000069@school.edu.cn
70,20221000070,曾晨,男,大一,7班,2006-02-27,17535364222,20221000070@school.edu.cn
71,20221000071,彭彦怡,女,大一,7班,2006-07-24,13854921047,20221000071@school.edu.cn
72,20221000072,郑宥斌,男,大一,12班,2006-07-25,18388124608,20221000072@school.edu.cn
73,20221000073,曾依瑶,男,大一,7班,2006-10-21,17616026486,20221000073@school.edu.cn
74,20221000074,罗锦珂,男,大一,3班,2006-05-13,15073454495,20221000074@school.edu.cn
75,20221000075,郭瑶,女,大一,12班,2006-07-01,13742263643,20221000075@school.edu.cn
76,20221000076,马瑶焱,男,大一,2班,2006-12-29,15802132630,20221000076@school.edu.cn
77,20221000077,郭涵函,男,大一,9班,2007-09-08,18670121750,20221000077@school.edu.cn
78,20221000078,罗琛娅,男,大一,6班,2006-01-27,17320509846,20221000078@school.edu.cn
79,20221000079,董雅辰,女,大一,8班,2007-03-28,15022978257,20221000079@school.edu.cn
80,20221000080,何志然,女,大一,12班,2006-08-27,15322342866,20221000080@school.edu.cn
81,20221000081,梁六文,男,大一,8班,2007-03-23,18169988130,20221000081@school.edu.cn
82,20221000082,邓瑜衡,女,大一,12班,2007-10-24,17589024258,20221000082@school.edu.cn
83,20221000083,曹琛,男,大一,12班,2006-12-12,13149829004,20221000083@school.edu.cn
84,20221000084,陈琛焱,女,大一,9班,2006-12-07,18565383580,20221000084@school.edu.cn
85,20221000085,罗睿五,女,大一,12班,2006-10-22,15769446977,20221000085@school.edu.cn
86,20221000086,郑颖三,女,大一,4班,2006-05-30,13282106984,20221000086@school.edu.cn
87,20221000087,谢思驰,女,大一,11班,2006-11-18,13127064333,20221000087@school.edu.cn
88,20221000088,黄锦辰,男,大一,12班,2006-01-06,13782540148,20221000088@school.edu.cn
89,20221000089,黄乐,女,大一,4班,2006-03-01,15188596817,20221000089@school.edu.cn
90,20221000090,罗泓璐,男,大一,10班,2007-06-19,13296450793,20221000090@school.edu.cn
91,20221000091,傅二,女,大一,8班,2006-09-26,15906033833,20221000091@school.edu.cn
92,20221000092,萧泓琪,女,大一,8班,2006-06-15,17644051763,20221000092@school.edu.cn
93,20221000093,何妍琳,男,大一,5班,2006-06-06,13099123145,20221000093@school.edu.cn
94,20221000094,黄珺骞,女,大一,11班,2006-10-03,13947280751,20221000094@school.edu.cn
95,20221000095,陈曜滢,男,大一,1班,2006-02-27,17572783236,20221000095@school.edu.cn
96,20221000096,郑琳,男,大一,7班,2006-05-08,15269989285,20221000096@school.edu.cn
97,20221000097,高宇,女,大一,2班,2007-01-23,15367716188,20221000097@school.edu.cn
98,20221000098,宋语滢,女,大一,9班,2006-06-15,15115520559,20221000098@school.edu.cn
99,20221000099,傅姝彤,女,大一,9班,2007-10-28,18239046174,20221000099@school.edu.cn
100,20221000100,孙婕坤,男,大一,3班,2006-05-31,18735275242,20221000100@school.edu.cn
101,20221000101,陈乐可,男,大一,3班,2007-01-11,15180889707,20221000101@school.edu.cn
102,20221000102,马三志,男,大一,1班,2007-08-15,13131266979,20221000102@school.edu.cn
103,20221000103,马莹泽,男,大一,9班,2006-10-27,13089148374,20221000103@school.edu.cn
104,20221000104,王宁蕾,女,大一,10班,2006-06-02,13490226350,20221000104@school.edu.cn
105,20221000105,陈浩,女,大一,5班,2007-09-15,15092315122,20221000105@school.edu.cn
106,20221000106,赵子斌,女,大一,8班,2007-02-21,15747458360,20221000106@school.edu.cn
107,20221000107,孙婕,女,大一,9班,2006-06-27,15799582909,20221000107@school.edu.cn
108,20221000108,沈杰,男,大一,12班,2007-07-09,18627064481,20221000108@school.edu.cn
109,20221000109,郭婷琳,男,大一,10班,2007-01-13,17351643211,20221000109@school.edu.cn
110,20221000110,孙莹彤,女,大一,2班,2007-05-29,15238102702,20221000110@school.edu.cn
111,20221000111,于雅八,女,大一,2班,2007-06-16,13839588627,20221000111@school.edu.cn
112,20221000112,黄宁,女,大一,8班,2006-11-13,18551045747,20221000112@school.edu.cn
113,20221000113,于雅哲,男,大一,8班,2006-01-17,15504406644,20221000113@school.edu.cn
114,20221000114,董泽渝,女,大一,4班,2007-10-28,18886530969,20221000114@school.edu.cn
115,20221000115,马涵睿,男,大一,6班,2007-05-10,13895545967,20221000115@school.edu.cn
116,20221000116,梁曜滢,男,大一,12班,2006-11-30,18229138640,20221000116@school.edu.cn
117,20221000117,高宁,女,大一,8班,2006-09-09,13421709302,20221000117@school.edu.cn
118,20221000118,袁浩,女,大一,11班,2007-03-30,18170649272,20221000118@school.edu.cn
119,20221000119,邓彤渝,男,大一,10班,2006-08-15,13776883546,20221000119@school.edu.cn
120,20221000120,许羽妍,男,大一,5班,2007-01-28,15704762942,20221000120@school.edu.cn
121,20221000121,冯启宇,女,大一,7班,2006-01-01,13560929851,20221000121@school.edu.cn
122,20221000122,程姝,男,大一,4班,2007-05-18,13480494033,20221000122@school.edu.cn
123,20221000123,彭瑞涵,女,大一,4班,2007-08-25,17689087249,20221000123@school.edu.cn
124,20221000124,刘岚文,男,大一,4班,2007-11-11,13108929618,20221000124@school.edu.cn
125,20221000125,高姝辰,女,大一,5班,2006-07-27,18832631226,20221000125@school.edu.cn
126,20221000126,程宥,女,大一,8班,2007-06-06,18151782081,20221000126@school.edu.cn
127,20221000127,傅泓滢,男,大一,9班,2007-09-22,13526918685,20221000127@school.edu.cn
128,20221000128,傅乐滢,男,大一,9班,2007-04-28,15042247495,20221000128@school.edu.cn
129,20221000129,韩泽,女,大一,8班,2007-04-07,13807985361,20221000129@school.edu.cn
130,20221000130,杨一致,男,大一,8班,2006-02-28,15139852239,20221000130@school.edu.cn
131,20221000131,吴二骐,女,大一,1班,2006-04-24,13674711292,20221000131@school.edu.cn
132,20221000132,何瑾锴,男,大一,1班,2007-06-25,17623182028,20221000132@school.edu.cn
133,20221000133,沈浩芷,女,大一,10班,2007-09-08,15021247753,20221000133@school.edu.cn
134,20221000134,梁若,女,大一,2班,2007-11-01,17730775604,20221000134@school.edu.cn
135,20221000135,黄四涵,女,大一,1班,2007-01-12,17593770132,20221000135@school.edu.cn
136,20221000136,曾瑞颖,男,大一,5班,2007-09-04,17527386907,20221000136@school.edu.cn
137,20221000137,陈欣,女,大一,12班,2006-06-10,18812465794,20221000137@school.edu.cn
138,20221000138,黄启琪,女,大一,10班,2007-03-03,13691001043,20221000138@school.edu.cn
139,20221000139,吕腾雯,女,大一,1班,2006-02-18,13991205163,20221000139@school.edu.cn
140,20221000140,程子御,男,大一,2班,2007-11-03,17550215715,20221000140@school.edu.cn
141,20221000141,唐珺,女,大一,12班,2007-12-11,17397661086,20221000141@school.edu.cn
142,20221000142,郭泽致,女,大一,2班,2006-05-31,17676414540,20221000142@school.edu.cn
143,20221000143,王婕宁,男,大一,2班,2007-12-31,15127144334,20221000143@school.edu.cn
144,20221000144,赵宁四,男,大一,3班,2006-05-23,13317734153,20221000144@school.edu.cn
145,20221000145,吕珺,女,大一,1班,2007-01-10,15387228447,20221000145@school.edu.cn
146,20221000146,韩晨,男,大一,9班,2007-11-04,18284360853,20221000146@school.edu.cn
147,20221000147,郭妍芷,男,大一,1班,2007-09-28,15677490207,20221000147@school.edu.cn
148,20221000148,萧志,男,大一,10班,2007-06-02,18234027775,20221000148@school.edu.cn
149,20221000149,唐锦斌,男,大一,6班,2007-04-28,13193728551,20221000149@school.edu.cn
150,20221000150,曾明翎,男,大一,9班,2007-11-06,13527879930,20221000150@school.edu.cn
151,20221000151,罗姝,男,大一,12班,2006-07-06,18663335170,20221000151@school.edu.cn
152,20221000152,宋奚,男,大一,1班,2007-07-31,18360003836,20221000152@school.edu.cn
153,20221000153,黄颖芸,男,大一,11班,2006-11-25,18951639533,20221000153@school.edu.cn
154,20221000154,许雨钰,女,大一,8班,2006-08-27,13785148061,20221000154@school.edu.cn
155,20221000155,朱瑜九,女,大一,10班,2007-11-25,13353134395,20221000155@school.edu.cn
156,20221000156,黄琛一,男,大一,9班,2007-01-24,17521818174,20221000156@school.edu.cn
157,20221000157,马嫣,女,大一,8班,2006-07-13,18172565333,20221000157@school.edu.cn
158,20221000158,袁雨衡,男,大一,6班,2007-04-01,15553270597,20221000158@school.edu.cn
159,20221000159,郑珺珊,男,大一,7班,2007-10-14,18725046731,20221000159@school.edu.cn
160,20221000160,马依珂,男,大一,11班,2006-11-14,13590454408,20221000160@school.edu.cn
161,20221000161,孙雪一,女,大一,10班,2007-01-12,13940047053,20221000161@school.edu.cn
162,20221000162,彭茗,男,大一,11班,2006-12-02,13126626617,20221000162@school.edu.cn
163,20221000163,邓珺,女,大一,5班,2006-07-25,13697358529,20221000163@school.edu.cn
164,20221000164,郑奕,女,大一,7班,2006-04-20,17392437682,20221000164@school.edu.cn
165,20221000165,傅姝珊,男,大一,7班,2006-01-05,15236599556,20221000165@school.edu.cn
166,20221000166,冯杰亦,男,大一,9班,2007-06-28,13449090963,20221000166@school.edu.cn
167,20221000167,梁子诺,女,大一,12班,2007-09-11,18790638949,20221000167@school.edu.cn
168,20221000168,郑博致,男,大一,2班,2007-09-16,18776981723,20221000168@school.edu.cn
169,20221000169,袁五辰,男,大一,10班,2006-07-31,18332526153,20221000169@school.edu.cn
170,20221000170,马琳诺,男,大一,5班,2006-09-11,13353259300,20221000170@school.edu.cn
171,20221000171,彭乐,男,大一,1班,2006-11-23,15587299299,20221000171@school.edu.cn
172,20221000172,吕祺,女,大一,6班,2007-10-18,18244044124,20221000172@school.edu.cn
173,20221000173,赵志琪,男,大一,7班,2006-06-14,13731759606,20221000173@school.edu.cn
174,20221000174,董奕坤,女,大一,5班,2007-04-11,15284847312,20221000174@school.edu.cn
175,20221000175,董九珂,男,大一,1班,2007-06-26,18042723453,20221000175@school.edu.cn
176,20221000176,罗涵御,女,大一,5班,2007-04-08,17609258910,20221000176@school.edu.cn
177,20221000177,袁淇,女,大一,7班,2006-12-19,13445938370,20221000177@school.edu.cn
178,20221000178,曹博,女,大一,11班,2006-01-21,18165386466,20221000178@school.edu.cn
179,20221000179,程林宁,女,大一,2班,2006-11-19,18953556223,20221000179@school.edu.cn
180,20221000180,沈琳,女,大一,5班,2006-09-16,15354307876,20221000180@school.edu.cn
181,20221000181,董瑜子,女,大一,12班,2007-12-01,13494353901,20221000181@school.edu.cn
182,20221000182,沈菲,男,大一,2班,2006-07-24,13229054203,20221000182@school.edu.cn
183,20221000183,孙九琳,男,大一,3班,2006-12-23,15314540272,20221000183@school.edu.cn
184,20221000184,宋乐茹,女,大一,9班,2006-01-27,15620815265,20221000184@school.edu.cn
185,20221000185,赵佳璐,男,大一,3班,2007-02-09,13257760896,20221000185@school.edu.cn
186,20221000186,宋启芷,女,大一,12班,2007-09-25,13512544016,20221000186@school.edu.cn
187,20221000187,陈颖,女,大一,10班,2006-07-02,18334399751,20221000187@school.edu.cn
188,20221000188,郭淇宇,男,大一,4班,2007-01-14,15264386426,20221000188@school.edu.cn
189,20221000189,宋一焱,男,大一,9班,2006-11-03,18389439923,20221000189@school.edu.cn
190,20221000190,萧清茹,女,大一,3班,2007-05-26,15051725698,20221000190@school.edu.cn
191,20221000191,袁四欣,女,大一,8班,2007-10-23,17307078648,20221000191@school.edu.cn
192,20221000192,赵沁萌,男,大一,4班,2007-07-25,13375137908,20221000192@school.edu.cn
193,20221000193,程语扬,女,大一,7班,2006-10-13,15192640711,20221000193@school.edu.cn
194,20221000194,曾九,女,大一,10班,2007-07-04,15798490304,20221000194@school.edu.cn
195,20221000195,赵璇,女,大一,5班,2007-11-07,13115842314,20221000195@school.edu.cn
196,20221000196,曹凯珏,女,大一,5班,2007-06-27,15845024449,20221000196@school.edu.cn
197,20221000197,曹淇浩,女,大一,3班,2006-02-17,18744625829,20221000197@school.edu.cn
198,20221000198,何彤辰,女,大一,8班,2006-09-12,17331782269,20221000198@school.edu.cn
199,20221000199,董婕蓉,男,大一,8班,2006-09-14,17604066125,20221000199@school.edu.cn
200,20221000200,郑二希,女,大一,11班,2007-09-11,17808463280,20221000200@school.edu.cn
201,20221000201,吴曜琳,男,大一,6班,2007-01-07,15589795261,20221000201@school.edu.cn
202,20221000202,马昭馥,女,大一,8班,2006-06-24,15536217588,20221000202@school.edu.cn
203,20221000203,胡梓煜,男,大一,4班,2006-06-21,13874512075,20221000203@school.edu.cn
204,20221000204,刘腾,男,大一,3班,2006-02-26,13682374443,20221000204@school.edu.cn
205,20221000205,陈茗,女,大一,8班,2006-12-04,18150714752,20221000205@school.edu.cn
206,20221000206,孙宇子,女,大一,1班,2007-01-08,17620636687,20221000206@school.edu.cn
207,20221000207,吕三,女,大一,7班,2007-01-25,13811399916,20221000207@school.edu.cn
208,20221000208,胡浩衡,女,大一,2班,2007-03-14,17668257494,20221000208@school.edu.cn
209,20221000209,董曜,男,大一,5班,2006-03-23,13555094217,20221000209@school.edu.cn
210,20221000210,宋三,女,大一,8班,2006-01-24,15142192596,20221000210@school.edu.cn
211,20221000211,刘珺雪,男,大一,11班,2006-11-16,18987658585,20221000211@school.edu.cn
212,20221000212,郭乐熙,男,大一,9班,2006-05-13,18517633057,20221000212@school.edu.cn
213,20221000213,胡姝,男,大一,6班,2006-09-22,15007255721,20221000213@school.edu.cn
214,20221000214,马岚芸,女,大一,1班,2007-03-14,13412641715,20221000214@school.edu.cn
215,20221000215,陈三,男,大一,9班,2007-06-28,17869977043,20221000215@school.edu.cn
216,20221000216,冯思宇,男,大一,7班,2007-08-30,13531145835,20221000216@school.edu.cn
217,20221000217,张凯驰,女,大一,7班,2007-07-05,17544671923,20221000217@school.edu.cn
218,20221000218,李彦,男,大一,10班,2006-05-24,15018853931,20221000218@school.edu.cn
219,20221000219,马雪航,男,大一,8班,2007-01-31,13743803164,20221000219@school.edu.cn
220,20221000220,李九,女,大一,6班,2007-06-30,17867196467,20221000220@school.edu.cn
221,20221000221,刘羽驰,男,大一,4班,2006-01-10,15887522142,20221000221@school.edu.cn
222,20221000222,徐宇骞,男,大一,8班,2007-10-22,15833458251,20221000222@school.edu.cn
223,20221000223,徐语峻,男,大一,6班,2006-10-27,15632968466,20221000223@school.edu.cn
224,20221000224,王露扬,男,大一,7班,2007-10-04,13744588451,20221000224@school.edu.cn
225,20221000225,赵二,男,大一,11班,2007-08-04,17764554065,20221000225@school.edu.cn
226,20221000226,罗琛,女,大一,5班,2006-05-19,13621974866,20221000226@school.edu.cn
227,20221000227,黄凯泽,女,大一,2班,2006-08-22,13639541076,20221000227@school.edu.cn
228,20221000228,陈思渝,女,大一,12班,2006-04-25,13387046661,20221000228@school.edu.cn
229,20221000229,林启可,男,大一,2班,2007-04-02,18086801842,20221000229@school.edu.cn
230,20221000230,于七涵,男,大一,3班,2007-07-15,17360066433,20221000230@school.edu.cn
231,20221000231,彭泓御,女,大一,12班,2007-04-12,13231791378,20221000231@school.edu.cn
232,20221000232,王清航,男,大一,3班,2006-04-11,13407672722,20221000232@school.edu.cn
233,20221000233,孙曜瑜,女,大一,7班,2007-09-19,17310763029,20221000233@school.edu.cn
234,20221000234,吕二衡,男,大一,5班,2007-07-17,18559503827,20221000234@school.edu.cn
235,20221000235,吴渲珏,男,大一,9班,2007-04-19,13504506597,20221000235@school.edu.cn
236,20221000236,高彦哲,男,大一,2班,2007-06-13,13831360285,20221000236@school.edu.cn
237,20221000237,杨妍锴,女,大一,10班,2007-06-14,13282951815,20221000237@school.edu.cn
238,20221000238,高羽,男,大一,7班,2006-08-29,18847885833,20221000238@school.edu.cn
239,20221000239,傅六轩,男,大一,9班,2006-08-21,18192837200,20221000239@school.edu.cn
240,20221000240,沈浩扬,男,大一,12班,2007-08-10,15132045229,20221000240@school.edu.cn
241,20221000241,周奕芸,女,大一,7班,2007-01-14,13458351389,20221000241@school.edu.cn
242,20221000242,许雪蕾,女,大一,7班,2007-03-08,15020624718,20221000242@school.edu.cn
243,20221000243,李浩洁,男,大一,2班,2007-01-11,17657628114,20221000243@school.edu.cn
244,20221000244,邓乐翎,男,大一,7班,2007-01-09,18640512896,20221000244@school.edu.cn
245,20221000245,胡宥,男,大一,12班,2007-05-13,13759136256,20221000245@school.edu.cn
246,20221000246,董翊四,男,大一,10班,2006-03-27,15572459190,20221000246@school.edu.cn
247,20221000247,唐曜四,男,大一,6班,2007-12-03,18529794248,20221000247@school.edu.cn
248,20221000248,彭三琪,男,大一,3班,2006-07-03,18518124366,20221000248@school.edu.cn
249,20221000249,黄子,男,大一,2班,2007-07-04,17570568421,20221000249@school.edu.cn
250,20221000250,曾睿怡,女,大一,10班,2006-07-09,17673270281,20221000250@school.edu.cn
251,20221000251,陈曜志,男,大一,6班,2007-11-25,17899126142,20221000251@school.edu.cn
252,20221000252,吴宸锴,女,大一,2班,2006-01-19,18340597274,20221000252@school.edu.cn
253,20221000253,董凯霄,女,大一,7班,2007-12-03,15761104891,20221000253@school.edu.cn
254,20221000254,吴欣子,女,大一,12班,2007-01-04,15880806705,20221000254@school.edu.cn
255,20221000255,吕瑞,女,大一,5班,2007-08-19,13327393321,20221000255@school.edu.cn
256,20221000256,萧瑶,女,大一,10班,2006-02-09,13694757163,20221000256@school.edu.cn
257,20221000257,傅佳驰,女,大一,11班,2007-02-03,15373408601,20221000257@school.edu.cn
258,20221000258,萧琛六,女,大一,1班,2006-09-23,13246377557,20221000258@school.edu.cn
259,20221000259,黄林七,女,大一,1班,2006-04-09,13016485331,20221000259@school.edu.cn
260,20221000260,徐语,男,大一,9班,2007-09-14,18149542133,20221000260@school.edu.cn
261,20221000261,罗宸四,女,大一,10班,2007-03-30,18014005617,20221000261@school.edu.cn
262,20221000262,林林九,女,大一,5班,2007-11-20,13958619952,20221000262@school.edu.cn
263,20221000263,张梓渝,男,大一,11班,2006-06-29,13014151847,20221000263@school.edu.cn
264,20221000264,邓三瑾,男,大一,1班,2006-07-21,13743081210,20221000264@school.edu.cn
265,20221000265,陈宁,男,大一,1班,2007-06-23,15303372639,20221000265@school.edu.cn
266,20221000266,宋嘉,男,大一,3班,2007-08-23,15973120857,20221000266@school.edu.cn
267,20221000267,韩瑜骁,男,大一,3班,2006-01-28,13196624662,20221000267@school.edu.cn
268,20221000268,张宁,女,大一,10班,2007-01-02,15036370240,20221000268@school.edu.cn
269,20221000269,吕宥婧,女,大一,11班,2007-10-18,15520460430,20221000269@school.edu.cn
270,20221000270,林锦洁,女,大一,10班,2007-03-19,18897010823,20221000270@school.edu.cn
271,20221000271,周雨,女,大一,1班,2007-07-07,17600470933,20221000271@school.edu.cn
272,20221000272,谢博洁,男,大一,3班,2006-05-14,13905358024,20221000272@school.edu.cn
273,20221000273,萧文斌,女,大一,6班,2006-07-20,17507132689,20221000273@school.edu.cn
274,20221000274,袁浩致,男,大一,2班,2007-11-15,13774109045,20221000274@school.edu.cn
275,20221000275,徐嘉渝,女,大一,7班,2007-03-06,15710806957,20221000275@school.edu.cn
276,20221000276,郭颖芷,男,大一,2班,2006-12-29,13366051273,20221000276@school.edu.cn
277,20221000277,曹二晨,女,大一,11班,2007-04-02,15026161050,20221000277@school.edu.cn
278,20221000278,赵博,女,大一,7班,2007-08-20,18879125847,20221000278@school.edu.cn
279,20221000279,许奚,男,大一,5班,2006-02-04,17580752340,20221000279@school.edu.cn
280,20221000280,徐五然,女,大一,6班,2006-10-09,18504911752,20221000280@school.edu.cn
281,20221000281,宋乐,男,大一,5班,2006-01-08,15355594705,20221000281@school.edu.cn
282,20221000282,袁林煜,女,大一,5班,2007-04-25,15148041633,20221000282@school.edu.cn
283,20221000283,袁曜,男,大一,4班,2007-06-15,18167922872,20221000283@school.edu.cn
284,20221000284,朱乐,男,大一,1班,2007-08-16,18622393812,20221000284@school.edu.cn
285,20221000285,程明璐,女,大一,5班,2007-04-17,18667715131,20221000285@school.edu.cn
286,20221000286,杨六,男,大一,8班,2006-11-19,15222795377,20221000286@school.edu.cn
287,20221000287,袁梓,女,大一,11班,2006-02-28,13086595622,20221000287@school.edu.cn
288,20221000288,胡锦八,男,大一,1班,2006-09-26,15239137808,20221000288@school.edu.cn
289,20221000289,马杰怡,女,大一,10班,2006-12-31,18549838524,20221000289@school.edu.cn
290,20221000290,曹羽四,女,大一,10班,2007-08-25,15877559085,20221000290@school.edu.cn
291,20221000291,于晨潇,男,大一,11班,2007-02-18,18055867174,20221000291@school.edu.cn
292,20221000292,王羽妍,男,大一,6班,2007-10-02,15037271755,20221000292@school.edu.cn
293,20221000293,吕昭凝,女,大一,11班,2007-12-21,15537231500,20221000293@school.edu.cn
294,20221000294,沈姝婧,女,大一,10班,2006-12-29,18278065006,20221000294@school.edu.cn
295,20221000295,何浩六,男,大一,11班,2007-08-25,13763977622,20221000295@school.edu.cn
296,20221000296,罗七,男,大一,6班,2007-02-14,17591418782,20221000296@school.edu.cn
297,20221000297,陈珺,男,大一,10班,2007-10-29,15565620923,20221000297@school.edu.cn
298,20221000298,曹乐峻,女,大一,5班,2006-05-12,13391408007,20221000298@school.edu.cn
299,20221000299,徐茗祺,女,大一,11班,2007-01-13,17722517572,20221000299@school.edu.cn
300,20221000300,刘彤八,女,大一,9班,2006-09-19,18725118422,20221000300@school.edu.cn
301,20221000301,郭婷琪,男,大一,2班,2007-11-11,18891805164,20221000301@school.edu.cn
302,20221000302,沈雨,男,大一,7班,2007-05-13,17353467995,20221000302@school.edu.cn
303,20221000303,郭泽,女,大一,9班,2006-05-11,17848838570,20221000303@school.edu.cn
304,20221000304,程岚,男,大一,9班,2007-03-08,15036634483,20221000304@school.edu.cn
305,20221000305,马露宁,女,大一,6班,2006-08-22,18877329049,20221000305@school.edu.cn
306,20221000306,谢沁瑶,女,大一,11班,2006-07-10,18104386517,20221000306@school.edu.cn
307,20221000307,李乐,女,大一,2班,2007-01-25,13409324364,20221000307@school.edu.cn
308,20221000308,林乐锴,男,大一,7班,2006-09-26,18828651704,20221000308@school.edu.cn
309,20221000309,徐子,女,大一,7班,2006-12-17,13649397972,20221000309@school.edu.cn
310,20221000310,冯琛,男,大一,3班,2007-03-09,15906748873,20221000310@school.edu.cn
311,20221000311,袁欣昊,女,大一,1班,2006-03-29,18765302581,20221000311@school.edu.cn
312,20221000312,郑珂熙,男,大一,2班,2007-03-16,13030645498,20221000312@school.edu.cn
313,20221000313,郭翊璐,男,大一,3班,2006-10-22,15599810095,20221000313@school.edu.cn
314,20221000314,冯明琳,男,大一,7班,2006-10-31,13595112407,20221000314@school.edu.cn
315,20221000315,宋瑞磊,女,大一,7班,2006-08-21,13284355873,20221000315@school.edu.cn
316,20221000316,陈浩骞,男,大一,4班,2007-01-23,13438689533,20221000316@school.edu.cn
317,20221000317,陈婷铠,女,大一,11班,2007-07-01,13148020761,20221000317@school.edu.cn
318,20221000318,唐九琳,男,大一,6班,2007-10-05,13888707093,20221000318@school.edu.cn
319,20221000319,林奚九,男,大一,8班,2007-06-07,17519612013,20221000319@school.edu.cn
320,20221000320,曾凯,女,大一,6班,2006-08-04,13720414914,20221000320@school.edu.cn
321,20221000321,孙颖,男,大一,5班,2007-11-08,17500495084,20221000321@school.edu.cn
322,20221000322,黄岚诺,男,大一,12班,2007-04-30,13239608051,20221000322@school.edu.cn
323,20221000323,黄奚,女,大一,7班,2007-06-28,17326665903,20221000323@school.edu.cn
324,20221000324,胡晨,女,大一,1班,2006-12-06,18704829502,20221000324@school.edu.cn
325,20221000325,彭杰,男,大一,10班,2007-07-26,18167171062,20221000325@school.edu.cn
326,20221000326,林渲煜,男,大一,9班,2006-06-03,18521662042,20221000326@school.edu.cn
327,20221000327,彭瑾煜,男,大一,1班,2007-01-25,15996055720,20221000327@school.edu.cn
328,20221000328,吕欣茹,女,大一,9班,2006-07-17,15130944256,20221000328@school.edu.cn
329,20221000329,傅芸磊,男,大一,2班,2007-08-20,18002924494,20221000329@school.edu.cn
330,20221000330,冯晨九,男,大一,6班,2007-06-20,15665957213,20221000330@school.edu.cn
331,20221000331,高婷滢,男,大一,5班,2007-04-27,18679852532,20221000331@school.edu.cn
332,20221000332,陈依芸,男,大一,12班,2007-12-10,13226274673,20221000332@school.edu.cn
333,20221000333,吕雨宁,女,大一,5班,2007-05-11,15676240400,20221000333@school.edu.cn
334,20221000334,谢晨明,女,大一,9班,2006-05-13,17774411794,20221000334@school.edu.cn
335,20221000335,谢序蕾,女,大一,4班,2006-11-03,15502449644,20221000335@school.edu.cn
336,20221000336,杨瑶琪,女,大一,2班,2006-12-26,18947028070,20221000336@school.edu.cn
337,20221000337,吕颖,男,大一,10班,2007-01-07,13605373383,20221000337@school.edu.cn
338,20221000338,张八琳,女,大一,9班,2006-12-06,18812680098,20221000338@school.edu.cn
339,20221000339,赵渲,女,大一,6班,2006-01-23,18783776576,20221000339@school.edu.cn
340,20221000340,袁启,男,大一,7班,2006-01-30,17609865851,20221000340@school.edu.cn
341,20221000341,李茗瑾,女,大一,10班,2006-10-26,18747330950,20221000341@school.edu.cn
342,20221000342,徐乐,男,大一,1班,2006-07-15,15549482656,20221000342@school.edu.cn
343,20221000343,程奚娜,女,大一,1班,2006-12-19,15912799896,20221000343@school.edu.cn
344,20221000344,冯颖蓉,女,大一,4班,2006-08-17,18342828626,20221000344@school.edu.cn
345,20221000345,邓羽三,男,大一,3班,2007-02-14,18070113918,20221000345@school.edu.cn
346,20221000346,高菲瑾,女,大一,7班,2006-04-03,13179617426,20221000346@school.edu.cn
347,20221000347,林浩,女,大一,1班,2007-06-29,13932185460,20221000347@school.edu.cn
348,20221000348,宋珂扬,女,大一,5班,2007-05-04,15024529484,20221000348@school.edu.cn
349,20221000349,郑宸,女,大一,10班,2007-11-03,13991281655,20221000349@school.edu.cn
350,20221000350,傅嫣瑾,女,大一,7班,2006-06-25,15512000598,20221000350@school.edu.cn
351,20221000351,曹景煜,女,大一,10班,2006-06-15,17707924435,20221000351@school.edu.cn
352,20221000352,孙羽帆,女,大一,9班,2007-10-21,18396332685,20221000352@school.edu.cn
353,20221000353,郑颖亦,女,大一,11班,2006-08-04,17857994346,20221000353@school.edu.cn
354,20221000354,韩腾琪,男,大一,1班,2007-06-01,15847874036,20221000354@school.edu.cn
355,20221000355,马岚,女,大一,5班,2006-08-23,13817555385,20221000355@school.edu.cn
356,20221000356,张佳志,男,大一,9班,2007-07-16,18557027275,20221000356@school.edu.cn
357,20221000357,唐泽妍,女,大一,1班,2007-10-07,18059398398,20221000357@school.edu.cn
358,20221000358,郭茗骐,女,大一,12班,2007-02-16,15107900525,20221000358@school.edu.cn
359,20221000359,朱宥琳,女,大一,12班,2007-04-21,17619402123,20221000359@school.edu.cn
360,20221000360,萧晨,女,大一,2班,2007-10-14,15694548124,20221000360@school.edu.cn
361,20221000361,宋岚茹,女,大一,5班,2006-07-29,13592695578,20221000361@school.edu.cn
362,20221000362,周璇,女,大一,4班,2006-11-07,15382017596,20221000362@school.edu.cn
363,20221000363,王婕亦,男,大一,5班,2007-01-21,15837897618,20221000363@school.edu.cn
364,20221000364,袁星,男,大一,5班,2006-08-29,13341789194,20221000364@school.edu.cn
365,20221000365,宋涵凯,男,大一,6班,2007-07-18,18646975828,20221000365@school.edu.cn
366,20221000366,沈宁祺,女,大一,8班,2007-03-14,18018924848,20221000366@school.edu.cn
367,20221000367,冯菲驰,女,大一,11班,2006-04-15,15097478311,20221000367@school.edu.cn
368,20221000368,梁晨骞,男,大一,12班,2006-10-14,15189724953,20221000368@school.edu.cn
369,20221000369,沈嘉,男,大一,4班,2006-10-14,13554117439,20221000369@school.edu.cn
370,20221000370,马菲凝,女,大一,3班,2007-01-31,18218282040,20221000370@school.edu.cn
371,20221000371,吴瑶峻,女,大一,12班,2006-08-08,13079900692,20221000371@school.edu.cn
372,20221000372,吴志晟,男,大一,10班,2006-05-23,18891493048,20221000372@school.edu.cn
373,20221000373,袁清琪,女,大一,6班,2006-11-30,13872553520,20221000373@school.edu.cn
374,20221000374,陈星霄,女,大一,5班,2007-06-21,15176140768,20221000374@school.edu.cn
375,20221000375,陈璇晨,女,大一,8班,2006-03-28,17335269538,20221000375@school.edu.cn
376,20221000376,谢瑾驰,女,大一,6班,2007-05-27,18045395256,20221000376@school.edu.cn
377,20221000377,郭乐,女,大一,6班,2006-01-25,13460101843,20221000377@school.edu.cn
378,20221000378,邓姝琪,女,大一,10班,2006-05-20,13038424550,20221000378@school.edu.cn
379,20221000379,冯七骞,男,大一,3班,2006-11-30,15503931787,20221000379@school.edu.cn
380,20221000380,谢宸,女,大一,7班,2007-06-24,13012054996,20221000380@school.edu.cn
381,20221000381,韩岚,女,大一,12班,2006-01-23,13101507810,20221000381@school.edu.cn
382,20221000382,李嘉辰,女,大一,8班,2006-08-06,17325081262,20221000382@school.edu.cn
383,20221000383,陈芸珂,男,大一,1班,2006-03-18,13738423400,20221000383@school.edu.cn
384,20221000384,曹宁航,女,大一,1班,2006-03-14,18139376845,20221000384@school.edu.cn
385,20221000385,胡七,女,大一,10班,2007-09-28,18288333039,20221000385@school.edu.cn
386,20221000386,梁思馥,女,大一,6班,2007-06-02,18612487456,20221000386@school.edu.cn
387,20221000387,冯昭四,男,大一,3班,2006-06-08,18552682921,20221000387@school.edu.cn
388,20221000388,吕林二,男,大一,9班,2007-03-26,15611088482,20221000388@school.edu.cn
389,20221000389,黄浩驰,男,大一,8班,2007-09-30,13713539879,20221000389@school.edu.cn
390,20221000390,高昭,女,大一,12班,2007-08-16,15789406685,20221000390@school.edu.cn
391,20221000391,刘岚洁,男,大一,8班,2006-01-24,15896760321,20221000391@school.edu.cn
392,20221000392,高依琪,男,大一,6班,2006-10-13,18692892297,20221000392@school.edu.cn
393,20221000393,黄霖怡,女,大一,6班,2006-09-03,18614909934,20221000393@school.edu.cn
394,20221000394,黄杰璐,男,大一,11班,2006-06-29,15238283229,20221000394@school.edu.cn
395,20221000395,于珺骐,女,大一,2班,2006-11-10,17884332689,20221000395@school.edu.cn
396,20221000396,许姝致,女,大一,7班,2007-01-20,15992691126,20221000396@school.edu.cn
397,20221000397,杨彦茹,女,大一,5班,2007-05-06,13062035942,20221000397@school.edu.cn
398,20221000398,何语晟,男,大一,8班,2006-01-09,13405969169,20221000398@school.edu.cn
399,20221000399,邓瑶,男,大一,2班,2007-10-27,15054021591,20221000399@school.edu.cn
400,20221000400,周颖六,男,大一,4班,2006-05-03,15142316052,20221000400@school.edu.cn
401,20221000401,郑明昊,男,大一,10班,2007-08-16,15813763094,20221000401@school.edu.cn
402,20221000402,刘颖,男,大一,11班,2006-12-14,18391691276,20221000402@school.edu.cn
403,20221000403,唐睿翎,男,大一,11班,2006-08-21,13752316257,20221000403@school.edu.cn
404,20221000404,刘杰,女,大一,11班,2007-07-12,18118122636,20221000404@school.edu.cn
405,20221000405,孙颖御,男,大一,1班,2006-12-03,15392720951,20221000405@school.edu.cn
406,20221000406,吕岚,女,大一,12班,2007-02-24,15172494658,20221000406@school.edu.cn
407,20221000407,黄颖璐,男,大一,5班,2007-08-24,13729923320,20221000407@school.edu.cn
408,20221000408,高婕亦,男,大一,1班,2007-10-08,13237661765,20221000408@school.edu.cn
409,20221000409,李序彤,女,大一,10班,2006-06-01,18137772048,20221000409@school.edu.cn
410,20221000410,程宁,女,大一,4班,2006-06-03,17719570675,20221000410@school.edu.cn
411,20221000411,吴淇,女,大一,12班,2006-01-16,18951482648,20221000411@school.edu.cn
412,20221000412,萧启,男,大一,10班,2006-01-09,18165167337,20221000412@school.edu.cn
413,20221000413,黄腾致,女,大一,6班,2007-03-06,13809468419,20221000413@school.edu.cn
414,20221000414,董妍琪,男,大一,10班,2006-12-14,18550319108,20221000414@school.edu.cn
415,20221000415,周文,男,大一,11班,2007-02-26,13113118027,20221000415@school.edu.cn
416,20221000416,孙星明,女,大一,3班,2006-01-13,13368136053,20221000416@school.edu.cn
417,20221000417,林璇,男,大一,3班,2006-09-06,15308898495,20221000417@school.edu.cn
418,20221000418,冯颖晨,女,大一,6班,2006-06-19,18348972582,20221000418@school.edu.cn
419,20221000419,罗露,男,大一,6班,2007-06-17,13112733821,20221000419@school.edu.cn
420,20221000420,曾颖骐,男,大一,7班,2006-01-03,13537822804,20221000420@school.edu.cn
421,20221000421,宋三,女,大一,12班,2007-09-27,15871197105,20221000421@school.edu.cn
422,20221000422,沈琛,女,大一,4班,2006-03-21,18161670143,20221000422@school.edu.cn
423,20221000423,周欣,女,大一,1班,2007-08-19,18322835633,20221000423@school.edu.cn
424,20221000424,萧珺函,女,大一,5班,2006-07-11,18056366631,20221000424@school.edu.cn
425,20221000425,胡六妍,男,大一,9班,2006-02-11,13825643325,20221000425@school.edu.cn
426,20221000426,谢昭御,男,大一,10班,2006-01-31,13414350210,20221000426@school.edu.cn
427,20221000427,胡乐衡,女,大一,4班,2006-10-20,15944962998,20221000427@school.edu.cn
428,20221000428,胡宇明,男,大一,1班,2007-08-17,13867468378,20221000428@school.edu.cn
429,20221000429,程瑾,女,大一,2班,2007-08-10,18344939561,20221000429@school.edu.cn
430,20221000430,唐彦,男,大一,10班,2006-10-24,18862686428,20221000430@school.edu.cn
431,20221000431,张宸,女,大一,12班,2007-04-27,17719078154,20221000431@school.edu.cn
432,20221000432,于茗,女,大一,3班,2007-10-25,18821515226,20221000432@school.edu.cn
433,20221000433,陈淇二,男,大一,12班,2006-08-26,13355584520,20221000433@school.edu.cn
434,20221000434,董二博,女,大一,4班,2007-10-04,17634005712,20221000434@school.edu.cn
435,20221000435,曾婕钰,男,大一,11班,2006-08-20,17738191663,20221000435@school.edu.cn
436,20221000436,曹翊珏,男,大一,12班,2006-06-03,15786413382,20221000436@school.edu.cn
437,20221000437,韩瑜珏,女,大一,4班,2006-10-01,17573524593,20221000437@school.edu.cn
438,20221000438,郑明五,男,大一,4班,2007-09-03,13137291074,20221000438@school.edu.cn
439,20221000439,许三萱,男,大一,8班,2006-02-13,13516315147,20221000439@school.edu.cn
440,20221000440,韩瑜,女,大一,10班,2007-05-30,13570629940,20221000440@school.edu.cn
441,20221000441,梁宸琳,男,大一,9班,2007-06-11,18195138509,20221000441@school.edu.cn
442,20221000442,罗宸,女,大一,12班,2007-01-22,15352770088,20221000442@school.edu.cn
443,20221000443,萧羽泽,女,大一,8班,2007-07-07,18825173492,20221000443@school.edu.cn
444,20221000444,冯涵铠,男,大一,8班,2007-07-23,18249523009,20221000444@school.edu.cn
445,20221000445,何佳,男,大一,4班,2006-08-18,18048265469,20221000445@school.edu.cn
446,20221000446,许姝琳,男,大一,8班,2007-04-19,15082409501,20221000446@school.edu.cn
447,20221000447,宋依琪,女,大一,5班,2006-08-17,13301677307,20221000447@school.edu.cn
448,20221000448,韩瑜,女,大一,2班,2007-09-01,15129040584,20221000448@school.edu.cn
449,20221000449,萧羽璐,男,大一,9班,2006-06-24,18577047074,20221000449@school.edu.cn
450,20221000450,傅妍钰,女,大一,5班,2006-05-20,18746192297,20221000450@school.edu.cn
451,20221000451,陈珂恺,男,大一,11班,2007-05-06,18273937734,20221000451@school.edu.cn
452,20221000452,曹博宇,男,大一,10班,2006-08-14,18300069557,20221000452@school.edu.cn
453,20221000453,郭睿,男,大一,10班,2006-12-06,15595829485,20221000453@school.edu.cn
454,20221000454,朱梓,女,大一,9班,2007-04-01,17657572674,20221000454@school.edu.cn
455,20221000455,罗宁瑜,女,大一,3班,2006-01-06,15136635996,20221000455@school.edu.cn
456,20221000456,沈启,男,大一,9班,2006-07-17,18588692458,20221000456@school.edu.cn
457,20221000457,郭清瑶,男,大一,5班,2007-12-28,15851805582,20221000457@school.edu.cn
458,20221000458,朱霖欣,女,大一,12班,2006-04-15,15323353081,20221000458@school.edu.cn
459,20221000459,黄瑶阳,女,大一,10班,2007-07-11,13352267774,20221000459@school.edu.cn
460,20221000460,杨芸悦,女,大一,4班,2006-06-03,13539051981,20221000460@school.edu.cn
461,20221000461,宋霖芸,女,大一,1班,2007-08-17,15522521632,20221000461@school.edu.cn
462,20221000462,谢筱,女,大一,8班,2007-01-17,18170774815,20221000462@school.edu.cn
463,20221000463,刘岚珏,女,大一,4班,2006-06-28,18390607851,20221000463@school.edu.cn
464,20221000464,何瑞宁,男,大一,6班,2007-05-18,13987958691,20221000464@school.edu.cn
465,20221000465,胡浩六,女,大一,12班,2006-12-04,15821350380,20221000465@school.edu.cn
466,20221000466,王瑶彤,女,大一,11班,2007-05-05,15544682133,20221000466@school.edu.cn
467,20221000467,罗乐妍,男,大一,7班,2006-01-30,17704604613,20221000467@school.edu.cn
468,20221000468,梁晨可,男,大一,12班,2007-12-02,13568991167,20221000468@school.edu.cn
469,20221000469,梁一昊,男,大一,11班,2006-05-29,13066302102,20221000469@school.edu.cn
470,20221000470,梁妍蕾,男,大一,4班,2007-04-25,15074075862,20221000470@school.edu.cn
471,20221000471,杨佳,女,大一,9班,2007-05-28,13404827332,20221000471@school.edu.cn
472,20221000472,冯浩渝,女,大一,3班,2007-08-12,15920177714,20221000472@school.edu.cn
473,20221000473,孙羽娜,男,大一,2班,2006-09-16,17643131803,20221000473@school.edu.cn
474,20221000474,陈菲函,女,大一,11班,2007-09-23,15899175503,20221000474@school.edu.cn
475,20221000475,徐宁函,女,大一,5班,2006-11-07,15007648636,20221000475@school.edu.cn
476,20221000476,萧渲,女,大一,7班,2007-06-26,13195812626,20221000476@school.edu.cn
477,20221000477,徐启,女,大一,8班,2006-10-23,13576835503,20221000477@school.edu.cn
478,20221000478,曹宥馥,女,大一,10班,2007-06-19,15764452030,20221000478@school.edu.cn
479,20221000479,陈羽颖,女,大一,6班,2006-06-06,13508109063,20221000479@school.edu.cn
480,20221000480,曾露,男,大一,12班,2007-04-18,13590986488,20221000480@school.edu.cn
481,20221000481,吕宇驰,女,大一,9班,2006-07-18,15058558698,20221000481@school.edu.cn
482,20221000482,刘渲熙,男,大一,3班,2006-04-15,13507635028,20221000482@school.edu.cn
483,20221000483,梁明涵,男,大一,4班,2006-09-05,15011127607,20221000483@school.edu.cn
484,20221000484,梁琳扬,女,大一,2班,2007-09-12,15884705617,20221000484@school.edu.cn
485,20221000485,韩岚五,男,大一,3班,2007-09-25,15374988751,20221000485@school.edu.cn
486,20221000486,吕霖腾,女,大一,7班,2007-03-12,13776507141,20221000486@school.edu.cn
487,20221000487,冯明,男,大一,11班,2007-01-27,18057967151,20221000487@school.edu.cn
488,20221000488,曹筱彤,男,大一,10班,2007-06-17,13034187804,20221000488@school.edu.cn
489,20221000489,程乐,男,大一,5班,2007-08-01,15319185445,20221000489@school.edu.cn
490,20221000490,李奚怡,男,大一,12班,2006-06-28,18230043877,20221000490@school.edu.cn
491,20221000491,郑乐浩,男,大一,2班,2007-11-09,15650015991,20221000491@school.edu.cn
492,20221000492,吕姝,女,大一,2班,2007-02-17,15158670149,20221000492@school.edu.cn
493,20221000493,林序,女,大一,3班,2007-09-23,15245312300,20221000493@school.edu.cn
494,20221000494,高思,男,大一,9班,2007-12-20,17555275869,20221000494@school.edu.cn
495,20221000495,吴宇焱,男,大一,11班,2006-06-06,15286479255,20221000495@school.edu.cn
496,20221000496,周明,男,大一,8班,2006-03-05,13874249698,20221000496@school.edu.cn
497,20221000497,梁语洁,男,大一,7班,2007-01-14,17617883294,20221000497@school.edu.cn
498,20221000498,周霖,女,大一,6班,2007-10-06,18324895853,20221000498@school.edu.cn
499,20221000499,张莹昊,女,大一,5班,2007-10-04,15141911369,20221000499@school.edu.cn
500,20221000500,张琳瑜,男,大一,5班,2007-10-15,13284440392,20221000500@school.edu.cn
501,20221000501,曾彦,女,大一,12班,2007-09-27,15079906551,20221000501@school.edu.cn
502,20221000502,曾志,女,大一,4班,2007-11-12,17767614926,20221000502@school.edu.cn
503,20221000503,周泽悦,女,大一,11班,2006-05-26,17599596341,20221000503@school.edu.cn
504,20221000504,彭瑜八,男,大一,5班,2007-02-16,18961607887,20221000504@school.edu.cn
505,20221000505,彭瑶,女,大一,1班,2007-10-27,13896776122,20221000505@school.edu.cn
506,20221000506,冯睿七,女,大一,10班,2006-04-06,15710819028,20221000506@school.edu.cn
507,20221000507,程明,女,大一,1班,2006-07-08,15719102644,20221000507@school.edu.cn
508,20221000508,邓珺婧,男,大一,11班,2006-01-10,15659741039,20221000508@school.edu.cn
509,20221000509,林浩,女,大一,5班,2007-01-19,18627803480,20221000509@school.edu.cn
510,20221000510,朱雅熙,女,大一,6班,2006-05-08,17557548113,20221000510@school.edu.cn
511,20221000511,张杰璐,女,大一,5班,2007-01-28,17640166997,20221000511@school.edu.cn
512,20221000512,许筱妍,女,大一,8班,2006-04-26,15383826096,20221000512@school.edu.cn
513,20221000513,董一,男,大一,2班,2006-08-06,18147163575,20221000513@school.edu.cn
514,20221000514,罗明琳,男,大一,1班,2007-07-15,15096825096,20221000514@school.edu.cn
515,20221000515,郑琳,女,大一,1班,2007-04-15,17833142200,20221000515@school.edu.cn
516,20221000516,沈婕哲,男,大一,6班,2007-02-04,15596500083,20221000516@school.edu.cn
517,20221000517,程文芸,男,大一,1班,2007-09-21,15639446566,20221000517@school.edu.cn
518,20221000518,李莹,男,大一,11班,2007-04-22,18910880756,20221000518@school.edu.cn
519,20221000519,陈涵驰,男,大一,1班,2007-03-23,13417836658,20221000519@school.edu.cn
520,20221000520,梁杰,女,大一,7班,2006-04-22,18217872090,20221000520@school.edu.cn
521,20221000521,曾浩瑶,男,大一,9班,2007-12-30,17539892677,20221000521@school.edu.cn
522,20221000522,沈乐珊,女,大一,6班,2007-03-09,18349029817,20221000522@school.edu.cn
523,20221000523,林奕阳,男,大一,9班,2007-09-16,18771116889,20221000523@school.edu.cn
524,20221000524,曹雅萱,女,大一,1班,2006-11-10,15881319672,20221000524@school.edu.cn
525,20221000525,梁沁致,男,大一,12班,2006-02-24,15171865693,20221000525@school.edu.cn
526,20221000526,于雪,男,大一,7班,2006-03-15,17717534535,20221000526@school.edu.cn
527,20221000527,朱羽希,女,大一,9班,2006-01-16,13757096336,20221000527@school.edu.cn
528,20221000528,林宥蓉,女,大一,8班,2006-01-26,13792501928,20221000528@school.edu.cn
529,20221000529,周景芷,女,大一,1班,2006-05-16,13901638210,20221000529@school.edu.cn
530,20221000530,彭杰瑜,女,大一,3班,2006-11-23,17824140461,20221000530@school.edu.cn
531,20221000531,李筱,男,大一,8班,2007-02-17,18642258195,20221000531@school.edu.cn
532,20221000532,王若骐,女,大一,4班,2006-10-28,18727782938,20221000532@school.edu.cn
533,20221000533,宋涵宁,女,大一,12班,2006-06-09,18939313539,20221000533@school.edu.cn
534,20221000534,马颖,男,大一,2班,2007-06-24,17870762261,20221000534@school.edu.cn
535,20221000535,林林茹,女,大一,11班,2006-05-16,13570532229,20221000535@school.edu.cn
536,20221000536,赵锦祺,男,大一,5班,2006-04-15,17843628753,20221000536@school.edu.cn
537,20221000537,高瑜,男,大一,10班,2006-06-17,17777517571,20221000537@school.edu.cn
538,20221000538,徐妍斌,男,大一,5班,2007-09-28,13165601978,20221000538@school.edu.cn
539,20221000539,孙羽二,男,大一,11班,2006-11-04,15932155551,20221000539@school.edu.cn
540,20221000540,程莹航,女,大一,7班,2007-10-18,18225993711,20221000540@school.edu.cn
541,20221000541,郑淇然,女,大一,10班,2007-03-13,13210694943,20221000541@school.edu.cn
542,20221000542,梁瑜,男,大一,6班,2007-07-07,17709518930,20221000542@school.edu.cn
543,20221000543,吴璇珂,男,大一,1班,2006-12-14,15622104243,20221000543@school.edu.cn
544,20221000544,孙淇,女,大一,9班,2006-08-02,13850935574,20221000544@school.edu.cn
545,20221000545,吕曜子,女,大一,9班,2007-01-11,15265924761,20221000545@school.edu.cn
546,20221000546,董九,男,大一,8班,2007-08-05,15974489772,20221000546@school.edu.cn
547,20221000547,吕凯恺,女,大一,11班,2006-09-04,15867528598,20221000547@school.edu.cn
548,20221000548,罗彦,男,大一,11班,2006-04-25,13203728205,20221000548@school.edu.cn
549,20221000549,马七,女,大一,1班,2007-04-25,15573933186,20221000549@school.edu.cn
550,20221000550,罗启六,男,大一,5班,2007-02-02,15205194845,20221000550@school.edu.cn
551,20221000551,郑佳锴,男,大一,2班,2007-07-03,17692799395,20221000551@school.edu.cn
552,20221000552,彭三珊,男,大一,2班,2007-05-08,18506356325,20221000552@school.edu.cn
553,20221000553,徐星磊,女,大一,10班,2007-09-04,13950406323,20221000553@school.edu.cn
554,20221000554,萧羽钰,女,大一,9班,2006-10-21,15266136353,20221000554@school.edu.cn
555,20221000555,刘浩,女,大一,11班,2007-09-06,15272306161,20221000555@school.edu.cn
556,20221000556,郑芸珂,男,大一,1班,2007-08-28,18321895404,20221000556@school.edu.cn
557,20221000557,曾瑾九,男,大一,5班,2007-04-04,15892801135,20221000557@school.edu.cn
558,20221000558,彭志晟,男,大一,10班,2006-01-19,13632000600,20221000558@school.edu.cn
559,20221000559,何若,女,大一,8班,2006-01-03,18354065983,20221000559@school.edu.cn
560,20221000560,许宥,男,大一,9班,2006-08-02,18150444884,20221000560@school.edu.cn
561,20221000561,孙志珊,男,大一,6班,2006-06-02,15683389265,20221000561@school.edu.cn
562,20221000562,冯泓斌,男,大一,10班,2007-12-20,18908080979,20221000562@school.edu.cn
563,20221000563,彭婕昊,男,大一,8班,2006-02-22,15128561753,20221000563@school.edu.cn
564,20221000564,宋珺可,女,大一,11班,2006-05-23,15395590909,20221000564@school.edu.cn
565,20221000565,许璇琪,男,大一,5班,2007-04-18,17391515883,20221000565@school.edu.cn
566,20221000566,萧宁志,女,大一,5班,2006-05-13,15649717520,20221000566@school.edu.cn
567,20221000567,刘嫣,女,大一,8班,2006-04-29,15388226461,20221000567@school.edu.cn
568,20221000568,傅欣萌,女,大一,10班,2006-02-26,13799543392,20221000568@school.edu.cn
569,20221000569,宋琛,男,大一,1班,2007-01-07,18534464321,20221000569@school.edu.cn
570,20221000570,唐璇,女,大一,6班,2006-12-02,15611504704,20221000570@school.edu.cn
571,20221000571,宋思,女,大一,11班,2006-02-07,18655665700,20221000571@school.edu.cn
572,20221000572,许瑾,女,大一,6班,2006-10-21,13295831509,20221000572@school.edu.cn
573,20221000573,杨梓,女,大一,12班,2006-10-04,18076259471,20221000573@school.edu.cn
574,20221000574,于锦蕾,男,大一,3班,2007-12-01,15115124724,20221000574@school.edu.cn
575,20221000575,吴羽,男,大一,11班,2006-10-15,15278713665,20221000575@school.edu.cn
576,20221000576,谢莹琪,男,大一,3班,2006-12-20,15190865264,20221000576@school.edu.cn
577,20221000577,刘杰洁,男,大一,4班,2007-05-31,17732970477,20221000577@school.edu.cn
578,20221000578,刘霖霖,女,大一,12班,2006-04-05,15964063844,20221000578@school.edu.cn
579,20221000579,曹茗煜,女,大一,10班,2007-10-08,18701839004,20221000579@school.edu.cn
580,20221000580,曹瑜,男,大一,6班,2007-10-09,18261256636,20221000580@school.edu.cn
581,20221000581,郭雨,女,大一,10班,2006-01-29,13358704256,20221000581@school.edu.cn
582,20221000582,李子,男,大一,10班,2006-09-02,17609435910,20221000582@school.edu.cn
583,20221000583,李序,男,大一,1班,2006-11-18,15296400769,20221000583@school.edu.cn
584,20221000584,罗渲萱,女,大一,7班,2006-01-26,13452817471,20221000584@school.edu.cn
585,20221000585,唐瑜骐,男,大一,6班,2007-07-21,15189843922,20221000585@school.edu.cn
586,20221000586,吴彤琪,女,大一,5班,2007-05-14,13179759033,20221000586@school.edu.cn
587,20221000587,陈瑜琳,女,大一,5班,2006-07-01,18920474017,20221000587@school.edu.cn
588,20221000588,宋祺,男,大一,5班,2006-08-31,15212144409,20221000588@school.edu.cn
589,20221000589,曹泓煜,男,大一,7班,2007-06-12,13856584629,20221000589@school.edu.cn
590,20221000590,吕芸博,男,大一,7班,2007-02-01,15121664890,20221000590@school.edu.cn
591,20221000591,朱淇蓉,男,大一,1班,2007-08-22,15684129554,20221000591@school.edu.cn
592,20221000592,于佳,男,大一,4班,2006-09-22,18315085138,20221000592@school.edu.cn
593,20221000593,吕涵煜,男,大一,6班,2006-11-14,17565366874,20221000593@school.edu.cn
594,20221000594,谢露妍,男,大一,4班,2007-02-12,18242567856,20221000594@school.edu.cn
595,20221000595,曾三,男,大一,8班,2007-03-27,18208167862,20221000595@school.edu.cn
596,20221000596,周霖,女,大一,1班,2007-09-26,13426223201,20221000596@school.edu.cn
597,20221000597,陈涵怡,女,大一,5班,2006-03-28,18365495292,20221000597@school.edu.cn
598,20221000598,高乐三,女,大一,10班,2006-10-01,15761540411,20221000598@school.edu.cn
599,20221000599,梁思璐,女,大一,3班,2007-11-23,18346309984,20221000599@school.edu.cn
600,20221000600,萧锦,女,大一,7班,2006-06-24,18159321355,20221000600@school.edu.cn
601,20221000601,于四哲,男,大一,6班,2007-06-14,18956521642,20221000601@school.edu.cn
602,20221000602,邓浩芸,男,大一,6班,2007-11-19,18866107428,20221000602@school.edu.cn
603,20221000603,孙清凯,男,大一,5班,2007-06-20,18617769188,20221000603@school.edu.cn
604,20221000604,沈沁阳,男,大一,9班,2006-10-20,13566573614,20221000604@school.edu.cn
605,20221000605,吴颖,女,大一,9班,2006-01-15,13436155823,20221000605@school.edu.cn
606,20221000606,罗颖,男,大一,1班,2006-09-29,18937680333,20221000606@school.edu.cn
607,20221000607,吕菲,女,大一,4班,2006-10-16,18160988720,20221000607@school.edu.cn
608,20221000608,谢睿,男,大一,2班,2006-09-08,18571662215,20221000608@school.edu.cn
609,20221000609,梁宁航,男,大一,8班,2006-07-19,18374593764,20221000609@school.edu.cn
610,20221000610,曹子二,女,大一,12班,2006-01-27,15109388471,20221000610@school.edu.cn
611,20221000611,萧五,男,大一,12班,2007-09-15,17636633445,20221000611@school.edu.cn
612,20221000612,宋腾四,女,大一,8班,2007-12-31,13342190777,20221000612@school.edu.cn
613,20221000613,袁婕,男,大一,6班,2006-04-03,15799263279,20221000613@school.edu.cn
614,20221000614,李依,女,大一,10班,2006-03-03,18559230870,20221000614@school.edu.cn
615,20221000615,许涵,男,大一,2班,2007-05-22,18604343507,20221000615@school.edu.cn
616,20221000616,朱乐婧,男,大一,2班,2007-07-14,15259220016,20221000616@school.edu.cn
617,20221000617,高佳凝,女,大一,8班,2007-05-05,18193267200,20221000617@school.edu.cn
618,20221000618,罗祺轩,男,大一,6班,2007-07-18,18345682277,20221000618@school.edu.cn
619,20221000619,马梓峻,女,大一,4班,2007-01-13,15098699868,20221000619@school.edu.cn
620,20221000620,冯宥,女,大一,3班,2006-12-13,13692076672,20221000620@school.edu.cn
621,20221000621,曾六四,男,大一,8班,2007-11-29,13515519444,20221000621@school.edu.cn
622,20221000622,高序,男,大一,1班,2007-08-18,15060142220,20221000622@school.edu.cn
623,20221000623,徐妍悦,女,大一,6班,2007-08-31,18512472855,20221000623@school.edu.cn
624,20221000624,罗欣,女,大一,10班,2006-10-29,15155125873,20221000624@school.edu.cn
625,20221000625,袁凯,男,大一,9班,2006-10-13,15128460168,20221000625@school.edu.cn
626,20221000626,李二颖,女,大一,9班,2006-05-07,13972784574,20221000626@school.edu.cn
627,20221000627,高浩坤,男,大一,5班,2006-06-28,13642526444,20221000627@school.edu.cn
628,20221000628,袁五峻,男,大一,3班,2007-07-21,13144443955,20221000628@school.edu.cn
629,20221000629,李若婧,女,大一,3班,2006-07-06,13139744661,20221000629@school.edu.cn
630,20221000630,陈渲然,男,大一,4班,2006-08-25,15999631587,20221000630@school.edu.cn
631,20221000631,袁佳,女,大一,6班,2006-07-11,15144917542,20221000631@school.edu.cn
632,20221000632,郭彦,男,大一,10班,2006-04-11,15771557501,20221000632@school.edu.cn
633,20221000633,罗奕宇,女,大一,12班,2006-06-20,15376487520,20221000633@school.edu.cn
634,20221000634,袁五茹,女,大一,4班,2006-08-24,15611312430,20221000634@school.edu.cn
635,20221000635,吴五,男,大一,3班,2006-02-26,18781423141,20221000635@school.edu.cn
636,20221000636,高瑞萌,女,大一,6班,2006-07-21,15136773955,20221000636@school.edu.cn
637,20221000637,梁茗萌,女,大一,7班,2007-01-27,15992392164,20221000637@school.edu.cn
638,20221000638,孙涵滢,女,大一,5班,2006-08-08,15167247777,20221000638@school.edu.cn
639,20221000639,沈泓熙,女,大一,12班,2006-01-24,15245391289,20221000639@school.edu.cn
640,20221000640,郭八,男,大一,2班,2007-01-02,15547369804,20221000640@school.edu.cn
641,20221000641,罗沁哲,男,大一,1班,2007-08-22,13895961035,20221000641@school.edu.cn
642,20221000642,马八茹,男,大一,2班,2007-07-27,17600326139,20221000642@school.edu.cn
643,20221000643,宋莹,女,大一,12班,2006-10-17,15117267108,20221000643@school.edu.cn
644,20221000644,杨六祺,女,大一,7班,2007-03-01,15741455061,20221000644@school.edu.cn
645,20221000645,赵沁,男,大一,4班,2007-11-11,13205359674,20221000645@school.edu.cn
646,20221000646,袁露辰,男,大一,2班,2007-11-04,17888864921,20221000646@school.edu.cn
647,20221000647,曹四骞,女,大一,2班,2007-07-15,17368922577,20221000647@school.edu.cn
648,20221000648,沈思颖,男,大一,11班,2006-11-20,18770819782,20221000648@school.edu.cn
649,20221000649,刘渲诺,男,大一,2班,2007-07-12,18929899696,20221000649@school.edu.cn
650,20221000650,赵文芷,女,大一,6班,2007-07-15,13878451971,20221000650@school.edu.cn
651,20221000651,张筱四,男,大一,11班,2006-01-23,15331084950,20221000651@school.edu.cn
652,20221000652,傅翊欣,女,大一,9班,2007-04-08,13016005680,20221000652@school.edu.cn
653,20221000653,梁明宇,女,大一,9班,2006-10-07,18080563804,20221000653@school.edu.cn
654,20221000654,郑羽一,女,大一,11班,2006-07-20,15782602262,20221000654@school.edu.cn
655,20221000655,高霖锴,女,大一,1班,2006-07-20,18999764523,20221000655@school.edu.cn
656,20221000656,于芸,女,大一,11班,2007-12-17,13478315166,20221000656@school.edu.cn
657,20221000657,彭露,女,大一,9班,2007-10-25,17514503463,20221000657@school.edu.cn
658,20221000658,曾瑞致,男,大一,12班,2007-09-25,15629949534,20221000658@school.edu.cn
659,20221000659,彭子驰,女,大一,9班,2007-11-19,15601181410,20221000659@school.edu.cn
660,20221000660,胡锦,男,大一,8班,2007-02-17,13812191204,20221000660@school.edu.cn
661,20221000661,萧沁芷,女,大一,12班,2006-06-21,18177618377,20221000661@school.edu.cn
662,20221000662,孙沁三,女,大一,9班,2007-01-09,15120564786,20221000662@school.edu.cn
663,20221000663,梁宇,男,大一,11班,2006-09-29,15585829491,20221000663@school.edu.cn
664,20221000664,冯九,女,大一,8班,2006-12-10,13013498661,20221000664@school.edu.cn
665,20221000665,林颖六,男,大一,2班,2006-03-19,13957367005,20221000665@school.edu.cn
666,20221000666,徐露妍,女,大一,7班,2006-04-08,15358251641,20221000666@school.edu.cn
667,20221000667,孙奕雯,男,大一,5班,2006-03-14,18224459139,20221000667@school.edu.cn
668,20221000668,冯语,女,大一,11班,2007-04-08,13498988841,20221000668@school.edu.cn
669,20221000669,沈五浩,女,大一,10班,2006-03-13,15058954349,20221000669@school.edu.cn
670,20221000670,郭八帆,男,大一,8班,2007-06-12,18137144853,20221000670@school.edu.cn
671,20221000671,吴婷衡,男,大一,2班,2006-05-26,18235662146,20221000671@school.edu.cn
672,20221000672,朱泽五,女,大一,3班,2007-10-06,13203465030,20221000672@school.edu.cn
673,20221000673,赵彦婧,女,大一,4班,2006-02-11,13895961173,20221000673@school.edu.cn
674,20221000674,吴嫣,男,大一,3班,2006-07-19,15128818062,20221000674@school.edu.cn
675,20221000675,杨琳,男,大一,10班,2006-08-28,17796297486,20221000675@school.edu.cn
676,20221000676,曾涵,男,大一,7班,2007-10-23,15705524179,20221000676@school.edu.cn
677,20221000677,孙佳,女,大一,6班,2007-09-11,15109205068,20221000677@school.edu.cn
678,20221000678,谢佳,女,大一,12班,2007-01-18,17755338193,20221000678@school.edu.cn
679,20221000679,冯一哲,女,大一,5班,2006-06-11,13267868911,20221000679@school.edu.cn
680,20221000680,唐思珊,男,大一,3班,2007-06-04,15337057341,20221000680@school.edu.cn
681,20221000681,李一,男,大一,6班,2006-12-16,18209131441,20221000681@school.edu.cn
682,20221000682,胡若航,女,大一,1班,2006-02-11,15976408033,20221000682@school.edu.cn
683,20221000683,徐曜洁,女,大一,10班,2007-05-10,13423374038,20221000683@school.edu.cn
684,20221000684,刘宸凯,女,大一,2班,2006-12-02,17560223844,20221000684@school.edu.cn
685,20221000685,罗六扬,男,大一,11班,2006-04-19,13099032443,20221000685@school.edu.cn
686,20221000686,萧宥瑶,女,大一,11班,2007-01-26,18801067167,20221000686@school.edu.cn
687,20221000687,袁瑜蕾,男,大一,3班,2006-07-08,18219310909,20221000687@school.edu.cn
688,20221000688,陈思凝,女,大一,6班,2006-04-26,13586437618,20221000688@school.edu.cn
689,20221000689,许淇祺,女,大一,4班,2006-05-12,15735793338,20221000689@school.edu.cn
690,20221000690,高六亦,男,大一,2班,2007-07-31,15541179617,20221000690@school.edu.cn
691,20221000691,马嘉,女,大一,11班,2006-08-09,13842706992,20221000691@school.edu.cn
692,20221000692,冯姝,女,大一,12班,2006-12-12,15393153509,20221000692@school.edu.cn
693,20221000693,高依怡,男,大一,12班,2006-11-02,18274742832,20221000693@school.edu.cn
694,20221000694,罗雅,男,大一,8班,2006-03-13,13775582457,20221000694@school.edu.cn
695,20221000695,萧六祺,男,大一,9班,2006-11-24,15786279021,20221000695@school.edu.cn
696,20221000696,于芸凯,女,大一,1班,2006-10-13,13100493998,20221000696@school.edu.cn
697,20221000697,曹林琪,男,大一,9班,2006-11-09,15683924830,20221000697@school.edu.cn
698,20221000698,许筱一,女,大一,2班,2007-12-13,13009889348,20221000698@school.edu.cn
699,20221000699,李昭一,女,大一,8班,2007-01-04,13525644017,20221000699@school.edu.cn
700,20221000700,萧八雪,男,大一,4班,2007-06-04,18161709737,20221000700@school.edu.cn
701,20221000701,傅芸,男,大一,7班,2006-03-24,15867587192,20221000701@school.edu.cn
702,20221000702,李杰珏,女,大一,10班,2007-05-07,18950933151,20221000702@school.edu.cn
703,20221000703,于瑾驰,女,大一,2班,2006-02-08,18286236086,20221000703@school.edu.cn
704,20221000704,黄筱骞,男,大一,7班,2006-09-28,18886029486,20221000704@school.edu.cn
705,20221000705,韩雪,女,大一,4班,2006-01-16,13752161878,20221000705@school.edu.cn
706,20221000706,张彦,女,大一,12班,2006-01-14,17689023220,20221000706@school.edu.cn
707,20221000707,谢腾九,女,大一,2班,2007-09-19,13042128309,20221000707@school.edu.cn
708,20221000708,何沁,女,大一,10班,2006-02-03,13754448776,20221000708@school.edu.cn
709,20221000709,张锦,男,大一,2班,2007-11-15,18253671355,20221000709@school.edu.cn
710,20221000710,胡菲,女,大一,9班,2007-02-06,18896128689,20221000710@school.edu.cn
711,20221000711,袁昭颖,男,大一,8班,2007-07-02,17855202491,20221000711@school.edu.cn
712,20221000712,邓志,男,大一,6班,2007-04-24,13210234221,20221000712@school.edu.cn
713,20221000713,程曜,男,大一,6班,2006-04-05,18519840601,20221000713@school.edu.cn
714,20221000714,冯星芸,女,大一,12班,2007-01-29,13204125628,20221000714@school.edu.cn
715,20221000715,彭瑞扬,女,大一,11班,2007-04-14,18077326264,20221000715@school.edu.cn
716,20221000716,沈一峻,女,大一,5班,2007-12-19,15306804971,20221000716@school.edu.cn
717,20221000717,董一,女,大一,6班,2007-05-17,18890846019,20221000717@school.edu.cn
718,20221000718,沈文阳,男,大一,5班,2007-01-04,17851698011,20221000718@school.edu.cn
719,20221000719,高睿航,女,大一,10班,2007-10-11,15329159637,20221000719@school.edu.cn
720,20221000720,赵筱芸,男,大一,5班,2007-02-01,13893482307,20221000720@school.edu.cn
721,20221000721,王七珏,女,大一,12班,2007-08-21,13269803940,20221000721@school.edu.cn
722,20221000722,曾六,男,大一,11班,2006-08-18,13460441021,20221000722@school.edu.cn
723,20221000723,赵奚,女,大一,7班,2006-10-01,18609746876,20221000723@school.edu.cn
724,20221000724,陈茗衡,女,大一,2班,2006-11-30,15533918178,20221000724@school.edu.cn
725,20221000725,朱雅琪,男,大一,3班,2006-01-18,17729759187,20221000725@school.edu.cn
726,20221000726,沈曜四,女,大一,10班,2007-07-09,15228600710,20221000726@school.edu.cn
727,20221000727,郭妍子,男,大一,6班,2007-12-30,18071594933,20221000727@school.edu.cn
728,20221000728,赵彤馥,男,大一,12班,2006-12-20,13409030435,20221000728@school.edu.cn
729,20221000729,高乐锴,男,大一,10班,2007-11-15,18681698116,20221000729@school.edu.cn
730,20221000730,谢瑞,男,大一,12班,2007-04-01,18004487098,20221000730@school.edu.cn
731,20221000731,许涵茹,男,大一,6班,2007-09-16,17694318365,20221000731@school.edu.cn
732,20221000732,于林二,女,大一,5班,2006-09-21,17771208365,20221000732@school.edu.cn
733,20221000733,杨翊睿,女,大一,3班,2006-08-12,17321405330,20221000733@school.edu.cn
734,20221000734,张翊铠,男,大一,3班,2007-05-06,15740834626,20221000734@school.edu.cn
735,20221000735,萧四八,女,大一,9班,2007-02-15,18152900068,20221000735@school.edu.cn
736,20221000736,袁文驰,女,大一,2班,2006-01-18,17347460638,20221000736@school.edu.cn
737,20221000737,彭宥琪,男,大一,6班,2006-02-20,17675778133,20221000737@school.edu.cn
738,20221000738,徐颖蕾,女,大一,6班,2006-01-08,13371527967,20221000738@school.edu.cn
739,20221000739,傅宁熙,男,大一,12班,2006-07-30,13413370160,20221000739@school.edu.cn
740,20221000740,于杰骞,女,大一,6班,2006-02-27,13743749249,20221000740@school.edu.cn
741,20221000741,谢奚,男,大一,1班,2007-07-03,13624752337,20221000741@school.edu.cn
742,20221000742,谢羽扬,女,大一,7班,2006-09-22,13828630699,20221000742@school.edu.cn
743,20221000743,罗欣欣,男,大一,7班,2007-04-27,13929643296,20221000743@school.edu.cn
744,20221000744,沈淇滢,男,大一,9班,2007-02-02,15910538318,20221000744@school.edu.cn
745,20221000745,胡彤扬,女,大一,11班,2006-03-07,17301938869,20221000745@school.edu.cn
746,20221000746,吴宥熙,女,大一,8班,2007-02-24,15225444930,20221000746@school.edu.cn
747,20221000747,徐清八,男,大一,1班,2006-05-11,18090497730,20221000747@school.edu.cn
748,20221000748,谢露,女,大一,6班,2006-03-12,13827326564,20221000748@school.edu.cn
749,20221000749,郭一磊,男,大一,11班,2007-07-09,18687006814,20221000749@school.edu.cn
750,20221000750,郭莹宇,男,大一,12班,2007-11-04,17377265322,20221000750@school.edu.cn
751,20221000751,郑睿琪,男,大一,10班,2006-10-11,15601281961,20221000751@school.edu.cn
752,20221000752,刘睿,男,大一,10班,2006-09-16,18218056720,20221000752@school.edu.cn
753,20221000753,刘浩锴,男,大一,11班,2006-01-20,17753530760,20221000753@school.edu.cn
754,20221000754,罗芸珊,男,大一,7班,2006-11-10,18006021737,20221000754@school.edu.cn
755,20221000755,徐四芸,男,大一,9班,2006-10-22,15860205677,20221000755@school.edu.cn
756,20221000756,郭宁宇,男,大一,5班,2006-12-24,15623519631,20221000756@school.edu.cn
757,20221000757,何菲航,女,大一,11班,2006-01-30,18040660587,20221000757@school.edu.cn
758,20221000758,徐筱,女,大一,6班,2007-03-06,18619212414,20221000758@school.edu.cn
759,20221000759,宋梓滢,女,大一,8班,2007-12-27,17732712384,20221000759@school.edu.cn
760,20221000760,冯珂六,男,大一,9班,2006-09-07,18290900786,20221000760@school.edu.cn
761,20221000761,沈二,男,大一,11班,2006-09-01,18145888630,20221000761@school.edu.cn
762,20221000762,吴宇涵,女,大一,7班,2006-07-29,17686699468,20221000762@school.edu.cn
763,20221000763,曹涵三,女,大一,9班,2006-08-24,15265487666,20221000763@school.edu.cn
764,20221000764,袁二,女,大一,8班,2006-06-21,15978642598,20221000764@school.edu.cn
765,20221000765,李芸,男,大一,7班,2007-11-27,17876853734,20221000765@school.edu.cn
766,20221000766,郭瑞,男,大一,5班,2006-09-29,13239553668,20221000766@school.edu.cn
767,20221000767,于颖琪,女,大一,9班,2007-11-10,18852862191,20221000767@school.edu.cn
768,20221000768,于泽熙,女,大一,1班,2007-04-03,15122872534,20221000768@school.edu.cn
769,20221000769,高雅晨,男,大一,8班,2006-07-08,13424677461,20221000769@school.edu.cn
770,20221000770,孙彦洁,男,大一,6班,2006-08-18,18050153623,20221000770@school.edu.cn
771,20221000771,傅语,女,大一,9班,2007-04-15,13161141630,20221000771@school.edu.cn
772,20221000772,李涵宇,男,大一,12班,2007-11-25,18184638140,20221000772@school.edu.cn
773,20221000773,李霖滢,女,大一,12班,2007-02-03,17641435504,20221000773@school.edu.cn
774,20221000774,许宇琳,女,大一,3班,2006-12-25,18063163643,20221000774@school.edu.cn
775,20221000775,董若致,女,大一,4班,2007-09-29,13843083642,20221000775@school.edu.cn
776,20221000776,陈颖浩,女,大一,1班,2007-11-20,15209223726,20221000776@school.edu.cn
777,20221000777,杨星亦,男,大一,6班,2006-07-17,15503887245,20221000777@school.edu.cn
778,20221000778,曹莹,男,大一,5班,2007-08-25,18263233769,20221000778@school.edu.cn
779,20221000779,程祺铠,女,大一,10班,2007-06-29,18973635075,20221000779@school.edu.cn
780,20221000780,徐妍祺,男,大一,4班,2006-12-25,13261106553,20221000780@school.edu.cn
781,20221000781,刘依亦,女,大一,3班,2007-06-02,18134689435,20221000781@school.edu.cn
782,20221000782,邓星,女,大一,6班,2006-02-18,15135062737,20221000782@school.edu.cn
783,20221000783,曾六滢,男,大一,3班,2007-01-05,15632459955,20221000783@school.edu.cn
784,20221000784,沈八霄,女,大一,10班,2006-05-19,18184100565,20221000784@school.edu.cn
785,20221000785,沈涵,女,大一,3班,2007-12-06,18714529911,20221000785@school.edu.cn
786,20221000786,谢奕,男,大一,5班,2006-10-13,13821061821,20221000786@school.edu.cn
787,20221000787,郑珺祺,男,大一,5班,2007-09-19,18701011794,20221000787@school.edu.cn
788,20221000788,孙二晨,男,大一,10班,2007-11-19,15501033567,20221000788@school.edu.cn
789,20221000789,谢序恺,女,大一,2班,2007-09-14,13451395645,20221000789@school.edu.cn
790,20221000790,周杰霄,女,大一,2班,2006-07-09,17618503023,20221000790@school.edu.cn
791,20221000791,王宁衡,男,大一,1班,2006-07-05,18577971401,20221000791@school.edu.cn
792,20221000792,杨志欣,男,大一,4班,2007-09-27,13487308683,20221000792@school.edu.cn
793,20221000793,谢霖,男,大一,8班,2006-02-12,15533001070,20221000793@school.edu.cn
794,20221000794,陈锦辰,女,大一,12班,2006-05-03,17601091493,20221000794@school.edu.cn
795,20221000795,袁奚,男,大一,1班,2006-03-20,13921493863,20221000795@school.edu.cn
796,20221000796,高景雪,女,大一,2班,2007-02-04,17611917745,20221000796@school.edu.cn
797,20221000797,李三四,女,大一,12班,2007-08-20,18941056656,20221000797@school.edu.cn
798,20221000798,董浩,女,大一,7班,2007-08-03,15593364991,20221000798@school.edu.cn
799,20221000799,胡星,男,大一,2班,2007-10-22,15069743160,20221000799@school.edu.cn
800,20221000800,吕泽帆,男,大一,3班,2007-12-14,17771772641,20221000800@school.edu.cn
801,20221000801,刘序茹,男,大一,12班,2006-05-13,13669150597,20221000801@school.edu.cn
802,20221000802,郑宸凝,女,大一,7班,2006-08-27,18618949511,20221000802@school.edu.cn
803,20221000803,朱二,女,大一,8班,2006-12-13,13205140198,20221000803@school.edu.cn
804,20221000804,谢瑶瑾,女,大一,12班,2006-03-18,17690462407,20221000804@school.edu.cn
805,20221000805,袁语,男,大一,9班,2006-02-24,18031107718,20221000805@school.edu.cn
806,20221000806,程璇可,女,大一,7班,2007-03-06,13258361458,20221000806@school.edu.cn
807,20221000807,吴明琪,男,大一,3班,2007-01-23,18822445460,20221000807@school.edu.cn
808,20221000808,刘凯,男,大一,2班,2007-06-27,15285992034,20221000808@school.edu.cn
809,20221000809,吴八,男,大一,5班,2007-11-30,17373507092,20221000809@school.edu.cn
810,20221000810,赵睿,女,大一,6班,2006-09-16,13201555382,20221000810@school.edu.cn
811,20221000811,胡珂,男,大一,5班,2007-06-08,15063104911,20221000811@school.edu.cn
812,20221000812,朱奚希,男,大一,9班,2006-04-07,18910527341,20221000812@school.edu.cn
813,20221000813,林八,女,大一,11班,2006-04-27,15192444772,20221000813@school.edu.cn
814,20221000814,胡姝八,男,大一,3班,2007-03-02,15704586667,20221000814@school.edu.cn
815,20221000815,罗宸诺,男,大一,10班,2006-08-04,13923626732,20221000815@school.edu.cn
816,20221000816,赵博,女,大一,4班,2007-10-01,17377886623,20221000816@school.edu.cn
817,20221000817,赵姝,女,大一,4班,2006-04-06,18775702047,20221000817@school.edu.cn
818,20221000818,于文宁,男,大一,8班,2007-03-25,15626200655,20221000818@school.edu.cn
819,20221000819,刘淇轩,女,大一,8班,2006-04-29,15720448966,20221000819@school.edu.cn
820,20221000820,董昭,男,大一,3班,2007-11-11,18253542724,20221000820@school.edu.cn
821,20221000821,王泓可,女,大一,5班,2007-02-11,15742643177,20221000821@school.edu.cn
822,20221000822,张翊,女,大一,4班,2007-10-08,18677071212,20221000822@school.edu.cn
823,20221000823,周八明,男,大一,9班,2007-10-16,17887494763,20221000823@school.edu.cn
824,20221000824,于依阳,女,大一,2班,2006-12-02,18066991294,20221000824@school.edu.cn
825,20221000825,赵彦渝,女,大一,6班,2006-07-19,15911852142,20221000825@school.edu.cn
826,20221000826,周琳衡,男,大一,9班,2006-11-29,15664970581,20221000826@school.edu.cn
827,20221000827,李瑞芷,男,大一,1班,2007-03-24,13527649381,20221000827@school.edu.cn
828,20221000828,黄璇铠,男,大一,8班,2007-01-13,15922710439,20221000828@school.edu.cn
829,20221000829,韩星坤,男,大一,9班,2007-07-12,13999774176,20221000829@school.edu.cn
830,20221000830,吴嫣,女,大一,2班,2006-03-17,15016409014,20221000830@school.edu.cn
831,20221000831,陈曜铠,女,大一,8班,2006-08-08,18797762697,20221000831@school.edu.cn
832,20221000832,曹腾昊,女,大一,6班,2007-01-04,13120522603,20221000832@school.edu.cn
833,20221000833,傅景二,女,大一,12班,2006-01-24,13207416088,20221000833@school.edu.cn
834,20221000834,邓姝,男,大一,1班,2007-01-04,15830463811,20221000834@school.edu.cn
835,20221000835,郭梓驰,男,大一,11班,2007-01-27,18594374539,20221000835@school.edu.cn
836,20221000836,胡杰颖,女,大一,9班,2006-04-03,15225015753,20221000836@school.edu.cn
837,20221000837,于沁,女,大一,9班,2007-12-15,15320002291,20221000837@school.edu.cn
838,20221000838,何婕芸,男,大一,10班,2006-08-13,15365023101,20221000838@school.edu.cn
839,20221000839,黄六,女,大一,6班,2006-12-21,15307796064,20221000839@school.edu.cn
840,20221000840,沈颖雯,男,大一,4班,2006-09-09,15620897743,20221000840@school.edu.cn
841,20221000841,刘佳,女,大一,2班,2006-12-30,13597895521,20221000841@school.edu.cn
842,20221000842,胡欣帆,女,大一,12班,2007-01-27,13174560829,20221000842@school.edu.cn
843,20221000843,曾景轩,男,大一,3班,2007-03-21,18266014332,20221000843@school.edu.cn
844,20221000844,萧彦钰,女,大一,4班,2006-03-03,13627118213,20221000844@school.edu.cn
845,20221000845,高浩坤,女,大一,5班,2006-05-22,13231025070,20221000845@school.edu.cn
846,20221000846,邓婕萌,男,大一,3班,2007-05-26,13857568723,20221000846@school.edu.cn
847,20221000847,徐泽蕾,男,大一,11班,2007-03-19,17369389642,20221000847@school.edu.cn
848,20221000848,周二瑶,男,大一,1班,2006-03-09,13636489163,20221000848@school.edu.cn
849,20221000849,孙嘉博,男,大一,11班,2007-01-28,15950489268,20221000849@school.edu.cn
850,20221000850,宋涵御,女,大一,6班,2007-03-15,13341842391,20221000850@school.edu.cn
851,20221000851,谢彤驰,男,大一,10班,2007-05-23,15772345975,20221000851@school.edu.cn
852,20221000852,陈明霄,男,大一,4班,2006-12-14,15063223933,20221000852@school.edu.cn
853,20221000853,谢泽焱,男,大一,10班,2006-03-28,18036821575,20221000853@school.edu.cn
854,20221000854,冯语二,女,大一,10班,2006-08-04,15597361175,20221000854@school.edu.cn
855,20221000855,沈昭,女,大一,5班,2007-01-02,18050646769,20221000855@school.edu.cn
856,20221000856,曹淇函,女,大一,10班,2007-05-15,18562927721,20221000856@school.edu.cn
857,20221000857,傅星志,男,大一,4班,2007-06-04,17884552593,20221000857@school.edu.cn
858,20221000858,周羽彤,男,大一,8班,2006-04-03,18202634933,20221000858@school.edu.cn
859,20221000859,李淇翎,男,大一,8班,2006-05-04,13046856740,20221000859@school.edu.cn
860,20221000860,郭雅,女,大一,9班,2007-04-24,18240683008,20221000860@school.edu.cn
861,20221000861,萧渲琪,女,大一,6班,2006-09-02,15984117943,20221000861@school.edu.cn
862,20221000862,郭佳芷,女,大一,8班,2007-01-23,15012387115,20221000862@school.edu.cn
863,20221000863,梁志四,男,大一,5班,2007-04-14,15256740427,20221000863@school.edu.cn
864,20221000864,萧语瑜,女,大一,5班,2006-09-28,15992832961,20221000864@school.edu.cn
865,20221000865,董景衡,男,大一,4班,2006-03-29,15093840317,20221000865@school.edu.cn
866,20221000866,何四锴,女,大一,3班,2007-06-03,15182316847,20221000866@school.edu.cn
867,20221000867,马曜哲,女,大一,6班,2007-12-19,15935004687,20221000867@school.edu.cn
868,20221000868,梁茗琪,女,大一,8班,2007-07-09,13399871054,20221000868@school.edu.cn
869,20221000869,胡翊欣,女,大一,6班,2006-06-27,18726523539,20221000869@school.edu.cn
870,20221000870,刘宁,男,大一,3班,2006-04-14,13461806304,20221000870@school.edu.cn
871,20221000871,周梓,男,大一,7班,2006-05-12,13460985921,20221000871@school.edu.cn
872,20221000872,曹浩,女,大一,12班,2006-06-14,17529418142,20221000872@school.edu.cn
873,20221000873,王子驰,女,大一,5班,2007-11-07,15392269886,20221000873@school.edu.cn
874,20221000874,梁珺,男,大一,1班,2007-08-18,17344485067,20221000874@school.edu.cn
875,20221000875,冯锦御,女,大一,9班,2006-05-05,15567040676,20221000875@school.edu.cn
876,20221000876,胡莹然,女,大一,8班,2007-03-22,15588573302,20221000876@school.edu.cn
877,20221000877,董颖,男,大一,1班,2006-06-09,17720687536,20221000877@school.edu.cn
878,20221000878,袁宥可,女,大一,2班,2007-02-27,15772468997,20221000878@school.edu.cn
879,20221000879,马珺,女,大一,1班,2006-12-09,15075908322,20221000879@school.edu.cn
880,20221000880,徐清祺,男,大一,1班,2006-03-18,13865565904,20221000880@school.edu.cn
881,20221000881,冯宁致,男,大一,1班,2007-06-10,15579184669,20221000881@school.edu.cn
882,20221000882,杨颖辰,女,大一,11班,2007-07-05,15988397558,20221000882@school.edu.cn
883,20221000883,周子滢,女,大一,11班,2007-04-05,15720994843,20221000883@school.edu.cn
884,20221000884,曹宥函,女,大一,5班,2007-10-05,15319282397,20221000884@school.edu.cn
885,20221000885,冯宥亦,女,大一,12班,2006-10-28,15832234576,20221000885@school.edu.cn
886,20221000886,郑景扬,男,大一,1班,2006-08-21,15806493457,20221000886@school.edu.cn
887,20221000887,徐杰,男,大一,5班,2007-11-05,18868161663,20221000887@school.edu.cn
888,20221000888,邓珺辰,女,大一,6班,2006-05-11,13956707781,20221000888@school.edu.cn
889,20221000889,郑泽凯,男,大一,10班,2007-01-30,17786373467,20221000889@school.edu.cn
890,20221000890,刘妍文,男,大一,10班,2006-01-11,18354355324,20221000890@school.edu.cn
891,20221000891,吕淇,男,大一,6班,2006-01-03,15268448824,20221000891@school.edu.cn
892,20221000892,邓宁晟,女,大一,6班,2007-07-01,17878570785,20221000892@school.edu.cn
893,20221000893,赵宇子,女,大一,9班,2006-04-04,15507747021,20221000893@school.edu.cn
894,20221000894,许瑾珏,男,大一,3班,2007-11-04,13903242683,20221000894@school.edu.cn
895,20221000895,李沁焱,男,大一,6班,2007-12-08,13921958783,20221000895@school.edu.cn
896,20221000896,韩昭怡,女,大一,10班,2006-12-04,18746543419,20221000896@school.edu.cn
897,20221000897,邓瑜钰,男,大一,1班,2006-10-18,15080500611,20221000897@school.edu.cn
898,20221000898,陈妍宁,男,大一,11班,2007-05-08,13508517451,20221000898@school.edu.cn
899,20221000899,郑奚娜,女,大一,2班,2007-10-15,13352499549,20221000899@school.edu.cn
900,20221000900,于淇亦,男,大一,5班,2006-03-03,17550448931,20221000900@school.edu.cn
901,20221000901,袁颖,女,大一,1班,2007-03-29,15330803657,20221000901@school.edu.cn
902,20221000902,郭瑾,男,大一,6班,2006-10-02,15916337857,20221000902@school.edu.cn
903,20221000903,董一三,女,大一,11班,2007-11-22,13235405968,20221000903@school.edu.cn
904,20221000904,周启妍,女,大一,8班,2006-07-19,13047654199,20221000904@school.edu.cn
905,20221000905,朱宸涵,女,大一,11班,2007-03-02,17698688507,20221000905@school.edu.cn
906,20221000906,韩露衡,女,大一,5班,2006-11-30,18800537494,20221000906@school.edu.cn
907,20221000907,袁杰扬,男,大一,6班,2007-10-17,17593855796,20221000907@school.edu.cn
908,20221000908,许子九,男,大一,5班,2006-11-03,18551094068,20221000908@school.edu.cn
909,20221000909,吕乐帆,男,大一,8班,2007-04-19,15770026956,20221000909@school.edu.cn
910,20221000910,陈嘉,男,大一,5班,2007-12-23,15649494771,20221000910@school.edu.cn
911,20221000911,曾曜彤,女,大一,7班,2007-03-29,13584246722,20221000911@school.edu.cn
912,20221000912,郑霖辰,女,大一,4班,2006-10-04,18380145821,20221000912@school.edu.cn
913,20221000913,吕杰扬,女,大一,5班,2007-03-01,15589938907,20221000913@school.edu.cn
914,20221000914,张启怡,男,大一,2班,2007-12-02,18005711024,20221000914@school.edu.cn
915,20221000915,李四,女,大一,2班,2006-05-13,15287044575,20221000915@school.edu.cn
916,20221000916,刘四,女,大一,7班,2006-10-20,18294995285,20221000916@school.edu.cn
917,20221000917,林彤怡,男,大一,10班,2006-07-21,18544701145,20221000917@school.edu.cn
918,20221000918,杨梓子,女,大一,11班,2007-01-01,13120904334,20221000918@school.edu.cn
919,20221000919,邓三,男,大一,10班,2007-06-08,18675954087,20221000919@school.edu.cn
920,20221000920,董二蓉,女,大一,6班,2006-04-10,18296902861,20221000920@school.edu.cn
921,20221000921,何佳馥,女,大一,1班,2007-07-10,15838443713,20221000921@school.edu.cn
922,20221000922,傅志宁,女,大一,3班,2006-05-20,18171662194,20221000922@school.edu.cn
923,20221000923,彭嫣驰,男,大一,3班,2007-02-19,13563359035,20221000923@school.edu.cn
924,20221000924,傅凯,女,大一,5班,2006-11-27,13761449371,20221000924@school.edu.cn
925,20221000925,袁五,男,大一,1班,2007-04-03,18788285347,20221000925@school.edu.cn
926,20221000926,赵璇航,男,大一,12班,2007-04-17,13956926075,20221000926@school.edu.cn
927,20221000927,黄淇明,女,大一,10班,2007-10-31,18678480237,20221000927@school.edu.cn
928,20221000928,马林明,女,大一,12班,2006-05-27,13062793369,20221000928@school.edu.cn
929,20221000929,许宁,男,大一,3班,2007-09-02,13738618855,20221000929@school.edu.cn
930,20221000930,王乐扬,男,大一,6班,2007-09-04,18835543142,20221000930@school.edu.cn
931,20221000931,曹嫣,女,大一,4班,2006-12-05,15648447929,20221000931@school.edu.cn
932,20221000932,彭曜哲,女,大一,6班,2006-09-15,17795517897,20221000932@school.edu.cn
933,20221000933,罗瑜怡,女,大一,9班,2007-12-23,18381991503,20221000933@school.edu.cn
934,20221000934,郭颖珊,女,大一,8班,2007-05-31,18616255328,20221000934@school.edu.cn
935,20221000935,郭沁凯,男,大一,5班,2007-09-23,18943375773,20221000935@school.edu.cn
936,20221000936,胡瑾,男,大一,12班,2007-12-29,13089377467,20221000936@school.edu.cn
937,20221000937,何四彤,女,大一,10班,2006-03-28,18730945045,20221000937@school.edu.cn
938,20221000938,曾宸希,女,大一,9班,2007-12-04,15341180010,20221000938@school.edu.cn
939,20221000939,王林御,女,大一,11班,2007-12-25,15640345797,20221000939@school.edu.cn
940,20221000940,唐星斌,女,大一,5班,2006-01-29,18114162567,20221000940@school.edu.cn
941,20221000941,萧颖,女,大一,7班,2006-02-28,15829318081,20221000941@school.edu.cn
942,20221000942,黄璇,女,大一,6班,2006-02-27,17549807853,20221000942@school.edu.cn
943,20221000943,李文娜,女,大一,4班,2006-11-21,18899478585,20221000943@school.edu.cn
944,20221000944,王杰,女,大一,10班,2006-02-26,13929806059,20221000944@school.edu.cn
945,20221000945,宋欣瑾,男,大一,9班,2006-03-30,13326246910,20221000945@school.edu.cn
946,20221000946,邓菲凝,女,大一,8班,2006-05-13,18581646159,20221000946@school.edu.cn
947,20221000947,杨婷煜,男,大一,8班,2007-09-08,13102343474,20221000947@school.edu.cn
948,20221000948,林乐骞,女,大一,7班,2007-09-27,18305137642,20221000948@school.edu.cn
949,20221000949,周琳六,女,大一,1班,2006-04-15,13804584649,20221000949@school.edu.cn
950,20221000950,李淇然,男,大一,5班,2006-03-24,13369914958,20221000950@school.edu.cn
951,20221000951,傅雨,女,大一,7班,2007-10-07,18659258613,20221000951@school.edu.cn
952,20221000952,于妍,女,大一,7班,2007-02-17,18232959255,20221000952@school.edu.cn
953,20221000953,刘序珊,男,大一,4班,2007-07-12,17500347191,20221000953@school.edu.cn
954,20221000954,张翊萌,男,大一,4班,2006-02-21,17829918505,20221000954@school.edu.cn
955,20221000955,何妍,男,大一,4班,2007-09-24,17756826866,20221000955@school.edu.cn
956,20221000956,林茗,男,大一,12班,2006-10-09,15745501394,20221000956@school.edu.cn
957,20221000957,周锦,男,大一,4班,2007-02-19,13899066108,20221000957@school.edu.cn
958,20221000958,李翊珏,女,大一,4班,2007-11-09,15706345987,20221000958@school.edu.cn
959,20221000959,刘淇瑾,女,大一,1班,2007-05-27,13947861444,20221000959@school.edu.cn
960,20221000960,赵乐,女,大一,11班,2006-02-21,18939220478,20221000960@school.edu.cn
961,20221000961,谢沁,男,大一,7班,2007-01-16,15203043211,20221000961@school.edu.cn
962,20221000962,韩琛滢,男,大一,1班,2007-12-25,13745767522,20221000962@school.edu.cn
963,20221000963,马宸凝,女,大一,8班,2006-11-04,18650420917,20221000963@school.edu.cn
964,20221000964,冯睿,女,大一,10班,2006-06-18,18284305114,20221000964@school.edu.cn
965,20221000965,萧羽萱,男,大一,6班,2006-01-09,18060652152,20221000965@school.edu.cn
966,20221000966,黄曜,男,大一,1班,2006-01-22,15798434777,20221000966@school.edu.cn
967,20221000967,赵文衡,女,大一,1班,2007-07-07,18005353445,20221000967@school.edu.cn
968,20221000968,梁宥瑾,男,大一,3班,2006-11-10,17302215325,20221000968@school.edu.cn
969,20221000969,董涵浩,男,大一,9班,2006-02-16,13663593127,20221000969@school.edu.cn
970,20221000970,唐七滢,男,大一,6班,2006-09-20,17730071290,20221000970@school.edu.cn
971,20221000971,陈四子,男,大一,9班,2006-03-14,15074047334,20221000971@school.edu.cn
972,20221000972,邓二,女,大一,10班,2007-10-18,13837113084,20221000972@school.edu.cn
973,20221000973,傅启子,女,大一,3班,2006-04-08,17318235970,20221000973@school.edu.cn
974,20221000974,何二琪,男,大一,3班,2006-06-04,15561869109,20221000974@school.edu.cn
975,20221000975,许琛渝,男,大一,8班,2007-02-09,15993973940,20221000975@school.edu.cn
976,20221000976,李筱婧,女,大一,8班,2006-08-25,18897129043,20221000976@school.edu.cn
977,20221000977,张乐雯,男,大一,8班,2006-09-01,13390720041,20221000977@school.edu.cn
978,20221000978,王子璐,女,大一,7班,2006-03-21,15798559339,20221000978@school.edu.cn
979,20221000979,于志瑾,女,大一,5班,2007-01-26,17616761539,20221000979@school.edu.cn
980,20221000980,胡子,男,大一,8班,2006-11-29,13994039191,20221000980@school.edu.cn
981,20221000981,张昭三,男,大一,1班,2006-10-01,13105062711,20221000981@school.edu.cn
982,20221000982,赵莹娜,男,大一,4班,2006-01-19,17631261879,20221000982@school.edu.cn
983,20221000983,孙颖致,女,大一,11班,2007-03-30,18673560841,20221000983@school.edu.cn
984,20221000984,沈琳琪,女,大一,3班,2007-09-13,18545748916,20221000984@school.edu.cn
985,20221000985,于昭,女,大一,10班,2006-07-18,18859595092,20221000985@school.edu.cn
986,20221000986,陈颖函,男,大一,5班,2007-01-27,18970348135,20221000986@school.edu.cn
987,20221000987,唐清,女,大一,1班,2007-06-13,13767435514,20221000987@school.edu.cn
988,20221000988,梁雨瑜,男,大一,8班,2007-01-21,13508239227,20221000988@school.edu.cn
989,20221000989,胡星琛,男,大一,7班,2007-04-19,13518949663,20221000989@school.edu.cn
990,20221000990,许岚雯,男,大一,1班,2006-05-09,18736527870,20221000990@school.edu.cn
991,20221000991,于文凯,女,大一,12班,2007-05-27,18161458006,20221000991@school.edu.cn
992,20221000992,郑翊,女,大一,9班,2006-06-12,18966156069,20221000992@school.edu.cn
993,20221000993,朱瑜哲,女,大一,8班,2007-03-16,13038058393,20221000993@school.edu.cn
994,20221000994,李明怡,女,大一,3班,2006-11-06,15537307217,20221000994@school.edu.cn
995,20221000995,高睿致,男,大一,3班,2006-09-22,13803575844,20221000995@school.edu.cn
996,20221000996,邓梓,男,大一,4班,2007-08-17,18593319864,20221000996@school.edu.cn
997,20221000997,陈岚阳,男,大一,1班,2006-01-13,18864105583,20221000997@school.edu.cn
998,20221000998,曹佳御,男,大一,1班,2007-07-29,17536632994,20221000998@school.edu.cn
999,20221000999,冯筱雪,男,大一,1班,2007-11-20,13611483691,20221000999@school.edu.cn
1000,20221001000,谢曜磊,男,大一,5班,2007-03-17,13346041090,20221001000@school.edu.cn
1001,20221001001,孙翊,女,大一,2班,2007-09-08,15639352849,20221001001@school.edu.cn
1002,20221001002,吕瑞,男,大一,5班,2007-09-12,15546309564,20221001002@school.edu.cn
1003,20221001003,冯霖瑾,女,大一,12班,2007-07-19,13515530193,20221001003@school.edu.cn
1004,20221001004,郑景,男,大一,1班,2006-09-05,15201849275,20221001004@school.edu.cn
1005,20221001005,朱若芸,男,大一,11班,2006-12-29,13978555248,20221001005@school.edu.cn
1006,20221001006,于晨萌,女,大一,9班,2006-07-28,18919332992,20221001006@school.edu.cn
1007,20221001007,陈菲涵,女,大一,12班,2006-01-06,18846640436,20221001007@school.edu.cn
1008,20221001008,曹翊潇,男,大一,5班,2006-10-29,13510389685,20221001008@school.edu.cn
1009,20221001009,吴珂,男,大一,6班,2006-02-28,13305403103,20221001009@school.edu.cn
1010,20221001010,谢嘉琛,女,大一,5班,2007-02-01,15710643478,20221001010@school.edu.cn
1011,20221001011,朱奚霖,女,大一,5班,2007-07-31,13668117058,20221001011@school.edu.cn
1012,20221001012,刘凯扬,女,大一,5班,2006-12-10,17324937358,20221001012@school.edu.cn
1013,20221001013,马乐萌,女,大一,5班,2006-03-08,13163600918,20221001013@school.edu.cn
1014,20221001014,萧妍萱,男,大一,8班,2007-01-30,18667521974,20221001014@school.edu.cn
1015,20221001015,郭奕馥,男,大一,10班,2006-10-24,15366204794,20221001015@school.edu.cn
1016,20221001016,曾清恺,男,大一,10班,2006-12-30,17319859231,20221001016@school.edu.cn
1017,20221001017,孙七驰,女,大一,12班,2006-09-11,15884943764,20221001017@school.edu.cn
1018,20221001018,彭子五,男,大一,12班,2006-11-20,18388047979,20221001018@school.edu.cn
1019,20221001019,萧霖,女,大一,6班,2006-03-07,13134805309,20221001019@school.edu.cn
1020,20221001020,罗四浩,男,大一,7班,2007-02-13,15942536405,20221001020@school.edu.cn
1021,20221001021,傅浩翎,女,大一,5班,2007-10-07,15013472067,20221001021@school.edu.cn
1022,20221001022,王文骐,男,大一,8班,2007-01-09,15265755846,20221001022@school.edu.cn
1023,20221001023,孙雨亦,女,大一,5班,2007-08-27,13730959199,20221001023@school.edu.cn
1024,20221001024,周琳可,男,大一,10班,2006-09-16,13049694771,20221001024@school.edu.cn
1025,20221001025,李彦琪,女,大一,6班,2006-11-20,18689103754,20221001025@school.edu.cn
1026,20221001026,萧彤四,男,大一,8班,2007-05-31,18623259122,20221001026@school.edu.cn
1027,20221001027,傅琳祺,男,大一,6班,2007-11-29,13670907666,20221001027@school.edu.cn
1028,20221001028,于星,男,大一,11班,2006-10-27,13573634128,20221001028@school.edu.cn
1029,20221001029,唐志航,男,大一,9班,2006-08-17,13797313394,20221001029@school.edu.cn
1030,20221001030,许婷,女,大一,6班,2006-04-15,17605464169,20221001030@school.edu.cn
1031,20221001031,周乐帆,男,大一,1班,2007-12-23,18935356446,20221001031@school.edu.cn
1032,20221001032,邓梓颖,女,大一,12班,2007-03-12,13115356378,20221001032@school.edu.cn
1033,20221001033,宋腾晟,男,大一,8班,2006-12-11,17798816346,20221001033@school.edu.cn
1034,20221001034,曾淇,男,大一,8班,2006-07-12,18991132877,20221001034@school.edu.cn
1035,20221001035,彭腾,男,大一,1班,2006-09-26,18725498589,20221001035@school.edu.cn
1036,20221001036,许依御,女,大一,5班,2007-12-20,18256349512,20221001036@school.edu.cn
1037,20221001037,冯宥宇,女,大一,1班,2006-05-05,18853829787,20221001037@school.edu.cn
1038,20221001038,曾珺瑜,男,大一,8班,2006-01-12,15710265630,20221001038@school.edu.cn
1039,20221001039,张雨滢,男,大一,12班,2006-12-27,18308793474,20221001039@school.edu.cn
1040,20221001040,许浩然,男,大一,7班,2007-07-05,13256527506,20221001040@school.edu.cn
1041,20221001041,王渲颖,女,大一,10班,2006-08-29,18977718198,20221001041@school.edu.cn
1042,20221001042,梁祺焱,男,大一,2班,2007-01-24,15658878181,20221001042@school.edu.cn
1043,20221001043,孙九,男,大一,3班,2006-03-10,18707965321,20221001043@school.edu.cn
1044,20221001044,马一子,男,大一,10班,2007-05-23,15695356035,20221001044@school.edu.cn
1045,20221001045,王曜萱,男,大一,2班,2007-08-10,18823153286,20221001045@school.edu.cn
1046,20221001046,胡茗致,女,大一,1班,2007-06-03,15079485157,20221001046@school.edu.cn
1047,20221001047,谢妍,男,大一,9班,2006-06-24,17679337147,20221001047@school.edu.cn
1048,20221001048,袁泽,男,大一,3班,2007-05-27,18181246663,20221001048@school.edu.cn
1049,20221001049,沈露,男,大一,1班,2006-11-30,15387359613,20221001049@school.edu.cn
1050,20221001050,罗志骁,男,大一,11班,2006-07-05,13302873921,20221001050@school.edu.cn
1051,20221001051,吕彦恺,女,大一,5班,2007-06-08,18726139606,20221001051@school.edu.cn
1052,20221001052,梁语瑾,男,大一,12班,2007-04-30,15576144146,20221001052@school.edu.cn
1053,20221001053,林文熙,男,大一,8班,2007-07-15,17574320921,20221001053@school.edu.cn
1054,20221001054,冯明骁,男,大一,8班,2007-11-19,13100644991,20221001054@school.edu.cn
1055,20221001055,刘凯,男,大一,9班,2006-04-06,17798485087,20221001055@school.edu.cn
1056,20221001056,吕昭一,男,大一,9班,2006-02-03,15006503391,20221001056@school.edu.cn
1057,20221001057,赵宇然,女,大一,3班,2007-08-28,18993345096,20221001057@school.edu.cn
1058,20221001058,朱浩,男,大一,8班,2007-02-16,13295552769,20221001058@school.edu.cn
1059,20221001059,梁九,男,大一,1班,2007-02-26,13214055318,20221001059@school.edu.cn
1060,20221001060,邓明,男,大一,8班,2007-11-18,18583309373,20221001060@school.edu.cn
1061,20221001061,刘茗骁,女,大一,2班,2007-01-15,18113442034,20221001061@school.edu.cn
1062,20221001062,程二扬,女,大一,7班,2006-04-15,13139682351,20221001062@school.edu.cn
1063,20221001063,谢瑶驰,女,大一,3班,2007-11-30,18318185293,20221001063@school.edu.cn
1064,20221001064,张泽,女,大一,3班,2007-12-04,18292957529,20221001064@school.edu.cn
1065,20221001065,袁妍瑜,男,大一,5班,2006-04-11,15857191193,20221001065@school.edu.cn
1066,20221001066,傅嘉,男,大一,11班,2006-06-12,13416168108,20221001066@school.edu.cn
1067,20221001067,郑琛子,女,大一,1班,2007-11-03,18712596390,20221001067@school.edu.cn
1068,20221001068,李明,男,大一,5班,2006-08-21,18342189727,20221001068@school.edu.cn
1069,20221001069,徐瑾,女,大一,2班,2006-06-07,17770790289,20221001069@school.edu.cn
1070,20221001070,宋睿磊,男,大一,9班,2006-11-07,17858240700,20221001070@school.edu.cn
1071,20221001071,罗梓,女,大一,12班,2007-03-30,18382855415,20221001071@school.edu.cn
1072,20221001072,张泓睿,女,大一,6班,2006-10-16,15982998813,20221001072@school.edu.cn
1073,20221001073,董子衡,女,大一,12班,2006-04-21,13209895483,20221001073@school.edu.cn
1074,20221001074,罗八雯,男,大一,4班,2007-11-04,18513123201,20221001074@school.edu.cn
1075,20221001075,郑渲潇,男,大一,10班,2007-12-11,13037032318,20221001075@school.edu.cn
1076,20221001076,马梓萱,男,大一,11班,2006-07-24,17526303421,20221001076@school.edu.cn
1077,20221001077,孙景,女,大一,3班,2006-08-16,13517845160,20221001077@school.edu.cn
1078,20221001078,胡浩可,女,大一,5班,2006-01-21,13057194183,20221001078@school.edu.cn
1079,20221001079,吕妍泽,男,大一,11班,2007-02-07,15609481066,20221001079@school.edu.cn
1080,20221001080,朱欣八,男,大一,4班,2006-10-21,15785951067,20221001080@school.edu.cn
1081,20221001081,赵颖骐,女,大一,1班,2006-12-18,18541124965,20221001081@school.edu.cn
1082,20221001082,吕雨,男,大一,12班,2006-02-11,13468428776,20221001082@school.edu.cn
1083,20221001083,于宸然,女,大一,12班,2007-09-13,18733943419,20221001083@school.edu.cn
1084,20221001084,吴岚,男,大一,1班,2007-11-26,13320199117,20221001084@school.edu.cn
1085,20221001085,萧序娅,女,大一,5班,2006-04-14,15909958371,20221001085@school.edu.cn
1086,20221001086,罗淇,男,大一,12班,2007-02-11,17531541184,20221001086@school.edu.cn
1087,20221001087,郭彤衡,女,大一,11班,2007-01-09,15979759316,20221001087@school.edu.cn
1088,20221001088,黄霖,女,大一,11班,2007-08-14,15161041613,20221001088@school.edu.cn
1089,20221001089,张杰妍,女,大一,4班,2006-03-01,13112471020,20221001089@school.edu.cn
1090,20221001090,邓林航,男,大一,3班,2007-08-20,15875156946,20221001090@school.edu.cn
1091,20221001091,彭思宁,男,大一,6班,2006-05-22,15520355576,20221001091@school.edu.cn
1092,20221001092,许启,女,大一,3班,2006-02-26,17853312898,20221001092@school.edu.cn
1093,20221001093,林晨阳,女,大一,12班,2007-02-22,17727910999,20221001093@school.edu.cn
1094,20221001094,高妍御,男,大一,2班,2007-02-09,13160158723,20221001094@school.edu.cn
1095,20221001095,孙清,男,大一,5班,2007-07-21,17579698422,20221001095@school.edu.cn
1096,20221001096,袁露,男,大一,5班,2006-06-20,18303106115,20221001096@school.edu.cn
1097,20221001097,韩雨,女,大一,2班,2006-06-22,15345268391,20221001097@school.edu.cn
1098,20221001098,谢祺芸,男,大一,2班,2007-11-21,18968024711,20221001098@school.edu.cn
1099,20221001099,郑宥璐,女,大一,1班,2007-01-13,13206061843,20221001099@school.edu.cn
1100,20221001100,沈昭衡,女,大一,1班,2007-01-12,18181154676,20221001100@school.edu.cn
1101,20221001101,何茗,男,大一,3班,2007-11-28,13451197356,20221001101@school.edu.cn
1102,20221001102,何婕,女,大一,11班,2007-12-02,15898498363,20221001102@school.edu.cn
1103,20221001103,唐瑞珂,男,大一,8班,2007-09-24,15870050642,20221001103@school.edu.cn
1104,20221001104,彭语,男,大一,11班,2006-06-01,13051716556,20221001104@school.edu.cn
1105,20221001105,彭梓,女,大一,12班,2007-03-08,17734345598,20221001105@school.edu.cn
1106,20221001106,郑彦萌,女,大一,6班,2007-04-20,13252071447,20221001106@school.edu.cn
1107,20221001107,朱浩娜,男,大一,9班,2007-10-26,15050735542,20221001107@school.edu.cn
1108,20221001108,李博,男,大一,9班,2006-03-31,18840483886,20221001108@school.edu.cn
1109,20221001109,郑菲,男,大一,11班,2007-04-21,15003081948,20221001109@school.edu.cn
1110,20221001110,于昭七,女,大一,6班,2006-04-26,13818590485,20221001110@school.edu.cn
1111,20221001111,王星,女,大一,11班,2007-02-02,15849465531,20221001111@school.edu.cn
1112,20221001112,许宁诺,男,大一,9班,2006-10-04,15994284166,20221001112@school.edu.cn
1113,20221001113,马浩凯,女,大一,3班,2006-07-31,18897442896,20221001113@school.edu.cn
1114,20221001114,李露坤,女,大一,7班,2006-05-21,18607410803,20221001114@school.edu.cn
1115,20221001115,吕莹霖,女,大一,11班,2006-07-21,15631907943,20221001115@school.edu.cn
1116,20221001116,刘五斌,女,大一,12班,2006-05-09,17558541124,20221001116@school.edu.cn
1117,20221001117,郑莹,男,大一,5班,2007-11-19,18506517626,20221001117@school.edu.cn
1118,20221001118,董奕坤,女,大一,9班,2006-03-06,15600157865,20221001118@school.edu.cn
1119,20221001119,袁琛祺,女,大一,4班,2007-08-11,18731063902,20221001119@school.edu.cn
1120,20221001120,许腾雪,女,大一,6班,2006-09-10,18856066710,20221001120@school.edu.cn
1121,20221001121,黄涵诺,男,大一,11班,2007-12-21,18827277116,20221001121@school.edu.cn
1122,20221001122,冯颖,女,大一,4班,2007-05-23,18029702883,20221001122@school.edu.cn
1123,20221001123,沈浩洁,女,大一,10班,2006-02-07,17345513282,20221001123@school.edu.cn
1124,20221001124,赵雨明,女,大一,10班,2006-01-01,13308951165,20221001124@school.edu.cn
1125,20221001125,郑明,女,大一,12班,2007-02-14,15542102968,20221001125@school.edu.cn
1126,20221001126,于思,男,大一,2班,2006-11-13,18519012473,20221001126@school.edu.cn
1127,20221001127,沈瑞,男,大一,12班,2006-01-11,13605803357,20221001127@school.edu.cn
1128,20221001128,赵翊,女,大一,7班,2007-08-20,15908822981,20221001128@school.edu.cn
1129,20221001129,萧梓,男,大一,10班,2007-05-31,15941010618,20221001129@school.edu.cn
1130,20221001130,胡妍驰,男,大一,1班,2006-03-24,18310909572,20221001130@school.edu.cn
1131,20221001131,赵雅泽,男,大一,12班,2007-10-10,17772324658,20221001131@school.edu.cn
1132,20221001132,高嫣,男,大一,8班,2006-12-02,17883331248,20221001132@school.edu.cn
1133,20221001133,罗婕,男,大一,4班,2006-08-28,17560837813,20221001133@school.edu.cn
1134,20221001134,周琛霖,男,大一,5班,2006-04-12,18051000239,20221001134@school.edu.cn
1135,20221001135,邓嫣,男,大一,5班,2007-11-12,15754426726,20221001135@school.edu.cn
1136,20221001136,彭清二,男,大一,8班,2006-07-07,13425075807,20221001136@school.edu.cn
1137,20221001137,周若,女,大一,3班,2006-08-29,13612465151,20221001137@school.edu.cn
1138,20221001138,袁杰哲,女,大一,6班,2007-03-22,15794003804,20221001138@school.edu.cn
1139,20221001139,杨露宁,男,大一,12班,2007-03-23,18804494925,20221001139@school.edu.cn
1140,20221001140,何凯骞,男,大一,11班,2007-08-31,15533741689,20221001140@school.edu.cn
1141,20221001141,胡淇茹,男,大一,2班,2007-01-10,17528302871,20221001141@school.edu.cn
1142,20221001142,邓昭子,女,大一,11班,2006-05-28,17743631763,20221001142@school.edu.cn
1143,20221001143,赵嘉,女,大一,2班,2006-01-08,18515125719,20221001143@school.edu.cn
1144,20221001144,罗筱婧,男,大一,4班,2007-12-08,13786760863,20221001144@school.edu.cn
1145,20221001145,赵霖,女,大一,3班,2007-03-15,13670652118,20221001145@school.edu.cn
1146,20221001146,傅奚,男,大一,12班,2006-12-19,15160549346,20221001146@school.edu.cn
1147,20221001147,徐泓五,女,大一,1班,2006-09-06,18089464609,20221001147@school.edu.cn
1148,20221001148,许宇,男,大一,4班,2007-12-29,18076614719,20221001148@school.edu.cn
1149,20221001149,赵浩帆,男,大一,6班,2007-02-17,15956282822,20221001149@school.edu.cn
1150,20221001150,吴姝琳,男,大一,6班,2006-08-05,13168513387,20221001150@school.edu.cn
1151,20221001151,陈清珏,女,大一,12班,2006-02-19,18751075814,20221001151@school.edu.cn
1152,20221001152,宋景熙,男,大一,5班,2006-05-07,15563095953,20221001152@school.edu.cn
1153,20221001153,罗霖,女,大一,12班,2007-09-30,15308281807,20221001153@school.edu.cn
1154,20221001154,胡博,女,大一,7班,2006-10-19,15265683018,20221001154@school.edu.cn
1155,20221001155,冯四,男,大一,4班,2006-09-20,13107346650,20221001155@school.edu.cn
1156,20221001156,曹序凝,女,大一,11班,2007-12-12,18831953080,20221001156@school.edu.cn
1157,20221001157,梁腾,女,大一,12班,2006-04-27,15043273366,20221001157@school.edu.cn
1158,20221001158,于妍潇,女,大一,2班,2007-03-21,17543145955,20221001158@school.edu.cn
1159,20221001159,徐涵娜,男,大一,7班,2006-01-10,13256788852,20221001159@school.edu.cn
1160,20221001160,胡宇,女,大一,4班,2007-06-25,13677423567,20221001160@school.edu.cn
1161,20221001161,罗景四,男,大一,11班,2006-04-03,15699800404,20221001161@school.edu.cn
1162,20221001162,黄欣,女,大一,1班,2007-03-08,15717240960,20221001162@school.edu.cn
1163,20221001163,程腾潇,男,大一,7班,2007-10-07,13333250220,20221001163@school.edu.cn
1164,20221001164,萧芸蓉,女,大一,8班,2006-04-03,17832977057,20221001164@school.edu.cn
1165,20221001165,马乐文,女,大一,6班,2006-11-03,13627445362,20221001165@school.edu.cn
1166,20221001166,高乐可,男,大一,11班,2007-04-20,18954827152,20221001166@school.edu.cn
1167,20221001167,袁泽,男,大一,2班,2006-01-19,18503858224,20221001167@school.edu.cn
1168,20221001168,曾博致,女,大一,2班,2007-04-28,13971564408,20221001168@school.edu.cn
1169,20221001169,吕霖凝,男,大一,6班,2006-11-15,18903751069,20221001169@school.edu.cn
1170,20221001170,沈四衡,女,大一,6班,2006-05-24,13308975662,20221001170@school.edu.cn
1171,20221001171,杨宁珊,女,大一,5班,2006-07-05,15034524208,20221001171@school.edu.cn
1172,20221001172,王子熙,女,大一,4班,2007-01-09,13504636136,20221001172@school.edu.cn
1173,20221001173,梁渲,男,大一,3班,2007-10-07,18364161113,20221001173@school.edu.cn
1174,20221001174,林芸五,女,大一,6班,2007-09-28,15189212504,20221001174@school.edu.cn
1175,20221001175,傅泽睿,男,大一,6班,2006-08-07,15721140510,20221001175@school.edu.cn
1176,20221001176,于思琪,男,大一,9班,2007-12-03,15246826840,20221001176@school.edu.cn
1177,20221001177,黄七峻,女,大一,2班,2006-10-05,18607909686,20221001177@school.edu.cn
1178,20221001178,赵五悦,女,大一,6班,2006-08-17,17330641241,20221001178@school.edu.cn
1179,20221001179,冯子,女,大一,7班,2007-01-28,13777366650,20221001179@school.edu.cn
1180,20221001180,胡子驰,男,大一,10班,2007-11-01,15866894897,20221001180@school.edu.cn
1181,20221001181,吴宥,女,大一,12班,2006-12-31,18123112342,20221001181@school.edu.cn
1182,20221001182,张八蓉,女,大一,11班,2006-06-10,18042462922,20221001182@school.edu.cn
1183,20221001183,朱一妍,男,大一,5班,2006-02-24,18172984286,20221001183@school.edu.cn
1184,20221001184,于星,女,大一,6班,2006-07-25,15068911290,20221001184@school.edu.cn
1185,20221001185,萧星翎,女,大一,1班,2007-07-14,18322334212,20221001185@school.edu.cn
1186,20221001186,程星娜,女,大一,3班,2007-09-19,17552737046,20221001186@school.edu.cn
1187,20221001187,董思,男,大一,10班,2007-08-08,18866445496,20221001187@school.edu.cn
1188,20221001188,林二可,女,大一,7班,2006-03-27,13825092786,20221001188@school.edu.cn
1189,20221001189,黄依昊,女,大一,11班,2007-09-25,13954068230,20221001189@school.edu.cn
1190,20221001190,于泽,男,大一,1班,2006-06-23,18547540840,20221001190@school.edu.cn
1191,20221001191,许宥恺,男,大一,9班,2006-04-23,13554212088,20221001191@school.edu.cn
1192,20221001192,谢珂哲,女,大一,10班,2007-12-18,15939535076,20221001192@school.edu.cn
1193,20221001193,曾羽妍,男,大一,1班,2006-04-19,18649208523,20221001193@school.edu.cn
1194,20221001194,何睿馥,男,大一,11班,2007-10-20,13759264978,20221001194@school.edu.cn
1195,20221001195,曾渲二,女,大一,7班,2007-11-15,13523195225,20221001195@school.edu.cn
1196,20221001196,冯颖翎,女,大一,2班,2007-11-02,15016888569,20221001196@school.edu.cn
1197,20221001197,刘珺焱,男,大一,5班,2007-11-30,15822522794,20221001197@school.edu.cn
1198,20221001198,林雅帆,男,大一,9班,2006-10-19,13852088713,20221001198@school.edu.cn
1199,20221001199,于睿霄,男,大一,12班,2006-08-09,15620392710,20221001199@school.edu.cn
1200,20221001200,胡清坤,男,大一,4班,2007-12-28,13278577665,20221001200@school.edu.cn
1201,20221001201,赵宥珂,女,大一,7班,2007-01-09,13661733260,20221001201@school.edu.cn
1202,20221001202,傅珺珏,男,大一,6班,2007-01-05,18800649212,20221001202@school.edu.cn
1203,20221001203,刘语磊,男,大一,12班,2007-04-18,18983852707,20221001203@school.edu.cn
1204,20221001204,谢四五,男,大一,11班,2007-08-09,13961681045,20221001204@school.edu.cn
1205,20221001205,宋婕,男,大一,5班,2007-05-22,17597646723,20221001205@school.edu.cn
1206,20221001206,吴八娜,男,大一,6班,2006-06-19,18619498683,20221001206@school.edu.cn
1207,20221001207,周姝,男,大一,12班,2006-12-09,13879222410,20221001207@school.edu.cn
1208,20221001208,陈姝凯,女,大一,5班,2006-08-19,18309658505,20221001208@school.edu.cn
1209,20221001209,韩语扬,女,大一,8班,2006-11-16,13542628383,20221001209@school.edu.cn
1210,20221001210,董婕辰,女,大一,1班,2006-10-26,15617488436,20221001210@school.edu.cn
1211,20221001211,沈雅晨,女,大一,2班,2007-11-11,18731822018,20221001211@school.edu.cn
1212,20221001212,吕宁坤,女,大一,4班,2006-05-16,13545201492,20221001212@school.edu.cn
1213,20221001213,周渲磊,男,大一,1班,2006-01-30,15784302093,20221001213@school.edu.cn
1214,20221001214,谢睿芷,男,大一,6班,2007-05-26,18304427069,20221001214@school.edu.cn
1215,20221001215,朱宇珏,女,大一,12班,2007-10-26,13423925004,20221001215@school.edu.cn
1216,20221001216,黄奚二,女,大一,12班,2007-10-11,18831499019,20221001216@school.edu.cn
1217,20221001217,周奚,男,大一,5班,2007-11-03,18754103663,20221001217@school.edu.cn
1218,20221001218,梁八驰,女,大一,10班,2007-06-30,15294057548,20221001218@school.edu.cn
1219,20221001219,程凯,女,大一,6班,2006-11-12,15832820611,20221001219@school.edu.cn
1220,20221001220,傅菲滢,男,大一,6班,2007-03-27,15043464160,20221001220@school.edu.cn
1221,20221001221,赵星珂,女,大一,10班,2006-12-02,13622309388,20221001221@school.edu.cn
1222,20221001222,董志,男,大一,5班,2007-10-13,15206528687,20221001222@school.edu.cn
1223,20221001223,徐六阳,女,大一,10班,2006-10-13,15035565533,20221001223@school.edu.cn
1224,20221001224,许腾浩,女,大一,4班,2006-02-04,15691077690,20221001224@school.edu.cn
1225,20221001225,陈乐,男,大一,4班,2006-12-08,15332251611,20221001225@school.edu.cn
1226,20221001226,于嘉,男,大一,5班,2007-12-05,15009863797,20221001226@school.edu.cn
1227,20221001227,沈莹祺,男,大一,11班,2006-08-12,13482468388,20221001227@school.edu.cn
1228,20221001228,唐颖妍,男,大一,11班,2007-12-16,18556331601,20221001228@school.edu.cn
1229,20221001229,吴宸然,男,大一,12班,2006-08-22,13017291559,20221001229@school.edu.cn
1230,20221001230,王羽,男,大一,4班,2007-01-16,13284389726,20221001230@school.edu.cn
1231,20221001231,董璇芷,女,大一,7班,2006-07-06,17705010461,20221001231@school.edu.cn
1232,20221001232,谢珂希,女,大一,9班,2006-12-12,18175299654,20221001232@school.edu.cn
1233,20221001233,程五恺,男,大一,9班,2006-07-15,18514085628,20221001233@school.edu.cn
1234,20221001234,周瑾,女,大一,3班,2007-07-24,13615477033,20221001234@school.edu.cn
1235,20221001235,罗婷琛,女,大一,9班,2007-09-22,18015453422,20221001235@school.edu.cn
1236,20221001236,赵雪,女,大一,4班,2007-08-25,18782694798,20221001236@school.edu.cn
1237,20221001237,邓锦,男,大一,7班,2006-03-23,15890674033,20221001237@school.edu.cn
1238,20221001238,谢宸七,男,大一,10班,2006-09-13,17308788064,20221001238@school.edu.cn
1239,20221001239,周欣,女,大一,10班,2006-08-04,17775680010,20221001239@school.edu.cn
1240,20221001240,马景驰,男,大一,10班,2007-08-03,13213173517,20221001240@school.edu.cn
1241,20221001241,张莹芸,男,大一,7班,2007-06-24,13643802879,20221001241@school.edu.cn
1242,20221001242,郭珺驰,男,大一,7班,2006-09-30,13495233509,20221001242@school.edu.cn
1243,20221001243,胡景,男,大一,4班,2007-03-03,17390783106,20221001243@school.edu.cn
1244,20221001244,宋景然,男,大一,8班,2007-02-07,15998269234,20221001244@school.edu.cn
1245,20221001245,宋文琛,女,大一,5班,2007-02-11,13420482702,20221001245@school.edu.cn
1246,20221001246,沈语祺,男,大一,7班,2006-05-26,15278345714,20221001246@school.edu.cn
1247,20221001247,韩昭,女,大一,11班,2006-11-24,15013959102,20221001247@school.edu.cn
1248,20221001248,傅五志,女,大一,8班,2007-04-05,17540410643,20221001248@school.edu.cn
1249,20221001249,曹瑾琛,男,大一,2班,2007-01-23,15771907179,20221001249@school.edu.cn
1250,20221001250,曾羽熙,男,大一,1班,2007-02-03,15048826307,20221001250@school.edu.cn
1251,20221001251,马岚琛,女,大一,3班,2006-01-21,13992982256,20221001251@school.edu.cn
1252,20221001252,谢三昊,男,大一,4班,2007-12-22,15023143637,20221001252@school.edu.cn
1253,20221001253,谢婕骐,男,大一,10班,2007-07-05,13944477491,20221001253@school.edu.cn
1254,20221001254,胡沁,男,大一,8班,2007-11-19,18041318409,20221001254@school.edu.cn
1255,20221001255,曹彤怡,女,大一,10班,2006-01-01,13670089584,20221001255@school.edu.cn
1256,20221001256,宋奕悦,女,大一,7班,2006-05-15,15180054468,20221001256@school.edu.cn
1257,20221001257,萧若凝,男,大一,6班,2007-08-16,18380134758,20221001257@school.edu.cn
1258,20221001258,周珂珏,男,大一,7班,2007-10-08,18883247513,20221001258@school.edu.cn
1259,20221001259,李启,女,大一,1班,2006-12-31,13180162473,20221001259@school.edu.cn
1260,20221001260,梁琳,女,大一,7班,2007-05-11,18359938266,20221001260@school.edu.cn
1261,20221001261,董六宇,女,大一,2班,2007-02-01,13155957214,20221001261@school.edu.cn
1262,20221001262,赵二子,男,大一,1班,2006-04-13,13497017733,20221001262@school.edu.cn
1263,20221001263,高浩怡,女,大一,10班,2007-04-03,18240867055,20221001263@school.edu.cn
1264,20221001264,邓琛航,男,大一,10班,2006-09-04,15656813583,20221001264@school.edu.cn
1265,20221001265,宋瑜雯,女,大一,4班,2006-06-22,15976653548,20221001265@school.edu.cn
1266,20221001266,唐启,男,大一,7班,2006-03-01,13421531274,20221001266@school.edu.cn
1267,20221001267,韩泽,男,大一,11班,2007-03-05,13485408017,20221001267@school.edu.cn
1268,20221001268,萧婷阳,男,大一,5班,2007-09-29,15856502969,20221001268@school.edu.cn
1269,20221001269,周彦琳,男,大一,8班,2007-07-02,15766612275,20221001269@school.edu.cn
1270,20221001270,吕彤,男,大一,2班,2006-01-21,18581402594,20221001270@school.edu.cn
1271,20221001271,韩思,男,大一,6班,2006-03-24,13494662395,20221001271@school.edu.cn
1272,20221001272,高奕,男,大一,7班,2007-02-10,18843478896,20221001272@school.edu.cn
1273,20221001273,王林,女,大一,8班,2006-08-28,17844556851,20221001273@school.edu.cn
1274,20221001274,杨嫣,男,大一,7班,2006-12-09,18277002236,20221001274@school.edu.cn
1275,20221001275,高浩衡,男,大一,8班,2006-03-04,13554659274,20221001275@school.edu.cn
1276,20221001276,曾六煜,女,大一,9班,2006-02-18,17743247618,20221001276@school.edu.cn
1277,20221001277,吴思晨,男,大一,3班,2007-10-30,18669995754,20221001277@school.edu.cn
1278,20221001278,吕翊昊,女,大一,6班,2006-07-26,13470054345,20221001278@school.edu.cn
1279,20221001279,马佳芸,女,大一,9班,2007-10-24,18343634234,20221001279@school.edu.cn
1280,20221001280,胡婕,女,大一,4班,2006-09-15,15321191019,20221001280@school.edu.cn
1281,20221001281,程六,男,大一,3班,2006-03-03,13856045384,20221001281@school.edu.cn
1282,20221001282,郑璇浩,男,大一,7班,2006-04-01,15986025704,20221001282@school.edu.cn
1283,20221001283,高晨,女,大一,4班,2006-04-26,13449048131,20221001283@school.edu.cn
1284,20221001284,胡涵,女,大一,8班,2007-07-28,17626609921,20221001284@school.edu.cn
1285,20221001285,萧二御,女,大一,10班,2007-11-25,15245086391,20221001285@school.edu.cn
1286,20221001286,徐岚雪,女,大一,12班,2007-10-28,17776680168,20221001286@school.edu.cn
1287,20221001287,郑二铠,男,大一,5班,2007-11-16,13423143317,20221001287@school.edu.cn
1288,20221001288,何祺,男,大一,2班,2007-03-22,15262149218,20221001288@school.edu.cn
1289,20221001289,刘八,女,大一,6班,2006-03-15,15587190115,20221001289@school.edu.cn
1290,20221001290,吴奕一,女,大一,4班,2007-03-22,18776007857,20221001290@school.edu.cn
1291,20221001291,陈茗,男,大一,7班,2007-08-08,18283401750,20221001291@school.edu.cn
1292,20221001292,于志,女,大一,8班,2007-02-09,15289602505,20221001292@school.edu.cn
1293,20221001293,杨林婧,女,大一,4班,2006-08-11,15790567434,20221001293@school.edu.cn
1294,20221001294,朱沁驰,女,大一,7班,2007-06-01,13788128262,20221001294@school.edu.cn
1295,20221001295,彭锦,女,大一,6班,2007-06-15,13025623968,20221001295@school.edu.cn
1296,20221001296,郭渲芸,女,大一,2班,2007-10-16,18032993704,20221001296@school.edu.cn
1297,20221001297,王妍芷,男,大一,4班,2006-08-21,18266644400,20221001297@school.edu.cn
1298,20221001298,韩妍轩,女,大一,8班,2007-01-09,18878742274,20221001298@school.edu.cn
1299,20221001299,马杰,男,大一,4班,2006-05-06,17780405619,20221001299@school.edu.cn
1300,20221001300,郭雨琪,女,大一,9班,2007-03-28,18051023065,20221001300@school.edu.cn
1301,20221001301,邓八滢,男,大一,9班,2007-06-13,15537625105,20221001301@school.edu.cn
1302,20221001302,彭莹峻,男,大一,3班,2007-07-14,15516028130,20221001302@school.edu.cn
1303,20221001303,曹泽,女,大一,8班,2006-04-14,18156891152,20221001303@school.edu.cn
1304,20221001304,冯奕霄,女,大一,3班,2007-07-17,13630102772,20221001304@school.edu.cn
1305,20221001305,吕宇九,男,大一,11班,2006-12-06,15372146057,20221001305@school.edu.cn
1306,20221001306,傅浩,女,大一,9班,2007-06-08,15762837620,20221001306@school.edu.cn
1307,20221001307,高瑾,女,大一,1班,2007-01-21,18057356888,20221001307@school.edu.cn
1308,20221001308,吴博芷,男,大一,11班,2006-06-07,13611940802,20221001308@school.edu.cn
1309,20221001309,何奚瑶,男,大一,2班,2007-11-17,18381780116,20221001309@school.edu.cn
1310,20221001310,冯琳,女,大一,5班,2007-10-18,15774544923,20221001310@school.edu.cn
1311,20221001311,程子,女,大一,7班,2007-08-07,13661542260,20221001311@school.edu.cn
1312,20221001312,袁婕凝,女,大一,2班,2006-12-26,15800834712,20221001312@school.edu.cn
1313,20221001313,董渲,男,大一,5班,2006-08-25,17384013847,20221001313@school.edu.cn
1314,20221001314,朱九,男,大一,5班,2007-12-07,15272802309,20221001314@school.edu.cn
1315,20221001315,孙一晨,男,大一,12班,2006-01-09,15580491902,20221001315@school.edu.cn
1316,20221001316,李颖,男,大一,4班,2006-03-05,13031344408,20221001316@school.edu.cn
1317,20221001317,何菲熙,男,大一,5班,2006-02-11,17820048886,20221001317@school.edu.cn
1318,20221001318,许涵,女,大一,8班,2007-12-18,15537344334,20221001318@school.edu.cn
1319,20221001319,何宥娅,男,大一,10班,2006-05-10,13493296003,20221001319@school.edu.cn
1320,20221001320,林姝,男,大一,7班,2006-10-17,13414120207,20221001320@school.edu.cn
1321,20221001321,孙依骞,男,大一,5班,2006-09-11,13509587994,20221001321@school.edu.cn
1322,20221001322,陈佳婧,男,大一,6班,2006-02-08,15555579320,20221001322@school.edu.cn
1323,20221001323,高翊霖,女,大一,5班,2007-03-13,17879419963,20221001323@school.edu.cn
1324,20221001324,林林,男,大一,5班,2007-01-07,18514124916,20221001324@school.edu.cn
1325,20221001325,唐林涵,男,大一,8班,2007-01-16,13090490006,20221001325@school.edu.cn
1326,20221001326,周岚凯,女,大一,10班,2006-08-26,15691337182,20221001326@school.edu.cn
1327,20221001327,沈景琪,男,大一,7班,2006-11-14,18229355359,20221001327@school.edu.cn
1328,20221001328,程浩希,女,大一,2班,2007-09-03,18877046688,20221001328@school.edu.cn
1329,20221001329,王一,男,大一,4班,2006-09-28,13622829281,20221001329@school.edu.cn
1330,20221001330,萧凯洁,女,大一,11班,2006-03-09,13186899032,20221001330@school.edu.cn
1331,20221001331,赵奕熙,女,大一,6班,2007-06-30,18724290460,20221001331@school.edu.cn
1332,20221001332,许五琛,女,大一,2班,2007-07-02,13438978314,20221001332@school.edu.cn
1333,20221001333,高依,男,大一,2班,2006-11-09,18912865631,20221001333@school.edu.cn
1334,20221001334,陈芸,男,大一,2班,2007-07-10,17569496918,20221001334@school.edu.cn
1335,20221001335,彭沁志,男,大一,8班,2006-11-03,13601312013,20221001335@school.edu.cn
1336,20221001336,张浩潇,男,大一,4班,2006-10-11,13023864861,20221001336@school.edu.cn
1337,20221001337,孙泓,女,大一,8班,2007-08-16,17784947093,20221001337@school.edu.cn
1338,20221001338,郑浩文,男,大一,3班,2007-01-22,18764458268,20221001338@school.edu.cn
1339,20221001339,杨一琛,女,大一,10班,2006-12-30,18999572672,20221001339@school.edu.cn
1340,20221001340,徐沁宁,男,大一,7班,2006-04-17,18643991263,20221001340@school.edu.cn
1341,20221001341,谢珂衡,女,大一,11班,2006-05-20,18932858670,20221001341@school.edu.cn
1342,20221001342,马瑶,女,大一,2班,2006-12-28,13729824216,20221001342@school.edu.cn
1343,20221001343,高晨五,男,大一,6班,2006-12-06,17703958615,20221001343@school.edu.cn
1344,20221001344,郭姝,男,大一,9班,2007-06-07,13762370025,20221001344@school.edu.cn
1345,20221001345,许文芷,女,大一,6班,2006-08-24,17645039676,20221001345@school.edu.cn
1346,20221001346,徐琳娅,男,大一,9班,2006-12-22,13149204479,20221001346@school.edu.cn
1347,20221001347,孙梓骁,女,大一,3班,2007-03-31,17681826398,20221001347@school.edu.cn
1348,20221001348,冯五博,女,大一,12班,2006-05-27,15808063917,20221001348@school.edu.cn
1349,20221001349,郭嘉志,女,大一,4班,2006-04-04,18554872095,20221001349@school.edu.cn
1350,20221001350,曾岚博,男,大一,10班,2006-08-02,17317071960,20221001350@school.edu.cn
1351,20221001351,唐晨博,女,大一,4班,2006-02-20,18812111198,20221001351@school.edu.cn
1352,20221001352,朱琳,男,大一,12班,2006-10-24,13476307110,20221001352@school.edu.cn
1353,20221001353,周岚,男,大一,1班,2007-07-26,13037533628,20221001353@school.edu.cn
1354,20221001354,韩语琪,男,大一,8班,2006-01-20,13979639278,20221001354@school.edu.cn
1355,20221001355,曾五洁,女,大一,3班,2006-11-08,18048776072,20221001355@school.edu.cn
1356,20221001356,于宇衡,女,大一,11班,2007-04-20,15836807659,20221001356@school.edu.cn
1357,20221001357,林一珊,女,大一,10班,2006-09-09,13264072988,20221001357@school.edu.cn
1358,20221001358,马文衡,女,大一,1班,2006-03-31,13018163333,20221001358@school.edu.cn
1359,20221001359,彭八扬,女,大一,6班,2007-10-23,13291630647,20221001359@school.edu.cn
1360,20221001360,萧奚焱,女,大一,6班,2007-08-11,18197851482,20221001360@school.edu.cn
1361,20221001361,董星,女,大一,9班,2007-07-25,15666215519,20221001361@school.edu.cn
1362,20221001362,郭莹,男,大一,4班,2006-06-28,13603810509,20221001362@school.edu.cn
1363,20221001363,吴杰,女,大一,1班,2006-05-05,18796746710,20221001363@school.edu.cn
1364,20221001364,朱杰凝,女,大一,4班,2006-01-14,17667137698,20221001364@school.edu.cn
1365,20221001365,许筱,男,大一,5班,2006-06-30,13205178740,20221001365@school.edu.cn
1366,20221001366,孙沁婧,男,大一,6班,2007-06-08,17663847312,20221001366@school.edu.cn
1367,20221001367,曾淇骁,女,大一,11班,2006-08-28,15691039892,20221001367@school.edu.cn
1368,20221001368,马嫣九,男,大一,12班,2006-01-15,18813014467,20221001368@school.edu.cn
1369,20221001369,梁渲熙,男,大一,8班,2006-09-20,18526556722,20221001369@school.edu.cn
1370,20221001370,徐璇芷,男,大一,12班,2007-02-26,13601531924,20221001370@school.edu.cn
1371,20221001371,董婕哲,女,大一,7班,2006-11-03,13001483129,20221001371@school.edu.cn
1372,20221001372,吴菲辰,男,大一,12班,2006-03-18,13874236893,20221001372@school.edu.cn
1373,20221001373,邓雪七,男,大一,3班,2006-12-13,15632865862,20221001373@school.edu.cn
1374,20221001374,陈七斌,女,大一,11班,2007-03-01,17723936627,20221001374@school.edu.cn
1375,20221001375,李博霖,男,大一,2班,2006-08-14,17320884985,20221001375@school.edu.cn
1376,20221001376,陈思,男,大一,12班,2006-01-08,15719594617,20221001376@school.edu.cn
1377,20221001377,彭宇瑾,男,大一,5班,2007-12-04,15682556468,20221001377@school.edu.cn
1378,20221001378,高翊珂,女,大一,12班,2006-02-28,15258085665,20221001378@school.edu.cn
1379,20221001379,王星珂,男,大一,12班,2007-02-22,15751876615,20221001379@school.edu.cn
1380,20221001380,梁筱轩,女,大一,2班,2006-08-06,18162881527,20221001380@school.edu.cn
1381,20221001381,邓珺,女,大一,10班,2007-07-03,15989217223,20221001381@school.edu.cn
1382,20221001382,高霖腾,男,大一,11班,2007-09-26,15955728847,20221001382@school.edu.cn
1383,20221001383,郑浩颖,女,大一,8班,2007-08-15,13460563118,20221001383@school.edu.cn
1384,20221001384,宋沁茹,男,大一,10班,2007-04-18,18300446694,20221001384@school.edu.cn
1385,20221001385,程七妍,男,大一,4班,2006-12-17,15630059996,20221001385@school.edu.cn
1386,20221001386,吕雅哲,女,大一,4班,2007-11-03,13545761147,20221001386@school.edu.cn
1387,20221001387,胡沁珏,女,大一,9班,2007-04-07,15353361856,20221001387@school.edu.cn
1388,20221001388,黄博彤,男,大一,4班,2006-05-10,13229648428,20221001388@school.edu.cn
1389,20221001389,萧琛希,女,大一,3班,2007-12-17,18602755324,20221001389@school.edu.cn
1390,20221001390,吴乐锴,男,大一,4班,2006-03-04,18616180657,20221001390@school.edu.cn
1391,20221001391,沈霖骁,女,大一,6班,2007-04-07,17359017436,20221001391@school.edu.cn
1392,20221001392,梁九轩,女,大一,7班,2006-04-04,15780367378,20221001392@school.edu.cn
1393,20221001393,郑筱芸,女,大一,12班,2007-09-27,13721833061,20221001393@school.edu.cn
1394,20221001394,吴菲骐,女,大一,8班,2007-02-21,13519875104,20221001394@school.edu.cn
1395,20221001395,杨雪志,女,大一,2班,2007-02-24,18010899841,20221001395@school.edu.cn
1396,20221001396,罗瑶,男,大一,2班,2007-04-15,15810328849,20221001396@school.edu.cn
1397,20221001397,林淇悦,男,大一,10班,2006-06-08,18153579514,20221001397@school.edu.cn
1398,20221001398,罗颖昊,女,大一,3班,2006-06-05,18218945079,20221001398@school.edu.cn
1399,20221001399,张二悦,女,大一,7班,2007-06-06,15570322568,20221001399@school.edu.cn
1400,20221001400,郑泽欣,女,大一,11班,2007-02-11,18516975876,20221001400@school.edu.cn
1401,20221001401,郭曜馥,女,大一,5班,2007-09-10,13488737424,20221001401@school.edu.cn
1402,20221001402,徐珺恺,男,大一,4班,2006-02-01,15182812824,20221001402@school.edu.cn
1403,20221001403,彭泓,女,大一,6班,2006-07-03,15677662638,20221001403@school.edu.cn
1404,20221001404,萧彦亦,男,大一,9班,2007-08-04,18215904760,20221001404@school.edu.cn
1405,20221001405,杨八希,男,大一,2班,2006-02-10,15699252727,20221001405@school.edu.cn
1406,20221001406,朱雨,女,大一,7班,2006-01-18,13655815060,20221001406@school.edu.cn
1407,20221001407,何语帆,男,大一,5班,2007-07-08,15805908738,20221001407@school.edu.cn
1408,20221001408,张启,男,大一,1班,2007-08-28,15306164594,20221001408@school.edu.cn
1409,20221001409,吕雅潇,男,大一,5班,2006-12-19,18855917816,20221001409@school.edu.cn
1410,20221001410,郭依霖,女,大一,1班,2006-06-30,18504166218,20221001410@school.edu.cn
1411,20221001411,孙芸祺,男,大一,8班,2007-08-24,15770153381,20221001411@school.edu.cn
1412,20221001412,赵若宁,男,大一,7班,2007-10-30,18840591232,20221001412@school.edu.cn
1413,20221001413,马淇峻,男,大一,4班,2006-06-02,18264704352,20221001413@school.edu.cn
1414,20221001414,胡五斌,男,大一,6班,2007-03-11,13417706399,20221001414@school.edu.cn
1415,20221001415,唐梓明,男,大一,5班,2006-03-04,15131108780,20221001415@school.edu.cn
1416,20221001416,于淇蓉,女,大一,7班,2006-03-09,15320238773,20221001416@school.edu.cn
1417,20221001417,郭芸驰,男,大一,3班,2006-10-27,18625283053,20221001417@school.edu.cn
1418,20221001418,邓奕,女,大一,3班,2006-08-02,15813160135,20221001418@school.edu.cn
1419,20221001419,宋姝,男,大一,3班,2007-07-22,15710875806,20221001419@school.edu.cn
1420,20221001420,王颖辰,男,大一,3班,2007-12-28,15878390232,20221001420@school.edu.cn
1421,20221001421,萧雨璐,男,大一,9班,2006-12-28,15050148942,20221001421@school.edu.cn
1422,20221001422,袁翊铠,女,大一,7班,2007-05-10,18657916824,20221001422@school.edu.cn
1423,20221001423,唐语雯,女,大一,11班,2006-06-12,15920509402,20221001423@school.edu.cn
1424,20221001424,谢瑞坤,男,大一,3班,2007-10-02,18991000044,20221001424@school.edu.cn
1425,20221001425,于六,女,大一,10班,2006-05-07,13290071170,20221001425@school.edu.cn
1426,20221001426,郑涵御,女,大一,5班,2007-08-27,13617851027,20221001426@school.edu.cn
1427,20221001427,吴婕磊,女,大一,11班,2006-10-30,17706498385,20221001427@school.edu.cn
1428,20221001428,宋瑶,男,大一,7班,2006-11-27,18998585010,20221001428@school.edu.cn
1429,20221001429,杨嫣骐,女,大一,8班,2006-04-23,13944071912,20221001429@school.edu.cn
1430,20221001430,杨妍函,男,大一,6班,2007-09-16,15600992614,20221001430@school.edu.cn
1431,20221001431,傅浩磊,女,大一,2班,2006-09-27,13735671683,20221001431@school.edu.cn
1432,20221001432,朱翊珏,男,大一,11班,2006-01-08,15867573688,20221001432@school.edu.cn
1433,20221001433,刘嘉恺,女,大一,2班,2007-08-02,15720119248,20221001433@school.edu.cn
1434,20221001434,朱志雪,女,大一,8班,2007-11-14,13576987838,20221001434@school.edu.cn
1435,20221001435,王宁珂,女,大一,4班,2007-08-18,18662193996,20221001435@school.edu.cn
1436,20221001436,董文宁,女,大一,5班,2006-08-25,17393782386,20221001436@school.edu.cn
1437,20221001437,陈姝,男,大一,1班,2006-08-16,13875499408,20221001437@school.edu.cn
1438,20221001438,马序昊,男,大一,7班,2006-11-19,17303549574,20221001438@school.edu.cn
1439,20221001439,郑林,女,大一,4班,2006-12-22,18140173051,20221001439@school.edu.cn
1440,20221001440,沈启昊,男,大一,4班,2006-12-23,13515094539,20221001440@school.edu.cn
1441,20221001441,程佳骁,男,大一,9班,2007-11-11,18586706219,20221001441@school.edu.cn
1442,20221001442,程凯怡,女,大一,10班,2006-10-17,13654743393,20221001442@school.edu.cn
1443,20221001443,张八芸,男,大一,7班,2006-03-25,15735435722,20221001443@school.edu.cn
1444,20221001444,朱星瑾,女,大一,1班,2006-08-31,17811961515,20221001444@school.edu.cn
1445,20221001445,宋宁琛,女,大一,5班,2006-06-03,18230060491,20221001445@school.edu.cn
1446,20221001446,高珂,女,大一,6班,2006-03-26,17502357501,20221001446@school.edu.cn
1447,20221001447,郭姝八,女,大一,6班,2006-01-17,15603269606,20221001447@school.edu.cn
1448,20221001448,李锦明,男,大一,11班,2006-01-01,15961653247,20221001448@school.edu.cn
1449,20221001449,邓瑶航,女,大一,4班,2007-01-16,13740873316,20221001449@school.edu.cn
1450,20221001450,张瑞娜,女,大一,2班,2007-11-03,13066540988,20221001450@school.edu.cn
1451,20221001451,高睿瑜,女,大一,2班,2007-01-06,15896327236,20221001451@school.edu.cn
1452,20221001452,程琛驰,女,大一,1班,2007-01-12,15744298799,20221001452@school.edu.cn
1453,20221001453,曹佳,女,大一,2班,2006-02-08,15387684060,20221001453@school.edu.cn
1454,20221001454,曾姝霄,女,大一,9班,2006-03-24,13396695429,20221001454@school.edu.cn
1455,20221001455,郭渲,女,大一,4班,2007-05-14,13396125986,20221001455@school.edu.cn
1456,20221001456,傅妍璐,男,大一,11班,2006-12-17,13640128347,20221001456@school.edu.cn
1457,20221001457,吕妍茹,女,大一,3班,2006-08-07,13268928103,20221001457@school.edu.cn
1458,20221001458,萧婷雪,男,大一,5班,2007-08-07,15940034103,20221001458@school.edu.cn
1459,20221001459,马雪洁,男,大一,12班,2006-07-29,13020151242,20221001459@school.edu.cn
1460,20221001460,唐翊蕾,女,大一,7班,2007-06-11,13187295668,20221001460@school.edu.cn
1461,20221001461,宋翊磊,男,大一,4班,2006-06-30,13192524765,20221001461@school.edu.cn
1462,20221001462,罗奚腾,女,大一,9班,2007-04-10,13642722969,20221001462@school.edu.cn
1463,20221001463,李茗文,女,大一,11班,2007-06-19,15658172786,20221001463@school.edu.cn
1464,20221001464,董珂欣,男,大一,10班,2007-04-13,15698644714,20221001464@school.edu.cn
1465,20221001465,彭翊颖,女,大一,5班,2006-07-30,13246213212,20221001465@school.edu.cn
1466,20221001466,周翊明,女,大一,8班,2007-10-13,13492870610,20221001466@school.edu.cn
1467,20221001467,马颖蓉,女,大一,5班,2007-12-31,18713305034,20221001467@school.edu.cn
1468,20221001468,刘昭,男,大一,5班,2006-07-16,15015125978,20221001468@school.edu.cn
1469,20221001469,张曜明,男,大一,3班,2006-06-27,15024301966,20221001469@school.edu.cn
1470,20221001470,曹林娅,女,大一,8班,2007-07-20,17576478050,20221001470@school.edu.cn
1471,20221001471,吴晨,男,大一,7班,2006-10-26,15582119292,20221001471@school.edu.cn
1472,20221001472,李茗珊,女,大一,10班,2007-10-05,18537744450,20221001472@school.edu.cn
1473,20221001473,孙欣珏,男,大一,10班,2007-01-17,15836395923,20221001473@school.edu.cn
1474,20221001474,曾乐,男,大一,10班,2006-07-28,15326130032,20221001474@school.edu.cn
1475,20221001475,程杰博,女,大一,9班,2006-11-10,13105625567,20221001475@school.edu.cn
1476,20221001476,冯奕,女,大一,2班,2006-05-01,15331183087,20221001476@school.edu.cn
1477,20221001477,冯渲坤,男,大一,6班,2006-05-31,15741276708,20221001477@school.edu.cn
1478,20221001478,周琛珂,女,大一,9班,2006-01-19,13970381103,20221001478@school.edu.cn
1479,20221001479,唐博驰,女,大一,3班,2006-03-22,13624055703,20221001479@school.edu.cn
1480,20221001480,冯四,女,大一,7班,2006-09-01,18158092023,20221001480@school.edu.cn
1481,20221001481,邓七,男,大一,9班,2007-07-08,13106641920,20221001481@school.edu.cn
1482,20221001482,林姝一,男,大一,5班,2007-06-19,15755099570,20221001482@school.edu.cn
1483,20221001483,彭四,女,大一,2班,2007-01-27,15268479651,20221001483@school.edu.cn
1484,20221001484,邓杰,女,大一,5班,2006-04-14,18871458911,20221001484@school.edu.cn
1485,20221001485,马六锴,男,大一,2班,2006-11-23,15198256241,20221001485@school.edu.cn
1486,20221001486,何七滢,女,大一,5班,2006-02-01,18727656784,20221001486@school.edu.cn
1487,20221001487,杨星函,女,大一,4班,2006-09-22,15727027884,20221001487@school.edu.cn
1488,20221001488,程曜怡,男,大一,12班,2007-01-09,17659852075,20221001488@school.edu.cn
1489,20221001489,胡羽坤,男,大一,4班,2006-10-16,15626049558,20221001489@school.edu.cn
1490,20221001490,袁林芸,女,大一,4班,2007-12-11,17658322809,20221001490@school.edu.cn
1491,20221001491,何启骐,男,大一,12班,2006-07-23,15220881631,20221001491@school.edu.cn
1492,20221001492,谢妍瑾,男,大一,5班,2006-07-21,18163769665,20221001492@school.edu.cn
1493,20221001493,周欣颖,男,大一,1班,2007-08-07,18790188417,20221001493@school.edu.cn
1494,20221001494,董梓坤,男,大一,12班,2007-04-28,17323403555,20221001494@school.edu.cn
1495,20221001495,袁瑜,男,大一,3班,2007-02-24,15866694775,20221001495@school.edu.cn
1496,20221001496,曹瑶妍,女,大一,2班,2006-02-25,17757384738,20221001496@school.edu.cn
1497,20221001497,许岚航,男,大一,12班,2007-01-01,18068439665,20221001497@school.edu.cn
1498,20221001498,吕璇,女,大一,3班,2007-12-13,15289788803,20221001498@school.edu.cn
1499,20221001499,徐瑾娜,女,大一,4班,2007-03-01,15075627666,20221001499@school.edu.cn
1500,20221001500,袁宥,男,大一,3班,2006-05-08,15933888664,20221001500@school.edu.cn
1501,20221001501,郑妍,女,大一,6班,2006-05-24,17726894848,20221001501@school.edu.cn
1502,20221001502,李七文,女,大一,1班,2007-01-12,18614405160,20221001502@school.edu.cn
1503,20221001503,冯宥,女,大一,11班,2007-04-04,13521821079,20221001503@school.edu.cn
1504,20221001504,曹文,男,大一,9班,2006-08-04,18972794144,20221001504@school.edu.cn
1505,20221001505,邓博,女,大一,2班,2007-07-09,17692142523,20221001505@school.edu.cn
1506,20221001506,林莹,女,大一,5班,2006-10-06,15574967660,20221001506@school.edu.cn
1507,20221001507,曾浩恺,女,大一,8班,2007-04-17,15730481241,20221001507@school.edu.cn
1508,20221001508,梁彤御,男,大一,7班,2006-10-20,15697899780,20221001508@school.edu.cn
1509,20221001509,孙依哲,男,大一,5班,2007-02-19,13249313042,20221001509@school.edu.cn
1510,20221001510,曹瑜,男,大一,11班,2006-03-20,13535908163,20221001510@school.edu.cn
1511,20221001511,吴珺御,女,大一,5班,2006-11-19,15716958620,20221001511@school.edu.cn
1512,20221001512,高雅可,男,大一,9班,2006-09-19,13186065620,20221001512@school.edu.cn
1513,20221001513,胡清衡,男,大一,2班,2006-10-29,13584064485,20221001513@school.edu.cn
1514,20221001514,邓腾,男,大一,4班,2006-06-30,17625799337,20221001514@school.edu.cn
1515,20221001515,胡婕洁,女,大一,4班,2006-04-20,15012255935,20221001515@school.edu.cn
1516,20221001516,曾一驰,男,大一,3班,2007-06-13,13966605881,20221001516@school.edu.cn
1517,20221001517,宋珺腾,女,大一,4班,2006-08-09,15513479946,20221001517@school.edu.cn
1518,20221001518,朱婷芸,男,大一,3班,2007-04-09,13728260207,20221001518@school.edu.cn
1519,20221001519,曾九蕾,女,大一,2班,2006-09-10,13755620512,20221001519@school.edu.cn
1520,20221001520,沈宁,男,大一,8班,2007-10-24,15290647591,20221001520@school.edu.cn
1521,20221001521,梁泽珊,男,大一,2班,2007-11-25,18353883678,20221001521@school.edu.cn
1522,20221001522,程凯,男,大一,12班,2006-05-11,15574149203,20221001522@school.edu.cn
1523,20221001523,马颖芷,男,大一,12班,2007-11-28,13972340683,20221001523@school.edu.cn
1524,20221001524,杨珺悦,女,大一,6班,2007-08-05,17885688677,20221001524@school.edu.cn
1525,20221001525,徐泽六,男,大一,2班,2007-05-06,18300541620,20221001525@school.edu.cn
1526,20221001526,冯杰彤,女,大一,7班,2007-09-03,13516679180,20221001526@school.edu.cn
1527,20221001527,沈璇,女,大一,2班,2007-04-13,15517328720,20221001527@school.edu.cn
1528,20221001528,傅一三,男,大一,5班,2006-02-15,15117176451,20221001528@school.edu.cn
1529,20221001529,冯羽扬,男,大一,4班,2007-01-09,13310316828,20221001529@school.edu.cn
1530,20221001530,曾腾致,男,大一,6班,2006-05-05,18580344204,20221001530@school.edu.cn
1531,20221001531,于颖锴,男,大一,2班,2007-04-08,18700382373,20221001531@school.edu.cn
1532,20221001532,林子,男,大一,8班,2007-10-02,18638857560,20221001532@school.edu.cn
1533,20221001533,萧泽,男,大一,8班,2007-12-11,17866164415,20221001533@school.edu.cn
1534,20221001534,孙渲哲,男,大一,7班,2007-11-26,13727945681,20221001534@school.edu.cn
1535,20221001535,马宸锴,女,大一,2班,2007-05-06,15500698887,20221001535@school.edu.cn
1536,20221001536,胡腾辰,女,大一,6班,2006-03-30,18170985021,20221001536@school.edu.cn
1537,20221001537,徐子,男,大一,4班,2006-05-04,15387795122,20221001537@school.edu.cn
1538,20221001538,杨序潇,男,大一,6班,2006-02-26,13914924657,20221001538@school.edu.cn
1539,20221001539,谢景,男,大一,9班,2007-10-21,13024461349,20221001539@school.edu.cn
1540,20221001540,高颖,女,大一,2班,2006-03-21,15991977287,20221001540@school.edu.cn
1541,20221001541,彭六,女,大一,11班,2006-01-05,13944971987,20221001541@school.edu.cn
1542,20221001542,郭三,男,大一,11班,2007-07-21,17737461557,20221001542@school.edu.cn
1543,20221001543,罗颖娅,男,大一,11班,2006-01-16,17366133327,20221001543@school.edu.cn
1544,20221001544,曾曜坤,女,大一,8班,2007-04-01,18850028732,20221001544@school.edu.cn
1545,20221001545,朱宸钰,男,大一,10班,2007-10-14,17757832190,20221001545@school.edu.cn
1546,20221001546,陈文,女,大一,5班,2007-05-30,13302740667,20221001546@school.edu.cn
1547,20221001547,沈宇潇,女,大一,5班,2006-11-26,15167196595,20221001547@school.edu.cn
1548,20221001548,赵瑾骞,男,大一,5班,2007-01-29,13344262013,20221001548@school.edu.cn
1549,20221001549,郭宥哲,女,大一,1班,2006-02-08,18095624854,20221001549@school.edu.cn
1550,20221001550,吕九琛,男,大一,7班,2006-03-03,15163450384,20221001550@school.edu.cn
1551,20221001551,刘妍衡,女,大一,6班,2007-10-24,13753382581,20221001551@school.edu.cn
1552,20221001552,罗嫣可,男,大一,12班,2007-07-12,13762500932,20221001552@school.edu.cn
1553,20221001553,唐林,女,大一,12班,2006-02-01,15772728387,20221001553@school.edu.cn
1554,20221001554,王奕,女,大一,3班,2006-02-25,13066610539,20221001554@school.edu.cn
1555,20221001555,高奕函,男,大一,12班,2007-06-06,18648109090,20221001555@school.edu.cn
1556,20221001556,唐琳四,女,大一,5班,2006-03-30,15080657863,20221001556@school.edu.cn
1557,20221001557,张星珂,男,大一,8班,2007-01-19,15732032102,20221001557@school.edu.cn
1558,20221001558,李思,女,大一,12班,2006-10-18,18927950474,20221001558@school.edu.cn
1559,20221001559,郭羽文,男,大一,7班,2007-01-10,17617214793,20221001559@school.edu.cn
1560,20221001560,彭瑞琪,女,大一,12班,2007-07-22,13951789628,20221001560@school.edu.cn
1561,20221001561,林霖婧,男,大一,8班,2006-01-07,18095273840,20221001561@school.edu.cn
1562,20221001562,谢羽钰,男,大一,10班,2007-01-11,18187570015,20221001562@school.edu.cn
1563,20221001563,曾霖,女,大一,4班,2006-12-17,18022080730,20221001563@school.edu.cn
1564,20221001564,董欣洁,男,大一,10班,2007-07-19,13221558902,20221001564@school.edu.cn
1565,20221001565,吕雪子,男,大一,9班,2006-07-18,13202560031,20221001565@school.edu.cn
1566,20221001566,赵芸,男,大一,11班,2006-09-15,17774308783,20221001566@school.edu.cn
1567,20221001567,何涵娜,女,大一,5班,2007-10-08,13891618785,20221001567@school.edu.cn
1568,20221001568,罗六可,男,大一,12班,2006-08-16,13677273669,20221001568@school.edu.cn
1569,20221001569,周清骐,女,大一,2班,2007-04-14,17516600586,20221001569@school.edu.cn
1570,20221001570,胡欣驰,女,大一,1班,2006-10-28,13689599071,20221001570@school.edu.cn
1571,20221001571,高雪,女,大一,12班,2007-04-24,13138251648,20221001571@school.edu.cn
1572,20221001572,马五,男,大一,8班,2006-06-06,17530809733,20221001572@school.edu.cn
1573,20221001573,萧梓,女,大一,7班,2006-03-28,18740410320,20221001573@school.edu.cn
1574,20221001574,彭宥,男,大一,1班,2007-05-22,18798317821,20221001574@school.edu.cn
1575,20221001575,林若亦,女,大一,10班,2007-07-31,13276224041,20221001575@school.edu.cn
1576,20221001576,郑腾,女,大一,7班,2006-09-15,18750359060,20221001576@school.edu.cn
1577,20221001577,邓芸琳,男,大一,6班,2006-12-20,13532447869,20221001577@school.edu.cn
1578,20221001578,谢翊雯,女,大一,12班,2007-07-12,17738240218,20221001578@school.edu.cn
1579,20221001579,于渲帆,女,大一,3班,2007-10-06,18284593044,20221001579@school.edu.cn
1580,20221001580,于菲潇,女,大一,3班,2006-08-25,18372791495,20221001580@school.edu.cn
1581,20221001581,何瑜四,女,大一,9班,2006-06-01,18702341376,20221001581@school.edu.cn
1582,20221001582,董三,男,大一,2班,2007-12-29,18262682866,20221001582@school.edu.cn
1583,20221001583,吕宁,男,大一,12班,2006-05-21,13894915239,20221001583@school.edu.cn
1584,20221001584,林子悦,女,大一,4班,2006-09-23,13714278506,20221001584@school.edu.cn
1585,20221001585,韩文诺,女,大一,1班,2007-03-07,13943414901,20221001585@school.edu.cn
1586,20221001586,吴梓,女,大一,5班,2006-08-03,18754112333,20221001586@school.edu.cn
1587,20221001587,董渲琛,女,大一,4班,2006-05-08,13382639946,20221001587@school.edu.cn
1588,20221001588,宋子妍,女,大一,7班,2006-03-16,15843721782,20221001588@school.edu.cn
1589,20221001589,胡颖六,男,大一,4班,2007-04-20,15021387400,20221001589@school.edu.cn
1590,20221001590,吕杰渝,男,大一,4班,2006-04-05,18679440825,20221001590@school.edu.cn
1591,20221001591,孙璇瑾,男,大一,5班,2006-02-06,15862634057,20221001591@school.edu.cn
1592,20221001592,杨三煜,女,大一,9班,2006-12-10,13261354159,20221001592@school.edu.cn
1593,20221001593,孙九五,女,大一,2班,2006-01-15,18020496013,20221001593@school.edu.cn
1594,20221001594,马筱斌,女,大一,9班,2007-05-24,13231690065,20221001594@school.edu.cn
1595,20221001595,吴沁颖,女,大一,4班,2007-10-30,15080054799,20221001595@school.edu.cn
1596,20221001596,许晨雯,男,大一,11班,2007-11-03,13198545211,20221001596@school.edu.cn
1597,20221001597,孙宁轩,女,大一,2班,2007-12-30,13908415058,20221001597@school.edu.cn
1598,20221001598,何宁琪,男,大一,6班,2007-04-18,15682042435,20221001598@school.edu.cn
1599,20221001599,唐奕锴,女,大一,8班,2007-04-11,13461425349,20221001599@school.edu.cn
1600,20221001600,于奚,男,大一,7班,2006-07-13,18990002679,20221001600@school.edu.cn
1601,20221001601,沈颖,男,大一,9班,2006-07-21,18799076107,20221001601@school.edu.cn
1602,20221001602,宋璇昊,男,大一,3班,2007-06-24,18837656603,20221001602@school.edu.cn
1603,20221001603,许乐,男,大一,4班,2006-12-03,13427112025,20221001603@school.edu.cn
1604,20221001604,罗嫣茹,男,大一,11班,2007-03-19,18506148495,20221001604@school.edu.cn
1605,20221001605,杨泽,女,大一,5班,2006-08-28,13818991556,20221001605@school.edu.cn
1606,20221001606,许浩瑶,男,大一,6班,2007-12-08,17559168250,20221001606@school.edu.cn
1607,20221001607,程涵,女,大一,11班,2006-06-30,15730555823,20221001607@school.edu.cn
1608,20221001608,宋芸妍,男,大一,3班,2007-02-17,18526837911,20221001608@school.edu.cn
1609,20221001609,冯启锴,男,大一,12班,2006-04-03,18784604227,20221001609@school.edu.cn
1610,20221001610,于璇,男,大一,4班,2007-09-26,18154345288,20221001610@school.edu.cn
1611,20221001611,赵瑜诺,男,大一,8班,2006-04-27,18800356977,20221001611@school.edu.cn
1612,20221001612,林淇六,女,大一,2班,2007-05-02,13636475694,20221001612@school.edu.cn
1613,20221001613,曹颖三,男,大一,10班,2006-01-01,13043738870,20221001613@school.edu.cn
1614,20221001614,傅浩,女,大一,6班,2006-01-30,18238854808,20221001614@school.edu.cn
1615,20221001615,张奚,男,大一,7班,2006-03-08,13619528553,20221001615@school.edu.cn
1616,20221001616,傅子茹,女,大一,10班,2006-06-07,18212263121,20221001616@school.edu.cn
1617,20221001617,邓瑾睿,男,大一,11班,2007-06-17,15550768209,20221001617@school.edu.cn
1618,20221001618,萧珂,女,大一,11班,2006-07-31,17752923215,20221001618@school.edu.cn
1619,20221001619,彭宁,男,大一,4班,2006-09-29,17336713398,20221001619@school.edu.cn
1620,20221001620,郭菲宁,男,大一,9班,2006-02-13,13341710527,20221001620@school.edu.cn
1621,20221001621,宋瑞,男,大一,5班,2007-09-14,18617222818,20221001621@school.edu.cn
1622,20221001622,马乐六,女,大一,7班,2007-10-01,13458191114,20221001622@school.edu.cn
1623,20221001623,王宁,男,大一,6班,2006-03-27,18758753779,20221001623@school.edu.cn
1624,20221001624,吴宁,男,大一,9班,2007-07-16,17898544006,20221001624@school.edu.cn
1625,20221001625,徐六,男,大一,3班,2007-04-11,18153117253,20221001625@school.edu.cn
1626,20221001626,彭若,女,大一,1班,2007-09-12,13241079794,20221001626@school.edu.cn
1627,20221001627,吕乐,男,大一,8班,2006-08-25,15764999090,20221001627@school.edu.cn
1628,20221001628,袁博,男,大一,2班,2007-05-30,18567251285,20221001628@school.edu.cn
1629,20221001629,邓琳衡,女,大一,1班,2007-07-18,15957014777,20221001629@school.edu.cn
1630,20221001630,邓祺雯,女,大一,9班,2007-11-10,13713271701,20221001630@school.edu.cn
1631,20221001631,吴婕,男,大一,9班,2006-12-12,18221451921,20221001631@school.edu.cn
1632,20221001632,马明,男,大一,4班,2007-11-25,18845143860,20221001632@school.edu.cn
1633,20221001633,袁姝致,女,大一,2班,2007-11-05,13595105709,20221001633@school.edu.cn
1634,20221001634,王筱诺,男,大一,4班,2006-07-28,18974492107,20221001634@school.edu.cn
1635,20221001635,许五琪,男,大一,10班,2006-01-20,18250350102,20221001635@school.edu.cn
1636,20221001636,王凯衡,男,大一,3班,2006-06-26,15127501480,20221001636@school.edu.cn
1637,20221001637,周彤璐,女,大一,4班,2007-10-12,13599542249,20221001637@school.edu.cn
1638,20221001638,胡雅瑾,女,大一,10班,2006-09-17,13987432261,20221001638@school.edu.cn
1639,20221001639,曹睿四,女,大一,8班,2007-09-29,18039539831,20221001639@school.edu.cn
1640,20221001640,于宥,男,大一,10班,2007-08-05,15147176288,20221001640@school.edu.cn
1641,20221001641,林六祺,女,大一,8班,2006-01-06,15810653376,20221001641@school.edu.cn
1642,20221001642,梁清珊,男,大一,8班,2006-01-25,18849720570,20221001642@school.edu.cn
1643,20221001643,宋凯恺,女,大一,9班,2006-05-29,18295385331,20221001643@school.edu.cn
1644,20221001644,刘淇志,女,大一,3班,2006-02-06,18152279208,20221001644@school.edu.cn
1645,20221001645,林嘉宁,女,大一,1班,2007-11-18,17817177593,20221001645@school.edu.cn
1646,20221001646,韩晨妍,男,大一,6班,2007-06-03,18930542139,20221001646@school.edu.cn
1647,20221001647,郑芸驰,女,大一,12班,2007-06-02,13948854962,20221001647@school.edu.cn
1648,20221001648,杨莹颖,女,大一,3班,2007-11-04,13176671018,20221001648@school.edu.cn
1649,20221001649,邓博煜,男,大一,6班,2007-08-07,15807182884,20221001649@school.edu.cn
1650,20221001650,梁宇,男,大一,11班,2007-03-13,18381765448,20221001650@school.edu.cn
1651,20221001651,吴杰晟,女,大一,4班,2007-03-07,13117275389,20221001651@school.edu.cn
1652,20221001652,孙彤,男,大一,9班,2007-03-22,13384285636,20221001652@school.edu.cn
1653,20221001653,吴瑶锴,女,大一,4班,2007-02-18,18014655627,20221001653@school.edu.cn
1654,20221001654,萧彤,女,大一,5班,2006-03-31,18572187425,20221001654@school.edu.cn
1655,20221001655,高四瑾,女,大一,6班,2006-08-31,15245309845,20221001655@school.edu.cn
1656,20221001656,王泽蕾,男,大一,6班,2006-04-15,13546803162,20221001656@school.edu.cn
1657,20221001657,何雅,男,大一,9班,2006-10-04,15044908581,20221001657@school.edu.cn
1658,20221001658,韩婕,女,大一,9班,2006-04-03,18682165127,20221001658@school.edu.cn
1659,20221001659,胡芸亦,女,大一,9班,2006-04-13,18560255728,20221001659@school.edu.cn
1660,20221001660,高明琪,女,大一,6班,2006-05-05,13972272213,20221001660@school.edu.cn
1661,20221001661,吴筱渝,女,大一,7班,2006-10-24,18809298033,20221001661@school.edu.cn
1662,20221001662,郭妍芷,女,大一,5班,2006-04-01,15951182055,20221001662@school.edu.cn
1663,20221001663,陈彤昊,女,大一,9班,2007-01-18,15103628963,20221001663@school.edu.cn
1664,20221001664,吕锦峻,女,大一,12班,2006-03-01,17504263190,20221001664@school.edu.cn
1665,20221001665,谢珂,女,大一,9班,2007-05-19,13561048835,20221001665@school.edu.cn
1666,20221001666,杨八焱,女,大一,3班,2006-12-29,17718271260,20221001666@school.edu.cn
1667,20221001667,何宁,女,大一,10班,2006-08-10,15849933212,20221001667@school.edu.cn
1668,20221001668,王芸阳,男,大一,12班,2007-04-22,18507534901,20221001668@school.edu.cn
1669,20221001669,宋一帆,男,大一,1班,2006-02-06,18932507167,20221001669@school.edu.cn
1670,20221001670,吴志坤,女,大一,5班,2007-04-26,17352877204,20221001670@school.edu.cn
1671,20221001671,袁珺蕾,男,大一,12班,2006-03-24,18791909962,20221001671@school.edu.cn
1672,20221001672,沈翊,男,大一,4班,2006-05-02,13898203298,20221001672@school.edu.cn
1673,20221001673,吴晨霄,女,大一,11班,2007-06-17,18045257193,20221001673@school.edu.cn
1674,20221001674,萧婷一,女,大一,2班,2006-01-28,18971320562,20221001674@school.edu.cn
1675,20221001675,刘佳霄,男,大一,7班,2007-11-18,18277885847,20221001675@school.edu.cn
1676,20221001676,吴文琪,男,大一,12班,2007-04-01,15854143733,20221001676@school.edu.cn
1677,20221001677,沈浩雪,男,大一,7班,2007-02-21,13614475054,20221001677@school.edu.cn
1678,20221001678,赵奕驰,女,大一,12班,2007-07-17,17665379823,20221001678@school.edu.cn
1679,20221001679,李锦,女,大一,10班,2006-09-11,18226183350,20221001679@school.edu.cn
1680,20221001680,陈宥洁,男,大一,6班,2006-04-06,15948354652,20221001680@school.edu.cn
1681,20221001681,沈嫣茹,男,大一,10班,2006-10-04,15898525511,20221001681@school.edu.cn
1682,20221001682,张乐,女,大一,5班,2007-05-26,18939334792,20221001682@school.edu.cn
1683,20221001683,冯姝,女,大一,11班,2007-09-28,17336618560,20221001683@school.edu.cn
1684,20221001684,张芸,男,大一,5班,2006-05-01,13136189439,20221001684@school.edu.cn
1685,20221001685,徐泽熙,女,大一,1班,2007-03-19,17677858866,20221001685@school.edu.cn
1686,20221001686,李晨,女,大一,9班,2006-01-29,15119921575,20221001686@school.edu.cn
1687,20221001687,朱序欣,男,大一,10班,2006-12-07,15242868331,20221001687@school.edu.cn
1688,20221001688,彭一浩,女,大一,5班,2007-01-23,15316460537,20221001688@school.edu.cn
1689,20221001689,陈一然,女,大一,4班,2006-10-02,15876096423,20221001689@school.edu.cn
1690,20221001690,吕语,女,大一,1班,2007-03-02,13992534084,20221001690@school.edu.cn
1691,20221001691,杨奚洁,男,大一,5班,2007-07-19,13054912602,20221001691@school.edu.cn
1692,20221001692,郑依,男,大一,3班,2006-05-08,15056818259,20221001692@school.edu.cn
1693,20221001693,萧明四,男,大一,12班,2006-07-24,15772806783,20221001693@school.edu.cn
1694,20221001694,傅芸颖,男,大一,7班,2007-04-12,15378410999,20221001694@school.edu.cn
1695,20221001695,梁四雯,女,大一,3班,2007-03-15,15709700457,20221001695@school.edu.cn
1696,20221001696,吴瑶,女,大一,9班,2007-08-15,13431749608,20221001696@school.edu.cn
1697,20221001697,谢雨,女,大一,7班,2006-07-10,18984023447,20221001697@school.edu.cn
1698,20221001698,冯凯阳,男,大一,7班,2007-04-10,13799384733,20221001698@school.edu.cn
1699,20221001699,陈嘉凝,男,大一,2班,2006-07-31,15970739216,20221001699@school.edu.cn
1700,20221001700,冯杰磊,女,大一,2班,2007-10-11,13613408605,20221001700@school.edu.cn
1701,20221001701,傅奕诺,女,大一,3班,2006-12-27,18315798760,20221001701@school.edu.cn
1702,20221001702,郑婷霖,女,大一,1班,2007-05-23,15214475283,20221001702@school.edu.cn
1703,20221001703,吴五,男,大一,11班,2006-03-08,13150299125,20221001703@school.edu.cn
1704,20221001704,徐婕蓉,女,大一,10班,2006-04-04,15583409512,20221001704@school.edu.cn
1705,20221001705,李璇晟,男,大一,7班,2006-07-01,17849748287,20221001705@school.edu.cn
1706,20221001706,胡菲,女,大一,10班,2007-01-03,13062981277,20221001706@school.edu.cn
1707,20221001707,黄姝煜,女,大一,7班,2006-05-17,13110979371,20221001707@school.edu.cn
1708,20221001708,赵姝焱,女,大一,1班,2007-04-01,18000617861,20221001708@school.edu.cn
1709,20221001709,曹岚衡,男,大一,8班,2007-10-01,15975999211,20221001709@school.edu.cn
1710,20221001710,吕景熙,男,大一,5班,2007-09-17,17856803892,20221001710@school.edu.cn
1711,20221001711,沈姝,女,大一,7班,2007-11-15,15024611365,20221001711@school.edu.cn
1712,20221001712,何宇,男,大一,2班,2006-03-21,13601143656,20221001712@school.edu.cn
1713,20221001713,吕羽琳,女,大一,10班,2007-08-03,13373476204,20221001713@school.edu.cn
1714,20221001714,高颖珏,女,大一,9班,2006-02-13,13186044787,20221001714@school.edu.cn
1715,20221001715,林四峻,男,大一,1班,2006-04-18,15111724212,20221001715@school.edu.cn
1716,20221001716,李菲悦,男,大一,8班,2007-07-26,13512458666,20221001716@school.edu.cn
1717,20221001717,王杰悦,男,大一,1班,2007-12-24,15235437684,20221001717@school.edu.cn
1718,20221001718,李嘉娅,女,大一,12班,2007-04-23,15122295476,20221001718@school.edu.cn
1719,20221001719,袁启祺,女,大一,11班,2007-06-26,13130736346,20221001719@school.edu.cn
1720,20221001720,梁九,男,大一,12班,2007-05-09,13230123920,20221001720@school.edu.cn
1721,20221001721,唐婕琪,男,大一,7班,2007-04-07,18112787476,20221001721@school.edu.cn
1722,20221001722,梁博琪,男,大一,1班,2007-06-24,13637091896,20221001722@school.edu.cn
1723,20221001723,郑瑞,男,大一,5班,2006-12-07,15346518024,20221001723@school.edu.cn
1724,20221001724,谢瑾铠,女,大一,11班,2007-11-14,18695465812,20221001724@school.edu.cn
1725,20221001725,谢明一,男,大一,10班,2006-05-29,15584560745,20221001725@school.edu.cn
1726,20221001726,袁宸六,男,大一,8班,2007-03-05,18890602750,20221001726@school.edu.cn
1727,20221001727,傅睿斌,男,大一,7班,2006-07-27,18609150845,20221001727@school.edu.cn
1728,20221001728,赵曜,男,大一,7班,2006-09-07,13539674777,20221001728@school.edu.cn
1729,20221001729,曾曜,男,大一,9班,2007-09-17,15924035126,20221001729@school.edu.cn
1730,20221001730,马九,男,大一,1班,2007-04-25,18355261895,20221001730@school.edu.cn
1731,20221001731,梁茗瑜,男,大一,9班,2006-08-05,18835797361,20221001731@school.edu.cn
1732,20221001732,马腾婧,男,大一,11班,2007-09-07,13950355107,20221001732@school.edu.cn
1733,20221001733,袁腾驰,男,大一,5班,2007-09-18,13331361326,20221001733@school.edu.cn
1734,20221001734,何锦致,女,大一,9班,2007-03-06,15156905030,20221001734@school.edu.cn
1735,20221001735,唐腾,女,大一,6班,2007-02-21,18259722009,20221001735@school.edu.cn
1736,20221001736,赵菲馥,女,大一,4班,2006-06-21,18518274660,20221001736@school.edu.cn
1737,20221001737,黄雅凝,男,大一,7班,2007-06-30,15716419343,20221001737@school.edu.cn
1738,20221001738,孙子珊,女,大一,7班,2006-09-12,17674175933,20221001738@school.edu.cn
1739,20221001739,邓曜彤,男,大一,12班,2006-03-12,13526020390,20221001739@school.edu.cn
1740,20221001740,冯祺,女,大一,4班,2007-12-11,13384962471,20221001740@school.edu.cn
1741,20221001741,黄琳,女,大一,12班,2006-08-07,18185065898,20221001741@school.edu.cn
1742,20221001742,宋颖明,女,大一,3班,2007-09-10,18370933668,20221001742@school.edu.cn
1743,20221001743,宋景,女,大一,4班,2006-02-19,15058295802,20221001743@school.edu.cn
1744,20221001744,韩雨铠,男,大一,12班,2007-12-03,15385854871,20221001744@school.edu.cn
1745,20221001745,孙菲瑶,女,大一,9班,2007-07-26,18966079295,20221001745@school.edu.cn
1746,20221001746,赵凯,女,大一,4班,2006-09-28,13084610848,20221001746@school.edu.cn
1747,20221001747,林瑜,男,大一,8班,2007-11-29,13832403758,20221001747@school.edu.cn
1748,20221001748,郑梓,女,大一,8班,2007-12-20,17691427865,20221001748@school.edu.cn
1749,20221001749,郑昭瑜,男,大一,12班,2006-04-23,18708468655,20221001749@school.edu.cn
1750,20221001750,孙明,女,大一,1班,2006-06-08,13925116903,20221001750@school.edu.cn
1751,20221001751,唐奚昊,男,大一,11班,2007-07-14,13441293240,20221001751@school.edu.cn
1752,20221001752,李清博,男,大一,1班,2007-01-22,18957259972,20221001752@school.edu.cn
1753,20221001753,黄二凯,女,大一,9班,2006-01-12,13647988390,20221001753@school.edu.cn
1754,20221001754,吕泽博,女,大一,11班,2007-04-17,18677881572,20221001754@school.edu.cn
1755,20221001755,郭宸文,女,大一,2班,2007-04-20,18715308862,20221001755@school.edu.cn
1756,20221001756,冯雨芸,女,大一,3班,2007-06-26,18663773957,20221001756@school.edu.cn
1757,20221001757,沈序驰,男,大一,10班,2006-05-26,13291350979,20221001757@school.edu.cn
1758,20221001758,袁林,男,大一,7班,2007-01-07,13226426469,20221001758@school.edu.cn
1759,20221001759,许宥琪,女,大一,6班,2006-10-21,13909594975,20221001759@school.edu.cn
1760,20221001760,萧林欣,男,大一,8班,2007-12-07,15672715120,20221001760@school.edu.cn
1761,20221001761,孙珂琪,女,大一,2班,2006-06-28,15215601786,20221001761@school.edu.cn
1762,20221001762,周曜,女,大一,12班,2006-01-12,13356558430,20221001762@school.edu.cn
1763,20221001763,周彤洁,女,大一,3班,2007-08-18,18178140711,20221001763@school.edu.cn
1764,20221001764,沈佳,男,大一,11班,2006-09-13,17581388842,20221001764@school.edu.cn
1765,20221001765,杨杰航,男,大一,5班,2006-06-10,17362625035,20221001765@school.edu.cn
1766,20221001766,韩渲御,男,大一,5班,2007-04-28,13492866148,20221001766@school.edu.cn
1767,20221001767,于三,女,大一,10班,2006-03-16,15696771021,20221001767@school.edu.cn
1768,20221001768,黄启翎,女,大一,12班,2006-01-18,13512937334,20221001768@school.edu.cn
1769,20221001769,罗明驰,男,大一,3班,2006-11-08,13553403954,20221001769@school.edu.cn
1770,20221001770,许瑶悦,女,大一,3班,2006-09-12,13295823316,20221001770@school.edu.cn
1771,20221001771,傅璇琪,男,大一,1班,2006-06-19,15029126017,20221001771@school.edu.cn
1772,20221001772,周瑞磊,女,大一,2班,2007-03-09,18908114997,20221001772@school.edu.cn
1773,20221001773,高宸骞,男,大一,4班,2007-10-30,13750880418,20221001773@school.edu.cn
1774,20221001774,张羽帆,男,大一,7班,2006-10-10,13755932442,20221001774@school.edu.cn
1775,20221001775,何杰,男,大一,2班,2006-05-28,15706801272,20221001775@school.edu.cn
1776,20221001776,王二希,男,大一,10班,2006-05-19,15388232836,20221001776@school.edu.cn
1777,20221001777,韩子,女,大一,3班,2006-11-29,15554797761,20221001777@school.edu.cn
1778,20221001778,郭羽,男,大一,7班,2007-09-23,15220293328,20221001778@school.edu.cn
1779,20221001779,程嘉,男,大一,7班,2007-06-03,18856702265,20221001779@school.edu.cn
1780,20221001780,刘文,女,大一,11班,2006-10-03,13561116145,20221001780@school.edu.cn
1781,20221001781,吕淇,男,大一,5班,2007-02-14,13663769371,20221001781@school.edu.cn
1782,20221001782,郑瑾,女,大一,6班,2007-05-30,18545419661,20221001782@school.edu.cn
1783,20221001783,孙婷珏,男,大一,6班,2006-08-31,18815750063,20221001783@school.edu.cn
1784,20221001784,梁明琛,女,大一,1班,2006-12-25,17641138469,20221001784@school.edu.cn
1785,20221001785,谢瑾琪,男,大一,11班,2007-11-07,18966980713,20221001785@school.edu.cn
1786,20221001786,袁星御,女,大一,1班,2007-12-04,13040876926,20221001786@school.edu.cn
1787,20221001787,冯梓娅,女,大一,1班,2006-06-13,18032259241,20221001787@school.edu.cn
1788,20221001788,韩姝,女,大一,1班,2007-09-03,15928770958,20221001788@school.edu.cn
1789,20221001789,何语珊,女,大一,4班,2007-08-15,13804765845,20221001789@school.edu.cn
1790,20221001790,徐欣驰,女,大一,5班,2006-04-16,13325437756,20221001790@school.edu.cn
1791,20221001791,谢二驰,男,大一,11班,2006-01-24,15850975127,20221001791@school.edu.cn
1792,20221001792,吴星驰,女,大一,9班,2007-07-03,18851326995,20221001792@school.edu.cn
1793,20221001793,郭雨妍,男,大一,2班,2006-08-06,18614459980,20221001793@school.edu.cn
1794,20221001794,李五珊,女,大一,3班,2007-08-15,13997306757,20221001794@school.edu.cn
1795,20221001795,张九晨,男,大一,8班,2006-03-16,13347911964,20221001795@school.edu.cn
1796,20221001796,赵文,男,大一,2班,2006-06-14,18754230357,20221001796@school.edu.cn
1797,20221001797,周子悦,女,大一,4班,2006-11-18,17714624051,20221001797@school.edu.cn
1798,20221001798,梁明,男,大一,5班,2007-10-21,18578995427,20221001798@school.edu.cn
1799,20221001799,傅二渝,男,大一,5班,2006-08-17,13623524472,20221001799@school.edu.cn
1800,20221001800,王依涵,男,大一,2班,2007-01-12,13467092993,20221001800@school.edu.cn
1801,20221001801,郭宥八,男,大一,10班,2006-12-11,15949756197,20221001801@school.edu.cn
1802,20221001802,王妍琳,男,大一,12班,2006-07-19,15958542624,20221001802@school.edu.cn
1803,20221001803,王子,女,大一,3班,2006-03-07,18174253091,20221001803@school.edu.cn
1804,20221001804,王珂怡,女,大一,4班,2006-01-02,15765668083,20221001804@school.edu.cn
1805,20221001805,李淇,男,大一,8班,2006-10-06,18683679953,20221001805@school.edu.cn
1806,20221001806,郑一,女,大一,3班,2006-12-09,15239629578,20221001806@school.edu.cn
1807,20221001807,程淇,女,大一,6班,2006-09-19,13193640184,20221001807@school.edu.cn
1808,20221001808,许四,女,大一,6班,2006-07-21,13234560832,20221001808@school.edu.cn
1809,20221001809,吕九,女,大一,5班,2006-04-19,18182149897,20221001809@school.edu.cn
1810,20221001810,林琛欣,男,大一,8班,2007-04-24,18334507466,20221001810@school.edu.cn
1811,20221001811,张浩珊,女,大一,7班,2007-08-05,15817610090,20221001811@school.edu.cn
1812,20221001812,彭璇珏,女,大一,10班,2006-09-03,15918957007,20221001812@school.edu.cn
1813,20221001813,陈九璐,女,大一,4班,2006-04-22,15268932214,20221001813@school.edu.cn
1814,20221001814,谢雨瑶,男,大一,9班,2007-04-12,17805352783,20221001814@school.edu.cn
1815,20221001815,唐明瑶,男,大一,11班,2006-04-01,13276803006,20221001815@school.edu.cn
1816,20221001816,陈岚宁,女,大一,6班,2006-06-12,18699225727,20221001816@school.edu.cn
1817,20221001817,曾腾四,男,大一,2班,2006-09-24,18813175137,20221001817@school.edu.cn
1818,20221001818,赵梓娜,女,大一,7班,2007-10-15,15110127575,20221001818@school.edu.cn
1819,20221001819,王颖衡,女,大一,12班,2006-08-01,18124240048,20221001819@school.edu.cn
1820,20221001820,张林钰,男,大一,5班,2006-09-28,13178317918,20221001820@school.edu.cn
1821,20221001821,徐筱扬,男,大一,1班,2006-06-24,18582248472,20221001821@school.edu.cn
1822,20221001822,冯思,女,大一,7班,2007-11-12,17899646648,20221001822@school.edu.cn
1823,20221001823,罗梓九,女,大一,4班,2006-09-08,13083582599,20221001823@school.edu.cn
1824,20221001824,吕浩轩,女,大一,4班,2007-04-12,18023016100,20221001824@school.edu.cn
1825,20221001825,韩祺瑜,女,大一,7班,2006-11-19,18507225524,20221001825@school.edu.cn
1826,20221001826,徐语霖,男,大一,3班,2007-01-26,18354461258,20221001826@school.edu.cn
1827,20221001827,冯雪,女,大一,10班,2006-02-18,18639270981,20221001827@school.edu.cn
1828,20221001828,于颖五,男,大一,1班,2007-01-14,15808118784,20221001828@school.edu.cn
1829,20221001829,何博希,男,大一,12班,2006-04-25,13286301645,20221001829@school.edu.cn
1830,20221001830,沈雪辰,女,大一,9班,2006-07-27,17890816749,20221001830@school.edu.cn
1831,20221001831,曾浩九,男,大一,3班,2007-02-15,18813117617,20221001831@school.edu.cn
1832,20221001832,胡思驰,男,大一,3班,2007-06-28,18961416966,20221001832@school.edu.cn
1833,20221001833,郑璇,女,大一,3班,2006-08-20,18362689123,20221001833@school.edu.cn
1834,20221001834,邓露娅,女,大一,11班,2007-04-24,17649882492,20221001834@school.edu.cn
1835,20221001835,梁瑶瑾,女,大一,1班,2007-07-10,15194812937,20221001835@school.edu.cn
1836,20221001836,郑姝焱,女,大一,7班,2007-01-11,17600439132,20221001836@school.edu.cn
1837,20221001837,陈一,男,大一,8班,2007-05-20,17719329525,20221001837@school.edu.cn
1838,20221001838,彭佳,男,大一,2班,2006-08-27,17884785649,20221001838@school.edu.cn
1839,20221001839,沈茗芷,女,大一,11班,2007-01-24,17689294509,20221001839@school.edu.cn
1840,20221001840,董宸娅,女,大一,11班,2006-12-01,18278644786,20221001840@school.edu.cn
1841,20221001841,邓景,男,大一,3班,2006-10-25,18287883392,20221001841@school.edu.cn
1842,20221001842,何浩悦,女,大一,7班,2006-06-09,17589950547,20221001842@school.edu.cn
1843,20221001843,许羽,男,大一,12班,2007-11-14,15296191840,20221001843@school.edu.cn
1844,20221001844,朱林,男,大一,4班,2006-03-07,15026430788,20221001844@school.edu.cn
1845,20221001845,陈子欣,男,大一,2班,2007-08-15,13450293589,20221001845@school.edu.cn
1846,20221001846,赵珺茹,男,大一,9班,2007-12-15,15991113526,20221001846@school.edu.cn
1847,20221001847,董雅钰,女,大一,3班,2006-06-19,13349994444,20221001847@school.edu.cn
1848,20221001848,罗景阳,女,大一,10班,2006-03-29,13154078211,20221001848@school.edu.cn
1849,20221001849,许颖,女,大一,11班,2006-03-06,13608735202,20221001849@school.edu.cn
1850,20221001850,王欣,女,大一,6班,2006-04-04,15259177027,20221001850@school.edu.cn
1851,20221001851,张姝二,女,大一,11班,2007-06-16,15675782270,20221001851@school.edu.cn
1852,20221001852,黄婷,男,大一,11班,2007-10-05,15344962027,20221001852@school.edu.cn
1853,20221001853,萧嘉,女,大一,1班,2006-08-05,13854635048,20221001853@school.edu.cn
1854,20221001854,朱文祺,女,大一,10班,2007-12-29,15868262825,20221001854@school.edu.cn
1855,20221001855,曹彦,女,大一,8班,2006-04-14,13827462482,20221001855@school.edu.cn
1856,20221001856,萧瑞,女,大一,3班,2007-06-01,18062937369,20221001856@school.edu.cn
1857,20221001857,张沁恺,男,大一,12班,2007-11-24,18881724731,20221001857@school.edu.cn
1858,20221001858,于思宇,女,大一,12班,2007-03-31,17339648585,20221001858@school.edu.cn
1859,20221001859,曾颖一,男,大一,6班,2007-04-03,17645393665,20221001859@school.edu.cn
1860,20221001860,曹浩晟,男,大一,9班,2006-01-02,13567383952,20221001860@school.edu.cn
1861,20221001861,吕珺,男,大一,7班,2007-04-22,15859122467,20221001861@school.edu.cn
1862,20221001862,唐瑶致,女,大一,5班,2006-01-01,15276389791,20221001862@school.edu.cn
1863,20221001863,陈一坤,女,大一,11班,2007-09-02,17391431553,20221001863@school.edu.cn
1864,20221001864,萧七祺,男,大一,10班,2007-03-24,18669932122,20221001864@school.edu.cn
1865,20221001865,张五雯,女,大一,2班,2007-10-27,15709303770,20221001865@school.edu.cn
1866,20221001866,杨瑶可,男,大一,9班,2006-01-22,15526479208,20221001866@school.edu.cn
1867,20221001867,杨浩衡,男,大一,7班,2007-08-28,18105826192,20221001867@school.edu.cn
1868,20221001868,刘芸函,男,大一,6班,2006-05-31,13579432243,20221001868@school.edu.cn
1869,20221001869,郭文辰,女,大一,9班,2007-12-19,17636461137,20221001869@school.edu.cn
1870,20221001870,傅九八,男,大一,9班,2007-01-07,17644287429,20221001870@school.edu.cn
1871,20221001871,罗六霖,女,大一,6班,2006-09-20,15826545897,20221001871@school.edu.cn
1872,20221001872,程璇娅,女,大一,12班,2006-11-08,17305509760,20221001872@school.edu.cn
1873,20221001873,宋彦,男,大一,12班,2007-05-03,17551250388,20221001873@school.edu.cn
1874,20221001874,何博婧,女,大一,9班,2006-09-18,18070194034,20221001874@school.edu.cn
1875,20221001875,宋雅洁,女,大一,10班,2006-02-02,13768496042,20221001875@school.edu.cn
1876,20221001876,萧若四,女,大一,4班,2006-05-01,18047068225,20221001876@school.edu.cn
1877,20221001877,邓琳明,女,大一,5班,2007-05-24,18878969881,20221001877@school.edu.cn
1878,20221001878,曹景彤,男,大一,6班,2006-07-29,18818795090,20221001878@school.edu.cn
1879,20221001879,朱瑾驰,女,大一,3班,2006-11-14,13539231557,20221001879@school.edu.cn
1880,20221001880,曾莹娅,男,大一,4班,2006-09-22,15765638611,20221001880@school.edu.cn
1881,20221001881,杨志,女,大一,2班,2007-11-14,17835387001,20221001881@school.edu.cn
1882,20221001882,郑杰煜,男,大一,2班,2007-05-26,15959219185,20221001882@school.edu.cn
1883,20221001883,邓宁铠,女,大一,9班,2006-10-29,15121652019,20221001883@school.edu.cn
1884,20221001884,袁晨洁,男,大一,9班,2006-02-07,18209978774,20221001884@school.edu.cn
1885,20221001885,张芸,男,大一,4班,2006-06-29,15731126664,20221001885@school.edu.cn
1886,20221001886,谢文,女,大一,9班,2006-06-24,13624645840,20221001886@school.edu.cn
1887,20221001887,孙雪霖,女,大一,5班,2006-03-07,17683351703,20221001887@school.edu.cn
1888,20221001888,萧六婧,男,大一,5班,2006-03-21,13053517690,20221001888@school.edu.cn
1889,20221001889,彭睿诺,男,大一,6班,2007-02-10,15608347671,20221001889@school.edu.cn
1890,20221001890,周泓颖,男,大一,3班,2006-09-27,17575762196,20221001890@school.edu.cn
1891,20221001891,陈涵,女,大一,10班,2006-10-10,18221205847,20221001891@school.edu.cn
1892,20221001892,孙凯珊,男,大一,10班,2006-08-09,15179983559,20221001892@school.edu.cn
1893,20221001893,罗二,男,大一,9班,2007-02-16,18839214376,20221001893@school.edu.cn
1894,20221001894,陈彤雯,男,大一,5班,2006-02-02,18555652724,20221001894@school.edu.cn
1895,20221001895,陈睿希,女,大一,9班,2007-03-06,18253808867,20221001895@school.edu.cn
1896,20221001896,黄瑜九,女,大一,11班,2007-05-02,18964534990,20221001896@school.edu.cn
1897,20221001897,彭露亦,女,大一,12班,2006-05-09,13621197265,20221001897@school.edu.cn
1898,20221001898,刘菲明,女,大一,11班,2007-10-26,15543667584,20221001898@school.edu.cn
1899,20221001899,吕三,女,大一,4班,2006-06-28,18589169402,20221001899@school.edu.cn
1900,20221001900,马翊焱,女,大一,4班,2006-08-08,18539849732,20221001900@school.edu.cn
1901,20221001901,梁筱,女,大一,7班,2007-03-01,18643004104,20221001901@school.edu.cn
1902,20221001902,于启霖,男,大一,7班,2007-11-29,13005853717,20221001902@school.edu.cn
1903,20221001903,邓杰航,女,大一,5班,2007-07-26,13533214143,20221001903@school.edu.cn
1904,20221001904,朱婷衡,女,大一,7班,2007-10-04,15540289189,20221001904@school.edu.cn
1905,20221001905,许腾,女,大一,2班,2007-07-18,15873740122,20221001905@school.edu.cn
1906,20221001906,梁茗蕾,男,大一,11班,2007-08-24,13973144450,20221001906@school.edu.cn
1907,20221001907,杨梓辰,男,大一,12班,2007-03-09,15138067960,20221001907@school.edu.cn
1908,20221001908,王彤博,女,大一,3班,2007-11-25,15174516402,20221001908@school.edu.cn
1909,20221001909,邓语芷,男,大一,7班,2006-12-21,18379434577,20221001909@school.edu.cn
1910,20221001910,陈曜,女,大一,9班,2006-05-29,18393112977,20221001910@school.edu.cn
1911,20221001911,董宸磊,男,大一,3班,2007-11-23,13265365042,20221001911@school.edu.cn
1912,20221001912,马凯子,女,大一,12班,2007-01-27,15205954726,20221001912@school.edu.cn
1913,20221001913,赵志蓉,女,大一,9班,2007-10-25,18734673112,20221001913@school.edu.cn
1914,20221001914,梁彦骞,女,大一,9班,2006-10-18,13219989603,20221001914@school.edu.cn
1915,20221001915,韩泽博,男,大一,4班,2007-03-26,13981435229,20221001915@school.edu.cn
1916,20221001916,王瑜帆,男,大一,2班,2006-11-16,17742970300,20221001916@school.edu.cn
1917,20221001917,吕瑜明,女,大一,9班,2007-12-06,15785073104,20221001917@school.edu.cn
1918,20221001918,唐一,男,大一,1班,2007-05-30,18262153604,20221001918@school.edu.cn
1919,20221001919,罗志亦,女,大一,7班,2007-10-13,18202219827,20221001919@school.edu.cn
1920,20221001920,程佳霄,男,大一,3班,2007-01-14,15177225215,20221001920@school.edu.cn
1921,20221001921,吴一,女,大一,7班,2006-02-12,13629544031,20221001921@school.edu.cn
1922,20221001922,邓瑜,男,大一,6班,2007-10-15,13202516688,20221001922@school.edu.cn
1923,20221001923,吕昭,男,大一,4班,2007-03-21,18951526385,20221001923@school.edu.cn
1924,20221001924,朱宁五,女,大一,6班,2006-10-29,18561222757,20221001924@school.edu.cn
1925,20221001925,曾景馥,女,大一,1班,2006-09-24,13300351150,20221001925@school.edu.cn
1926,20221001926,梁梓浩,男,大一,2班,2007-12-05,18576054094,20221001926@school.edu.cn
1927,20221001927,许四芷,男,大一,9班,2007-12-22,18887627105,20221001927@school.edu.cn
1928,20221001928,萧志煜,男,大一,6班,2007-05-17,18673907615,20221001928@school.edu.cn
1929,20221001929,周妍八,女,大一,1班,2007-09-15,18376699365,20221001929@school.edu.cn
1930,20221001930,梁璇骁,男,大一,5班,2006-04-23,15812257698,20221001930@school.edu.cn
1931,20221001931,冯序馥,女,大一,4班,2007-01-13,18021965259,20221001931@school.edu.cn
1932,20221001932,郑露骁,男,大一,9班,2007-02-03,13655636466,20221001932@school.edu.cn
1933,20221001933,梁序文,男,大一,7班,2007-07-18,13470772786,20221001933@school.edu.cn
1934,20221001934,沈林泽,女,大一,3班,2007-02-02,13900005619,20221001934@school.edu.cn
1935,20221001935,萧璇,男,大一,5班,2006-09-26,18732664637,20221001935@school.edu.cn
1936,20221001936,胡七蕾,男,大一,10班,2007-04-03,18678194163,20221001936@school.edu.cn
1937,20221001937,唐莹祺,男,大一,10班,2006-01-11,17659217535,20221001937@school.edu.cn
1938,20221001938,王八霖,女,大一,4班,2007-12-05,13275647329,20221001938@school.edu.cn
1939,20221001939,韩瑾,女,大一,6班,2006-08-25,13585057335,20221001939@school.edu.cn
1940,20221001940,曹曜宁,男,大一,10班,2006-08-11,15046006561,20221001940@school.edu.cn
1941,20221001941,于依琪,男,大一,5班,2006-06-28,18109076723,20221001941@school.edu.cn
1942,20221001942,胡羽珂,女,大一,3班,2006-06-17,13575738257,20221001942@school.edu.cn
1943,20221001943,谢杰轩,男,大一,7班,2007-06-15,15077372344,20221001943@school.edu.cn
1944,20221001944,谢泽泽,男,大一,11班,2006-02-21,13111038151,20221001944@school.edu.cn
1945,20221001945,杨佳航,女,大一,12班,2006-10-21,13907466540,20221001945@school.edu.cn
1946,20221001946,许梓骁,男,大一,9班,2007-01-02,18519421426,20221001946@school.edu.cn
1947,20221001947,黄沁翎,男,大一,8班,2007-07-15,13575903245,20221001947@school.edu.cn
1948,20221001948,袁奕函,女,大一,11班,2006-09-03,15308525501,20221001948@school.edu.cn
1949,20221001949,曾宁骁,女,大一,7班,2007-11-08,13764644609,20221001949@school.edu.cn
1950,20221001950,袁姝三,女,大一,2班,2006-03-19,18331096878,20221001950@school.edu.cn
1951,20221001951,萧依航,男,大一,2班,2006-02-17,13940251884,20221001951@school.edu.cn
1952,20221001952,许凯,女,大一,8班,2007-12-19,17884502436,20221001952@school.edu.cn
1953,20221001953,李泓琪,男,大一,6班,2007-07-24,15219620617,20221001953@school.edu.cn
1954,20221001954,曾颖娅,女,大一,1班,2006-11-30,13204911094,20221001954@school.edu.cn
1955,20221001955,郑泽萱,男,大一,12班,2006-02-17,13345724952,20221001955@school.edu.cn
1956,20221001956,王林,女,大一,3班,2006-04-28,18904492048,20221001956@school.edu.cn
1957,20221001957,徐宸滢,女,大一,4班,2007-09-04,15953670817,20221001957@school.edu.cn
1958,20221001958,周珺妍,男,大一,3班,2007-03-05,13678528911,20221001958@school.edu.cn
1959,20221001959,何祺蓉,女,大一,12班,2006-01-25,15997309371,20221001959@school.edu.cn
1960,20221001960,周昭,女,大一,11班,2007-06-14,18892847250,20221001960@school.edu.cn
1961,20221001961,罗彦骞,女,大一,1班,2007-11-02,13163787692,20221001961@school.edu.cn
1962,20221001962,唐乐驰,男,大一,8班,2006-03-08,15864621798,20221001962@school.edu.cn
1963,20221001963,曾泓璐,男,大一,11班,2006-10-18,17607868426,20221001963@school.edu.cn
1964,20221001964,林七娜,男,大一,11班,2007-09-04,13720877544,20221001964@school.edu.cn
1965,20221001965,张琛焱,女,大一,1班,2006-11-17,18279765690,20221001965@school.edu.cn
1966,20221001966,陈颖琪,女,大一,6班,2007-06-04,13985045904,20221001966@school.edu.cn
1967,20221001967,郭林,女,大一,5班,2006-06-16,17651448150,20221001967@school.edu.cn
1968,20221001968,杨妍帆,男,大一,7班,2006-01-04,15380028752,20221001968@school.edu.cn
1969,20221001969,郭七,男,大一,11班,2006-02-13,13199205192,20221001969@school.edu.cn
1970,20221001970,吕三诺,女,大一,9班,2006-08-01,13190312750,20221001970@school.edu.cn
1971,20221001971,孙泓,女,大一,12班,2006-07-01,17574227330,20221001971@school.edu.cn
1972,20221001972,邓琳滢,男,大一,10班,2006-07-14,15189065631,20221001972@school.edu.cn
1973,20221001973,胡志,女,大一,5班,2007-04-24,15548513523,20221001973@school.edu.cn
1974,20221001974,郭芸彤,男,大一,8班,2007-10-15,15285065962,20221001974@school.edu.cn
1975,20221001975,罗泓蓉,男,大一,11班,2006-02-09,13926349316,20221001975@school.edu.cn
1976,20221001976,高菲茹,男,大一,6班,2007-11-23,15920206915,20221001976@school.edu.cn
1977,20221001977,赵筱御,女,大一,3班,2006-03-08,17656786857,20221001977@school.edu.cn
1978,20221001978,萧宸芷,男,大一,11班,2006-11-12,13246057310,20221001978@school.edu.cn
1979,20221001979,韩浩驰,男,大一,8班,2007-11-05,15502352070,20221001979@school.edu.cn
1980,20221001980,张婕,男,大一,8班,2007-08-13,15622255980,20221001980@school.edu.cn
1981,20221001981,袁泓,男,大一,11班,2007-05-29,18060629484,20221001981@school.edu.cn
1982,20221001982,林序锴,男,大一,6班,2006-09-27,15272957921,20221001982@school.edu.cn
1983,20221001983,许昭希,女,大一,8班,2006-03-17,15053270266,20221001983@school.edu.cn
1984,20221001984,唐瑾骞,男,大一,7班,2006-02-17,15644647951,20221001984@school.edu.cn
1985,20221001985,曾彦,女,大一,4班,2007-04-10,15620607159,20221001985@school.edu.cn
1986,20221001986,袁霖洁,男,大一,3班,2006-09-21,17334206153,20221001986@school.edu.cn
1987,20221001987,朱博,女,大一,10班,2007-05-25,15979385548,20221001987@school.edu.cn
1988,20221001988,王语悦,男,大一,1班,2007-11-09,18020393001,20221001988@school.edu.cn
1989,20221001989,韩雨瑾,女,大一,4班,2007-09-27,18709594919,20221001989@school.edu.cn
1990,20221001990,吕杰睿,女,大一,3班,2007-12-16,15637825768,20221001990@school.edu.cn
1991,20221001991,唐浩坤,女,大一,12班,2007-03-08,15219695418,20221001991@school.edu.cn
1992,20221001992,董浩恺,男,大一,8班,2007-10-21,13482721842,20221001992@school.edu.cn
1993,20221001993,萧四琪,男,大一,6班,2007-12-10,15183257370,20221001993@school.edu.cn
1994,20221001994,彭琛,男,大一,12班,2007-05-29,18033744288,20221001994@school.edu.cn
1995,20221001995,林若御,女,大一,8班,2007-11-04,18540600370,20221001995@school.edu.cn
1996,20221001996,郭沁,女,大一,7班,2006-08-11,15926910003,20221001996@school.edu.cn
1997,20221001997,杨淇,男,大一,1班,2007-02-01,17570893842,20221001997@school.edu.cn
1998,20221001998,傅若,男,大一,7班,2007-02-25,13554361884,20221001998@school.edu.cn
1999,20221001999,马婷,女,大一,6班,2006-03-14,15039521558,20221001999@school.edu.cn
2000,20221002000,许沁珂,男,大一,12班,2007-06-30,18765725091,20221002000@school.edu.cn
2001,20221002001,曾露坤,女,大一,6班,2007-03-01,15607572865,20221002001@school.edu.cn
2002,20221002002,唐涵钰,男,大一,8班,2006-08-20,18536040953,20221002002@school.edu.cn
2003,20221002003,林依希,男,大一,7班,2006-10-17,15910266043,20221002003@school.edu.cn
2004,20221002004,赵淇瑾,男,大一,3班,2007-01-25,13632992464,20221002004@school.edu.cn
2005,20221002005,邓凯昊,女,大一,5班,2007-11-16,18721165057,20221002005@school.edu.cn
2006,20221002006,韩杰洁,男,大一,2班,2007-10-29,15019129384,20221002006@school.edu.cn
2007,20221002007,曾曜翎,女,大一,5班,2006-09-28,13655142491,20221002007@school.edu.cn
2008,20221002008,傅琛熙,男,大一,1班,2007-06-20,18555866479,20221002008@school.edu.cn
2009,20221002009,邓妍骞,男,大一,4班,2006-06-09,15070665382,20221002009@school.edu.cn
2010,20221002010,何欣睿,女,大一,5班,2006-09-28,18202275050,20221002010@school.edu.cn
2011,20221002011,曹泓潇,男,大一,10班,2006-02-12,17622938112,20221002011@school.edu.cn
2012,20221002012,徐颖,女,大一,3班,2007-11-05,15052861792,20221002012@school.edu.cn
2013,20221002013,沈瑶二,女,大一,10班,2007-07-16,15816406515,20221002013@school.edu.cn
2014,20221002014,周四馥,女,大一,11班,2006-07-27,13044853472,20221002014@school.edu.cn
2015,20221002015,许奚钰,女,大一,6班,2006-12-08,17551682742,20221002015@school.edu.cn
2016,20221002016,何宁娜,女,大一,8班,2006-01-07,15800155775,20221002016@school.edu.cn
2017,20221002017,曾五欣,女,大一,7班,2007-03-14,18869662044,20221002017@school.edu.cn
2018,20221002018,郑序五,女,大一,1班,2006-01-03,17515164437,20221002018@school.edu.cn
2019,20221002019,宋瑾,男,大一,4班,2007-08-17,17542725543,20221002019@school.edu.cn
2020,20221002020,周序泽,女,大一,7班,2007-06-02,15996260266,20221002020@school.edu.cn
2021,20221002021,林一芸,女,大一,11班,2006-03-14,15202245489,20221002021@school.edu.cn
2022,20221002022,郑凯驰,男,大一,3班,2007-05-15,18934187878,20221002022@school.edu.cn
2023,20221002023,唐瑶三,男,大一,6班,2006-08-19,17647750060,20221002023@school.edu.cn
2024,20221002024,郭佳凝,男,大一,12班,2007-06-12,15532295658,20221002024@school.edu.cn
2025,20221002025,吕颖御,男,大一,7班,2006-02-21,13502010356,20221002025@school.edu.cn
2026,20221002026,冯乐帆,女,大一,2班,2006-01-20,15311210056,20221002026@school.edu.cn
2027,20221002027,张琳亦,男,大一,10班,2007-09-01,18292943264,20221002027@school.edu.cn
2028,20221002028,吕珺钰,女,大一,9班,2006-11-21,13655300943,20221002028@school.edu.cn
2029,20221002029,王四,女,大一,10班,2006-03-26,17852439679,20221002029@school.edu.cn
2030,20221002030,曾雅,女,大一,11班,2007-08-08,13932094998,20221002030@school.edu.cn
2031,20221002031,高露茹,男,大一,12班,2006-02-26,18839111453,20221002031@school.edu.cn
2032,20221002032,高启琪,女,大一,11班,2006-11-12,13388976863,20221002032@school.edu.cn
2033,20221002033,王星翎,男,大一,8班,2007-05-30,13705336091,20221002033@school.edu.cn
2034,20221002034,何六,男,大一,12班,2006-08-15,17308014624,20221002034@school.edu.cn
2035,20221002035,马珂,男,大一,1班,2007-02-17,18817937743,20221002035@school.edu.cn
2036,20221002036,陈七函,女,大一,4班,2007-07-07,15350840338,20221002036@school.edu.cn
2037,20221002037,萧璇二,女,大一,3班,2006-01-30,13073460788,20221002037@school.edu.cn
2038,20221002038,张宁涵,女,大一,7班,2007-04-11,18046061971,20221002038@school.edu.cn
2039,20221002039,许浩萌,女,大一,5班,2007-08-19,15188899475,20221002039@school.edu.cn
2040,20221002040,赵羽文,女,大一,12班,2007-09-03,13637551298,20221002040@school.edu.cn
2041,20221002041,沈羽翎,女,大一,5班,2007-03-01,17669805664,20221002041@school.edu.cn
2042,20221002042,徐语腾,男,大一,8班,2007-05-29,13812797710,20221002042@school.edu.cn
2043,20221002043,冯嫣,女,大一,3班,2006-07-08,15047926697,20221002043@school.edu.cn
2044,20221002044,徐彤,男,大一,1班,2006-12-13,15501406020,20221002044@school.edu.cn
2045,20221002045,谢姝婧,男,大一,12班,2007-03-25,15874394830,20221002045@school.edu.cn
2046,20221002046,张锦,男,大一,1班,2006-05-11,17383114156,20221002046@school.edu.cn
2047,20221002047,王彦,男,大一,5班,2006-08-29,18665287174,20221002047@school.edu.cn
2048,20221002048,于姝,男,大一,12班,2007-04-20,13625178522,20221002048@school.edu.cn
2049,20221002049,袁颖八,男,大一,2班,2007-11-03,15892983424,20221002049@school.edu.cn
2050,20221002050,张文,男,大一,10班,2007-03-04,15505763972,20221002050@school.edu.cn
2051,20221002051,马依,男,大一,7班,2006-07-19,15652109435,20221002051@school.edu.cn
2052,20221002052,徐四,女,大一,2班,2007-09-07,15815864455,20221002052@school.edu.cn
2053,20221002053,吕林,女,大一,9班,2007-09-17,18584936227,20221002053@school.edu.cn
2054,20221002054,沈景妍,男,大一,7班,2006-07-21,13749832410,20221002054@school.edu.cn
2055,20221002055,彭彤琪,女,大一,12班,2006-10-20,13259938066,20221002055@school.edu.cn
2056,20221002056,孙祺,男,大一,7班,2007-08-08,13208649069,20221002056@school.edu.cn
2057,20221002057,赵宁可,女,大一,1班,2007-08-05,17359572596,20221002057@school.edu.cn
2058,20221002058,傅霖凯,男,大一,5班,2007-07-07,18867066209,20221002058@school.edu.cn
2059,20221002059,傅奚雯,男,大一,3班,2007-05-07,18306230308,20221002059@school.edu.cn
2060,20221002060,周梓四,男,大一,5班,2007-06-03,18139879448,20221002060@school.edu.cn
2061,20221002061,梁奚明,女,大一,12班,2007-10-08,13964927226,20221002061@school.edu.cn
2062,20221002062,谢睿睿,男,大一,1班,2007-08-28,17772972955,20221002062@school.edu.cn
2063,20221002063,李梓宇,男,大一,5班,2007-01-23,18090686492,20221002063@school.edu.cn
2064,20221002064,谢瑞,女,大一,1班,2007-07-25,13741754126,20221002064@school.edu.cn
2065,20221002065,吕八致,女,大一,4班,2006-12-08,18553149892,20221002065@school.edu.cn
2066,20221002066,马渲,男,大一,5班,2006-10-17,18696670502,20221002066@school.edu.cn
2067,20221002067,董婕珂,女,大一,6班,2007-01-07,13378150833,20221002067@school.edu.cn
2068,20221002068,孙菲,男,大一,12班,2007-05-19,15138149287,20221002068@school.edu.cn
2069,20221002069,徐浩瑜,女,大一,9班,2007-05-17,15360559936,20221002069@school.edu.cn
2070,20221002070,罗雪,男,大一,1班,2007-01-15,17397665369,20221002070@school.edu.cn
2071,20221002071,邓依博,女,大一,3班,2006-02-19,15130500169,20221002071@school.edu.cn
2072,20221002072,宋莹骐,女,大一,5班,2006-04-05,13498913651,20221002072@school.edu.cn
2073,20221002073,许曜辰,男,大一,4班,2007-01-29,15919240554,20221002073@school.edu.cn
2074,20221002074,曹宥,男,大一,8班,2006-03-19,18102072009,20221002074@school.edu.cn
2075,20221002075,陈颖,男,大一,11班,2006-05-22,13538467159,20221002075@school.edu.cn
2076,20221002076,谢霖四,女,大一,4班,2007-06-29,15066933440,20221002076@school.edu.cn
2077,20221002077,吕琛,女,大一,4班,2006-04-24,15782752799,20221002077@school.edu.cn
2078,20221002078,宋祺一,男,大一,10班,2006-02-04,13705755747,20221002078@school.edu.cn
2079,20221002079,吕颖珊,女,大一,2班,2007-05-11,18163798736,20221002079@school.edu.cn
2080,20221002080,杨昭可,女,大一,3班,2006-01-19,18735888367,20221002080@school.edu.cn
2081,20221002081,曹梓祺,女,大一,10班,2007-09-01,13445606241,20221002081@school.edu.cn
2082,20221002082,冯璇钰,男,大一,3班,2007-06-17,18544323521,20221002082@school.edu.cn
2083,20221002083,袁欣瑜,女,大一,6班,2006-11-26,13454504633,20221002083@school.edu.cn
2084,20221002084,董八萱,男,大一,10班,2006-12-10,13532175633,20221002084@school.edu.cn
2085,20221002085,冯六,女,大一,8班,2007-10-15,17542953029,20221002085@school.edu.cn
2086,20221002086,郭若欣,男,大一,8班,2007-08-25,18598964817,20221002086@school.edu.cn
2087,20221002087,马子可,男,大一,12班,2006-11-06,17861369602,20221002087@school.edu.cn
2088,20221002088,沈嫣御,男,大一,6班,2007-01-29,13904527113,20221002088@school.edu.cn
2089,20221002089,宋瑜宇,男,大一,5班,2006-12-25,15380347018,20221002089@school.edu.cn
2090,20221002090,傅泓,男,大一,4班,2007-06-19,15716972310,20221002090@school.edu.cn
2091,20221002091,宋博妍,男,大一,6班,2006-01-07,17554728680,20221002091@school.edu.cn
2092,20221002092,冯景志,女,大一,9班,2006-07-03,17649566391,20221002092@school.edu.cn
2093,20221002093,罗奕芸,男,大一,7班,2006-02-16,18085547109,20221002093@school.edu.cn
2094,20221002094,吕乐,男,大一,3班,2006-12-11,18521414175,20221002094@school.edu.cn
2095,20221002095,徐嫣,女,大一,3班,2007-05-15,15763520797,20221002095@school.edu.cn
2096,20221002096,于杰斌,男,大一,7班,2006-08-16,15879653419,20221002096@school.edu.cn
2097,20221002097,冯羽驰,男,大一,11班,2006-02-07,13805504293,20221002097@school.edu.cn
2098,20221002098,何羽凯,男,大一,8班,2007-11-30,18951277592,20221002098@school.edu.cn
2099,20221002099,曹思,女,大一,1班,2006-09-24,15891876819,20221002099@school.edu.cn
2100,20221002100,赵博五,女,大一,8班,2007-03-08,18504576252,20221002100@school.edu.cn
2101,20221002101,罗泓霖,女,大一,11班,2006-07-30,15887244010,20221002101@school.edu.cn
2102,20221002102,彭宥,女,大一,12班,2007-11-01,18995568620,20221002102@school.edu.cn
2103,20221002103,曾彤,女,大一,5班,2007-07-02,15849364123,20221002103@school.edu.cn
2104,20221002104,程岚雪,女,大一,3班,2006-09-21,17656692164,20221002104@school.edu.cn
2105,20221002105,梁佳,女,大一,2班,2007-09-18,15142099145,20221002105@school.edu.cn
2106,20221002106,吴序,男,大一,1班,2007-07-18,13154140179,20221002106@school.edu.cn
2107,20221002107,吴思诺,男,大一,11班,2007-12-02,17657030964,20221002107@school.edu.cn
2108,20221002108,梁奚三,女,大一,4班,2007-01-12,18080972166,20221002108@school.edu.cn
2109,20221002109,董雅,男,大一,7班,2007-10-21,13289644584,20221002109@school.edu.cn
2110,20221002110,林翊八,女,大一,6班,2006-08-30,15528462016,20221002110@school.edu.cn
2111,20221002111,张宥,男,大一,3班,2006-09-12,15892145071,20221002111@school.edu.cn
2112,20221002112,刘二辰,男,大一,8班,2007-03-26,17862309993,20221002112@school.edu.cn
2113,20221002113,罗露昊,男,大一,10班,2006-02-03,18242585630,20221002113@school.edu.cn
2114,20221002114,马涵琪,女,大一,11班,2007-05-24,17619785250,20221002114@school.edu.cn
2115,20221002115,唐泽雪,女,大一,12班,2007-12-10,15579945513,20221002115@school.edu.cn
2116,20221002116,傅淇,男,大一,2班,2007-09-21,15159852159,20221002116@school.edu.cn
2117,20221002117,程晨骞,女,大一,12班,2007-05-06,18387808186,20221002117@school.edu.cn
2118,20221002118,沈奚珏,男,大一,10班,2006-02-18,18024904619,20221002118@school.edu.cn
2119,20221002119,王雨祺,女,大一,10班,2007-08-03,15323878879,20221002119@school.edu.cn
2120,20221002120,张二焱,女,大一,8班,2007-09-16,15519198701,20221002120@school.edu.cn
2121,20221002121,何颖,男,大一,8班,2007-10-26,13338550056,20221002121@school.edu.cn
2122,20221002122,徐珺,女,大一,4班,2007-02-19,18068064006,20221002122@school.edu.cn
2123,20221002123,董依恺,女,大一,7班,2007-06-26,18593208199,20221002123@school.edu.cn
2124,20221002124,林乐骁,男,大一,9班,2006-08-09,15679719686,20221002124@school.edu.cn
2125,20221002125,朱宁,男,大一,4班,2007-02-04,13767233203,20221002125@school.edu.cn
2126,20221002126,傅雅涵,男,大一,7班,2006-09-05,13153151493,20221002126@school.edu.cn
2127,20221002127,周奚辰,男,大一,1班,2007-12-19,15951281154,20221002127@school.edu.cn
2128,20221002128,唐乐睿,男,大一,4班,2006-12-14,15190520083,20221002128@school.edu.cn
2129,20221002129,冯莹,男,大一,12班,2006-10-31,15397468320,20221002129@school.edu.cn
2130,20221002130,冯清茹,女,大一,11班,2007-07-01,18035199007,20221002130@school.edu.cn
2131,20221002131,唐霖琪,女,大一,2班,2006-01-29,13212280626,20221002131@school.edu.cn
2132,20221002132,何翊,女,大一,1班,2007-12-27,15618762792,20221002132@school.edu.cn
2133,20221002133,徐三,男,大一,1班,2006-04-25,17361864525,20221002133@school.edu.cn
2134,20221002134,刘珂,女,大一,10班,2007-08-12,17571477474,20221002134@school.edu.cn
2135,20221002135,杨七,男,大一,9班,2006-04-06,17694505159,20221002135@school.edu.cn
2136,20221002136,程露蓉,男,大一,9班,2007-01-24,17342832606,20221002136@school.edu.cn
2137,20221002137,沈奕霖,女,大一,10班,2006-07-27,18737858117,20221002137@school.edu.cn
2138,20221002138,刘思瑶,女,大一,1班,2006-03-14,15819564475,20221002138@school.edu.cn
2139,20221002139,傅妍,男,大一,2班,2006-08-28,15734255587,20221002139@school.edu.cn
2140,20221002140,胡五颖,女,大一,3班,2007-07-06,13594566830,20221002140@school.edu.cn
2141,20221002141,程乐凝,女,大一,3班,2006-05-15,13483629929,20221002141@school.edu.cn
2142,20221002142,胡景睿,女,大一,12班,2006-08-07,15671591346,20221002142@school.edu.cn
2143,20221002143,陈佳渝,男,大一,3班,2007-12-27,13816736824,20221002143@school.edu.cn
2144,20221002144,孙杰诺,女,大一,9班,2006-07-22,13518090280,20221002144@school.edu.cn
2145,20221002145,吕嫣御,男,大一,6班,2007-05-02,15810034553,20221002145@school.edu.cn
2146,20221002146,陈露馥,男,大一,3班,2006-10-08,15141627522,20221002146@school.edu.cn
2147,20221002147,朱六珏,女,大一,12班,2006-09-23,18711668231,20221002147@school.edu.cn
2148,20221002148,程曜,女,大一,7班,2006-11-04,13038867902,20221002148@school.edu.cn
2149,20221002149,何菲昊,男,大一,5班,2007-01-28,17844013703,20221002149@school.edu.cn
2150,20221002150,梁雪,女,大一,5班,2007-08-26,15737369809,20221002150@school.edu.cn
2151,20221002151,胡瑶,女,大一,11班,2006-03-29,18905537624,20221002151@school.edu.cn
2152,20221002152,李浩昊,女,大一,1班,2006-04-13,15717066224,20221002152@school.edu.cn
2153,20221002153,赵沁腾,女,大一,7班,2007-01-28,13655446155,20221002153@school.edu.cn
2154,20221002154,傅姝珂,男,大一,2班,2006-09-05,17533133110,20221002154@school.edu.cn
2155,20221002155,何莹,男,大一,1班,2007-12-05,13181399299,20221002155@school.edu.cn
2156,20221002156,黄四峻,女,大一,3班,2006-11-11,18147282823,20221002156@school.edu.cn
2157,20221002157,吴明致,男,大一,7班,2007-09-25,17594833138,20221002157@school.edu.cn
2158,20221002158,梁瑜四,女,大一,3班,2006-07-10,18645234768,20221002158@school.edu.cn
2159,20221002159,陈瑞,女,大一,8班,2007-07-25,13696294363,20221002159@school.edu.cn
2160,20221002160,董羽九,女,大一,3班,2007-01-28,18576735246,20221002160@school.edu.cn
2161,20221002161,杨宁三,女,大一,9班,2006-02-03,17684696584,20221002161@school.edu.cn
2162,20221002162,杨九辰,女,大一,8班,2007-10-15,15747383293,20221002162@school.edu.cn
2163,20221002163,吕渲衡,女,大一,8班,2006-10-10,13695448880,20221002163@school.edu.cn
2164,20221002164,萧瑾蕾,男,大一,5班,2007-05-07,15048280539,20221002164@school.edu.cn
2165,20221002165,吕琛璐,男,大一,11班,2006-07-15,15574331623,20221002165@school.edu.cn
2166,20221002166,黄菲驰,女,大一,5班,2007-08-09,13305073178,20221002166@school.edu.cn
2167,20221002167,冯婕骐,男,大一,12班,2006-01-02,18660669202,20221002167@school.edu.cn
2168,20221002168,许瑾,男,大一,9班,2006-01-15,15186942215,20221002168@school.edu.cn
2169,20221002169,曾依函,男,大一,5班,2007-03-20,18553877651,20221002169@school.edu.cn
2170,20221002170,高霖,男,大一,4班,2006-04-29,18548031123,20221002170@school.edu.cn
2171,20221002171,韩锦,男,大一,7班,2006-09-25,15076114017,20221002171@school.edu.cn
2172,20221002172,林菲,女,大一,1班,2006-03-09,15119887427,20221002172@school.edu.cn
2173,20221002173,朱博霖,女,大一,9班,2006-08-19,13483174090,20221002173@school.edu.cn
2174,20221002174,谢淇,男,大一,4班,2006-07-01,17640077990,20221002174@school.edu.cn
2175,20221002175,孙瑞恺,女,大一,12班,2006-02-18,18644924310,20221002175@school.edu.cn
2176,20221002176,谢姝宇,女,大一,2班,2006-05-15,15148858830,20221002176@school.edu.cn
2177,20221002177,许序萱,女,大一,2班,2006-09-08,15740126667,20221002177@school.edu.cn
2178,20221002178,徐九一,男,大一,5班,2006-03-06,18251357009,20221002178@school.edu.cn
2179,20221002179,韩景,女,大一,6班,2007-01-22,13727706583,20221002179@school.edu.cn
2180,20221002180,高清可,女,大一,10班,2007-06-25,15314136780,20221002180@school.edu.cn
2181,20221002181,宋杰,女,大一,5班,2006-06-08,15859684208,20221002181@school.edu.cn
2182,20221002182,邓淇,男,大一,7班,2006-06-04,17845915918,20221002182@school.edu.cn
2183,20221002183,林四珂,男,大一,2班,2007-03-18,17364487803,20221002183@school.edu.cn
2184,20221002184,许二娅,女,大一,8班,2006-02-20,13967975049,20221002184@school.edu.cn
2185,20221002185,梁瑶祺,女,大一,3班,2007-07-03,17397211731,20221002185@school.edu.cn
2186,20221002186,徐泽希,男,大一,4班,2006-08-20,18749813506,20221002186@school.edu.cn
2187,20221002187,徐语,男,大一,6班,2006-11-14,18380694889,20221002187@school.edu.cn
2188,20221002188,吴嫣颖,女,大一,10班,2006-07-22,17791495541,20221002188@school.edu.cn
2189,20221002189,李浩,女,大一,9班,2006-03-30,13517635884,20221002189@school.edu.cn
2190,20221002190,徐子,男,大一,11班,2006-01-21,17502635971,20221002190@school.edu.cn
2191,20221002191,于雪洁,男,大一,12班,2007-06-04,15757502541,20221002191@school.edu.cn
2192,20221002192,沈景,男,大一,4班,2007-01-23,15972138573,20221002192@school.edu.cn
2193,20221002193,周茗泽,女,大一,10班,2007-09-25,13940011083,20221002193@school.edu.cn
2194,20221002194,陈琳然,女,大一,10班,2006-06-30,18707102244,20221002194@school.edu.cn
2195,20221002195,郭浩雪,女,大一,3班,2007-11-01,13875164986,20221002195@school.edu.cn
2196,20221002196,彭璇可,女,大一,9班,2007-05-30,15260570001,20221002196@school.edu.cn
2197,20221002197,林瑜一,男,大一,9班,2007-01-18,18580150391,20221002197@school.edu.cn
2198,20221002198,黄宇怡,男,大一,1班,2007-08-18,17714455659,20221002198@school.edu.cn
2199,20221002199,何欣蓉,男,大一,12班,2006-05-05,17827854736,20221002199@school.edu.cn
2200,20221002200,傅浩二,男,大一,1班,2006-12-26,18949306402,20221002200@school.edu.cn
2201,20221002201,周六悦,女,大一,7班,2006-12-02,17693052992,20221002201@school.edu.cn
2202,20221002202,谢泓,女,大一,10班,2006-11-19,18211321285,20221002202@school.edu.cn
2203,20221002203,于露骞,男,大一,10班,2006-10-04,13515541655,20221002203@school.edu.cn
2204,20221002204,黄七芷,女,大一,2班,2006-03-31,15500008780,20221002204@school.edu.cn
2205,20221002205,梁璇妍,男,大一,8班,2007-06-26,18684600204,20221002205@school.edu.cn
2206,20221002206,唐乐七,男,大一,1班,2006-01-04,17647290779,20221002206@school.edu.cn
2207,20221002207,程博浩,女,大一,5班,2007-12-22,13972101302,20221002207@school.edu.cn
2208,20221002208,袁雪二,男,大一,7班,2007-10-21,15035342645,20221002208@school.edu.cn
2209,20221002209,郭启霖,女,大一,8班,2006-02-13,18838760224,20221002209@school.edu.cn
2210,20221002210,张渲,女,大一,7班,2007-04-24,13073292388,20221002210@school.edu.cn
2211,20221002211,胡晨,女,大一,5班,2006-01-10,18530366460,20221002211@school.edu.cn
2212,20221002212,赵彦霖,男,大一,11班,2006-08-04,18626453306,20221002212@school.edu.cn
2213,20221002213,郑嘉,女,大一,4班,2007-01-27,15538962171,20221002213@school.edu.cn
2214,20221002214,徐宸煜,男,大一,1班,2007-01-26,18919599066,20221002214@school.edu.cn
2215,20221002215,刘涵可,男,大一,8班,2007-03-24,13046151574,20221002215@school.edu.cn
2216,20221002216,袁睿悦,男,大一,5班,2007-07-23,13309601719,20221002216@school.edu.cn
2217,20221002217,曾杰琪,女,大一,7班,2006-04-12,15543063952,20221002217@school.edu.cn
2218,20221002218,陈嫣萌,女,大一,7班,2007-04-16,18538298741,20221002218@school.edu.cn
2219,20221002219,宋嘉霄,女,大一,3班,2007-07-25,13713440968,20221002219@school.edu.cn
2220,20221002220,杨宁峻,女,大一,2班,2006-07-19,18689873350,20221002220@school.edu.cn
2221,20221002221,吕瑶希,男,大一,7班,2007-08-01,15935999618,20221002221@school.edu.cn
2222,20221002222,李乐腾,男,大一,1班,2007-09-30,15204196829,20221002222@school.edu.cn
2223,20221002223,徐五,女,大一,3班,2006-08-16,13054544253,20221002223@school.edu.cn
2224,20221002224,唐嫣一,女,大一,5班,2006-06-27,18827653267,20221002224@school.edu.cn
2225,20221002225,李依,女,大一,5班,2007-05-21,18301816164,20221002225@school.edu.cn
2226,20221002226,何渲航,男,大一,8班,2007-02-26,15772491409,20221002226@school.edu.cn
2227,20221002227,郑婕,男,大一,7班,2007-10-22,17347676360,20221002227@school.edu.cn
2228,20221002228,梁浩,男,大一,7班,2007-12-14,13607103498,20221002228@school.edu.cn
2229,20221002229,曾嘉,男,大一,9班,2007-06-26,13181174526,20221002229@school.edu.cn
2230,20221002230,马五,女,大一,3班,2007-01-10,17789541219,20221002230@school.edu.cn
2231,20221002231,赵岚哲,男,大一,1班,2007-10-19,13537467215,20221002231@school.edu.cn
2232,20221002232,傅锦博,女,大一,1班,2007-10-31,15273314712,20221002232@school.edu.cn
2233,20221002233,孙宁欣,男,大一,7班,2006-05-20,13221674625,20221002233@school.edu.cn
2234,20221002234,杨锦,女,大一,5班,2006-06-05,17856161690,20221002234@school.edu.cn
2235,20221002235,徐奚,男,大一,10班,2007-09-13,18983605279,20221002235@school.edu.cn
2236,20221002236,胡雅泽,男,大一,7班,2007-10-27,18142015820,20221002236@school.edu.cn
2237,20221002237,唐岚辰,女,大一,7班,2007-03-24,18190016485,20221002237@school.edu.cn
2238,20221002238,张羽驰,女,大一,1班,2007-05-02,18082018241,20221002238@school.edu.cn
2239,20221002239,彭祺瑜,女,大一,12班,2006-08-20,18774509096,20221002239@school.edu.cn
2240,20221002240,董婕瑜,男,大一,2班,2006-02-18,15922035774,20221002240@school.edu.cn
2241,20221002241,袁清潇,女,大一,9班,2007-06-17,17324510496,20221002241@school.edu.cn
2242,20221002242,曹乐致,男,大一,3班,2007-03-29,17727710611,20221002242@school.edu.cn
2243,20221002243,孙菲霄,女,大一,8班,2007-03-22,15373305233,20221002243@school.edu.cn
2244,20221002244,郭林怡,女,大一,2班,2007-11-17,18398234008,20221002244@school.edu.cn
2245,20221002245,唐乐,女,大一,7班,2007-01-23,18388225863,20221002245@school.edu.cn
2246,20221002246,董晨扬,男,大一,8班,2007-09-28,18096847328,20221002246@school.edu.cn
2247,20221002247,吕杰希,女,大一,3班,2007-10-23,17816250000,20221002247@school.edu.cn
2248,20221002248,梁七哲,男,大一,9班,2006-11-14,18031370565,20221002248@school.edu.cn
2249,20221002249,沈三,男,大一,8班,2007-05-30,17796060602,20221002249@school.edu.cn
2250,20221002250,程若,女,大一,7班,2006-12-05,15866020549,20221002250@school.edu.cn
2251,20221002251,王宥凯,男,大一,9班,2007-05-05,15600328304,20221002251@school.edu.cn
2252,20221002252,赵珺,女,大一,1班,2006-03-23,15953336254,20221002252@school.edu.cn
2253,20221002253,唐宸致,女,大一,4班,2007-07-30,17735601616,20221002253@school.edu.cn
2254,20221002254,宋瑞萌,男,大一,2班,2006-09-21,18070806831,20221002254@school.edu.cn
2255,20221002255,马泓,男,大一,11班,2007-05-05,18607178227,20221002255@school.edu.cn
2256,20221002256,吕清彤,女,大一,3班,2006-01-26,13981366412,20221002256@school.edu.cn
2257,20221002257,张欣珊,女,大一,3班,2006-01-15,18823990344,20221002257@school.edu.cn
2258,20221002258,马嫣峻,女,大一,2班,2006-02-09,15550922859,20221002258@school.edu.cn
2259,20221002259,孙启珊,女,大一,9班,2006-03-08,13752872515,20221002259@school.edu.cn
2260,20221002260,曹筱,男,大一,7班,2007-09-24,13605379677,20221002260@school.edu.cn
2261,20221002261,傅景,男,大一,8班,2006-03-22,13337471943,20221002261@school.edu.cn
2262,20221002262,唐宁诺,女,大一,10班,2006-02-01,18858788373,20221002262@school.edu.cn
2263,20221002263,萧岚骐,女,大一,12班,2006-06-14,17584980434,20221002263@school.edu.cn
2264,20221002264,赵乐,女,大一,12班,2007-03-21,13309528637,20221002264@school.edu.cn
2265,20221002265,宋睿四,女,大一,2班,2006-01-30,13015912521,20221002265@school.edu.cn
2266,20221002266,曾梓瑾,女,大一,2班,2006-08-13,13358227424,20221002266@school.edu.cn
2267,20221002267,于三琛,男,大一,2班,2006-10-30,18061017020,20221002267@school.edu.cn
2268,20221002268,吴晨,女,大一,6班,2006-09-23,15337839444,20221002268@school.edu.cn
2269,20221002269,孙雅泽,女,大一,2班,2006-01-05,18756384618,20221002269@school.edu.cn
2270,20221002270,冯星,女,大一,3班,2007-10-07,15349728398,20221002270@school.edu.cn
2271,20221002271,孙奚钰,男,大一,1班,2006-02-12,15540509398,20221002271@school.edu.cn
2272,20221002272,曹颖,女,大一,9班,2006-09-16,13809283915,20221002272@school.edu.cn
2273,20221002273,郭彦,女,大一,2班,2007-04-19,15840074588,20221002273@school.edu.cn
2274,20221002274,王瑜琪,女,大一,11班,2007-09-17,17760301563,20221002274@school.edu.cn
2275,20221002275,高妍煜,男,大一,6班,2006-02-23,17329757471,20221002275@school.edu.cn
2276,20221002276,朱语璐,男,大一,6班,2007-12-12,18039596313,20221002276@school.edu.cn
2277,20221002277,周依,男,大一,6班,2006-09-01,13187434732,20221002277@school.edu.cn
2278,20221002278,郑依五,男,大一,10班,2006-03-09,13780609384,20221002278@school.edu.cn
2279,20221002279,傅霖然,男,大一,8班,2006-01-19,18230242630,20221002279@school.edu.cn
2280,20221002280,唐珂九,女,大一,12班,2006-08-13,18245698291,20221002280@school.edu.cn
2281,20221002281,傅宁洁,女,大一,4班,2007-02-10,18120877515,20221002281@school.edu.cn
2282,20221002282,曾珂蓉,女,大一,6班,2007-11-26,13200254069,20221002282@school.edu.cn
2283,20221002283,萧翊芷,男,大一,1班,2006-06-27,15290198907,20221002283@school.edu.cn
2284,20221002284,冯奚琛,男,大一,9班,2006-01-13,18148940553,20221002284@school.edu.cn
2285,20221002285,冯雪煜,男,大一,8班,2007-09-08,13192186213,20221002285@school.edu.cn
2286,20221002286,何乐,女,大一,3班,2006-11-25,13984135051,20221002286@school.edu.cn
2287,20221002287,萧泽,女,大一,4班,2006-12-09,18953926030,20221002287@school.edu.cn
2288,20221002288,李泓娅,男,大一,12班,2006-10-11,15622525471,20221002288@school.edu.cn
2289,20221002289,许雨宁,女,大一,9班,2007-02-10,15310639005,20221002289@school.edu.cn
2290,20221002290,萧锦妍,男,大一,5班,2007-06-25,15943561004,20221002290@school.edu.cn
2291,20221002291,邓岚磊,男,大一,9班,2007-06-30,13360941685,20221002291@school.edu.cn
2292,20221002292,陈二瑾,女,大一,10班,2006-07-28,13118694642,20221002292@school.edu.cn
2293,20221002293,傅琳,男,大一,6班,2007-10-22,18228756568,20221002293@school.edu.cn
2294,20221002294,郭妍九,男,大一,1班,2007-08-02,17620623402,20221002294@school.edu.cn
2295,20221002295,许淇,男,大一,1班,2007-03-01,15962393280,20221002295@school.edu.cn
2296,20221002296,唐梓,男,大一,8班,2007-08-13,13996741902,20221002296@school.edu.cn
2297,20221002297,陈嘉坤,男,大一,8班,2007-03-22,13600711712,20221002297@school.edu.cn
2298,20221002298,李妍,男,大一,4班,2007-03-22,17538304998,20221002298@school.edu.cn
2299,20221002299,吕淇,男,大一,7班,2007-06-08,18006441180,20221002299@school.edu.cn
2300,20221002300,邓淇函,女,大一,12班,2006-02-08,13015550602,20221002300@school.edu.cn
2301,20221002301,李璇御,男,大一,2班,2007-03-14,18709079671,20221002301@school.edu.cn
2302,20221002302,唐林,男,大一,8班,2007-02-08,15296443955,20221002302@school.edu.cn
2303,20221002303,吕琳,男,大一,4班,2007-01-15,18220412233,20221002303@school.edu.cn
2304,20221002304,周霖一,男,大一,9班,2007-07-09,18706620065,20221002304@school.edu.cn
2305,20221002305,吴雪衡,女,大一,3班,2007-08-11,15821543220,20221002305@school.edu.cn
2306,20221002306,宋泽,女,大一,11班,2006-05-01,18360021855,20221002306@school.edu.cn
2307,20221002307,傅昭祺,男,大一,11班,2006-06-22,17515595396,20221002307@school.edu.cn
2308,20221002308,罗启,男,大一,4班,2006-01-14,17695276098,20221002308@school.edu.cn
2309,20221002309,徐博,女,大一,4班,2006-05-10,15609419162,20221002309@school.edu.cn
2310,20221002310,赵博,女,大一,12班,2007-10-16,13291449637,20221002310@school.edu.cn
2311,20221002311,郑莹晟,女,大一,9班,2007-11-20,13697564899,20221002311@school.edu.cn
2312,20221002312,彭一骐,女,大一,7班,2007-03-14,13709451457,20221002312@school.edu.cn
2313,20221002313,吴博昊,男,大一,2班,2006-03-28,15784214886,20221002313@school.edu.cn
2314,20221002314,罗七,女,大一,5班,2007-07-03,15988878252,20221002314@school.edu.cn
2315,20221002315,王雅潇,女,大一,2班,2006-02-01,13049798290,20221002315@school.edu.cn
2316,20221002316,曹浩,女,大一,4班,2007-01-15,18099521535,20221002316@school.edu.cn
2317,20221002317,曾宁娅,女,大一,6班,2007-09-01,18556943066,20221002317@school.edu.cn
2318,20221002318,程颖,男,大一,3班,2007-07-12,13398029296,20221002318@school.edu.cn
2319,20221002319,刘宥扬,女,大一,11班,2007-09-21,15277073696,20221002319@school.edu.cn
2320,20221002320,林宥然,男,大一,6班,2007-10-14,15971141133,20221002320@school.edu.cn
2321,20221002321,刘奚珏,男,大一,10班,2007-09-18,13643249802,20221002321@school.edu.cn
2322,20221002322,董宁娅,男,大一,3班,2006-07-17,17536600965,20221002322@school.edu.cn
2323,20221002323,唐乐璐,男,大一,6班,2007-03-01,13471165893,20221002323@school.edu.cn
2324,20221002324,彭奚,男,大一,6班,2007-06-21,17846638509,20221002324@school.edu.cn
2325,20221002325,马志,女,大一,10班,2007-09-17,18579797957,20221002325@school.edu.cn
2326,20221002326,谢景,女,大一,6班,2006-12-29,13959660891,20221002326@school.edu.cn
2327,20221002327,林文骁,男,大一,8班,2007-06-06,18302162572,20221002327@school.edu.cn
2328,20221002328,郭清铠,女,大一,10班,2006-12-25,17699265843,20221002328@school.edu.cn
2329,20221002329,邓文诺,女,大一,10班,2007-07-06,18169173729,20221002329@school.edu.cn
2330,20221002330,徐宇五,女,大一,4班,2007-12-08,15126008150,20221002330@school.edu.cn
2331,20221002331,何泽骞,女,大一,3班,2007-08-10,15299387664,20221002331@school.edu.cn
2332,20221002332,于泽娜,女,大一,3班,2007-03-05,15035283498,20221002332@school.edu.cn
2333,20221002333,程宥珊,男,大一,4班,2007-11-20,18183834172,20221002333@school.edu.cn
2334,20221002334,董渲琳,男,大一,8班,2006-03-26,17838979409,20221002334@school.edu.cn
2335,20221002335,周林衡,女,大一,7班,2006-08-30,17585479498,20221002335@school.edu.cn
2336,20221002336,沈星娜,女,大一,2班,2006-07-18,13990823425,20221002336@school.edu.cn
2337,20221002337,朱珂祺,女,大一,1班,2006-07-23,13386615908,20221002337@school.edu.cn
2338,20221002338,唐彤,女,大一,2班,2006-04-23,13500811776,20221002338@school.edu.cn
2339,20221002339,董博,女,大一,4班,2007-10-30,18133054518,20221002339@school.edu.cn
2340,20221002340,陈语欣,女,大一,1班,2006-03-09,13390510282,20221002340@school.edu.cn
2341,20221002341,彭嫣婧,男,大一,7班,2006-10-14,13264731430,20221002341@school.edu.cn
2342,20221002342,曹乐峻,男,大一,7班,2006-12-27,18179121656,20221002342@school.edu.cn
2343,20221002343,徐序,女,大一,3班,2006-07-20,13756766801,20221002343@school.edu.cn
2344,20221002344,傅瑶凯,女,大一,10班,2006-08-16,15365626021,20221002344@school.edu.cn
2345,20221002345,高雪驰,女,大一,1班,2006-04-20,15990461040,20221002345@school.edu.cn
2346,20221002346,傅奕,男,大一,12班,2007-07-29,15037542935,20221002346@school.edu.cn
2347,20221002347,李嫣祺,男,大一,10班,2006-05-28,18554414406,20221002347@school.edu.cn
2348,20221002348,邓芸锴,女,大一,10班,2007-04-02,18774355650,20221002348@school.edu.cn
2349,20221002349,萧珂希,女,大一,12班,2006-08-11,17733689913,20221002349@school.edu.cn
2350,20221002350,唐渲,女,大一,8班,2006-10-09,15192995354,20221002350@school.edu.cn
2351,20221002351,萧羽衡,女,大一,1班,2006-11-03,13150667466,20221002351@school.edu.cn
2352,20221002352,吴沁熙,女,大一,11班,2006-08-17,13455026274,20221002352@school.edu.cn
2353,20221002353,刘曜诺,男,大一,4班,2007-01-09,18144658768,20221002353@school.edu.cn
2354,20221002354,韩杰,男,大一,1班,2006-04-30,15304411884,20221002354@school.edu.cn
2355,20221002355,赵宁萌,女,大一,10班,2006-01-04,17386785743,20221002355@school.edu.cn
2356,20221002356,郭林瑜,女,大一,6班,2007-05-31,15858238783,20221002356@school.edu.cn
2357,20221002357,袁祺骞,男,大一,1班,2007-05-12,13544147298,20221002357@school.edu.cn
2358,20221002358,孙曜霄,男,大一,4班,2006-10-08,17683019607,20221002358@school.edu.cn
2359,20221002359,林宇雯,女,大一,5班,2007-03-20,13455426924,20221002359@school.edu.cn
2360,20221002360,吴雪衡,男,大一,2班,2007-10-21,15531564594,20221002360@school.edu.cn
2361,20221002361,傅乐泽,男,大一,6班,2007-01-02,13510029469,20221002361@school.edu.cn
2362,20221002362,傅凯明,男,大一,11班,2006-05-19,13443846866,20221002362@school.edu.cn
2363,20221002363,罗泽雯,男,大一,8班,2007-07-05,17362534685,20221002363@school.edu.cn
2364,20221002364,徐岚锴,男,大一,4班,2007-06-08,17814373951,20221002364@school.edu.cn
2365,20221002365,谢彤博,女,大一,11班,2006-06-01,18049477266,20221002365@school.edu.cn
2366,20221002366,吴瑶馥,女,大一,6班,2007-11-03,18177027426,20221002366@school.edu.cn
2367,20221002367,赵博,男,大一,4班,2006-03-19,18118216724,20221002367@school.edu.cn
2368,20221002368,赵晨霖,女,大一,5班,2007-04-21,13445479219,20221002368@school.edu.cn
2369,20221002369,宋芸二,女,大一,6班,2007-07-27,15027824719,20221002369@school.edu.cn
2370,20221002370,高雅芷,男,大一,8班,2007-08-14,15534199642,20221002370@school.edu.cn
2371,20221002371,沈嫣芷,女,大一,2班,2007-04-05,17766195078,20221002371@school.edu.cn
2372,20221002372,唐清恺,女,大一,5班,2006-12-27,13957624488,20221002372@school.edu.cn
2373,20221002373,董琳子,男,大一,11班,2007-10-30,15384461916,20221002373@school.edu.cn
2374,20221002374,高景,女,大一,4班,2007-04-27,18504917012,20221002374@school.edu.cn
2375,20221002375,梁瑾阳,男,大一,12班,2006-08-01,17539594631,20221002375@school.edu.cn
2376,20221002376,马彦熙,女,大一,8班,2007-09-17,15842147592,20221002376@school.edu.cn
2377,20221002377,曾筱磊,男,大一,8班,2007-07-26,15608926949,20221002377@school.edu.cn
2378,20221002378,郑欣斌,女,大一,8班,2006-08-26,17780577462,20221002378@school.edu.cn
2379,20221002379,曾博娅,女,大一,4班,2006-07-31,15010914874,20221002379@school.edu.cn
2380,20221002380,吕婕瑾,女,大一,5班,2007-09-22,13842862623,20221002380@school.edu.cn
2381,20221002381,宋浩璐,女,大一,1班,2006-10-04,13120647239,20221002381@school.edu.cn
2382,20221002382,陈翊,男,大一,1班,2006-07-26,15100632521,20221002382@school.edu.cn
2383,20221002383,张宁诺,男,大一,9班,2006-11-11,18738992311,20221002383@school.edu.cn
2384,20221002384,萧颖珊,男,大一,9班,2007-09-07,18995275634,20221002384@school.edu.cn
2385,20221002385,朱杰钰,男,大一,10班,2007-03-02,18103411144,20221002385@school.edu.cn
2386,20221002386,许莹航,女,大一,11班,2007-05-25,18116105843,20221002386@school.edu.cn
2387,20221002387,孙子,女,大一,1班,2006-05-24,15559742146,20221002387@school.edu.cn
2388,20221002388,徐奕琪,女,大一,2班,2007-08-06,15235070278,20221002388@school.edu.cn
2389,20221002389,黄琛诺,女,大一,7班,2007-10-10,15711792987,20221002389@school.edu.cn
2390,20221002390,张嫣,男,大一,5班,2007-01-13,15605693172,20221002390@school.edu.cn
2391,20221002391,吕霖驰,男,大一,11班,2007-05-08,15587774610,20221002391@school.edu.cn
2392,20221002392,林语,男,大一,9班,2007-08-08,15200393720,20221002392@school.edu.cn
2393,20221002393,韩浩蕾,男,大一,6班,2007-11-24,13115768847,20221002393@school.edu.cn
2394,20221002394,张宸珊,男,大一,5班,2006-01-02,17364882964,20221002394@school.edu.cn
2395,20221002395,冯颖焱,男,大一,9班,2007-05-02,13219113492,20221002395@school.edu.cn
2396,20221002396,孙琳璐,女,大一,7班,2007-03-31,13028302109,20221002396@school.edu.cn
2397,20221002397,吴莹,女,大一,2班,2007-09-22,18089363202,20221002397@school.edu.cn
2398,20221002398,于涵滢,女,大一,10班,2007-01-18,15360877480,20221002398@school.edu.cn
2399,20221002399,沈奚怡,女,大一,9班,2006-03-13,13203816990,20221002399@school.edu.cn
2400,20221002400,林彤,女,大一,12班,2006-02-15,18810225730,20221002400@school.edu.cn
2401,20221002401,韩四,女,大一,6班,2006-12-16,15359038719,20221002401@school.edu.cn
2402,20221002402,黄琳可,男,大一,9班,2007-07-06,18359265600,20221002402@school.edu.cn
2403,20221002403,许八致,女,大一,6班,2006-06-12,13578426000,20221002403@school.edu.cn
2404,20221002404,沈宥宁,女,大一,4班,2006-01-02,18531087396,20221002404@school.edu.cn
2405,20221002405,彭文晨,女,大一,3班,2007-09-23,13856093434,20221002405@school.edu.cn
2406,20221002406,周依,女,大一,10班,2006-01-28,18875483184,20221002406@school.edu.cn
2407,20221002407,傅乐雯,女,大一,5班,2007-02-01,18977811929,20221002407@school.edu.cn
2408,20221002408,韩泓轩,男,大一,5班,2007-05-16,17893286102,20221002408@school.edu.cn
2409,20221002409,何沁娅,女,大一,8班,2007-12-20,17689224814,20221002409@school.edu.cn
2410,20221002410,郭彤馥,女,大一,7班,2007-06-23,15561902819,20221002410@school.edu.cn
2411,20221002411,韩一翎,女,大一,4班,2007-06-19,15668021354,20221002411@school.edu.cn
2412,20221002412,程莹诺,女,大一,11班,2007-05-23,17845056055,20221002412@school.edu.cn
2413,20221002413,彭菲扬,女,大一,5班,2006-08-04,13163322072,20221002413@school.edu.cn
2414,20221002414,谢奚函,男,大一,1班,2006-10-13,18750547913,20221002414@school.edu.cn
2415,20221002415,宋瑶霄,女,大一,4班,2007-02-12,15520995583,20221002415@school.edu.cn
2416,20221002416,李奕潇,男,大一,3班,2006-04-19,18525541808,20221002416@school.edu.cn
2417,20221002417,吕瑾霄,女,大一,4班,2006-01-23,13357600235,20221002417@school.edu.cn
2418,20221002418,唐五骁,女,大一,10班,2007-05-21,13955334300,20221002418@school.edu.cn
2419,20221002419,谢凯祺,女,大一,11班,2006-04-30,15845507168,20221002419@school.edu.cn
2420,20221002420,彭浩璐,女,大一,2班,2006-08-05,17871674210,20221002420@school.edu.cn
2421,20221002421,何嘉彤,女,大一,6班,2007-10-11,18951182369,20221002421@school.edu.cn
2422,20221002422,董佳,女,大一,8班,2007-10-10,13090100149,20221002422@school.edu.cn
2423,20221002423,孙妍轩,女,大一,7班,2007-07-11,17381787429,20221002423@school.edu.cn
2424,20221002424,朱瑶,女,大一,9班,2006-09-14,18388884306,20221002424@school.edu.cn
2425,20221002425,沈瑞,男,大一,3班,2006-12-30,18356645128,20221002425@school.edu.cn
2426,20221002426,胡文然,男,大一,10班,2006-09-03,13408819504,20221002426@school.edu.cn
2427,20221002427,袁欣瑜,男,大一,3班,2007-03-13,18223946997,20221002427@school.edu.cn
2428,20221002428,萧彤坤,女,大一,3班,2006-12-27,18338611142,20221002428@school.edu.cn
2429,20221002429,宋子,男,大一,12班,2006-05-26,13064425398,20221002429@school.edu.cn
2430,20221002430,冯嘉恺,男,大一,2班,2006-12-16,15748876982,20221002430@school.edu.cn
2431,20221002431,许颖,男,大一,4班,2007-06-27,15041499207,20221002431@school.edu.cn
2432,20221002432,董瑜,男,大一,8班,2007-01-02,15272399948,20221002432@school.edu.cn
2433,20221002433,曹渲六,女,大一,4班,2006-06-03,17781849136,20221002433@school.edu.cn
2434,20221002434,林五霖,女,大一,3班,2007-05-30,15744380249,20221002434@school.edu.cn
2435,20221002435,于锦霄,男,大一,4班,2007-11-14,18931532069,20221002435@school.edu.cn
2436,20221002436,唐彦,男,大一,4班,2007-03-01,13868770765,20221002436@school.edu.cn
2437,20221002437,朱明琪,女,大一,10班,2007-03-27,18078646909,20221002437@school.edu.cn
2438,20221002438,沈彦,男,大一,9班,2006-06-23,13731575784,20221002438@school.edu.cn
2439,20221002439,曹婕珊,女,大一,8班,2006-08-21,18732121840,20221002439@school.edu.cn
2440,20221002440,冯明,男,大一,6班,2007-06-09,13662585261,20221002440@school.edu.cn
2441,20221002441,唐婷,男,大一,4班,2006-08-15,13314217534,20221002441@school.edu.cn
2442,20221002442,傅七斌,女,大一,12班,2007-09-30,17857152234,20221002442@school.edu.cn
2443,20221002443,刘四琳,男,大一,1班,2006-11-16,15346491139,20221002443@school.edu.cn
2444,20221002444,梁子,女,大一,5班,2006-01-12,17522834280,20221002444@school.edu.cn
2445,20221002445,邓露,女,大一,12班,2006-03-10,18613546858,20221002445@school.edu.cn
2446,20221002446,徐茗芷,男,大一,8班,2007-09-04,18296490831,20221002446@school.edu.cn
2447,20221002447,孙雨希,女,大一,7班,2007-11-24,13219791844,20221002447@school.edu.cn
2448,20221002448,吕三轩,男,大一,4班,2006-08-27,17619030699,20221002448@school.edu.cn
2449,20221002449,于雨诺,男,大一,3班,2006-07-28,18313364053,20221002449@school.edu.cn
2450,20221002450,刘雪雪,男,大一,3班,2006-07-02,13073927589,20221002450@school.edu.cn
2451,20221002451,周子希,女,大一,5班,2007-01-17,18888030725,20221002451@school.edu.cn
2452,20221002452,吴睿,女,大一,3班,2006-06-16,13430982368,20221002452@school.edu.cn
2453,20221002453,林羽彤,女,大一,2班,2007-02-26,15165979043,20221002453@school.edu.cn
2454,20221002454,曹琛娅,男,大一,6班,2006-01-06,18522395998,20221002454@school.edu.cn
2455,20221002455,唐祺,女,大一,6班,2007-04-22,13937934226,20221002455@school.edu.cn
2456,20221002456,萧婕帆,男,大一,7班,2006-09-12,18792786035,20221002456@school.edu.cn
2457,20221002457,彭泓熙,男,大一,2班,2007-06-21,13090043895,20221002457@school.edu.cn
2458,20221002458,沈霖,女,大一,12班,2007-03-29,15683352114,20221002458@school.edu.cn
2459,20221002459,邓珂,女,大一,2班,2007-02-06,15287564973,20221002459@school.edu.cn
2460,20221002460,林八熙,女,大一,7班,2007-02-21,13113694501,20221002460@school.edu.cn
2461,20221002461,何曜九,女,大一,5班,2006-02-03,18262869601,20221002461@school.edu.cn
2462,20221002462,邓三四,男,大一,9班,2006-01-19,15708377558,20221002462@school.edu.cn
2463,20221002463,宋颖瑜,女,大一,4班,2006-07-16,18912593630,20221002463@school.edu.cn
2464,20221002464,曹璇,女,大一,2班,2007-06-16,17681831063,20221002464@school.edu.cn
2465,20221002465,彭雨峻,男,大一,9班,2007-12-05,17647172095,20221002465@school.edu.cn
2466,20221002466,郭颖锴,女,大一,10班,2006-04-13,18825776868,20221002466@school.edu.cn
2467,20221002467,胡锦衡,女,大一,6班,2007-04-23,15716657646,20221002467@school.edu.cn
2468,20221002468,罗昭,男,大一,1班,2007-06-30,18373922541,20221002468@school.edu.cn
2469,20221002469,梁渲五,女,大一,11班,2006-07-23,18759214710,20221002469@school.edu.cn
2470,20221002470,胡露,男,大一,10班,2006-04-07,13095244319,20221002470@school.edu.cn
2471,20221002471,萧锦翎,男,大一,6班,2006-07-05,18104262238,20221002471@school.edu.cn
2472,20221002472,刘若,男,大一,5班,2007-07-07,15812202361,20221002472@school.edu.cn
2473,20221002473,谢祺雯,女,大一,2班,2006-06-08,15028140158,20221002473@school.edu.cn
2474,20221002474,罗思珏,女,大一,12班,2006-02-19,13748838850,20221002474@school.edu.cn
2475,20221002475,王奚,男,大一,5班,2007-12-25,17842160787,20221002475@school.edu.cn
2476,20221002476,于浩凯,男,大一,12班,2007-05-11,17755251420,20221002476@school.edu.cn
2477,20221002477,马二昊,男,大一,10班,2006-07-07,18752602479,20221002477@school.edu.cn
2478,20221002478,朱芸泽,女,大一,9班,2006-07-24,18273884156,20221002478@school.edu.cn
2479,20221002479,郑宇阳,男,大一,9班,2006-05-31,15339571046,20221002479@school.edu.cn
2480,20221002480,张宥萌,女,大一,11班,2006-09-25,18371485051,20221002480@school.edu.cn
2481,20221002481,徐宁璐,女,大一,9班,2006-09-17,18276798263,20221002481@school.edu.cn
2482,20221002482,刘奕,男,大一,10班,2006-09-27,13352741742,20221002482@school.edu.cn
2483,20221002483,罗宥琛,女,大一,9班,2007-02-05,15823544758,20221002483@school.edu.cn
2484,20221002484,许若,男,大一,7班,2007-06-19,18331176544,20221002484@school.edu.cn
2485,20221002485,韩瑞二,女,大一,9班,2006-03-09,17690951298,20221002485@school.edu.cn
2486,20221002486,吴岚,女,大一,6班,2007-04-01,15910227499,20221002486@school.edu.cn
2487,20221002487,李九航,男,大一,6班,2006-12-27,17625451886,20221002487@school.edu.cn
2488,20221002488,陈妍滢,女,大一,6班,2007-02-20,13239231182,20221002488@school.edu.cn
2489,20221002489,李六霖,女,大一,9班,2006-12-02,18153678395,20221002489@school.edu.cn
2490,20221002490,唐启霄,男,大一,3班,2006-05-01,17681360894,20221002490@school.edu.cn
2491,20221002491,朱曜,男,大一,8班,2006-07-30,15150363767,20221002491@school.edu.cn
2492,20221002492,曹芸,男,大一,11班,2006-11-01,13531500699,20221002492@school.edu.cn
2493,20221002493,袁博芸,男,大一,9班,2007-11-06,13754610022,20221002493@school.edu.cn
2494,20221002494,罗瑞,女,大一,10班,2006-08-06,18252710191,20221002494@school.edu.cn
2495,20221002495,宋婷明,男,大一,3班,2007-04-25,15331514111,20221002495@school.edu.cn
2496,20221002496,高林,女,大一,2班,2007-10-05,18212914776,20221002496@school.edu.cn
2497,20221002497,吴莹哲,男,大一,5班,2006-07-09,15562551193,20221002497@school.edu.cn
2498,20221002498,何泽子,女,大一,12班,2007-06-11,15836709525,20221002498@school.edu.cn
2499,20221002499,杨筱,女,大一,7班,2006-05-12,17700639994,20221002499@school.edu.cn
2500,20221002500,傅杰睿,男,大一,7班,2006-04-24,15774732572,20221002500@school.edu.cn
2501,20221002501,彭莹渝,女,大二,3班,2006-11-09,17664625040,20221002501@school.edu.cn
2502,20221002502,傅序晟,男,大二,10班,2006-05-13,13771654429,20221002502@school.edu.cn
2503,20221002503,傅七希,女,大二,10班,2005-07-06,15654588474,20221002503@school.edu.cn
2504,20221002504,沈翊瑜,女,大二,8班,2005-10-02,13008515786,20221002504@school.edu.cn
2505,20221002505,胡宥馥,男,大二,6班,2005-12-13,18851600021,20221002505@school.edu.cn
2506,20221002506,吕雨渝,女,大二,2班,2006-12-18,15902972777,20221002506@school.edu.cn
2507,20221002507,谢雨哲,男,大二,4班,2006-07-03,17740344795,20221002507@school.edu.cn
2508,20221002508,罗芸函,女,大二,11班,2006-02-25,15078996944,20221002508@school.edu.cn
2509,20221002509,唐嫣昊,男,大二,12班,2005-03-06,13989056446,20221002509@school.edu.cn
2510,20221002510,唐欣芷,女,大二,9班,2006-07-13,15121685646,20221002510@school.edu.cn
2511,20221002511,李珂悦,男,大二,10班,2005-09-03,15316525436,20221002511@school.edu.cn
2512,20221002512,马露磊,男,大二,7班,2005-01-28,17849759134,20221002512@school.edu.cn
2513,20221002513,韩宁宁,男,大二,10班,2006-11-03,17808895694,20221002513@school.edu.cn
2514,20221002514,杨佳亦,男,大二,1班,2006-08-17,15384793920,20221002514@school.edu.cn
2515,20221002515,刘景萌,女,大二,3班,2005-04-19,15375016351,20221002515@school.edu.cn
2516,20221002516,郭雪馥,女,大二,7班,2006-07-16,18642748297,20221002516@school.edu.cn
2517,20221002517,徐渲铠,男,大二,7班,2006-12-07,18230104230,20221002517@school.edu.cn
2518,20221002518,王芸辰,男,大二,7班,2006-08-31,18175378595,20221002518@school.edu.cn
2519,20221002519,高杰洁,女,大二,3班,2006-08-11,13335320211,20221002519@school.edu.cn
2520,20221002520,萧珂蓉,女,大二,11班,2006-10-04,13614641572,20221002520@school.edu.cn
2521,20221002521,朱思腾,男,大二,9班,2005-04-30,17342700007,20221002521@school.edu.cn
2522,20221002522,林乐,女,大二,7班,2006-12-26,13230896930,20221002522@school.edu.cn
2523,20221002523,韩星祺,女,大二,4班,2006-07-20,18161558320,20221002523@school.edu.cn
2524,20221002524,曾六,男,大二,2班,2006-04-12,17785282776,20221002524@school.edu.cn
2525,20221002525,傅杰,男,大二,12班,2005-04-28,17788344352,20221002525@school.edu.cn
2526,20221002526,陈霖妍,女,大二,9班,2005-04-06,18918111715,20221002526@school.edu.cn
2527,20221002527,杨婕二,男,大二,4班,2006-04-23,13531246628,20221002527@school.edu.cn
2528,20221002528,邓翊,女,大二,2班,2006-08-21,18877841035,20221002528@school.edu.cn
2529,20221002529,傅颖琪,女,大二,12班,2006-02-10,13986491821,20221002529@school.edu.cn
2530,20221002530,周彦一,女,大二,12班,2005-05-15,18380565712,20221002530@school.edu.cn
2531,20221002531,傅莹博,男,大二,5班,2006-04-25,17565270011,20221002531@school.edu.cn
2532,20221002532,袁婷,女,大二,3班,2005-02-11,15170130553,20221002532@school.edu.cn
2533,20221002533,李璇涵,女,大二,10班,2006-11-15,18350404014,20221002533@school.edu.cn
2534,20221002534,胡雨滢,女,大二,6班,2005-06-30,13963477895,20221002534@school.edu.cn
2535,20221002535,董佳辰,男,大二,2班,2006-03-24,17537182445,20221002535@school.edu.cn
2536,20221002536,胡涵,男,大二,5班,2005-04-13,15541174050,20221002536@school.edu.cn
2537,20221002537,程宸,男,大二,8班,2006-05-01,15162496425,20221002537@school.edu.cn
2538,20221002538,张五宁,男,大二,3班,2005-05-15,18239293061,20221002538@school.edu.cn
2539,20221002539,吴瑾晟,男,大二,8班,2005-11-28,13792743958,20221002539@school.edu.cn
2540,20221002540,朱琳婧,男,大二,9班,2005-07-06,13711626003,20221002540@school.edu.cn
2541,20221002541,高颖骞,男,大二,10班,2005-08-03,15527496453,20221002541@school.edu.cn
2542,20221002542,杨芸衡,女,大二,8班,2006-10-15,18136807879,20221002542@school.edu.cn
2543,20221002543,徐启珊,男,大二,7班,2005-12-15,17612528082,20221002543@school.edu.cn
2544,20221002544,朱雨,男,大二,10班,2005-11-10,15273911068,20221002544@school.edu.cn
2545,20221002545,曹四睿,男,大二,8班,2005-12-01,15213487494,20221002545@school.edu.cn
2546,20221002546,赵景,女,大二,9班,2005-11-19,18850716353,20221002546@school.edu.cn
2547,20221002547,沈宸,男,大二,11班,2006-10-27,18991432686,20221002547@school.edu.cn
2548,20221002548,马五泽,男,大二,3班,2006-06-14,15689654811,20221002548@school.edu.cn
2549,20221002549,郭星雯,女,大二,7班,2005-05-14,17590620993,20221002549@school.edu.cn
2550,20221002550,梁妍雯,女,大二,11班,2006-08-19,13398901932,20221002550@school.edu.cn
2551,20221002551,曾文七,女,大二,2班,2005-11-18,13401096312,20221002551@school.edu.cn
2552,20221002552,罗琛,女,大二,11班,2006-06-18,15394275928,20221002552@school.edu.cn
2553,20221002553,吴梓瑾,男,大二,9班,2005-05-17,13391002069,20221002553@school.edu.cn
2554,20221002554,曹雅琪,男,大二,9班,2005-04-14,18903488497,20221002554@school.edu.cn
2555,20221002555,唐岚雯,男,大二,5班,2006-12-04,13133652224,20221002555@school.edu.cn
2556,20221002556,邓欣瑶,女,大二,5班,2006-10-01,13376896973,20221002556@school.edu.cn
2557,20221002557,吴泓,男,大二,9班,2006-12-14,17886958474,20221002557@school.edu.cn
2558,20221002558,徐博娜,男,大二,11班,2006-02-03,15866568754,20221002558@school.edu.cn
2559,20221002559,李明斌,女,大二,9班,2005-06-18,13420806317,20221002559@school.edu.cn
2560,20221002560,程婷悦,男,大二,9班,2006-03-27,18349359158,20221002560@school.edu.cn
2561,20221002561,萧八骁,女,大二,11班,2005-09-24,18788135655,20221002561@school.edu.cn
2562,20221002562,韩昭,女,大二,5班,2006-10-31,18847245025,20221002562@school.edu.cn
2563,20221002563,许颖琛,女,大二,12班,2005-08-10,17503606015,20221002563@school.edu.cn
2564,20221002564,程语恺,女,大二,5班,2006-09-24,13351929945,20221002564@school.edu.cn
2565,20221002565,高彤泽,女,大二,12班,2005-04-20,15779322023,20221002565@school.edu.cn
2566,20221002566,刘锦,女,大二,4班,2006-09-26,18834309417,20221002566@school.edu.cn
2567,20221002567,李七,女,大二,12班,2006-07-16,18862695709,20221002567@school.edu.cn
2568,20221002568,黄雨,女,大二,4班,2006-06-08,15861208110,20221002568@school.edu.cn
2569,20221002569,袁泓琪,女,大二,11班,2005-01-10,13591033854,20221002569@school.edu.cn
2570,20221002570,吴颖,女,大二,7班,2005-02-28,15368541257,20221002570@school.edu.cn
2571,20221002571,周依七,男,大二,1班,2006-05-30,13980675707,20221002571@school.edu.cn
2572,20221002572,黄瑾坤,男,大二,12班,2005-06-22,18225373555,20221002572@school.edu.cn
2573,20221002573,梁奕欣,女,大二,8班,2005-10-27,15982143100,20221002573@school.edu.cn
2574,20221002574,高昭,男,大二,12班,2005-06-19,17373226377,20221002574@school.edu.cn
2575,20221002575,韩莹,男,大二,9班,2005-03-14,13680924089,20221002575@school.edu.cn
2576,20221002576,邓博,女,大二,9班,2005-09-19,18006437596,20221002576@school.edu.cn
2577,20221002577,曾二铠,男,大二,6班,2005-03-21,13211689921,20221002577@school.edu.cn
2578,20221002578,孙嫣驰,女,大二,2班,2006-07-02,17520786191,20221002578@school.edu.cn
2579,20221002579,黄凯亦,女,大二,7班,2005-07-04,18686005815,20221002579@school.edu.cn
2580,20221002580,郭星骞,女,大二,8班,2006-05-24,17899033144,20221002580@school.edu.cn
2581,20221002581,彭彦琳,女,大二,6班,2005-03-22,13389404288,20221002581@school.edu.cn
2582,20221002582,张曜凯,女,大二,2班,2006-12-09,13075314951,20221002582@school.edu.cn
2583,20221002583,李七明,女,大二,3班,2006-08-25,17567247210,20221002583@school.edu.cn
2584,20221002584,于九娅,女,大二,9班,2005-11-25,13587534169,20221002584@school.edu.cn
2585,20221002585,唐颖萌,女,大二,9班,2005-08-15,15550280481,20221002585@school.edu.cn
2586,20221002586,周茗六,女,大二,9班,2006-03-04,15362208953,20221002586@school.edu.cn
2587,20221002587,宋奕一,女,大二,1班,2006-10-19,18977607925,20221002587@school.edu.cn
2588,20221002588,谢佳,男,大二,2班,2005-05-01,13227566456,20221002588@school.edu.cn
2589,20221002589,袁六恺,男,大二,1班,2005-09-10,13420608352,20221002589@school.edu.cn
2590,20221002590,梁奕潇,女,大二,6班,2006-02-28,18576939550,20221002590@school.edu.cn
2591,20221002591,吕琛凯,女,大二,1班,2006-05-06,17767462754,20221002591@school.edu.cn
2592,20221002592,刘序,男,大二,2班,2006-07-12,17779799535,20221002592@school.edu.cn
2593,20221002593,宋泽轩,女,大二,1班,2005-12-26,17522959089,20221002593@school.edu.cn
2594,20221002594,张四,女,大二,3班,2006-01-05,18781526379,20221002594@school.edu.cn
2595,20221002595,杨雅,男,大二,10班,2005-06-30,13229905109,20221002595@school.edu.cn
2596,20221002596,黄雨三,女,大二,7班,2005-03-16,13175789223,20221002596@school.edu.cn
2597,20221002597,朱文洁,男,大二,8班,2006-09-01,18035695879,20221002597@school.edu.cn
2598,20221002598,傅筱怡,男,大二,5班,2005-06-19,17542100886,20221002598@school.edu.cn
2599,20221002599,赵欣琳,男,大二,1班,2005-04-22,13560152027,20221002599@school.edu.cn
2600,20221002600,李晨,女,大二,3班,2005-04-22,15325835324,20221002600@school.edu.cn
2601,20221002601,谢珂翎,男,大二,10班,2006-11-28,13486195389,20221002601@school.edu.cn
2602,20221002602,高婷哲,男,大二,7班,2005-06-25,13064894353,20221002602@school.edu.cn
2603,20221002603,邓思萌,男,大二,8班,2005-04-02,13284582370,20221002603@school.edu.cn
2604,20221002604,李景,女,大二,12班,2006-02-01,15883223199,20221002604@school.edu.cn
2605,20221002605,王宁滢,女,大二,5班,2006-10-27,15269045824,20221002605@school.edu.cn
2606,20221002606,徐九娜,女,大二,6班,2005-09-23,15203358433,20221002606@school.edu.cn
2607,20221002607,彭彤,女,大二,2班,2006-12-03,15518363380,20221002607@school.edu.cn
2608,20221002608,赵梓,男,大二,12班,2006-09-22,15130923320,20221002608@school.edu.cn
2609,20221002609,郭锦欣,女,大二,2班,2005-12-28,13177232117,20221002609@school.edu.cn
2610,20221002610,萧志渝,男,大二,8班,2005-02-13,18311918120,20221002610@school.edu.cn
2611,20221002611,于浩希,男,大二,9班,2006-09-11,18545617863,20221002611@school.edu.cn
2612,20221002612,于宸四,男,大二,2班,2006-05-27,17336639852,20221002612@school.edu.cn
2613,20221002613,程渲帆,男,大二,11班,2005-01-05,15581272292,20221002613@school.edu.cn
2614,20221002614,宋一衡,女,大二,9班,2005-11-01,15808616280,20221002614@school.edu.cn
2615,20221002615,许婕磊,男,大二,10班,2006-05-29,17667221476,20221002615@school.edu.cn
2616,20221002616,黄晨斌,女,大二,11班,2006-12-06,18032104025,20221002616@school.edu.cn
2617,20221002617,韩腾五,女,大二,2班,2006-08-26,17525747951,20221002617@school.edu.cn
2618,20221002618,胡颖凝,女,大二,8班,2005-03-30,18382424190,20221002618@school.edu.cn
2619,20221002619,高乐,女,大二,7班,2006-10-02,15969885908,20221002619@school.edu.cn
2620,20221002620,韩霖娅,男,大二,9班,2005-03-05,15826888062,20221002620@school.edu.cn
2621,20221002621,宋宁文,男,大二,8班,2006-05-13,18564949314,20221002621@school.edu.cn
2622,20221002622,林三渝,女,大二,7班,2006-03-01,13598473736,20221002622@school.edu.cn
2623,20221002623,林婷,男,大二,2班,2005-10-11,13240879818,20221002623@school.edu.cn
2624,20221002624,朱晨致,女,大二,2班,2006-01-28,17382767143,20221002624@school.edu.cn
2625,20221002625,萧乐悦,男,大二,10班,2006-02-25,18029930492,20221002625@school.edu.cn
2626,20221002626,郑颖驰,女,大二,11班,2005-11-01,15041629983,20221002626@school.edu.cn
2627,20221002627,宋乐,女,大二,12班,2006-12-22,18709577324,20221002627@school.edu.cn
2628,20221002628,何羽锴,男,大二,9班,2006-09-12,15620882865,20221002628@school.edu.cn
2629,20221002629,冯九琪,女,大二,4班,2006-03-23,13109221624,20221002629@school.edu.cn
2630,20221002630,何四,女,大二,8班,2005-10-09,17884949396,20221002630@school.edu.cn
2631,20221002631,曹岚滢,男,大二,2班,2005-07-03,13607620222,20221002631@school.edu.cn
2632,20221002632,罗奚渝,男,大二,9班,2005-03-03,13675166273,20221002632@school.edu.cn
2633,20221002633,赵岚娜,男,大二,10班,2006-07-11,15213868164,20221002633@school.edu.cn
2634,20221002634,王沁峻,女,大二,9班,2005-12-23,15575114277,20221002634@school.edu.cn
2635,20221002635,谢五锴,女,大二,9班,2006-12-26,15575662974,20221002635@school.edu.cn
2636,20221002636,吕涵一,女,大二,11班,2006-06-23,15047032632,20221002636@school.edu.cn
2637,20221002637,郭乐,男,大二,9班,2005-01-18,17504037712,20221002637@school.edu.cn
2638,20221002638,朱涵萌,男,大二,8班,2005-11-10,13917441243,20221002638@school.edu.cn
2639,20221002639,徐一娜,男,大二,3班,2005-12-07,17778247097,20221002639@school.edu.cn
2640,20221002640,周瑞煜,男,大二,12班,2005-10-03,15644413375,20221002640@school.edu.cn
2641,20221002641,许菲,男,大二,10班,2005-08-10,15694096747,20221002641@school.edu.cn
2642,20221002642,梁佳茹,男,大二,4班,2005-04-19,18525448229,20221002642@school.edu.cn
2643,20221002643,曾颖,男,大二,1班,2005-09-12,18383971403,20221002643@school.edu.cn
2644,20221002644,于珺二,男,大二,11班,2005-07-29,15770385184,20221002644@school.edu.cn
2645,20221002645,吴涵蓉,男,大二,11班,2005-10-19,17647216680,20221002645@school.edu.cn
2646,20221002646,黄泓潇,男,大二,10班,2005-12-05,18056608603,20221002646@school.edu.cn
2647,20221002647,冯明怡,女,大二,8班,2006-07-09,13405723544,20221002647@school.edu.cn
2648,20221002648,马八芷,男,大二,2班,2005-06-19,18122324996,20221002648@school.edu.cn
2649,20221002649,曾宇妍,男,大二,3班,2005-02-06,18060939915,20221002649@school.edu.cn
2650,20221002650,曾颖子,女,大二,9班,2006-07-20,13480043372,20221002650@school.edu.cn
2651,20221002651,沈曜泽,女,大二,12班,2005-01-26,13813202487,20221002651@school.edu.cn
2652,20221002652,郑林,男,大二,10班,2006-11-04,17509787730,20221002652@school.edu.cn
2653,20221002653,黄七,男,大二,6班,2006-03-03,15071646754,20221002653@school.edu.cn
2654,20221002654,郑珂,女,大二,12班,2006-05-25,18194261572,20221002654@school.edu.cn
2655,20221002655,梁明琪,男,大二,5班,2005-03-23,17817101678,20221002655@school.edu.cn
2656,20221002656,徐三悦,男,大二,11班,2005-02-20,17762538863,20221002656@school.edu.cn
2657,20221002657,沈乐琪,男,大二,3班,2006-02-01,18635280432,20221002657@school.edu.cn
2658,20221002658,何彤馥,男,大二,10班,2005-08-10,15048243058,20221002658@school.edu.cn
2659,20221002659,杨晨,女,大二,3班,2005-03-25,13676329698,20221002659@school.edu.cn
2660,20221002660,高露然,男,大二,9班,2006-01-03,18212953026,20221002660@school.edu.cn
2661,20221002661,郭杰瑶,女,大二,12班,2005-08-03,17792978174,20221002661@school.edu.cn
2662,20221002662,彭婷睿,男,大二,6班,2006-08-19,13512437490,20221002662@school.edu.cn
2663,20221002663,梁佳,男,大二,9班,2005-06-29,17318757152,20221002663@school.edu.cn
2664,20221002664,张渲,男,大二,9班,2005-01-23,17827180220,20221002664@school.edu.cn
2665,20221002665,萧杰睿,男,大二,8班,2005-06-13,15906622347,20221002665@school.edu.cn
2666,20221002666,郑若衡,女,大二,1班,2005-10-03,13974684702,20221002666@school.edu.cn
2667,20221002667,王菲琳,女,大二,4班,2005-03-22,13466974801,20221002667@school.edu.cn
2668,20221002668,高锦雪,男,大二,9班,2006-10-26,13101110060,20221002668@school.edu.cn
2669,20221002669,梁泽恺,男,大二,9班,2006-05-07,15603743853,20221002669@school.edu.cn
2670,20221002670,郭彦洁,女,大二,2班,2005-05-04,13623677693,20221002670@school.edu.cn
2671,20221002671,许浩潇,女,大二,10班,2005-01-30,13759415393,20221002671@school.edu.cn
2672,20221002672,邓颖峻,男,大二,12班,2006-09-19,15095254005,20221002672@school.edu.cn
2673,20221002673,周浩潇,女,大二,8班,2005-01-19,17385117961,20221002673@school.edu.cn
2674,20221002674,董嫣一,女,大二,8班,2005-04-24,17792496972,20221002674@school.edu.cn
2675,20221002675,郭宁辰,男,大二,6班,2006-11-22,13219427305,20221002675@school.edu.cn
2676,20221002676,宋奚霖,女,大二,9班,2005-02-12,13951649804,20221002676@school.edu.cn
2677,20221002677,陈珂珏,男,大二,3班,2006-03-16,17642723750,20221002677@school.edu.cn
2678,20221002678,郭昭博,女,大二,8班,2006-08-16,13902261076,20221002678@school.edu.cn
2679,20221002679,吕四霄,女,大二,5班,2006-12-05,17819098011,20221002679@school.edu.cn
2680,20221002680,萧六雪,女,大二,3班,2005-06-18,18838658107,20221002680@school.edu.cn
2681,20221002681,陈璇,女,大二,7班,2005-10-25,13658188178,20221002681@school.edu.cn
2682,20221002682,马腾,男,大二,8班,2006-11-23,15797615607,20221002682@school.edu.cn
2683,20221002683,黄宁二,男,大二,6班,2006-01-29,15756668790,20221002683@school.edu.cn
2684,20221002684,吴佳恺,男,大二,11班,2005-02-16,15226918714,20221002684@school.edu.cn
2685,20221002685,赵佳,男,大二,7班,2005-01-12,18859191769,20221002685@school.edu.cn
2686,20221002686,刘嘉子,男,大二,3班,2005-11-09,13012637324,20221002686@school.edu.cn
2687,20221002687,胡渲蓉,男,大二,3班,2006-05-31,15348615235,20221002687@school.edu.cn
2688,20221002688,邓林浩,男,大二,8班,2006-09-02,15319044705,20221002688@school.edu.cn
2689,20221002689,萧筱娅,女,大二,8班,2006-12-12,18702718927,20221002689@school.edu.cn
2690,20221002690,韩依宇,男,大二,8班,2005-05-29,13202867973,20221002690@school.edu.cn
2691,20221002691,曹乐,女,大二,10班,2005-12-05,13067450101,20221002691@school.edu.cn
2692,20221002692,袁琛函,男,大二,10班,2005-06-14,13349460939,20221002692@school.edu.cn
2693,20221002693,罗清,男,大二,2班,2005-07-01,18582539264,20221002693@school.edu.cn
2694,20221002694,刘菲晨,男,大二,5班,2006-03-01,13739651170,20221002694@school.edu.cn
2695,20221002695,彭宥琳,男,大二,2班,2006-04-19,15952059338,20221002695@school.edu.cn
2696,20221002696,萧琛,女,大二,10班,2005-08-02,17895558259,20221002696@school.edu.cn
2697,20221002697,曾宁,男,大二,8班,2006-09-13,13954820018,20221002697@school.edu.cn
2698,20221002698,陈锦钰,女,大二,7班,2006-06-01,17875957024,20221002698@school.edu.cn
2699,20221002699,谢腾,女,大二,7班,2005-09-22,18261896693,20221002699@school.edu.cn
2700,20221002700,吕沁萱,男,大二,3班,2006-10-20,15155612514,20221002700@school.edu.cn
2701,20221002701,郭婷航,女,大二,8班,2006-08-23,18171495917,20221002701@school.edu.cn
2702,20221002702,马奕浩,男,大二,11班,2005-08-21,18122594682,20221002702@school.edu.cn
2703,20221002703,沈姝宁,女,大二,11班,2005-05-27,17529181173,20221002703@school.edu.cn
2704,20221002704,曹彤骐,女,大二,7班,2005-12-22,17658662406,20221002704@school.edu.cn
2705,20221002705,罗姝琪,男,大二,1班,2005-03-16,17515556180,20221002705@school.edu.cn
2706,20221002706,冯嫣怡,女,大二,10班,2005-05-20,17600185217,20221002706@school.edu.cn
2707,20221002707,张四志,女,大二,1班,2005-03-06,15267621459,20221002707@school.edu.cn
2708,20221002708,周嘉芷,女,大二,12班,2006-11-16,18833394897,20221002708@school.edu.cn
2709,20221002709,唐露,男,大二,12班,2005-05-05,15504832177,20221002709@school.edu.cn
2710,20221002710,宋奕,男,大二,2班,2005-08-08,13464661662,20221002710@school.edu.cn
2711,20221002711,宋一娜,女,大二,9班,2005-04-21,17392219074,20221002711@school.edu.cn
2712,20221002712,何沁,女,大二,7班,2006-05-21,13796286819,20221002712@school.edu.cn
2713,20221002713,王四馥,女,大二,9班,2006-01-13,15045502751,20221002713@school.edu.cn
2714,20221002714,高志潇,男,大二,11班,2005-04-17,15598596178,20221002714@school.edu.cn
2715,20221002715,胡四宁,男,大二,11班,2005-07-31,13270986358,20221002715@school.edu.cn
2716,20221002716,彭依磊,女,大二,2班,2005-12-29,18833141435,20221002716@school.edu.cn
2717,20221002717,韩序诺,男,大二,4班,2006-10-11,17337514730,20221002717@school.edu.cn
2718,20221002718,曹菲八,男,大二,7班,2005-11-20,13560239393,20221002718@school.edu.cn
2719,20221002719,宋林瑶,女,大二,11班,2005-11-29,13666514746,20221002719@school.edu.cn
2720,20221002720,周婕磊,男,大二,11班,2006-07-03,15641082167,20221002720@school.edu.cn
2721,20221002721,高瑞,女,大二,3班,2006-06-01,18837493604,20221002721@school.edu.cn
2722,20221002722,许沁瑜,男,大二,1班,2006-09-24,15629040097,20221002722@school.edu.cn
2723,20221002723,张奚衡,男,大二,7班,2005-05-03,13028222235,20221002723@school.edu.cn
2724,20221002724,何梓,女,大二,1班,2006-11-15,13708867974,20221002724@school.edu.cn
2725,20221002725,马琳,女,大二,9班,2005-01-11,17680357939,20221002725@school.edu.cn
2726,20221002726,沈雨衡,女,大二,2班,2005-11-13,18304794019,20221002726@school.edu.cn
2727,20221002727,徐泓琪,男,大二,1班,2006-09-12,17325174237,20221002727@school.edu.cn
2728,20221002728,张颖琳,男,大二,7班,2005-04-29,15144417856,20221002728@school.edu.cn
2729,20221002729,朱彤宇,男,大二,12班,2005-12-02,18940070496,20221002729@school.edu.cn
2730,20221002730,董莹,女,大二,12班,2005-01-21,17843334431,20221002730@school.edu.cn
2731,20221002731,宋瑾铠,男,大二,10班,2005-10-25,18988053038,20221002731@school.edu.cn
2732,20221002732,曹林萱,男,大二,8班,2005-10-03,15379998914,20221002732@school.edu.cn
2733,20221002733,吕宁子,女,大二,3班,2006-01-14,13444587246,20221002733@school.edu.cn
2734,20221002734,董璇,男,大二,11班,2006-09-28,18121737391,20221002734@school.edu.cn
2735,20221002735,孙泽,男,大二,2班,2006-03-09,15352708702,20221002735@school.edu.cn
2736,20221002736,罗杰昊,女,大二,1班,2005-12-10,13397679455,20221002736@school.edu.cn
2737,20221002737,吕二五,女,大二,3班,2005-06-22,18184477043,20221002737@school.edu.cn
2738,20221002738,傅宇,男,大二,8班,2006-10-09,13742568031,20221002738@school.edu.cn
2739,20221002739,于睿,女,大二,6班,2006-11-30,18842173033,20221002739@school.edu.cn
2740,20221002740,彭一悦,女,大二,10班,2005-03-16,13600059788,20221002740@school.edu.cn
2741,20221002741,于颖然,女,大二,6班,2006-06-03,13029667420,20221002741@school.edu.cn
2742,20221002742,赵三函,女,大二,2班,2005-03-25,18694069257,20221002742@school.edu.cn
2743,20221002743,彭三琳,男,大二,3班,2005-11-07,13942950700,20221002743@school.edu.cn
2744,20221002744,王四可,女,大二,10班,2005-03-28,18657674684,20221002744@school.edu.cn
2745,20221002745,沈星,男,大二,5班,2005-02-28,18220485712,20221002745@school.edu.cn
2746,20221002746,沈林琪,女,大二,2班,2005-01-25,17762133697,20221002746@school.edu.cn
2747,20221002747,杨星,男,大二,8班,2005-01-16,13489045941,20221002747@school.edu.cn
2748,20221002748,周依滢,男,大二,2班,2005-10-02,13585667577,20221002748@school.edu.cn
2749,20221002749,胡志雯,女,大二,12班,2006-06-01,15528092986,20221002749@school.edu.cn
2750,20221002750,宋璇子,男,大二,2班,2005-03-07,15061006342,20221002750@school.edu.cn
2751,20221002751,陈佳子,男,大二,7班,2005-07-30,13060029584,20221002751@school.edu.cn
2752,20221002752,邓羽诺,女,大二,9班,2006-09-04,13273269843,20221002752@school.edu.cn
2753,20221002753,罗睿博,男,大二,5班,2005-11-29,17689054208,20221002753@school.edu.cn
2754,20221002754,郭昭,女,大二,10班,2005-08-06,13376347589,20221002754@school.edu.cn
2755,20221002755,程杰驰,男,大二,3班,2006-12-06,15867163089,20221002755@school.edu.cn
2756,20221002756,于筱珊,女,大二,6班,2005-06-02,17582958392,20221002756@school.edu.cn
2757,20221002757,高嘉,男,大二,5班,2006-01-13,13858967187,20221002757@school.edu.cn
2758,20221002758,于宁,女,大二,5班,2006-05-31,17535336195,20221002758@school.edu.cn
2759,20221002759,高瑶滢,女,大二,9班,2005-06-04,18199718553,20221002759@school.edu.cn
2760,20221002760,刘清骁,女,大二,11班,2005-04-29,18289540229,20221002760@school.edu.cn
2761,20221002761,董泽娅,男,大二,9班,2006-11-16,15339759778,20221002761@school.edu.cn
2762,20221002762,王宇铠,男,大二,9班,2006-01-05,15927719702,20221002762@school.edu.cn
2763,20221002763,吕颖瑶,女,大二,5班,2005-01-27,13217826280,20221002763@school.edu.cn
2764,20221002764,宋曜茹,男,大二,11班,2006-07-06,18565437200,20221002764@school.edu.cn
2765,20221002765,周珂二,男,大二,11班,2006-11-04,17349644175,20221002765@school.edu.cn
2766,20221002766,徐颖琪,女,大二,1班,2006-02-09,17612079313,20221002766@school.edu.cn
2767,20221002767,高文,男,大二,10班,2005-02-15,18067230926,20221002767@school.edu.cn
2768,20221002768,谢星,男,大二,6班,2006-09-22,15765251710,20221002768@school.edu.cn
2769,20221002769,邓林,女,大二,12班,2005-06-11,15034896436,20221002769@school.edu.cn
2770,20221002770,于序铠,男,大二,4班,2006-05-27,13431380160,20221002770@school.edu.cn
2771,20221002771,程序浩,男,大二,3班,2006-09-02,18022106750,20221002771@school.edu.cn
2772,20221002772,郭依妍,男,大二,9班,2006-09-26,13656546139,20221002772@school.edu.cn
2773,20221002773,孙曜文,男,大二,3班,2005-01-26,17767890753,20221002773@school.edu.cn
2774,20221002774,吕腾浩,女,大二,9班,2005-05-14,15803582788,20221002774@school.edu.cn
2775,20221002775,于璇宇,男,大二,9班,2005-10-07,18926583998,20221002775@school.edu.cn
2776,20221002776,王依阳,男,大二,6班,2005-02-07,15516787338,20221002776@school.edu.cn
2777,20221002777,高八,女,大二,10班,2005-09-21,17749867853,20221002777@school.edu.cn
2778,20221002778,沈璇衡,男,大二,6班,2005-10-22,18378932979,20221002778@school.edu.cn
2779,20221002779,高宥珊,男,大二,10班,2006-12-11,15297897942,20221002779@school.edu.cn
2780,20221002780,刘涵珊,女,大二,12班,2005-05-10,13638560302,20221002780@school.edu.cn
2781,20221002781,刘彤颖,男,大二,7班,2006-04-02,15785184911,20221002781@school.edu.cn
2782,20221002782,郑浩,女,大二,9班,2006-02-03,15135181939,20221002782@school.edu.cn
2783,20221002783,刘二帆,女,大二,11班,2005-08-10,17606387052,20221002783@school.edu.cn
2784,20221002784,朱明馥,女,大二,3班,2006-10-01,15035333833,20221002784@school.edu.cn
2785,20221002785,赵序,男,大二,8班,2005-07-21,15366102553,20221002785@school.edu.cn
2786,20221002786,冯岚琪,女,大二,7班,2005-07-12,13659395960,20221002786@school.edu.cn
2787,20221002787,郑乐蓉,女,大二,4班,2006-01-29,13192211740,20221002787@school.edu.cn
2788,20221002788,吕依衡,男,大二,3班,2006-09-26,18275238142,20221002788@school.edu.cn
2789,20221002789,董珺,男,大二,2班,2005-01-14,13995659247,20221002789@school.edu.cn
2790,20221002790,陈雅,女,大二,8班,2006-07-05,15897743183,20221002790@school.edu.cn
2791,20221002791,许璇斌,男,大二,9班,2006-06-16,15886368700,20221002791@school.edu.cn
2792,20221002792,袁欣霖,女,大二,9班,2005-05-19,18207097068,20221002792@school.edu.cn
2793,20221002793,周三霖,男,大二,11班,2005-04-03,13060943382,20221002793@school.edu.cn
2794,20221002794,许雨函,男,大二,1班,2005-11-03,18972242414,20221002794@school.edu.cn
2795,20221002795,罗明斌,男,大二,6班,2005-02-01,15358134299,20221002795@school.edu.cn
2796,20221002796,李启琳,男,大二,6班,2006-04-10,15827220086,20221002796@school.edu.cn
2797,20221002797,胡林,女,大二,10班,2005-07-17,15276288405,20221002797@school.edu.cn
2798,20221002798,林淇芸,女,大二,7班,2005-12-11,15795570376,20221002798@school.edu.cn
2799,20221002799,孙宁晨,男,大二,10班,2006-10-23,15111949680,20221002799@school.edu.cn
2800,20221002800,萧琛函,男,大二,1班,2005-08-30,18993660565,20221002800@school.edu.cn
2801,20221002801,罗五霄,男,大二,4班,2005-01-11,17669543500,20221002801@school.edu.cn
2802,20221002802,彭七铠,女,大二,3班,2006-12-19,13448514603,20221002802@school.edu.cn
2803,20221002803,吴茗凝,男,大二,5班,2006-11-03,13028312933,20221002803@school.edu.cn
2804,20221002804,王瑞颖,男,大二,10班,2005-01-15,17618890018,20221002804@school.edu.cn
2805,20221002805,朱淇辰,男,大二,8班,2006-08-14,17809551784,20221002805@school.edu.cn
2806,20221002806,林渲霖,女,大二,11班,2005-09-05,15652794221,20221002806@school.edu.cn
2807,20221002807,赵嘉骞,女,大二,1班,2006-09-17,15699250837,20221002807@school.edu.cn
2808,20221002808,吴祺渝,男,大二,12班,2006-02-06,13765709954,20221002808@school.edu.cn
2809,20221002809,梁子,女,大二,9班,2006-10-23,15635763902,20221002809@school.edu.cn
2810,20221002810,吴瑜骞,女,大二,12班,2005-08-01,18534942077,20221002810@school.edu.cn
2811,20221002811,黄嘉珏,男,大二,4班,2006-08-29,13494589370,20221002811@school.edu.cn
2812,20221002812,许宇,女,大二,2班,2006-12-08,17308540377,20221002812@school.edu.cn
2813,20221002813,彭明六,男,大二,11班,2005-03-31,15357835214,20221002813@school.edu.cn
2814,20221002814,于昭坤,男,大二,4班,2006-03-04,13177483067,20221002814@school.edu.cn
2815,20221002815,胡莹滢,男,大二,5班,2005-03-11,18056770370,20221002815@school.edu.cn
2816,20221002816,李瑞馥,男,大二,12班,2005-09-23,13268272436,20221002816@school.edu.cn
2817,20221002817,郭雅二,女,大二,6班,2005-08-05,13490946127,20221002817@school.edu.cn
2818,20221002818,彭瑜,女,大二,11班,2006-03-08,13471461322,20221002818@school.edu.cn
2819,20221002819,高曜婧,男,大二,4班,2006-01-18,15033540786,20221002819@school.edu.cn
2820,20221002820,唐嘉潇,男,大二,11班,2005-06-07,15236622727,20221002820@school.edu.cn
2821,20221002821,沈琛珊,男,大二,7班,2006-08-26,15632592394,20221002821@school.edu.cn
2822,20221002822,孙姝熙,女,大二,1班,2006-08-22,15200391932,20221002822@school.edu.cn
2823,20221002823,于七三,女,大二,2班,2006-01-07,17614174433,20221002823@school.edu.cn
2824,20221002824,罗露娜,女,大二,8班,2006-04-20,15018888921,20221002824@school.edu.cn
2825,20221002825,郭八,女,大二,12班,2005-08-17,13162481878,20221002825@school.edu.cn
2826,20221002826,曹琳晟,女,大二,1班,2005-09-04,17501346378,20221002826@school.edu.cn
2827,20221002827,傅语衡,男,大二,2班,2006-10-15,13476407717,20221002827@school.edu.cn
2828,20221002828,杨欣,男,大二,1班,2005-05-20,13966796018,20221002828@school.edu.cn
2829,20221002829,傅淇霄,男,大二,4班,2006-04-17,15900361363,20221002829@school.edu.cn
2830,20221002830,马六二,男,大二,10班,2005-11-08,17650373507,20221002830@school.edu.cn
2831,20221002831,冯雨,男,大二,5班,2005-12-09,13556397953,20221002831@school.edu.cn
2832,20221002832,谢六辰,男,大二,9班,2006-12-25,15598394851,20221002832@school.edu.cn
2833,20221002833,张颖,男,大二,4班,2006-03-24,18059629431,20221002833@school.edu.cn
2834,20221002834,胡一,女,大二,4班,2006-09-25,15982444959,20221002834@school.edu.cn
2835,20221002835,高淇馥,男,大二,6班,2006-06-25,13214232515,20221002835@school.edu.cn
2836,20221002836,陈霖祺,男,大二,6班,2006-06-01,13147490901,20221002836@school.edu.cn
2837,20221002837,梁瑶,女,大二,2班,2006-03-22,15008328018,20221002837@school.edu.cn
2838,20221002838,梁八晟,女,大二,2班,2006-09-03,13827146320,20221002838@school.edu.cn
2839,20221002839,吕语,男,大二,1班,2006-09-26,18102032277,20221002839@school.edu.cn
2840,20221002840,梁涵芸,女,大二,12班,2006-08-10,18128130129,20221002840@school.edu.cn
2841,20221002841,高景,女,大二,4班,2005-03-03,15924040653,20221002841@school.edu.cn
2842,20221002842,冯乐五,男,大二,5班,2006-12-10,13234708657,20221002842@school.edu.cn
2843,20221002843,傅欣雪,男,大二,9班,2006-03-28,15675018869,20221002843@school.edu.cn
2844,20221002844,刘昭,男,大二,12班,2005-01-31,18263541236,20221002844@school.edu.cn
2845,20221002845,曾乐,女,大二,4班,2006-01-08,13143548737,20221002845@school.edu.cn
2846,20221002846,马浩宇,男,大二,7班,2005-05-22,17561673384,20221002846@school.edu.cn
2847,20221002847,程七珊,女,大二,1班,2006-04-18,18032108043,20221002847@school.edu.cn
2848,20221002848,张宥然,男,大二,1班,2005-04-19,13230118272,20221002848@school.edu.cn
2849,20221002849,曹泓,男,大二,1班,2006-08-20,15288199834,20221002849@school.edu.cn
2850,20221002850,萧一御,男,大二,6班,2006-06-17,17779765560,20221002850@school.edu.cn
2851,20221002851,孙启熙,男,大二,7班,2006-04-14,17655953881,20221002851@school.edu.cn
2852,20221002852,梁语驰,男,大二,9班,2005-01-30,13674437841,20221002852@school.edu.cn
2853,20221002853,唐渲,女,大二,7班,2006-03-13,17840616866,20221002853@school.edu.cn
2854,20221002854,邓二五,男,大二,10班,2006-03-04,15035290098,20221002854@school.edu.cn
2855,20221002855,张瑶涵,女,大二,10班,2006-03-16,13891053572,20221002855@school.edu.cn
2856,20221002856,孙莹瑜,男,大二,1班,2006-09-08,13283204675,20221002856@school.edu.cn
2857,20221002857,宋志,男,大二,5班,2005-10-18,13610374355,20221002857@school.edu.cn
2858,20221002858,孙颖骞,男,大二,2班,2005-11-17,18528939056,20221002858@school.edu.cn
2859,20221002859,许芸辰,女,大二,6班,2006-10-17,18347758082,20221002859@school.edu.cn
2860,20221002860,谢曜,女,大二,6班,2005-04-28,18269587874,20221002860@school.edu.cn
2861,20221002861,罗雅悦,女,大二,2班,2005-08-18,15348625112,20221002861@school.edu.cn
2862,20221002862,徐景二,女,大二,10班,2006-03-09,15832342346,20221002862@school.edu.cn
2863,20221002863,陈昭,男,大二,11班,2006-09-23,15341710776,20221002863@school.edu.cn
2864,20221002864,梁八航,男,大二,3班,2005-11-16,13013456412,20221002864@school.edu.cn
2865,20221002865,黄颖瑶,女,大二,5班,2006-04-04,15022853738,20221002865@school.edu.cn
2866,20221002866,沈泓珏,男,大二,9班,2005-10-18,17793516022,20221002866@school.edu.cn
2867,20221002867,孙星萱,男,大二,3班,2006-12-12,17502290624,20221002867@school.edu.cn
2868,20221002868,罗羽霖,男,大二,7班,2006-10-13,18725390311,20221002868@school.edu.cn
2869,20221002869,宋岚骁,女,大二,1班,2006-09-04,13931365416,20221002869@school.edu.cn
2870,20221002870,邓瑞志,男,大二,3班,2005-10-09,17672315690,20221002870@school.edu.cn
2871,20221002871,梁琳希,女,大二,4班,2006-10-25,18231540943,20221002871@school.edu.cn
2872,20221002872,孙杰致,女,大二,10班,2006-04-15,18688203328,20221002872@school.edu.cn
2873,20221002873,黄曜珊,男,大二,10班,2006-03-15,17723708272,20221002873@school.edu.cn
2874,20221002874,杨子驰,男,大二,2班,2006-10-22,13620886217,20221002874@school.edu.cn
2875,20221002875,陈五,男,大二,4班,2006-06-10,17577742574,20221002875@school.edu.cn
2876,20221002876,黄锦茹,女,大二,6班,2006-09-29,15920155286,20221002876@school.edu.cn
2877,20221002877,赵宁锴,男,大二,9班,2005-04-27,17683042096,20221002877@school.edu.cn
2878,20221002878,宋佳,男,大二,9班,2005-11-11,13232160665,20221002878@school.edu.cn
2879,20221002879,陈乐博,男,大二,10班,2005-09-03,15068956255,20221002879@school.edu.cn
2880,20221002880,彭腾蓉,男,大二,10班,2005-06-09,18281512984,20221002880@school.edu.cn
2881,20221002881,林宇,女,大二,1班,2005-10-24,15309726330,20221002881@school.edu.cn
2882,20221002882,李霖欣,女,大二,4班,2006-05-11,15659125020,20221002882@school.edu.cn
2883,20221002883,谢乐,男,大二,2班,2006-01-26,15521085175,20221002883@school.edu.cn
2884,20221002884,吴淇,男,大二,2班,2006-08-25,13802833485,20221002884@school.edu.cn
2885,20221002885,朱依驰,女,大二,6班,2005-03-27,15934413441,20221002885@school.edu.cn
2886,20221002886,郭启,女,大二,10班,2006-08-04,13424074821,20221002886@school.edu.cn
2887,20221002887,赵雅晨,女,大二,3班,2006-10-24,15047567848,20221002887@school.edu.cn
2888,20221002888,杨雨帆,女,大二,10班,2005-12-01,17398012854,20221002888@school.edu.cn
2889,20221002889,于清,女,大二,3班,2006-12-01,18588566864,20221002889@school.edu.cn
2890,20221002890,程岚霄,女,大二,8班,2005-07-02,18698714754,20221002890@school.edu.cn
2891,20221002891,许睿五,女,大二,12班,2005-05-29,18188409506,20221002891@school.edu.cn
2892,20221002892,吕三霄,男,大二,7班,2006-12-04,15945391836,20221002892@school.edu.cn
2893,20221002893,张二,女,大二,3班,2006-07-27,18617234088,20221002893@school.edu.cn
2894,20221002894,张梓,男,大二,6班,2005-01-10,15010208899,20221002894@school.edu.cn
2895,20221002895,谢一,男,大二,7班,2006-10-11,15536258032,20221002895@school.edu.cn
2896,20221002896,吴景,女,大二,6班,2006-05-16,15949191006,20221002896@school.edu.cn
2897,20221002897,程四,女,大二,12班,2005-12-02,13794781000,20221002897@school.edu.cn
2898,20221002898,张志,男,大二,8班,2005-07-16,15591020186,20221002898@school.edu.cn
2899,20221002899,徐凯悦,男,大二,1班,2006-09-11,18878224110,20221002899@school.edu.cn
2900,20221002900,傅七三,男,大二,9班,2006-01-11,13613426171,20221002900@school.edu.cn
2901,20221002901,萧瑾子,男,大二,3班,2006-02-07,18948507104,20221002901@school.edu.cn
2902,20221002902,李璇,女,大二,4班,2005-01-23,13697069733,20221002902@school.edu.cn
2903,20221002903,梁婕阳,女,大二,3班,2005-08-06,15251782442,20221002903@school.edu.cn
2904,20221002904,萧依,男,大二,1班,2005-10-26,15972649770,20221002904@school.edu.cn
2905,20221002905,罗珂,男,大二,5班,2006-02-07,13729348920,20221002905@school.edu.cn
2906,20221002906,周浩子,男,大二,1班,2005-05-19,17860791423,20221002906@school.edu.cn
2907,20221002907,何珂蓉,男,大二,6班,2006-04-14,13001925123,20221002907@school.edu.cn
2908,20221002908,李瑶九,女,大二,4班,2005-06-07,18810675932,20221002908@school.edu.cn
2909,20221002909,曹羽航,女,大二,7班,2006-03-20,18711909543,20221002909@school.edu.cn
2910,20221002910,萧昭轩,女,大二,3班,2005-07-03,15025897762,20221002910@school.edu.cn
2911,20221002911,董思,女,大二,1班,2005-07-18,17531498693,20221002911@school.edu.cn
2912,20221002912,郭林钰,男,大二,8班,2006-01-02,18020383014,20221002912@school.edu.cn
2913,20221002913,胡宥凯,男,大二,11班,2005-03-06,18229349571,20221002913@school.edu.cn
2914,20221002914,梁欣磊,男,大二,5班,2005-03-04,18113567084,20221002914@school.edu.cn
2915,20221002915,刘芸可,女,大二,11班,2005-11-26,15031054129,20221002915@school.edu.cn
2916,20221002916,李祺雯,男,大二,8班,2005-02-24,18566421393,20221002916@school.edu.cn
2917,20221002917,宋九,女,大二,6班,2006-07-30,13205219192,20221002917@school.edu.cn
2918,20221002918,曹宸辰,女,大二,10班,2006-10-19,15083656098,20221002918@school.edu.cn
2919,20221002919,陈雨熙,男,大二,2班,2005-09-21,13578682483,20221002919@school.edu.cn
2920,20221002920,刘子,男,大二,4班,2006-12-14,13744167038,20221002920@school.edu.cn
2921,20221002921,曾宁九,男,大二,6班,2006-02-17,13625512614,20221002921@school.edu.cn
2922,20221002922,傅琳帆,女,大二,12班,2006-01-24,13127558622,20221002922@school.edu.cn
2923,20221002923,杨七,女,大二,9班,2005-02-20,13542241524,20221002923@school.edu.cn
2924,20221002924,朱雅璐,男,大二,2班,2006-04-19,13178737874,20221002924@school.edu.cn
2925,20221002925,韩七,男,大二,10班,2006-05-26,13960894995,20221002925@school.edu.cn
2926,20221002926,徐清茹,男,大二,9班,2006-12-29,15124933519,20221002926@school.edu.cn
2927,20221002927,杨文雪,男,大二,4班,2006-12-05,15101202258,20221002927@school.edu.cn
2928,20221002928,罗瑶,男,大二,12班,2006-10-05,13346180868,20221002928@school.edu.cn
2929,20221002929,罗霖浩,男,大二,3班,2006-04-30,18926283895,20221002929@school.edu.cn
2930,20221002930,陈琳九,男,大二,3班,2005-07-23,15550637942,20221002930@school.edu.cn
2931,20221002931,彭露,女,大二,4班,2005-04-07,15225013310,20221002931@school.edu.cn
2932,20221002932,曾若,男,大二,6班,2006-09-07,13011098925,20221002932@school.edu.cn
2933,20221002933,吕九致,男,大二,12班,2006-11-13,13291431667,20221002933@school.edu.cn
2934,20221002934,傅睿,男,大二,10班,2005-10-21,18591802945,20221002934@school.edu.cn
2935,20221002935,陈渲八,男,大二,2班,2006-02-06,13221180439,20221002935@school.edu.cn
2936,20221002936,徐景,男,大二,5班,2005-06-11,15095061893,20221002936@school.edu.cn
2937,20221002937,沈凯渝,女,大二,10班,2005-04-08,13516327395,20221002937@school.edu.cn
2938,20221002938,程彦,男,大二,5班,2006-06-23,18286875974,20221002938@school.edu.cn
2939,20221002939,袁欣,男,大二,12班,2005-04-01,13181098144,20221002939@school.edu.cn
2940,20221002940,谢宁祺,男,大二,11班,2005-05-10,13056424575,20221002940@school.edu.cn
2941,20221002941,郑彤辰,男,大二,11班,2005-01-11,15604368693,20221002941@school.edu.cn
2942,20221002942,冯星霖,男,大二,11班,2006-12-14,18938179571,20221002942@school.edu.cn
2943,20221002943,罗颖晟,男,大二,7班,2006-01-23,17689464554,20221002943@school.edu.cn
2944,20221002944,傅文磊,男,大二,4班,2005-07-03,17381108474,20221002944@school.edu.cn
2945,20221002945,沈渲骞,男,大二,8班,2006-10-05,13565360225,20221002945@school.edu.cn
2946,20221002946,陈宁铠,女,大二,9班,2005-03-06,18309259559,20221002946@school.edu.cn
2947,20221002947,陈婷斌,男,大二,2班,2006-01-03,15170228331,20221002947@school.edu.cn
2948,20221002948,许彦渝,女,大二,10班,2006-09-15,13173392580,20221002948@school.edu.cn
2949,20221002949,胡彦函,男,大二,7班,2006-01-27,17674218496,20221002949@school.edu.cn
2950,20221002950,张序博,男,大二,4班,2005-01-04,17806276108,20221002950@school.edu.cn
2951,20221002951,谢琛焱,男,大二,4班,2006-12-20,18726474231,20221002951@school.edu.cn
2952,20221002952,冯晨,男,大二,10班,2005-05-03,13831702367,20221002952@school.edu.cn
2953,20221002953,马凯骐,女,大二,7班,2006-07-09,18992541011,20221002953@school.edu.cn
2954,20221002954,周曜,女,大二,9班,2006-03-05,13918545260,20221002954@school.edu.cn
2955,20221002955,萧七涵,女,大二,2班,2006-12-02,18131147555,20221002955@school.edu.cn
2956,20221002956,许宁珏,男,大二,6班,2006-10-19,13654589466,20221002956@school.edu.cn
2957,20221002957,高涵芷,男,大二,7班,2006-01-01,18081083693,20221002957@school.edu.cn
2958,20221002958,罗琛,女,大二,10班,2006-10-20,13562865271,20221002958@school.edu.cn
2959,20221002959,黄景浩,男,大二,7班,2006-05-28,17391948128,20221002959@school.edu.cn
2960,20221002960,朱志潇,女,大二,4班,2006-12-08,15546006026,20221002960@school.edu.cn
2961,20221002961,赵泽文,女,大二,6班,2005-09-14,17381680834,20221002961@school.edu.cn
2962,20221002962,周晨涵,男,大二,1班,2005-01-08,18999863647,20221002962@school.edu.cn
2963,20221002963,董婕娜,男,大二,8班,2005-06-25,18325930235,20221002963@school.edu.cn
2964,20221002964,冯腾,男,大二,8班,2006-07-15,15716878960,20221002964@school.edu.cn
2965,20221002965,马颖彤,女,大二,8班,2006-03-31,15035549534,20221002965@school.edu.cn
2966,20221002966,唐涵七,女,大二,4班,2005-09-07,15285948441,20221002966@school.edu.cn
2967,20221002967,曹雪文,女,大二,4班,2006-12-13,15222633988,20221002967@school.edu.cn
2968,20221002968,吕露钰,男,大二,5班,2006-11-18,15309876915,20221002968@school.edu.cn
2969,20221002969,周雅御,男,大二,5班,2006-11-11,18277455654,20221002969@school.edu.cn
2970,20221002970,周林彤,男,大二,8班,2005-03-29,17702933712,20221002970@school.edu.cn
2971,20221002971,谢六,女,大二,2班,2005-07-22,18993075397,20221002971@school.edu.cn
2972,20221002972,黄婕晨,女,大二,5班,2006-11-19,13734780717,20221002972@school.edu.cn
2973,20221002973,郭锦,男,大二,5班,2006-07-05,18067163137,20221002973@school.edu.cn
2974,20221002974,傅梓诺,男,大二,10班,2006-05-16,15031945591,20221002974@school.edu.cn
2975,20221002975,许琳,男,大二,2班,2006-11-14,15869326722,20221002975@school.edu.cn
2976,20221002976,马梓志,女,大二,10班,2005-08-27,18081808085,20221002976@school.edu.cn
2977,20221002977,邓祺洁,女,大二,8班,2005-12-28,13511060176,20221002977@school.edu.cn
2978,20221002978,吴彦娅,女,大二,3班,2005-04-06,13491305360,20221002978@school.edu.cn
2979,20221002979,冯星娅,女,大二,6班,2006-04-03,18190478984,20221002979@school.edu.cn
2980,20221002980,周五悦,男,大二,6班,2005-05-17,18877594288,20221002980@school.edu.cn
2981,20221002981,刘宇馥,女,大二,1班,2006-05-03,17889238776,20221002981@school.edu.cn
2982,20221002982,沈乐翎,男,大二,10班,2006-12-26,18900055200,20221002982@school.edu.cn
2983,20221002983,袁乐可,男,大二,11班,2005-05-17,13648662197,20221002983@school.edu.cn
2984,20221002984,袁奕六,男,大二,10班,2005-06-15,13409209997,20221002984@school.edu.cn
2985,20221002985,杨颖铠,男,大二,8班,2006-06-08,13877858879,20221002985@school.edu.cn
2986,20221002986,傅嘉,男,大二,3班,2006-02-09,15818468350,20221002986@school.edu.cn
2987,20221002987,黄浩,女,大二,4班,2006-11-04,15011820640,20221002987@school.edu.cn
2988,20221002988,邓浩,男,大二,6班,2005-09-18,13238537778,20221002988@school.edu.cn
2989,20221002989,陈珂,女,大二,2班,2006-11-26,13130185289,20221002989@school.edu.cn
2990,20221002990,孙宇衡,女,大二,2班,2006-05-24,13686072601,20221002990@school.edu.cn
2991,20221002991,何曜九,女,大二,5班,2006-06-20,13935065617,20221002991@school.edu.cn
2992,20221002992,谢霖骐,男,大二,3班,2005-12-22,17333705025,20221002992@school.edu.cn
2993,20221002993,徐启轩,女,大二,1班,2005-06-04,13643152717,20221002993@school.edu.cn
2994,20221002994,于芸斌,女,大二,4班,2005-06-07,18079977929,20221002994@school.edu.cn
2995,20221002995,吕启,男,大二,6班,2006-10-05,13632837096,20221002995@school.edu.cn
2996,20221002996,曹九明,男,大二,2班,2006-08-12,13422672185,20221002996@school.edu.cn
2997,20221002997,许思御,女,大二,3班,2006-06-01,13654304026,20221002997@school.edu.cn
2998,20221002998,沈启志,男,大二,10班,2005-05-28,15090590475,20221002998@school.edu.cn
2999,20221002999,曾瑾,男,大二,9班,2006-03-28,18781157323,20221002999@school.edu.cn
3000,20221003000,唐二芸,男,大二,1班,2006-11-01,13848812047,20221003000@school.edu.cn
3001,20221003001,韩语芸,男,大二,11班,2006-11-24,15144623124,20221003001@school.edu.cn
3002,20221003002,梁曜怡,女,大二,4班,2005-09-08,18795246252,20221003002@school.edu.cn
3003,20221003003,朱珺,男,大二,3班,2006-05-23,13536462427,20221003003@school.edu.cn
3004,20221003004,韩杰四,女,大二,6班,2005-09-03,15554623368,20221003004@school.edu.cn
3005,20221003005,谢浩,女,大二,7班,2005-06-14,13145072347,20221003005@school.edu.cn
3006,20221003006,周五,女,大二,1班,2006-08-18,13622369040,20221003006@school.edu.cn
3007,20221003007,傅博婧,女,大二,9班,2005-06-24,13732127698,20221003007@school.edu.cn
3008,20221003008,傅翊雪,女,大二,2班,2006-06-11,18383473544,20221003008@school.edu.cn
3009,20221003009,邓雪娅,男,大二,5班,2005-10-15,18208264588,20221003009@school.edu.cn
3010,20221003010,王颖,男,大二,7班,2005-11-27,18208971079,20221003010@school.edu.cn
3011,20221003011,罗露致,女,大二,1班,2006-05-11,13573508102,20221003011@school.edu.cn
3012,20221003012,徐露渝,男,大二,6班,2006-10-05,18999772381,20221003012@school.edu.cn
3013,20221003013,吴宥然,男,大二,12班,2005-06-18,18193198748,20221003013@school.edu.cn
3014,20221003014,袁依婧,男,大二,1班,2006-10-18,13556254646,20221003014@school.edu.cn
3015,20221003015,彭莹明,女,大二,12班,2005-07-17,13599736812,20221003015@school.edu.cn
3016,20221003016,陈浩,男,大二,12班,2006-07-19,18155237839,20221003016@school.edu.cn
3017,20221003017,吕宁,女,大二,11班,2006-04-15,17852525356,20221003017@school.edu.cn
3018,20221003018,萧景瑜,女,大二,12班,2005-11-04,13034922545,20221003018@school.edu.cn
3019,20221003019,林姝滢,女,大二,3班,2005-06-04,17518345411,20221003019@school.edu.cn
3020,20221003020,孙曜铠,男,大二,5班,2005-07-03,17682760096,20221003020@school.edu.cn
3021,20221003021,孙渲霖,女,大二,2班,2006-07-27,13267732106,20221003021@school.edu.cn
3022,20221003022,沈珺驰,男,大二,11班,2006-11-20,17506268339,20221003022@school.edu.cn
3023,20221003023,郭渲涵,女,大二,3班,2006-08-28,18128422968,20221003023@school.edu.cn
3024,20221003024,傅杰,男,大二,12班,2006-12-04,17850070612,20221003024@school.edu.cn
3025,20221003025,谢思希,女,大二,10班,2006-03-20,17329251481,20221003025@school.edu.cn
3026,20221003026,赵乐,女,大二,10班,2006-09-03,18816928278,20221003026@school.edu.cn
3027,20221003027,董姝希,女,大二,12班,2006-01-12,18194101995,20221003027@school.edu.cn
3028,20221003028,刘九驰,男,大二,8班,2006-10-01,18708359683,20221003028@school.edu.cn
3029,20221003029,沈依,男,大二,10班,2006-08-15,15284012560,20221003029@school.edu.cn
3030,20221003030,高七煜,女,大二,7班,2006-08-27,13967532841,20221003030@school.edu.cn
3031,20221003031,刘露九,女,大二,12班,2006-10-24,17546052790,20221003031@school.edu.cn
3032,20221003032,傅莹,男,大二,3班,2006-06-02,13366546859,20221003032@school.edu.cn
3033,20221003033,韩志二,女,大二,6班,2006-06-23,13154023600,20221003033@school.edu.cn
3034,20221003034,刘五怡,女,大二,11班,2005-07-21,18175530947,20221003034@school.edu.cn
3035,20221003035,吕睿坤,女,大二,2班,2006-09-08,15262353582,20221003035@school.edu.cn
3036,20221003036,萧杰,男,大二,3班,2006-09-25,18784174690,20221003036@school.edu.cn
3037,20221003037,吴睿,女,大二,2班,2006-02-20,13241918845,20221003037@school.edu.cn
3038,20221003038,曹茗五,男,大二,10班,2006-04-20,17816708965,20221003038@school.edu.cn
3039,20221003039,李霖,女,大二,6班,2005-08-15,13031397546,20221003039@school.edu.cn
3040,20221003040,傅婕洁,女,大二,12班,2006-04-21,18380057498,20221003040@school.edu.cn
3041,20221003041,梁子,男,大二,4班,2005-10-06,18270806211,20221003041@school.edu.cn
3042,20221003042,沈彦宁,男,大二,12班,2006-01-02,18267794052,20221003042@school.edu.cn
3043,20221003043,董浩驰,女,大二,5班,2006-12-21,13755688049,20221003043@school.edu.cn
3044,20221003044,胡明哲,女,大二,7班,2005-09-13,13997416437,20221003044@school.edu.cn
3045,20221003045,董嘉,女,大二,11班,2005-05-20,15949830422,20221003045@school.edu.cn
3046,20221003046,孙依琪,男,大二,1班,2006-04-25,18630024607,20221003046@school.edu.cn
3047,20221003047,韩序涵,男,大二,9班,2006-10-25,18995195410,20221003047@school.edu.cn
3048,20221003048,韩茗衡,男,大二,9班,2005-06-25,15833102747,20221003048@school.edu.cn
3049,20221003049,郭宁娜,女,大二,1班,2006-03-15,13601369846,20221003049@school.edu.cn
3050,20221003050,郑三,男,大二,1班,2005-03-30,15656111003,20221003050@school.edu.cn
3051,20221003051,孙清,男,大二,5班,2005-08-22,15738237022,20221003051@school.edu.cn
3052,20221003052,陈若,女,大二,5班,2006-03-23,17725576775,20221003052@school.edu.cn
3053,20221003053,朱杰凯,女,大二,3班,2005-06-01,17395210234,20221003053@school.edu.cn
3054,20221003054,冯彦翎,男,大二,7班,2005-03-02,13850607256,20221003054@school.edu.cn
3055,20221003055,袁岚,男,大二,7班,2005-06-04,17733260023,20221003055@school.edu.cn
3056,20221003056,曹杰六,男,大二,4班,2005-01-19,15235369935,20221003056@school.edu.cn
3057,20221003057,于明可,女,大二,10班,2005-07-31,13996706320,20221003057@school.edu.cn
3058,20221003058,彭瑜,女,大二,12班,2005-10-20,18903013541,20221003058@school.edu.cn
3059,20221003059,李瑾,男,大二,1班,2005-08-21,13054113744,20221003059@school.edu.cn
3060,20221003060,邓泽璐,女,大二,11班,2005-10-12,13860735831,20221003060@school.edu.cn
3061,20221003061,郭泓三,女,大二,10班,2006-09-06,17897035490,20221003061@school.edu.cn
3062,20221003062,曹欣琪,男,大二,5班,2006-06-19,13879456242,20221003062@school.edu.cn
3063,20221003063,何曜,男,大二,10班,2005-05-08,17722755719,20221003063@school.edu.cn
3064,20221003064,林三涵,男,大二,6班,2006-11-06,13209676897,20221003064@school.edu.cn
3065,20221003065,谢欣昊,男,大二,5班,2005-01-02,13548266576,20221003065@school.edu.cn
3066,20221003066,许序,女,大二,3班,2006-05-09,15069175175,20221003066@school.edu.cn
3067,20221003067,李五洁,男,大二,1班,2005-10-07,15842708952,20221003067@school.edu.cn
3068,20221003068,赵姝珊,女,大二,4班,2006-10-07,15035690830,20221003068@school.edu.cn
3069,20221003069,罗六,男,大二,4班,2005-02-06,13669572511,20221003069@school.edu.cn
3070,20221003070,唐淇四,女,大二,10班,2005-08-04,18818245347,20221003070@school.edu.cn
3071,20221003071,邓乐钰,女,大二,3班,2005-12-17,18238099044,20221003071@school.edu.cn
3072,20221003072,赵思衡,男,大二,7班,2006-11-15,13603759573,20221003072@school.edu.cn
3073,20221003073,彭星宇,男,大二,4班,2005-08-21,15882062149,20221003073@school.edu.cn
3074,20221003074,沈雨,男,大二,5班,2005-12-26,18171318309,20221003074@school.edu.cn
3075,20221003075,韩姝骐,男,大二,8班,2006-11-04,18373891103,20221003075@school.edu.cn
3076,20221003076,王渲哲,男,大二,7班,2006-10-11,17358987964,20221003076@school.edu.cn
3077,20221003077,郭霖,女,大二,9班,2006-04-26,18944403380,20221003077@school.edu.cn
3078,20221003078,罗乐,男,大二,12班,2006-02-24,17795405670,20221003078@school.edu.cn
3079,20221003079,郑雨,女,大二,4班,2006-01-20,13240136633,20221003079@school.edu.cn
3080,20221003080,罗霖潇,男,大二,8班,2006-05-13,13284806868,20221003080@school.edu.cn
3081,20221003081,董景希,男,大二,5班,2006-05-02,15137836241,20221003081@school.edu.cn
3082,20221003082,董子一,男,大二,5班,2006-06-12,18550633871,20221003082@school.edu.cn
3083,20221003083,郭雨蓉,男,大二,6班,2006-10-20,13432418150,20221003083@school.edu.cn
3084,20221003084,程八凝,女,大二,7班,2005-05-20,18012294968,20221003084@school.edu.cn
3085,20221003085,林婷驰,男,大二,6班,2005-06-02,13259673584,20221003085@school.edu.cn
3086,20221003086,李启,女,大二,5班,2005-08-02,17644559500,20221003086@school.edu.cn
3087,20221003087,唐晨熙,男,大二,4班,2006-02-17,17552449962,20221003087@school.edu.cn
3088,20221003088,高杰阳,女,大二,9班,2006-06-10,13617771435,20221003088@school.edu.cn
3089,20221003089,董三,男,大二,5班,2005-05-17,18022682189,20221003089@school.edu.cn
3090,20221003090,韩璇霄,女,大二,11班,2005-03-22,13996162458,20221003090@school.edu.cn
3091,20221003091,朱睿,女,大二,9班,2006-03-05,18858539839,20221003091@school.edu.cn
3092,20221003092,林霖子,女,大二,2班,2006-07-30,18545514579,20221003092@school.edu.cn
3093,20221003093,张三茹,男,大二,3班,2005-06-17,15251492822,20221003093@school.edu.cn
3094,20221003094,刘六,女,大二,12班,2006-05-23,18723285786,20221003094@school.edu.cn
3095,20221003095,吕淇祺,男,大二,4班,2006-07-19,13622517867,20221003095@school.edu.cn
3096,20221003096,王三瑜,女,大二,9班,2006-04-17,15924016254,20221003096@school.edu.cn
3097,20221003097,程一衡,男,大二,4班,2005-11-23,15269028414,20221003097@school.edu.cn
3098,20221003098,马乐明,男,大二,11班,2006-04-09,18635478102,20221003098@school.edu.cn
3099,20221003099,萧星彤,男,大二,11班,2006-07-24,15145799530,20221003099@school.edu.cn
3100,20221003100,李睿,女,大二,12班,2005-05-09,18167021177,20221003100@school.edu.cn
3101,20221003101,吕昭,男,大二,2班,2005-04-11,18263459207,20221003101@school.edu.cn
3102,20221003102,程瑜霖,男,大二,6班,2006-06-13,18732642911,20221003102@school.edu.cn
3103,20221003103,朱涵,男,大二,6班,2005-06-02,18169947856,20221003103@school.edu.cn
3104,20221003104,李星,男,大二,6班,2005-02-13,17825126252,20221003104@school.edu.cn
3105,20221003105,林佳,男,大二,8班,2006-07-13,18650466914,20221003105@school.edu.cn
3106,20221003106,袁八滢,男,大二,11班,2005-06-02,15253751773,20221003106@school.edu.cn
3107,20221003107,彭梓,女,大二,12班,2005-03-01,18546785209,20221003107@school.edu.cn
3108,20221003108,杨颖文,女,大二,10班,2006-03-17,13960031711,20221003108@school.edu.cn
3109,20221003109,李瑶八,女,大二,6班,2006-07-27,18767200550,20221003109@school.edu.cn
3110,20221003110,张岚,女,大二,9班,2006-05-01,13372493523,20221003110@school.edu.cn
3111,20221003111,彭涵三,男,大二,1班,2005-10-15,13863599707,20221003111@school.edu.cn
3112,20221003112,李思,男,大二,12班,2005-12-03,18024399073,20221003112@school.edu.cn
3113,20221003113,何泓妍,女,大二,1班,2005-03-08,13842224819,20221003113@school.edu.cn
3114,20221003114,曾三亦,男,大二,8班,2005-05-27,13596209062,20221003114@school.edu.cn
3115,20221003115,朱睿翎,女,大二,4班,2005-07-02,18896283020,20221003115@school.edu.cn
3116,20221003116,程琳峻,男,大二,2班,2005-02-28,18881590585,20221003116@school.edu.cn
3117,20221003117,韩璇馥,女,大二,11班,2006-08-24,13759937964,20221003117@school.edu.cn
3118,20221003118,董璇雪,男,大二,5班,2006-09-26,15552492528,20221003118@school.edu.cn
3119,20221003119,黄清,女,大二,7班,2005-09-27,13250523244,20221003119@school.edu.cn
3120,20221003120,梁博磊,男,大二,7班,2006-05-27,15332236469,20221003120@school.edu.cn
3121,20221003121,梁志,男,大二,7班,2006-01-22,13776417550,20221003121@school.edu.cn
3122,20221003122,萧婷,男,大二,3班,2005-02-15,18676592286,20221003122@school.edu.cn
3123,20221003123,郑杰萌,女,大二,12班,2005-06-02,15314750157,20221003123@school.edu.cn
3124,20221003124,宋茗琳,男,大二,7班,2005-11-01,17792747448,20221003124@school.edu.cn
3125,20221003125,沈晨衡,男,大二,4班,2005-11-18,15809466135,20221003125@school.edu.cn
3126,20221003126,彭雨驰,男,大二,5班,2005-04-24,15646838739,20221003126@school.edu.cn
3127,20221003127,吴宁函,女,大二,11班,2006-04-09,13248737722,20221003127@school.edu.cn
3128,20221003128,袁彦,男,大二,6班,2006-11-23,15899182229,20221003128@school.edu.cn
3129,20221003129,吕雅睿,女,大二,1班,2006-09-21,18085250387,20221003129@school.edu.cn
3130,20221003130,沈妍晨,女,大二,6班,2005-04-25,15382863827,20221003130@school.edu.cn
3131,20221003131,朱珺凯,男,大二,10班,2005-10-10,17703457051,20221003131@school.edu.cn
3132,20221003132,曹祺,女,大二,8班,2006-02-14,15901420877,20221003132@school.edu.cn
3133,20221003133,朱七焱,男,大二,1班,2005-04-27,17390673643,20221003133@school.edu.cn
3134,20221003134,曹淇璐,女,大二,8班,2005-11-21,13641637003,20221003134@school.edu.cn
3135,20221003135,傅嫣,女,大二,5班,2006-05-13,13018597251,20221003135@school.edu.cn
3136,20221003136,宋宥一,女,大二,3班,2006-09-18,17749670963,20221003136@school.edu.cn
3137,20221003137,袁曜骁,男,大二,6班,2006-12-25,13273886260,20221003137@school.edu.cn
3138,20221003138,梁奕,女,大二,5班,2005-08-16,15176842139,20221003138@school.edu.cn
3139,20221003139,邓子彤,男,大二,10班,2005-07-08,18090787113,20221003139@school.edu.cn
3140,20221003140,周佳斌,男,大二,4班,2006-07-30,18774284136,20221003140@school.edu.cn
3141,20221003141,朱四,女,大二,1班,2006-09-28,18308324468,20221003141@school.edu.cn
3142,20221003142,吴宥然,女,大二,3班,2005-11-24,15512801798,20221003142@school.edu.cn
3143,20221003143,高沁八,女,大二,11班,2005-09-13,15331165577,20221003143@school.edu.cn
3144,20221003144,刘嫣,女,大二,2班,2005-02-16,18211849202,20221003144@school.edu.cn
3145,20221003145,董筱雪,男,大二,5班,2006-10-19,17851736314,20221003145@school.edu.cn
3146,20221003146,梁浩可,女,大二,12班,2005-05-10,18950434295,20221003146@school.edu.cn
3147,20221003147,程凯宁,女,大二,5班,2006-10-28,18713899576,20221003147@school.edu.cn
3148,20221003148,彭莹,女,大二,11班,2005-05-10,13990473528,20221003148@school.edu.cn
3149,20221003149,许琳欣,女,大二,7班,2006-07-13,17846724836,20221003149@school.edu.cn
3150,20221003150,马泓,女,大二,9班,2006-08-18,15584404684,20221003150@school.edu.cn
3151,20221003151,李佳晨,女,大二,9班,2005-07-19,13217160155,20221003151@school.edu.cn
3152,20221003152,程晨腾,女,大二,6班,2006-06-10,17512452499,20221003152@school.edu.cn
3153,20221003153,董泓,女,大二,4班,2006-02-06,15379289176,20221003153@school.edu.cn
3154,20221003154,郑乐,女,大二,11班,2006-10-15,18765829117,20221003154@school.edu.cn
3155,20221003155,孙宥,女,大二,2班,2005-03-25,18817523947,20221003155@school.edu.cn
3156,20221003156,王博,女,大二,12班,2005-10-25,17700677476,20221003156@school.edu.cn
3157,20221003157,邓颖滢,女,大二,5班,2006-10-17,15076554382,20221003157@school.edu.cn
3158,20221003158,何筱诺,女,大二,6班,2005-07-13,15185349846,20221003158@school.edu.cn
3159,20221003159,罗文凝,男,大二,10班,2005-01-29,13707907856,20221003159@school.edu.cn
3160,20221003160,吴淇,男,大二,8班,2006-04-01,13914379857,20221003160@school.edu.cn
3161,20221003161,吴浩轩,男,大二,10班,2006-04-04,18195534257,20221003161@school.edu.cn
3162,20221003162,杨佳诺,男,大二,8班,2006-09-15,18145210108,20221003162@school.edu.cn
3163,20221003163,梁杰亦,女,大二,3班,2006-12-15,15596479183,20221003163@school.edu.cn
3164,20221003164,刘嫣芸,女,大二,1班,2005-05-02,18939427351,20221003164@school.edu.cn
3165,20221003165,黄语磊,女,大二,8班,2005-02-05,15126397050,20221003165@school.edu.cn
3166,20221003166,宋宇,女,大二,8班,2005-05-19,17637862353,20221003166@school.edu.cn
3167,20221003167,谢彦,男,大二,10班,2006-05-30,15144128303,20221003167@school.edu.cn
3168,20221003168,郑曜轩,男,大二,12班,2005-07-24,15374103166,20221003168@school.edu.cn
3169,20221003169,董晨轩,男,大二,12班,2006-04-21,18777441379,20221003169@school.edu.cn
3170,20221003170,董启,女,大二,9班,2005-10-09,13477808190,20221003170@school.edu.cn
3171,20221003171,赵若,女,大二,7班,2006-12-29,15230802331,20221003171@school.edu.cn
3172,20221003172,于明祺,男,大二,3班,2006-02-12,15116795827,20221003172@school.edu.cn
3173,20221003173,唐清,女,大二,1班,2006-03-27,18574997553,20221003173@school.edu.cn
3174,20221003174,马五宁,男,大二,8班,2006-05-23,13162672735,20221003174@school.edu.cn
3175,20221003175,唐瑶,男,大二,1班,2006-05-29,13194689801,20221003175@school.edu.cn
3176,20221003176,刘昭驰,女,大二,8班,2006-12-02,15852801209,20221003176@school.edu.cn
3177,20221003177,郑羽,女,大二,8班,2006-12-25,13184208461,20221003177@school.edu.cn
3178,20221003178,徐博琪,女,大二,8班,2005-03-15,15242797954,20221003178@school.edu.cn
3179,20221003179,程雅,女,大二,1班,2006-06-02,17713514380,20221003179@school.edu.cn
3180,20221003180,曾六可,女,大二,1班,2005-05-31,15350230586,20221003180@school.edu.cn
3181,20221003181,徐宁雯,女,大二,7班,2005-12-15,13385391948,20221003181@school.edu.cn
3182,20221003182,黄锦恺,女,大二,10班,2006-10-30,18219461738,20221003182@school.edu.cn
3183,20221003183,孙宇,女,大二,9班,2005-01-16,17677287837,20221003183@school.edu.cn
3184,20221003184,梁涵,男,大二,5班,2006-08-14,13221597278,20221003184@school.edu.cn
3185,20221003185,谢林,女,大二,3班,2006-08-31,13727415400,20221003185@school.edu.cn
3186,20221003186,吴清凝,女,大二,8班,2006-09-23,18877267790,20221003186@school.edu.cn
3187,20221003187,郭宁,男,大二,10班,2006-02-11,15129077770,20221003187@school.edu.cn
3188,20221003188,徐杰雪,男,大二,4班,2005-02-19,13587379747,20221003188@school.edu.cn
3189,20221003189,程姝子,女,大二,10班,2005-01-06,13599493316,20221003189@school.edu.cn
3190,20221003190,沈颖辰,女,大二,3班,2006-12-19,13063765981,20221003190@school.edu.cn
3191,20221003191,谢姝琪,女,大二,2班,2005-01-29,17766704191,20221003191@school.edu.cn
3192,20221003192,吕博驰,男,大二,6班,2005-08-15,18770024838,20221003192@school.edu.cn
3193,20221003193,杨文睿,女,大二,4班,2006-08-23,13013282074,20221003193@school.edu.cn
3194,20221003194,马茗霄,女,大二,5班,2005-06-16,18713669159,20221003194@school.edu.cn
3195,20221003195,高莹,男,大二,9班,2006-03-06,13652107737,20221003195@school.edu.cn
3196,20221003196,徐欣,女,大二,2班,2006-08-28,13026525878,20221003196@school.edu.cn
3197,20221003197,沈文,男,大二,7班,2006-12-14,18510778031,20221003197@school.edu.cn
3198,20221003198,曾宸悦,男,大二,6班,2005-06-27,13832577581,20221003198@school.edu.cn
3199,20221003199,张泓晟,女,大二,4班,2005-10-03,18327403767,20221003199@school.edu.cn
3200,20221003200,赵六瑾,女,大二,6班,2006-12-18,15726976350,20221003200@school.edu.cn
3201,20221003201,吕二宁,男,大二,5班,2005-11-29,17523484236,20221003201@school.edu.cn
3202,20221003202,袁瑾滢,女,大二,5班,2005-06-09,18070786549,20221003202@school.edu.cn
3203,20221003203,吴彦博,男,大二,11班,2006-12-13,13004039415,20221003203@school.edu.cn
3204,20221003204,萧志萱,男,大二,3班,2006-02-14,18737689182,20221003204@school.edu.cn
3205,20221003205,高晨磊,女,大二,9班,2006-01-31,13922478167,20221003205@school.edu.cn
3206,20221003206,黄明,男,大二,12班,2005-03-07,15227655913,20221003206@school.edu.cn
3207,20221003207,周芸致,男,大二,11班,2006-06-28,15574620811,20221003207@school.edu.cn
3208,20221003208,韩三瑜,男,大二,3班,2005-10-24,18775639721,20221003208@school.edu.cn
3209,20221003209,冯祺雯,女,大二,7班,2006-11-19,15623956468,20221003209@school.edu.cn
3210,20221003210,萧羽四,男,大二,11班,2006-06-07,15857922395,20221003210@school.edu.cn
3211,20221003211,傅珂,男,大二,7班,2006-09-25,15915182696,20221003211@school.edu.cn
3212,20221003212,杨明轩,男,大二,1班,2006-09-05,15323747648,20221003212@school.edu.cn
3213,20221003213,袁莹瑶,男,大二,5班,2005-02-27,13188015192,20221003213@school.edu.cn
3214,20221003214,于羽,男,大二,4班,2006-01-02,13040569817,20221003214@school.edu.cn
3215,20221003215,梁凯明,男,大二,2班,2005-05-12,15036158547,20221003215@school.edu.cn
3216,20221003216,曹霖,男,大二,3班,2006-06-18,13315146072,20221003216@school.edu.cn
3217,20221003217,冯瑾钰,男,大二,9班,2005-11-26,13289684728,20221003217@school.edu.cn
3218,20221003218,萧奕璐,女,大二,6班,2005-10-16,18106520370,20221003218@school.edu.cn
3219,20221003219,曹梓函,女,大二,9班,2006-01-09,18733353841,20221003219@school.edu.cn
3220,20221003220,宋珂磊,女,大二,7班,2006-01-01,18770697165,20221003220@school.edu.cn
3221,20221003221,梁昭帆,女,大二,5班,2006-12-26,18147161955,20221003221@school.edu.cn
3222,20221003222,何岚,男,大二,6班,2006-12-07,13412720613,20221003222@school.edu.cn
3223,20221003223,朱九萱,女,大二,10班,2006-11-23,15231712118,20221003223@school.edu.cn
3224,20221003224,何泽翎,女,大二,9班,2005-10-07,13844529700,20221003224@school.edu.cn
3225,20221003225,吕霖,女,大二,7班,2005-12-18,18023542826,20221003225@school.edu.cn
3226,20221003226,胡七斌,女,大二,6班,2005-07-24,18242665422,20221003226@school.edu.cn
3227,20221003227,谢羽,男,大二,12班,2006-02-05,15041291108,20221003227@school.edu.cn
3228,20221003228,冯晨婧,男,大二,12班,2006-03-08,13748904775,20221003228@school.edu.cn
3229,20221003229,许凯婧,女,大二,11班,2005-09-29,17612553425,20221003229@school.edu.cn
3230,20221003230,刘一,男,大二,8班,2006-05-31,13645560327,20221003230@school.edu.cn
3231,20221003231,唐二四,女,大二,4班,2005-03-25,18979810577,20221003231@school.edu.cn
3232,20221003232,傅曜恺,女,大二,6班,2005-03-08,15293316871,20221003232@school.edu.cn
3233,20221003233,赵芸,女,大二,8班,2006-05-23,13143161083,20221003233@school.edu.cn
3234,20221003234,刘璇琪,男,大二,6班,2005-10-08,17531781480,20221003234@school.edu.cn
3235,20221003235,曾八娜,女,大二,4班,2005-07-12,18399256798,20221003235@school.edu.cn
3236,20221003236,许妍,女,大二,2班,2006-08-26,18074690439,20221003236@school.edu.cn
3237,20221003237,谢文霖,女,大二,5班,2006-11-12,15696402671,20221003237@school.edu.cn
3238,20221003238,曾琳,女,大二,2班,2006-01-28,13102699838,20221003238@school.edu.cn
3239,20221003239,高浩七,男,大二,5班,2006-05-19,15311967192,20221003239@school.edu.cn
3240,20221003240,于凯怡,女,大二,3班,2005-10-08,17885723458,20221003240@school.edu.cn
3241,20221003241,胡琛函,女,大二,8班,2005-11-15,15920130245,20221003241@school.edu.cn
3242,20221003242,吴露八,男,大二,8班,2005-10-17,15231881344,20221003242@school.edu.cn
3243,20221003243,胡语婧,女,大二,7班,2006-10-29,18631211948,20221003243@school.edu.cn
3244,20221003244,于三,男,大二,6班,2005-05-22,17746411281,20221003244@school.edu.cn
3245,20221003245,袁依渝,男,大二,4班,2005-01-11,17341420702,20221003245@school.edu.cn
3246,20221003246,董浩,女,大二,8班,2006-06-15,15914586624,20221003246@school.edu.cn
3247,20221003247,袁依馥,男,大二,12班,2005-03-15,15784844646,20221003247@school.edu.cn
3248,20221003248,曾五妍,男,大二,4班,2006-08-11,18653388565,20221003248@school.edu.cn
3249,20221003249,曾羽骞,男,大二,5班,2006-11-24,18638720289,20221003249@school.edu.cn
3250,20221003250,郑博,女,大二,2班,2006-10-07,18070515229,20221003250@school.edu.cn
3251,20221003251,林九,女,大二,11班,2005-08-20,18942655587,20221003251@school.edu.cn
3252,20221003252,陈菲悦,男,大二,2班,2005-09-26,13605173666,20221003252@school.edu.cn
3253,20221003253,王珂雪,男,大二,10班,2005-12-27,13476372326,20221003253@school.edu.cn
3254,20221003254,胡颖然,男,大二,6班,2005-08-03,15218253437,20221003254@school.edu.cn
3255,20221003255,邓羽,男,大二,10班,2006-11-10,18995883219,20221003255@school.edu.cn
3256,20221003256,马锦,男,大二,2班,2005-07-23,13187148987,20221003256@school.edu.cn
3257,20221003257,马婷娜,男,大二,5班,2005-03-12,13723217739,20221003257@school.edu.cn
3258,20221003258,林瑞志,男,大二,7班,2006-11-02,17514167104,20221003258@school.edu.cn
3259,20221003259,高泓娅,男,大二,3班,2005-09-05,18881075269,20221003259@school.edu.cn
3260,20221003260,冯七,男,大二,1班,2006-02-21,13709019319,20221003260@school.edu.cn
3261,20221003261,沈依,男,大二,2班,2005-11-08,13624942741,20221003261@school.edu.cn
3262,20221003262,韩婷萱,男,大二,8班,2006-05-29,18521588762,20221003262@school.edu.cn
3263,20221003263,宋羽,男,大二,10班,2005-07-04,18724868986,20221003263@school.edu.cn
3264,20221003264,彭文娜,女,大二,8班,2006-03-17,18172977618,20221003264@school.edu.cn
3265,20221003265,孙泽,男,大二,9班,2006-04-09,15589723126,20221003265@school.edu.cn
3266,20221003266,胡四御,女,大二,5班,2005-12-19,17804279721,20221003266@school.edu.cn
3267,20221003267,马九焱,女,大二,8班,2006-04-20,15710378320,20221003267@school.edu.cn
3268,20221003268,赵序衡,女,大二,4班,2006-06-28,15381115968,20221003268@school.edu.cn
3269,20221003269,郭一,男,大二,4班,2006-08-01,13156830621,20221003269@school.edu.cn
3270,20221003270,彭锦,女,大二,7班,2006-06-30,15521277219,20221003270@school.edu.cn
3271,20221003271,胡泓,女,大二,3班,2006-09-02,15534615233,20221003271@school.edu.cn
3272,20221003272,罗曜明,女,大二,12班,2006-10-28,17820911406,20221003272@school.edu.cn
3273,20221003273,萧六,女,大二,10班,2006-11-13,18715809495,20221003273@school.edu.cn
3274,20221003274,陈清,女,大二,6班,2006-12-29,18333825874,20221003274@school.edu.cn
3275,20221003275,胡景,男,大二,1班,2006-12-13,18762719555,20221003275@school.edu.cn
3276,20221003276,李睿六,男,大二,7班,2006-05-16,15088332559,20221003276@school.edu.cn
3277,20221003277,唐嫣萱,男,大二,7班,2005-01-08,13109046077,20221003277@school.edu.cn
3278,20221003278,王涵,男,大二,6班,2005-02-26,18524572102,20221003278@school.edu.cn
3279,20221003279,冯彦坤,男,大二,2班,2005-03-27,15777430350,20221003279@school.edu.cn
3280,20221003280,陈茗渝,女,大二,4班,2005-11-18,15156515205,20221003280@school.edu.cn
3281,20221003281,傅奕凝,男,大二,12班,2005-09-08,15616410912,20221003281@school.edu.cn
3282,20221003282,郭杰腾,女,大二,11班,2005-04-11,15281594673,20221003282@school.edu.cn
3283,20221003283,彭文钰,女,大二,5班,2005-06-27,13840241578,20221003283@school.edu.cn
3284,20221003284,萧博宁,女,大二,8班,2006-09-29,17574428842,20221003284@school.edu.cn
3285,20221003285,韩林,男,大二,3班,2005-07-07,13647424649,20221003285@school.edu.cn
3286,20221003286,徐沁文,男,大二,12班,2006-11-04,18512399556,20221003286@school.edu.cn
3287,20221003287,马琛腾,女,大二,5班,2006-08-16,13006040162,20221003287@school.edu.cn
3288,20221003288,徐琛,男,大二,9班,2005-07-20,13699620716,20221003288@school.edu.cn
3289,20221003289,林泓,女,大二,1班,2005-04-17,13042205422,20221003289@school.edu.cn
3290,20221003290,曹若扬,女,大二,4班,2005-12-01,15986157579,20221003290@school.edu.cn
3291,20221003291,邓梓航,女,大二,11班,2005-10-03,18748483763,20221003291@school.edu.cn
3292,20221003292,李志,女,大二,4班,2006-03-24,13516259450,20221003292@school.edu.cn
3293,20221003293,李依,女,大二,10班,2006-11-25,15762938325,20221003293@school.edu.cn
3294,20221003294,董祺钰,男,大二,3班,2005-02-09,13537277909,20221003294@school.edu.cn
3295,20221003295,萧泽阳,女,大二,11班,2006-04-12,13459584473,20221003295@school.edu.cn
3296,20221003296,于淇,男,大二,1班,2006-10-16,18588669597,20221003296@school.edu.cn
3297,20221003297,程乐九,男,大二,4班,2005-05-08,13375760952,20221003297@school.edu.cn
3298,20221003298,宋六五,男,大二,6班,2005-05-22,13438176349,20221003298@school.edu.cn
3299,20221003299,胡腾蕾,女,大二,7班,2006-07-31,15394932831,20221003299@school.edu.cn
3300,20221003300,赵宁,女,大二,10班,2006-05-29,13565281096,20221003300@school.edu.cn
3301,20221003301,何姝,女,大二,7班,2005-03-26,18856314067,20221003301@school.edu.cn
3302,20221003302,吕梓八,女,大二,12班,2005-10-29,17621622487,20221003302@school.edu.cn
3303,20221003303,傅瑜,男,大二,10班,2006-09-15,15804323639,20221003303@school.edu.cn
3304,20221003304,沈一,男,大二,2班,2005-05-24,13023709433,20221003304@school.edu.cn
3305,20221003305,吕羽致,男,大二,6班,2005-03-22,13348895813,20221003305@school.edu.cn
3306,20221003306,董依凯,男,大二,10班,2006-03-17,13870788458,20221003306@school.edu.cn
3307,20221003307,刘五一,男,大二,7班,2006-06-22,18086025492,20221003307@school.edu.cn
3308,20221003308,罗浩娜,女,大二,4班,2005-07-18,17746393002,20221003308@school.edu.cn
3309,20221003309,孙宁骞,男,大二,10班,2005-06-29,13220193055,20221003309@school.edu.cn
3310,20221003310,黄若磊,女,大二,5班,2006-05-26,13379510952,20221003310@school.edu.cn
3311,20221003311,赵九,男,大二,2班,2006-09-15,15398505719,20221003311@school.edu.cn
3312,20221003312,胡瑾坤,女,大二,3班,2006-11-02,13396113002,20221003312@school.edu.cn
3313,20221003313,唐彤哲,女,大二,6班,2005-02-16,13741973573,20221003313@school.edu.cn
3314,20221003314,朱瑞,女,大二,12班,2006-10-18,15017755805,20221003314@school.edu.cn
3315,20221003315,林宇,女,大二,6班,2006-04-27,15874376836,20221003315@school.edu.cn
3316,20221003316,梁淇宁,男,大二,1班,2005-07-19,13871656818,20221003316@school.edu.cn
3317,20221003317,何博帆,男,大二,6班,2005-11-08,15962816744,20221003317@school.edu.cn
3318,20221003318,胡涵,女,大二,3班,2005-09-15,18037302684,20221003318@school.edu.cn
3319,20221003319,黄语瑶,女,大二,3班,2005-11-27,15701765858,20221003319@school.edu.cn
3320,20221003320,邓雅,女,大二,1班,2006-10-13,18930413981,20221003320@school.edu.cn
3321,20221003321,谢一八,女,大二,9班,2005-04-22,13677461750,20221003321@school.edu.cn
3322,20221003322,彭芸,女,大二,3班,2005-02-06,13561978865,20221003322@school.edu.cn
3323,20221003323,高启宇,男,大二,10班,2005-04-02,18513648824,20221003323@school.edu.cn
3324,20221003324,邓语三,女,大二,11班,2006-07-01,15158600472,20221003324@school.edu.cn
3325,20221003325,宋曜珏,女,大二,11班,2005-04-30,13363615108,20221003325@school.edu.cn
3326,20221003326,沈莹航,女,大二,6班,2006-06-22,15373807548,20221003326@school.edu.cn
3327,20221003327,唐五珊,男,大二,1班,2005-10-25,13875025421,20221003327@school.edu.cn
3328,20221003328,邓宥四,男,大二,9班,2005-12-20,15130012033,20221003328@school.edu.cn
3329,20221003329,梁宸霄,男,大二,7班,2006-04-25,15278879043,20221003329@school.edu.cn
3330,20221003330,郭雨辰,女,大二,9班,2006-11-24,15873911333,20221003330@school.edu.cn
3331,20221003331,于锦婧,女,大二,10班,2006-10-27,17701790065,20221003331@school.edu.cn
3332,20221003332,萧序,女,大二,8班,2006-04-14,13163312218,20221003332@school.edu.cn
3333,20221003333,萧璇希,女,大二,1班,2005-11-01,13660976758,20221003333@school.edu.cn
3334,20221003334,罗莹铠,男,大二,2班,2006-12-24,17645639138,20221003334@school.edu.cn
3335,20221003335,刘宥浩,男,大二,8班,2005-07-03,15583895880,20221003335@school.edu.cn
3336,20221003336,傅杰涵,男,大二,8班,2005-03-19,15933872771,20221003336@school.edu.cn
3337,20221003337,曾婷坤,男,大二,12班,2005-08-25,15112299998,20221003337@school.edu.cn
3338,20221003338,郑瑞,男,大二,7班,2005-06-04,18521333187,20221003338@school.edu.cn
3339,20221003339,郭彦,女,大二,5班,2006-10-04,15667788320,20221003339@school.edu.cn
3340,20221003340,宋菲熙,男,大二,4班,2005-01-09,13103047442,20221003340@school.edu.cn
3341,20221003341,袁瑜凯,女,大二,1班,2005-12-24,15294187306,20221003341@school.edu.cn
3342,20221003342,程五明,女,大二,6班,2005-10-21,15338527750,20221003342@school.edu.cn
3343,20221003343,傅凯,男,大二,2班,2005-05-22,13477966831,20221003343@school.edu.cn
3344,20221003344,曾欣阳,男,大二,5班,2006-02-18,13165155390,20221003344@school.edu.cn
3345,20221003345,黄锦霄,男,大二,11班,2006-10-21,18547457052,20221003345@school.edu.cn
3346,20221003346,周妍二,男,大二,5班,2006-10-16,15946130613,20221003346@school.edu.cn
3347,20221003347,吴茗,男,大二,2班,2005-07-08,15974108676,20221003347@school.edu.cn
3348,20221003348,傅雪茹,男,大二,8班,2005-12-18,13738407448,20221003348@school.edu.cn
3349,20221003349,宋奚娜,男,大二,3班,2006-04-02,13920344339,20221003349@school.edu.cn
3350,20221003350,许婕,男,大二,2班,2006-02-18,13712129308,20221003350@school.edu.cn
3351,20221003351,孙浩一,女,大二,4班,2005-02-13,18500438554,20221003351@school.edu.cn
3352,20221003352,张瑾,女,大二,10班,2006-08-10,15517420890,20221003352@school.edu.cn
3353,20221003353,彭雨驰,男,大二,7班,2006-08-23,18225357556,20221003353@school.edu.cn
3354,20221003354,冯婕熙,女,大二,8班,2005-03-19,15934599614,20221003354@school.edu.cn
3355,20221003355,吴沁,女,大二,10班,2006-08-04,13435543203,20221003355@school.edu.cn
3356,20221003356,吴佳昊,男,大二,9班,2006-12-27,18086565345,20221003356@school.edu.cn
3357,20221003357,胡奚斌,男,大二,11班,2005-08-12,18832796161,20221003357@school.edu.cn
3358,20221003358,许茗,男,大二,2班,2005-07-05,18824916284,20221003358@school.edu.cn
3359,20221003359,胡宁可,女,大二,11班,2006-02-04,18926046210,20221003359@school.edu.cn
3360,20221003360,陈语,女,大二,7班,2005-06-03,15796983617,20221003360@school.edu.cn
3361,20221003361,朱妍,女,大二,9班,2006-03-11,13739738298,20221003361@school.edu.cn
3362,20221003362,胡五,男,大二,11班,2005-04-13,13910766978,20221003362@school.edu.cn
3363,20221003363,程瑶恺,男,大二,5班,2005-07-04,13787816772,20221003363@school.edu.cn
3364,20221003364,冯奕怡,男,大二,7班,2006-02-23,17822470195,20221003364@school.edu.cn
3365,20221003365,郭一,女,大二,2班,2005-10-14,17632403087,20221003365@school.edu.cn
3366,20221003366,孙序铠,女,大二,4班,2006-01-25,15340884849,20221003366@school.edu.cn
3367,20221003367,曹文,女,大二,5班,2006-12-24,15714163178,20221003367@school.edu.cn
3368,20221003368,何嫣渝,女,大二,6班,2006-02-20,15757485807,20221003368@school.edu.cn
3369,20221003369,吕三茹,女,大二,8班,2005-02-16,18369747436,20221003369@school.edu.cn
3370,20221003370,杨琛霖,男,大二,1班,2005-08-13,13429586940,20221003370@school.edu.cn
3371,20221003371,傅祺,男,大二,8班,2005-02-12,15544826915,20221003371@school.edu.cn
3372,20221003372,梁奕亦,男,大二,4班,2005-06-15,17347099807,20221003372@school.edu.cn
3373,20221003373,何二亦,男,大二,7班,2005-06-20,15614007344,20221003373@school.edu.cn
3374,20221003374,郭林,女,大二,9班,2006-06-25,17658401442,20221003374@school.edu.cn
3375,20221003375,陈文,男,大二,6班,2005-01-25,17534205041,20221003375@school.edu.cn
3376,20221003376,曹文子,女,大二,2班,2005-10-17,18800678126,20221003376@school.edu.cn
3377,20221003377,袁宁,男,大二,6班,2006-03-15,17776360067,20221003377@school.edu.cn
3378,20221003378,萧清珏,男,大二,7班,2005-04-14,15862217876,20221003378@school.edu.cn
3379,20221003379,彭锦煜,女,大二,10班,2005-03-30,18144625450,20221003379@school.edu.cn
3380,20221003380,赵佳坤,女,大二,9班,2006-08-17,18207065734,20221003380@school.edu.cn
3381,20221003381,许渲衡,男,大二,4班,2005-08-17,13802756975,20221003381@school.edu.cn
3382,20221003382,冯曜,男,大二,1班,2006-01-01,17752181233,20221003382@school.edu.cn
3383,20221003383,梁梓三,女,大二,7班,2006-10-04,15357816098,20221003383@school.edu.cn
3384,20221003384,邓渲七,女,大二,4班,2006-07-18,15584476351,20221003384@school.edu.cn
3385,20221003385,沈菲志,女,大二,2班,2006-03-29,15602858802,20221003385@school.edu.cn
3386,20221003386,唐乐雪,男,大二,7班,2006-06-05,17317380925,20221003386@school.edu.cn
3387,20221003387,赵璇,男,大二,2班,2005-02-09,18646522389,20221003387@school.edu.cn
3388,20221003388,罗宁,女,大二,1班,2006-01-25,15594358349,20221003388@school.edu.cn
3389,20221003389,沈泽,女,大二,12班,2006-11-05,13161445532,20221003389@school.edu.cn
3390,20221003390,吴茗潇,男,大二,1班,2006-12-24,18665283116,20221003390@school.edu.cn
3391,20221003391,曹彦蕾,男,大二,9班,2005-12-31,15683759167,20221003391@school.edu.cn
3392,20221003392,傅宇晟,女,大二,4班,2005-11-25,13048781111,20221003392@school.edu.cn
3393,20221003393,黄若,女,大二,12班,2006-02-10,15080490804,20221003393@school.edu.cn
3394,20221003394,徐祺婧,女,大二,10班,2005-04-28,13054032750,20221003394@school.edu.cn
3395,20221003395,刘明琪,男,大二,4班,2006-01-19,13536321222,20221003395@school.edu.cn
3396,20221003396,徐筱,女,大二,12班,2006-09-12,18353331741,20221003396@school.edu.cn
3397,20221003397,赵璇晨,女,大二,10班,2005-03-29,15263327815,20221003397@school.edu.cn
3398,20221003398,张六斌,女,大二,2班,2006-10-12,13979402301,20221003398@school.edu.cn
3399,20221003399,林宁,男,大二,12班,2005-12-08,18259149308,20221003399@school.edu.cn
3400,20221003400,宋瑜驰,女,大二,1班,2005-12-03,15530527814,20221003400@school.edu.cn
3401,20221003401,曾筱扬,男,大二,4班,2006-03-29,13916918779,20221003401@school.edu.cn
3402,20221003402,董杰瑾,男,大二,1班,2005-04-14,13532853505,20221003402@school.edu.cn
3403,20221003403,冯七,男,大二,3班,2006-09-17,13857630674,20221003403@school.edu.cn
3404,20221003404,吴博,男,大二,11班,2005-04-19,13218562957,20221003404@school.edu.cn
3405,20221003405,程宥,男,大二,5班,2006-03-12,18244455983,20221003405@school.edu.cn
3406,20221003406,郑珺蓉,女,大二,7班,2006-08-25,18513743597,20221003406@school.edu.cn
3407,20221003407,何珂五,女,大二,9班,2006-07-05,15370072413,20221003407@school.edu.cn
3408,20221003408,袁晨恺,男,大二,11班,2006-04-19,17802576800,20221003408@school.edu.cn
3409,20221003409,张菲,男,大二,4班,2005-11-25,13254208652,20221003409@school.edu.cn
3410,20221003410,赵杰七,男,大二,4班,2006-07-25,18303356031,20221003410@school.edu.cn
3411,20221003411,梁腾,女,大二,11班,2005-06-02,18046681161,20221003411@school.edu.cn
3412,20221003412,刘菲萌,男,大二,3班,2005-06-27,15825418729,20221003412@school.edu.cn
3413,20221003413,陈奚,女,大二,10班,2006-12-23,13825677374,20221003413@school.edu.cn
3414,20221003414,张七帆,男,大二,9班,2005-06-08,18731163334,20221003414@school.edu.cn
3415,20221003415,傅宇,女,大二,6班,2005-02-02,18166254662,20221003415@school.edu.cn
3416,20221003416,孙三,男,大二,3班,2006-06-19,15050372106,20221003416@school.edu.cn
3417,20221003417,马婕,男,大二,6班,2006-02-10,15740951594,20221003417@school.edu.cn
3418,20221003418,郭睿,男,大二,9班,2005-01-13,15810475988,20221003418@school.edu.cn
3419,20221003419,曹翊驰,女,大二,3班,2006-05-29,13692881545,20221003419@school.edu.cn
3420,20221003420,赵景,女,大二,10班,2005-01-26,15031638085,20221003420@school.edu.cn
3421,20221003421,王翊,女,大二,10班,2006-01-05,13074302725,20221003421@school.edu.cn
3422,20221003422,孙瑾,女,大二,11班,2005-01-25,15293957464,20221003422@school.edu.cn
3423,20221003423,郭欣骁,男,大二,6班,2006-02-26,13461963894,20221003423@school.edu.cn
3424,20221003424,宋语,男,大二,7班,2006-09-15,17841718553,20221003424@school.edu.cn
3425,20221003425,黄颖恺,女,大二,11班,2005-08-03,13790106638,20221003425@school.edu.cn
3426,20221003426,杨思渝,男,大二,12班,2006-03-25,13283992690,20221003426@school.edu.cn
3427,20221003427,袁文四,女,大二,5班,2006-03-12,13211071234,20221003427@school.edu.cn
3428,20221003428,许瑶怡,女,大二,4班,2005-08-09,15654316291,20221003428@school.edu.cn
3429,20221003429,曾乐哲,男,大二,11班,2006-12-09,13778346438,20221003429@school.edu.cn
3430,20221003430,傅琳,女,大二,3班,2005-03-07,15527606675,20221003430@school.edu.cn
3431,20221003431,王霖致,男,大二,4班,2005-12-01,18118753597,20221003431@school.edu.cn
3432,20221003432,郑一馥,女,大二,3班,2006-03-25,13163645594,20221003432@school.edu.cn
3433,20221003433,高依,男,大二,3班,2006-03-13,15845538413,20221003433@school.edu.cn
3434,20221003434,李雨亦,男,大二,4班,2005-04-16,15924836467,20221003434@school.edu.cn
3435,20221003435,彭浩帆,女,大二,8班,2006-07-21,15271019354,20221003435@school.edu.cn
3436,20221003436,宋淇骁,女,大二,10班,2005-08-12,15066067888,20221003436@school.edu.cn
3437,20221003437,李涵,女,大二,10班,2005-10-17,13060901863,20221003437@school.edu.cn
3438,20221003438,何明函,男,大二,9班,2005-11-03,18091630346,20221003438@school.edu.cn
3439,20221003439,冯思致,女,大二,4班,2006-08-09,18075188650,20221003439@school.edu.cn
3440,20221003440,曾思瑜,女,大二,12班,2006-08-01,15509232249,20221003440@school.edu.cn
3441,20221003441,许五,女,大二,5班,2006-02-17,18597801294,20221003441@school.edu.cn
3442,20221003442,梁志珊,女,大二,2班,2006-10-14,18834942581,20221003442@school.edu.cn
3443,20221003443,王珺,女,大二,6班,2006-05-22,13724374164,20221003443@school.edu.cn
3444,20221003444,黄雅九,男,大二,10班,2005-10-09,18210421511,20221003444@school.edu.cn
3445,20221003445,高泓熙,女,大二,11班,2006-03-21,18157804016,20221003445@school.edu.cn
3446,20221003446,周文翎,女,大二,6班,2005-09-24,15715535372,20221003446@school.edu.cn
3447,20221003447,程雅,男,大二,2班,2006-12-22,18090668336,20221003447@school.edu.cn
3448,20221003448,陈子,女,大二,1班,2005-04-30,17620226945,20221003448@school.edu.cn
3449,20221003449,胡莹晟,女,大二,8班,2006-02-03,18228177641,20221003449@school.edu.cn
3450,20221003450,傅景雪,女,大二,7班,2005-08-08,15217890469,20221003450@school.edu.cn
3451,20221003451,林璇妍,男,大二,8班,2005-06-28,13358229154,20221003451@school.edu.cn
3452,20221003452,陈思,女,大二,6班,2005-04-23,15006938078,20221003452@school.edu.cn
3453,20221003453,萧三,女,大二,1班,2005-10-24,13271788978,20221003453@school.edu.cn
3454,20221003454,彭菲,男,大二,12班,2006-06-18,18907843174,20221003454@school.edu.cn
3455,20221003455,袁昭哲,女,大二,3班,2006-11-28,13776422491,20221003455@school.edu.cn
3456,20221003456,许筱文,男,大二,10班,2005-02-12,15351662026,20221003456@school.edu.cn
3457,20221003457,邓琳,男,大二,11班,2006-12-19,17853063512,20221003457@school.edu.cn
3458,20221003458,梁雪,男,大二,4班,2006-03-20,17532615097,20221003458@school.edu.cn
3459,20221003459,胡乐,女,大二,12班,2006-03-18,17708291615,20221003459@school.edu.cn
3460,20221003460,高雨琪,男,大二,2班,2006-07-29,15572144920,20221003460@school.edu.cn
3461,20221003461,黄五,女,大二,3班,2006-10-06,15876124628,20221003461@school.edu.cn
3462,20221003462,郑梓,女,大二,4班,2006-06-14,18802271540,20221003462@school.edu.cn
3463,20221003463,于瑞婧,男,大二,10班,2005-03-30,15868751852,20221003463@school.edu.cn
3464,20221003464,胡序瑜,男,大二,5班,2006-08-26,18582559869,20221003464@school.edu.cn
3465,20221003465,何思瑜,女,大二,9班,2005-03-16,17665754781,20221003465@school.edu.cn
3466,20221003466,张八,男,大二,9班,2005-04-03,18341359986,20221003466@school.edu.cn
3467,20221003467,杨凯欣,男,大二,6班,2005-07-08,15337101564,20221003467@school.edu.cn
3468,20221003468,赵彤珂,男,大二,7班,2005-12-28,18726578388,20221003468@school.edu.cn
3469,20221003469,何明珊,女,大二,7班,2005-01-10,17795345156,20221003469@school.edu.cn
3470,20221003470,刘琛,男,大二,1班,2006-03-20,15947039592,20221003470@school.edu.cn
3471,20221003471,孙曜博,男,大二,12班,2006-05-26,18377831808,20221003471@school.edu.cn
3472,20221003472,周五茹,女,大二,11班,2006-03-01,15601433697,20221003472@school.edu.cn
3473,20221003473,王瑞博,男,大二,8班,2005-12-25,17697090947,20221003473@school.edu.cn
3474,20221003474,郑启,女,大二,4班,2005-11-14,18985069409,20221003474@school.edu.cn
3475,20221003475,邓翊衡,女,大二,1班,2006-07-26,13554864686,20221003475@school.edu.cn
3476,20221003476,吕二御,女,大二,2班,2005-02-05,13872325596,20221003476@school.edu.cn
3477,20221003477,曾露,男,大二,7班,2005-03-07,18206073577,20221003477@school.edu.cn
3478,20221003478,曹露霄,男,大二,12班,2006-04-08,15662336736,20221003478@school.edu.cn
3479,20221003479,萧思璐,女,大二,1班,2005-01-30,18340077906,20221003479@school.edu.cn
3480,20221003480,张四璐,女,大二,7班,2005-04-28,17667350665,20221003480@school.edu.cn
3481,20221003481,张羽文,女,大二,2班,2005-04-30,15794669902,20221003481@school.edu.cn
3482,20221003482,唐祺致,女,大二,8班,2006-04-16,15743262971,20221003482@school.edu.cn
3483,20221003483,黄霖煜,男,大二,12班,2005-12-09,13922727301,20221003483@school.edu.cn
3484,20221003484,胡羽七,男,大二,11班,2005-09-20,18665572727,20221003484@school.edu.cn
3485,20221003485,周琛文,女,大二,1班,2006-06-25,13184638921,20221003485@school.edu.cn
3486,20221003486,袁志,女,大二,1班,2005-05-30,13833755708,20221003486@school.edu.cn
3487,20221003487,宋七翎,女,大二,7班,2005-03-26,18154373972,20221003487@school.edu.cn
3488,20221003488,胡霖浩,男,大二,10班,2006-05-03,15041121575,20221003488@school.edu.cn
3489,20221003489,赵涵,女,大二,12班,2005-07-10,13604987244,20221003489@school.edu.cn
3490,20221003490,何芸,女,大二,9班,2006-10-26,15528335151,20221003490@school.edu.cn
3491,20221003491,胡筱翎,男,大二,6班,2005-01-15,18003893243,20221003491@school.edu.cn
3492,20221003492,萧祺骐,女,大二,9班,2005-08-28,18973741190,20221003492@school.edu.cn
3493,20221003493,曹岚,男,大二,8班,2005-06-05,18937781071,20221003493@school.edu.cn
3494,20221003494,程奚琳,男,大二,9班,2005-07-13,15282947601,20221003494@school.edu.cn
3495,20221003495,陈奚萱,男,大二,7班,2005-02-22,15629324150,20221003495@school.edu.cn
3496,20221003496,郭宥,女,大二,10班,2005-03-04,13066982416,20221003496@school.edu.cn
3497,20221003497,刘祺八,男,大二,5班,2005-11-20,15354423131,20221003497@school.edu.cn
3498,20221003498,李雅辰,女,大二,9班,2006-07-21,15921934263,20221003498@school.edu.cn
3499,20221003499,黄三,女,大二,12班,2005-11-03,13122007571,20221003499@school.edu.cn
3500,20221003500,朱乐怡,男,大二,6班,2005-10-26,17866698643,20221003500@school.edu.cn
3501,20221003501,傅志,女,大二,2班,2005-05-04,13320110180,20221003501@school.edu.cn
3502,20221003502,郭岚扬,女,大二,4班,2005-10-21,17864211726,20221003502@school.edu.cn
3503,20221003503,吕二,女,大二,3班,2006-05-30,15645383861,20221003503@school.edu.cn
3504,20221003504,高姝,女,大二,11班,2006-04-03,13547498872,20221003504@school.edu.cn
3505,20221003505,许子睿,男,大二,8班,2005-10-31,18058841792,20221003505@school.edu.cn
3506,20221003506,吴浩怡,男,大二,1班,2005-01-07,13325911443,20221003506@school.edu.cn
3507,20221003507,吴志,女,大二,11班,2005-05-23,18189558398,20221003507@school.edu.cn
3508,20221003508,胡杰钰,女,大二,10班,2005-02-17,15353118468,20221003508@school.edu.cn
3509,20221003509,董婕晨,女,大二,4班,2006-12-10,15047627241,20221003509@school.edu.cn
3510,20221003510,董涵,男,大二,11班,2006-11-22,13126585392,20221003510@school.edu.cn
3511,20221003511,黄淇坤,女,大二,4班,2006-07-12,17328287222,20221003511@school.edu.cn
3512,20221003512,马彦扬,女,大二,2班,2005-01-06,17689710254,20221003512@school.edu.cn
3513,20221003513,陈莹驰,女,大二,8班,2005-08-24,17888804535,20221003513@school.edu.cn
3514,20221003514,朱博,女,大二,2班,2006-07-08,13973677245,20221003514@school.edu.cn
3515,20221003515,陈浩文,男,大二,8班,2005-01-20,15669128806,20221003515@school.edu.cn
3516,20221003516,郭莹斌,男,大二,5班,2006-02-13,13487061073,20221003516@school.edu.cn
3517,20221003517,沈妍子,女,大二,10班,2005-12-20,15606118452,20221003517@school.edu.cn
3518,20221003518,于妍晨,女,大二,10班,2005-03-29,18764329210,20221003518@school.edu.cn
3519,20221003519,梁嫣妍,女,大二,11班,2005-03-16,15681314781,20221003519@school.edu.cn
3520,20221003520,沈嘉,男,大二,9班,2006-01-09,15502779671,20221003520@school.edu.cn
3521,20221003521,吕明璐,女,大二,5班,2005-11-27,18165145923,20221003521@school.edu.cn
3522,20221003522,唐昭琪,男,大二,10班,2005-02-17,15020796943,20221003522@school.edu.cn
3523,20221003523,刘姝,男,大二,8班,2006-04-17,15515396485,20221003523@school.edu.cn
3524,20221003524,张彤,男,大二,1班,2006-03-21,13561631644,20221003524@school.edu.cn
3525,20221003525,黄璇,男,大二,9班,2005-01-11,18291300644,20221003525@school.edu.cn
3526,20221003526,徐佳轩,男,大二,11班,2006-08-16,18387269184,20221003526@school.edu.cn
3527,20221003527,周乐,女,大二,7班,2005-04-27,18731772222,20221003527@school.edu.cn
3528,20221003528,陈渲茹,男,大二,4班,2006-02-08,13848239388,20221003528@school.edu.cn
3529,20221003529,许杰珏,男,大二,1班,2006-05-09,18508199662,20221003529@school.edu.cn
3530,20221003530,邓琳驰,男,大二,12班,2005-05-30,15120323420,20221003530@school.edu.cn
3531,20221003531,林茗哲,男,大二,3班,2006-09-03,18550641333,20221003531@school.edu.cn
3532,20221003532,吴明祺,男,大二,6班,2005-05-31,17592969630,20221003532@school.edu.cn
3533,20221003533,宋岚昊,男,大二,2班,2006-12-01,15071896774,20221003533@school.edu.cn
3534,20221003534,林沁铠,女,大二,6班,2005-05-31,15899227241,20221003534@school.edu.cn
3535,20221003535,曹宁璐,女,大二,9班,2005-11-12,13354505585,20221003535@school.edu.cn
3536,20221003536,萧曜涵,男,大二,7班,2005-05-29,18644424332,20221003536@school.edu.cn
3537,20221003537,沈依,男,大二,11班,2006-04-23,13567686249,20221003537@school.edu.cn
3538,20221003538,邓筱,女,大二,5班,2005-06-22,15143029502,20221003538@school.edu.cn
3539,20221003539,张杰六,男,大二,3班,2006-06-17,18190665842,20221003539@school.edu.cn
3540,20221003540,杨浩瑜,女,大二,1班,2006-03-01,17641188732,20221003540@school.edu.cn
3541,20221003541,宋语霄,女,大二,10班,2005-11-04,13434153707,20221003541@school.edu.cn
3542,20221003542,沈九辰,男,大二,9班,2005-02-15,17370084914,20221003542@school.edu.cn
3543,20221003543,朱彤航,女,大二,11班,2005-08-12,17358540532,20221003543@school.edu.cn
3544,20221003544,傅序衡,男,大二,1班,2006-12-29,18622524892,20221003544@school.edu.cn
3545,20221003545,陈睿,男,大二,11班,2006-01-18,15078067917,20221003545@school.edu.cn
3546,20221003546,董宥子,女,大二,9班,2006-01-28,15861080950,20221003546@school.edu.cn
3547,20221003547,谢清妍,男,大二,9班,2006-05-05,18522796224,20221003547@school.edu.cn
3548,20221003548,杨五一,女,大二,6班,2005-06-10,15169500231,20221003548@school.edu.cn
3549,20221003549,冯宇,男,大二,7班,2005-08-02,17388742468,20221003549@school.edu.cn
3550,20221003550,于珂昊,男,大二,12班,2006-10-15,18133375664,20221003550@school.edu.cn
3551,20221003551,杨九蓉,女,大二,6班,2006-12-04,15220661371,20221003551@school.edu.cn
3552,20221003552,朱泓七,女,大二,8班,2005-07-07,13045640374,20221003552@school.edu.cn
3553,20221003553,冯瑞琪,男,大二,4班,2005-12-29,15367310318,20221003553@school.edu.cn
3554,20221003554,彭博致,女,大二,8班,2005-10-02,17716544873,20221003554@school.edu.cn
3555,20221003555,罗若宇,女,大二,7班,2005-10-19,18776208552,20221003555@school.edu.cn
3556,20221003556,孙羽颖,女,大二,1班,2005-05-21,17640867968,20221003556@school.edu.cn
3557,20221003557,傅锦馥,男,大二,1班,2006-03-20,18962580493,20221003557@school.edu.cn
3558,20221003558,曹语茹,男,大二,7班,2006-10-24,18197083349,20221003558@school.edu.cn
3559,20221003559,马九琪,女,大二,9班,2005-12-05,17319940824,20221003559@school.edu.cn
3560,20221003560,吴淇彤,男,大二,10班,2005-06-30,15307296362,20221003560@school.edu.cn
3561,20221003561,冯菲霄,男,大二,9班,2006-09-18,17742846861,20221003561@school.edu.cn
3562,20221003562,谢睿,女,大二,10班,2005-12-06,18256398982,20221003562@school.edu.cn
3563,20221003563,吴颖颖,男,大二,1班,2005-06-12,15994939843,20221003563@school.edu.cn
3564,20221003564,韩奕宇,女,大二,3班,2005-09-13,17885569029,20221003564@school.edu.cn
3565,20221003565,谢曜四,男,大二,3班,2005-04-16,18721741997,20221003565@school.edu.cn
3566,20221003566,罗语,男,大二,8班,2005-11-07,13369865606,20221003566@school.edu.cn
3567,20221003567,罗雅,女,大二,12班,2006-02-25,15369660475,20221003567@school.edu.cn
3568,20221003568,黄杰萱,男,大二,9班,2005-09-13,15324897022,20221003568@school.edu.cn
3569,20221003569,周羽一,女,大二,12班,2005-07-04,17814453178,20221003569@school.edu.cn
3570,20221003570,朱九衡,女,大二,1班,2005-04-20,18537130652,20221003570@school.edu.cn
3571,20221003571,罗八希,女,大二,11班,2005-05-14,18826885288,20221003571@school.edu.cn
3572,20221003572,周明,女,大二,4班,2005-10-04,13487793121,20221003572@school.edu.cn
3573,20221003573,董浩航,男,大二,1班,2006-02-22,13601306377,20221003573@school.edu.cn
3574,20221003574,傅二志,女,大二,10班,2005-01-28,15333477778,20221003574@school.edu.cn
3575,20221003575,高杰,男,大二,12班,2005-04-06,13435099623,20221003575@school.edu.cn
3576,20221003576,赵一宇,女,大二,12班,2006-01-17,18626183369,20221003576@school.edu.cn
3577,20221003577,徐颖晟,女,大二,11班,2005-04-03,17835903421,20221003577@school.edu.cn
3578,20221003578,张雅雯,男,大二,2班,2005-05-06,18518689999,20221003578@school.edu.cn
3579,20221003579,高明,男,大二,9班,2006-11-16,15558604930,20221003579@school.edu.cn
3580,20221003580,于雅斌,女,大二,10班,2005-11-29,17372919898,20221003580@school.edu.cn
3581,20221003581,赵婕二,男,大二,5班,2005-05-09,13208570335,20221003581@school.edu.cn
3582,20221003582,邓婷婧,女,大二,4班,2005-12-31,18658994600,20221003582@school.edu.cn
3583,20221003583,宋宁,男,大二,8班,2006-01-12,13274585793,20221003583@school.edu.cn
3584,20221003584,梁琛,女,大二,3班,2006-09-16,18788803952,20221003584@school.edu.cn
3585,20221003585,胡子琪,女,大二,7班,2005-04-15,18956202765,20221003585@school.edu.cn
3586,20221003586,张六颖,女,大二,11班,2005-09-19,18901213390,20221003586@school.edu.cn
3587,20221003587,彭凯,男,大二,8班,2005-08-28,18324862593,20221003587@school.edu.cn
3588,20221003588,赵宥骐,男,大二,6班,2006-08-10,18169454343,20221003588@school.edu.cn
3589,20221003589,程子芷,男,大二,5班,2005-07-08,18262529707,20221003589@school.edu.cn
3590,20221003590,罗瑶洁,男,大二,9班,2006-11-21,18136431128,20221003590@school.edu.cn
3591,20221003591,宋姝,男,大二,11班,2005-06-22,15273870439,20221003591@school.edu.cn
3592,20221003592,高星腾,女,大二,2班,2005-09-21,15590496127,20221003592@school.edu.cn
3593,20221003593,傅彦锴,男,大二,9班,2005-07-31,13024187804,20221003593@school.edu.cn
3594,20221003594,马九,女,大二,1班,2005-09-06,18398473507,20221003594@school.edu.cn
3595,20221003595,韩露志,男,大二,11班,2006-02-20,13907206897,20221003595@school.edu.cn
3596,20221003596,周婕霄,男,大二,7班,2005-11-13,15249235575,20221003596@school.edu.cn
3597,20221003597,周瑞霖,男,大二,4班,2005-09-11,18997260032,20221003597@school.edu.cn
3598,20221003598,李一昊,女,大二,8班,2006-08-26,18156519134,20221003598@school.edu.cn
3599,20221003599,曹梓斌,男,大二,3班,2005-09-01,15530614511,20221003599@school.edu.cn
3600,20221003600,萧凯阳,女,大二,8班,2005-07-03,18379101613,20221003600@school.edu.cn
3601,20221003601,袁浩骐,男,大二,5班,2006-09-20,18837633624,20221003601@school.edu.cn
3602,20221003602,董梓,男,大二,10班,2006-08-31,15235147956,20221003602@school.edu.cn
3603,20221003603,许菲六,女,大二,10班,2005-07-07,15696522196,20221003603@school.edu.cn
3604,20221003604,董浩锴,男,大二,3班,2006-03-10,15283422032,20221003604@school.edu.cn
3605,20221003605,徐祺腾,女,大二,10班,2005-04-16,18307501052,20221003605@school.edu.cn
3606,20221003606,吕瑞洁,女,大二,10班,2005-09-14,13022493813,20221003606@school.edu.cn
3607,20221003607,李林,女,大二,8班,2006-10-26,18887786329,20221003607@school.edu.cn
3608,20221003608,傅姝,男,大二,11班,2006-11-22,18232880186,20221003608@school.edu.cn
3609,20221003609,邓乐阳,男,大二,12班,2005-05-15,18699457867,20221003609@school.edu.cn
3610,20221003610,张珂凝,女,大二,2班,2005-08-01,17657830897,20221003610@school.edu.cn
3611,20221003611,陈七四,男,大二,7班,2006-02-09,15593372191,20221003611@school.edu.cn
3612,20221003612,李宥祺,女,大二,7班,2006-06-07,17586110046,20221003612@school.edu.cn
3613,20221003613,王彦子,男,大二,10班,2005-05-08,18868392636,20221003613@school.edu.cn
3614,20221003614,于三,女,大二,6班,2006-09-27,15790002107,20221003614@school.edu.cn
3615,20221003615,冯瑜蓉,男,大二,8班,2005-04-29,13088691742,20221003615@school.edu.cn
3616,20221003616,胡子斌,男,大二,9班,2006-06-13,18113920297,20221003616@school.edu.cn
3617,20221003617,王泽宁,男,大二,10班,2006-03-24,15064728328,20221003617@school.edu.cn
3618,20221003618,曾宇御,女,大二,9班,2006-12-05,13998120289,20221003618@school.edu.cn
3619,20221003619,曾淇,女,大二,6班,2006-09-28,13165026996,20221003619@school.edu.cn
3620,20221003620,萧子四,男,大二,4班,2006-11-12,13500255844,20221003620@school.edu.cn
3621,20221003621,许宇雯,女,大二,4班,2006-05-14,13251135128,20221003621@school.edu.cn
3622,20221003622,周佳,女,大二,3班,2005-01-12,17536550413,20221003622@school.edu.cn
3623,20221003623,吴琛晨,男,大二,6班,2006-04-09,13917130555,20221003623@school.edu.cn
3624,20221003624,郑珂涵,女,大二,11班,2006-05-30,13917499308,20221003624@school.edu.cn
3625,20221003625,萧宇,男,大二,9班,2005-05-05,18072638525,20221003625@school.edu.cn
3626,20221003626,杨泽,女,大二,1班,2005-05-24,17359294771,20221003626@school.edu.cn
3627,20221003627,吕茗,女,大二,3班,2005-03-13,13504324712,20221003627@school.edu.cn
3628,20221003628,杨欣诺,女,大二,9班,2006-12-09,13853018446,20221003628@school.edu.cn
3629,20221003629,周五,男,大二,11班,2005-09-19,18941418675,20221003629@school.edu.cn
3630,20221003630,曹颖霄,男,大二,3班,2005-04-10,15206480329,20221003630@school.edu.cn
3631,20221003631,张二珏,男,大二,12班,2005-12-12,17864598253,20221003631@school.edu.cn
3632,20221003632,张颖熙,女,大二,4班,2006-02-22,13320630930,20221003632@school.edu.cn
3633,20221003633,孙子,男,大二,4班,2006-09-10,13205073236,20221003633@school.edu.cn
3634,20221003634,高序琪,男,大二,4班,2006-02-18,15897832749,20221003634@school.edu.cn
3635,20221003635,何筱,女,大二,2班,2006-05-11,15264773402,20221003635@school.edu.cn
3636,20221003636,邓一,男,大二,7班,2005-09-12,15939915247,20221003636@school.edu.cn
3637,20221003637,周宁,男,大二,3班,2006-02-26,18374040663,20221003637@school.edu.cn
3638,20221003638,吴霖雯,女,大二,3班,2005-01-30,18101280282,20221003638@school.edu.cn
3639,20221003639,赵彤璐,男,大二,3班,2005-11-27,13727158244,20221003639@school.edu.cn
3640,20221003640,李泽御,男,大二,9班,2005-03-03,15113519722,20221003640@school.edu.cn
3641,20221003641,王筱珏,男,大二,6班,2005-12-28,13385516734,20221003641@school.edu.cn
3642,20221003642,周思欣,男,大二,5班,2005-04-20,15336406772,20221003642@school.edu.cn
3643,20221003643,曹涵,男,大二,10班,2006-07-11,13939767960,20221003643@school.edu.cn
3644,20221003644,罗乐,男,大二,3班,2005-02-08,13669878046,20221003644@school.edu.cn
3645,20221003645,程婕二,男,大二,11班,2006-06-07,15348243719,20221003645@school.edu.cn
3646,20221003646,马宇志,男,大二,10班,2005-12-13,13990511614,20221003646@school.edu.cn
3647,20221003647,王奕宁,男,大二,10班,2006-02-25,13214530554,20221003647@school.edu.cn
3648,20221003648,郭沁明,女,大二,7班,2006-01-06,15785481083,20221003648@school.edu.cn
3649,20221003649,胡五浩,男,大二,1班,2005-06-27,13241952485,20221003649@school.edu.cn
3650,20221003650,程瑜扬,男,大二,6班,2005-09-04,17754593387,20221003650@school.edu.cn
3651,20221003651,陈昭磊,男,大二,1班,2006-08-05,15174910412,20221003651@school.edu.cn
3652,20221003652,张九骐,男,大二,3班,2006-07-04,15655028315,20221003652@school.edu.cn
3653,20221003653,郭子晟,男,大二,12班,2006-09-19,13656770886,20221003653@school.edu.cn
3654,20221003654,黄泽磊,男,大二,1班,2005-02-25,18319089511,20221003654@school.edu.cn
3655,20221003655,董琳,女,大二,8班,2005-11-22,18960595771,20221003655@school.edu.cn
3656,20221003656,张彤渝,女,大二,12班,2006-02-17,13843870155,20221003656@school.edu.cn
3657,20221003657,冯渲,男,大二,7班,2006-12-24,13765579827,20221003657@school.edu.cn
3658,20221003658,马一,男,大二,8班,2005-04-13,15105812117,20221003658@school.edu.cn
3659,20221003659,朱子,女,大二,3班,2006-03-28,13256141298,20221003659@school.edu.cn
3660,20221003660,黄霖渝,女,大二,2班,2005-11-05,18035587917,20221003660@school.edu.cn
3661,20221003661,徐筱,男,大二,8班,2006-10-16,15708747278,20221003661@school.edu.cn
3662,20221003662,黄睿三,男,大二,10班,2005-12-27,13912042245,20221003662@school.edu.cn
3663,20221003663,刘珂翎,男,大二,10班,2006-01-08,18148452677,20221003663@school.edu.cn
3664,20221003664,程七浩,女,大二,4班,2005-07-14,17583312185,20221003664@school.edu.cn
3665,20221003665,宋睿亦,男,大二,4班,2006-03-21,15016065222,20221003665@school.edu.cn
3666,20221003666,王序,男,大二,12班,2005-10-01,13339879534,20221003666@school.edu.cn
3667,20221003667,梁二晨,女,大二,7班,2006-01-03,18837795244,20221003667@school.edu.cn
3668,20221003668,陈八茹,女,大二,9班,2006-06-06,15302512135,20221003668@school.edu.cn
3669,20221003669,徐奚子,男,大二,5班,2006-05-08,13288712266,20221003669@school.edu.cn
3670,20221003670,程雪翎,女,大二,4班,2006-06-19,13226709710,20221003670@school.edu.cn
3671,20221003671,马七,女,大二,5班,2006-01-05,13833828154,20221003671@school.edu.cn
3672,20221003672,周岚峻,男,大二,1班,2006-11-15,15687386241,20221003672@school.edu.cn
3673,20221003673,林翊扬,女,大二,1班,2005-04-15,17628901703,20221003673@school.edu.cn
3674,20221003674,何淇钰,女,大二,8班,2005-01-29,13458868459,20221003674@school.edu.cn
3675,20221003675,徐颖,女,大二,5班,2006-09-01,18565138088,20221003675@school.edu.cn
3676,20221003676,袁睿峻,男,大二,12班,2005-08-23,15163118977,20221003676@school.edu.cn
3677,20221003677,张宁宁,男,大二,11班,2005-12-02,13204210167,20221003677@school.edu.cn
3678,20221003678,宋颖锴,女,大二,12班,2006-02-14,13933803814,20221003678@school.edu.cn
3679,20221003679,萧茗,女,大二,8班,2006-01-09,13056598745,20221003679@school.edu.cn
3680,20221003680,王芸博,女,大二,1班,2005-02-10,18069867622,20221003680@school.edu.cn
3681,20221003681,袁沁,女,大二,6班,2006-01-25,13658665210,20221003681@school.edu.cn
3682,20221003682,郑浩,女,大二,5班,2005-06-06,18299368381,20221003682@school.edu.cn
3683,20221003683,罗泽,男,大二,5班,2006-01-17,18356599280,20221003683@school.edu.cn
3684,20221003684,林茗琛,男,大二,12班,2005-07-26,18377962905,20221003684@school.edu.cn
3685,20221003685,李瑶琪,男,大二,9班,2005-09-07,13455759368,20221003685@school.edu.cn
3686,20221003686,吴启怡,男,大二,1班,2005-10-04,13643104598,20221003686@school.edu.cn
3687,20221003687,朱筱凯,女,大二,3班,2006-02-17,15932492560,20221003687@school.edu.cn
3688,20221003688,高宁芸,女,大二,6班,2005-11-10,15868805075,20221003688@school.edu.cn
3689,20221003689,陈瑞帆,女,大二,2班,2005-02-09,18806368232,20221003689@school.edu.cn
3690,20221003690,周浩,女,大二,2班,2006-12-07,13066352263,20221003690@school.edu.cn
3691,20221003691,徐语航,女,大二,11班,2005-02-22,18823929643,20221003691@school.edu.cn
3692,20221003692,何露辰,男,大二,2班,2005-11-10,15198501544,20221003692@school.edu.cn
3693,20221003693,于明蓉,女,大二,9班,2006-07-22,13125315345,20221003693@school.edu.cn
3694,20221003694,吕婕,男,大二,10班,2005-11-22,18036669081,20221003694@school.edu.cn
3695,20221003695,谢莹,男,大二,12班,2005-10-17,15109187375,20221003695@school.edu.cn
3696,20221003696,杨博,男,大二,10班,2005-10-29,13650702220,20221003696@school.edu.cn
3697,20221003697,袁岚瑶,女,大二,12班,2006-11-27,13906616492,20221003697@school.edu.cn
3698,20221003698,罗岚琪,女,大二,6班,2005-06-25,13742582539,20221003698@school.edu.cn
3699,20221003699,张翊娅,女,大二,6班,2006-03-07,15666064456,20221003699@school.edu.cn
3700,20221003700,袁依轩,男,大二,4班,2006-04-03,17647134845,20221003700@school.edu.cn
3701,20221003701,郑羽琪,女,大二,3班,2006-03-26,13887888274,20221003701@school.edu.cn
3702,20221003702,张淇,男,大二,1班,2005-10-24,17788841543,20221003702@school.edu.cn
3703,20221003703,罗思,男,大二,5班,2006-05-14,18961982776,20221003703@school.edu.cn
3704,20221003704,唐九萱,女,大二,8班,2005-04-27,13154196294,20221003704@school.edu.cn
3705,20221003705,徐五滢,女,大二,12班,2006-08-20,15272884430,20221003705@school.edu.cn
3706,20221003706,吕乐欣,女,大二,5班,2006-07-16,18728096416,20221003706@school.edu.cn
3707,20221003707,于梓妍,女,大二,7班,2005-03-16,15968564513,20221003707@school.edu.cn
3708,20221003708,曹莹,女,大二,9班,2005-08-10,13343894502,20221003708@school.edu.cn
3709,20221003709,傅雪,女,大二,3班,2005-09-22,13620983270,20221003709@school.edu.cn
3710,20221003710,朱依腾,女,大二,4班,2006-01-05,18856721787,20221003710@school.edu.cn
3711,20221003711,朱曜航,女,大二,12班,2005-03-21,15997076435,20221003711@school.edu.cn
3712,20221003712,黄璇翎,女,大二,11班,2005-09-23,17886428050,20221003712@school.edu.cn
3713,20221003713,郑婕,女,大二,6班,2006-05-08,13877105763,20221003713@school.edu.cn
3714,20221003714,程宁馥,男,大二,7班,2005-05-29,18879366064,20221003714@school.edu.cn
3715,20221003715,冯清,男,大二,1班,2006-10-07,18355730504,20221003715@school.edu.cn
3716,20221003716,梁岚,男,大二,6班,2006-12-23,17317986901,20221003716@school.edu.cn
3717,20221003717,朱瑶三,男,大二,10班,2006-08-30,15567350855,20221003717@school.edu.cn
3718,20221003718,何雪,男,大二,11班,2006-09-26,18018609833,20221003718@school.edu.cn
3719,20221003719,萧乐萌,男,大二,2班,2006-04-08,13594374124,20221003719@school.edu.cn
3720,20221003720,孙宁驰,女,大二,3班,2005-01-21,13263072301,20221003720@school.edu.cn
3721,20221003721,宋瑜,女,大二,6班,2006-10-19,18321711617,20221003721@school.edu.cn
3722,20221003722,彭浩扬,女,大二,1班,2006-02-05,13554423036,20221003722@school.edu.cn
3723,20221003723,朱涵,男,大二,2班,2006-06-21,13390191052,20221003723@school.edu.cn
3724,20221003724,袁瑞,男,大二,4班,2005-12-03,17551020779,20221003724@school.edu.cn
3725,20221003725,彭子琪,女,大二,3班,2006-02-07,13079209634,20221003725@school.edu.cn
3726,20221003726,彭菲诺,女,大二,1班,2005-05-24,13523673815,20221003726@school.edu.cn
3727,20221003727,吴博七,男,大二,9班,2005-05-22,15226067301,20221003727@school.edu.cn
3728,20221003728,袁八,男,大二,6班,2006-06-30,13354513717,20221003728@school.edu.cn
3729,20221003729,曹嘉煜,男,大二,1班,2006-02-27,15591890478,20221003729@school.edu.cn
3730,20221003730,曹浩晨,男,大二,1班,2005-01-21,17812053048,20221003730@school.edu.cn
3731,20221003731,黄杰浩,女,大二,6班,2006-04-27,13426414465,20221003731@school.edu.cn
3732,20221003732,曹三二,男,大二,6班,2005-02-04,18757069597,20221003732@school.edu.cn
3733,20221003733,胡语琪,女,大二,8班,2005-03-01,18899473701,20221003733@school.edu.cn
3734,20221003734,许淇哲,女,大二,10班,2005-03-04,13004219294,20221003734@school.edu.cn
3735,20221003735,罗露,男,大二,3班,2006-03-04,15302663398,20221003735@school.edu.cn
3736,20221003736,孙霖骁,女,大二,2班,2005-01-16,18566279391,20221003736@school.edu.cn
3737,20221003737,赵六坤,男,大二,6班,2006-03-03,13584483959,20221003737@school.edu.cn
3738,20221003738,刘珂,男,大二,11班,2005-09-10,15238508935,20221003738@school.edu.cn
3739,20221003739,于杰,女,大二,2班,2006-06-11,18656854648,20221003739@school.edu.cn
3740,20221003740,周颖渝,男,大二,8班,2006-09-19,18922709918,20221003740@school.edu.cn
3741,20221003741,罗佳晨,男,大二,2班,2006-01-19,17756096460,20221003741@school.edu.cn
3742,20221003742,罗莹浩,女,大二,2班,2006-11-12,15123095516,20221003742@school.edu.cn
3743,20221003743,韩浩,女,大二,10班,2006-01-07,17531024794,20221003743@school.edu.cn
3744,20221003744,孙瑜哲,男,大二,8班,2006-05-16,18181689731,20221003744@school.edu.cn
3745,20221003745,赵清,男,大二,3班,2005-12-05,13834201520,20221003745@school.edu.cn
3746,20221003746,彭婷子,女,大二,10班,2005-11-02,18062128128,20221003746@school.edu.cn
3747,20221003747,萧羽博,女,大二,12班,2006-07-17,13507174123,20221003747@school.edu.cn
3748,20221003748,胡清二,女,大二,4班,2006-01-21,13372272776,20221003748@school.edu.cn
3749,20221003749,曾婕璐,男,大二,5班,2005-12-05,13512955879,20221003749@school.edu.cn
3750,20221003750,于淇蓉,男,大二,5班,2005-03-12,13689522237,20221003750@school.edu.cn
3751,20221003751,杨婷,男,大二,1班,2006-12-04,13975506889,20221003751@school.edu.cn
3752,20221003752,何奚斌,男,大二,4班,2005-06-20,13283576254,20221003752@school.edu.cn
3753,20221003753,徐林文,男,大二,12班,2005-07-17,15253449631,20221003753@school.edu.cn
3754,20221003754,彭瑶,男,大二,10班,2006-12-14,15917474883,20221003754@school.edu.cn
3755,20221003755,罗翊霖,女,大二,1班,2005-10-25,17348208653,20221003755@school.edu.cn
3756,20221003756,吕婕,女,大二,7班,2006-09-19,15128256448,20221003756@school.edu.cn
3757,20221003757,刘霖琛,男,大二,5班,2006-04-02,18824370794,20221003757@school.edu.cn
3758,20221003758,高四,男,大二,11班,2005-11-02,15349049115,20221003758@school.edu.cn
3759,20221003759,罗乐妍,女,大二,4班,2006-02-03,18381559914,20221003759@school.edu.cn
3760,20221003760,孙七翎,男,大二,7班,2005-05-28,15529140688,20221003760@school.edu.cn
3761,20221003761,林宁骐,女,大二,2班,2005-02-21,13133015338,20221003761@school.edu.cn
3762,20221003762,徐佳,男,大二,4班,2005-01-24,13839198076,20221003762@school.edu.cn
3763,20221003763,曹芸欣,男,大二,2班,2005-10-04,18340991761,20221003763@school.edu.cn
3764,20221003764,于珂坤,男,大二,7班,2005-09-25,15725735847,20221003764@school.edu.cn
3765,20221003765,沈宥颖,女,大二,10班,2006-10-14,13611744506,20221003765@school.edu.cn
3766,20221003766,黄六峻,女,大二,6班,2005-07-15,15110103756,20221003766@school.edu.cn
3767,20221003767,刘琳霄,女,大二,4班,2006-02-13,13142505218,20221003767@school.edu.cn
3768,20221003768,李嘉二,男,大二,4班,2006-04-02,18758266173,20221003768@school.edu.cn
3769,20221003769,周浩,男,大二,9班,2005-10-02,13170432659,20221003769@school.edu.cn
3770,20221003770,罗思晨,男,大二,6班,2005-02-19,15842763414,20221003770@school.edu.cn
3771,20221003771,刘明,男,大二,4班,2006-08-30,18003277063,20221003771@school.edu.cn
3772,20221003772,郑菲驰,女,大二,4班,2006-05-14,13232122073,20221003772@school.edu.cn
3773,20221003773,许启,女,大二,4班,2005-01-08,18842194862,20221003773@school.edu.cn
3774,20221003774,许瑾锴,男,大二,12班,2006-10-16,13810349860,20221003774@school.edu.cn
3775,20221003775,黄八霄,男,大二,10班,2005-05-22,17785351153,20221003775@school.edu.cn
3776,20221003776,彭浩峻,女,大二,2班,2006-10-31,15793298762,20221003776@school.edu.cn
3777,20221003777,黄一妍,女,大二,4班,2005-07-19,17602292216,20221003777@school.edu.cn
3778,20221003778,杨羽哲,女,大二,2班,2005-11-20,13523368233,20221003778@school.edu.cn
3779,20221003779,吕志浩,男,大二,6班,2006-04-28,15195442934,20221003779@school.edu.cn
3780,20221003780,陈芸博,男,大二,12班,2006-08-19,15683561540,20221003780@school.edu.cn
3781,20221003781,谢序洁,女,大二,5班,2006-12-03,15573133484,20221003781@school.edu.cn
3782,20221003782,高清峻,男,大二,11班,2005-12-26,18913939366,20221003782@school.edu.cn
3783,20221003783,马腾,女,大二,2班,2006-04-09,18105782583,20221003783@school.edu.cn
3784,20221003784,曹瑞文,男,大二,8班,2006-03-23,13333938115,20221003784@school.edu.cn
3785,20221003785,许乐,女,大二,6班,2005-09-29,18883674119,20221003785@school.edu.cn
3786,20221003786,马佳二,男,大二,3班,2006-04-09,18843021067,20221003786@school.edu.cn
3787,20221003787,徐泽,男,大二,1班,2005-04-14,13543764158,20221003787@school.edu.cn
3788,20221003788,唐若珊,女,大二,9班,2005-09-09,18734873579,20221003788@school.edu.cn
3789,20221003789,韩杰,男,大二,12班,2005-05-11,15520243439,20221003789@school.edu.cn
3790,20221003790,刘昭,女,大二,6班,2006-07-31,18192431587,20221003790@school.edu.cn
3791,20221003791,孙沁,女,大二,4班,2006-10-20,18710004151,20221003791@school.edu.cn
3792,20221003792,韩婷宁,男,大二,4班,2006-05-23,18080042232,20221003792@school.edu.cn
3793,20221003793,马睿琳,男,大二,3班,2006-04-01,13496496280,20221003793@school.edu.cn
3794,20221003794,何依凝,女,大二,5班,2005-09-27,18744547980,20221003794@school.edu.cn
3795,20221003795,宋芸琪,男,大二,8班,2006-06-10,15661119257,20221003795@school.edu.cn
3796,20221003796,王八,男,大二,5班,2006-01-13,15589327913,20221003796@school.edu.cn
3797,20221003797,于欣,男,大二,1班,2005-03-09,15536729403,20221003797@school.edu.cn
3798,20221003798,林沁婧,女,大二,1班,2005-02-26,15825183370,20221003798@school.edu.cn
3799,20221003799,唐瑾骐,男,大二,1班,2006-08-15,13761593863,20221003799@school.edu.cn
3800,20221003800,韩瑶,女,大二,9班,2005-04-09,17684262275,20221003800@school.edu.cn
3801,20221003801,杨昭,女,大二,4班,2005-05-10,15349892056,20221003801@school.edu.cn
3802,20221003802,刘瑶琪,女,大二,12班,2005-07-09,15122980713,20221003802@school.edu.cn
3803,20221003803,梁若,男,大二,4班,2006-04-27,17331150438,20221003803@school.edu.cn
3804,20221003804,许乐,男,大二,11班,2006-03-24,17354115332,20221003804@school.edu.cn
3805,20221003805,曾菲晨,女,大二,1班,2006-09-23,13711699041,20221003805@school.edu.cn
3806,20221003806,程一涵,女,大二,7班,2006-05-11,13011274003,20221003806@school.edu.cn
3807,20221003807,韩清霖,女,大二,7班,2005-01-30,17310469863,20221003807@school.edu.cn
3808,20221003808,冯浩,女,大二,6班,2006-09-10,13685961121,20221003808@school.edu.cn
3809,20221003809,董欣,男,大二,5班,2006-05-04,17864555711,20221003809@school.edu.cn
3810,20221003810,王八锴,男,大二,4班,2005-09-20,13947735958,20221003810@school.edu.cn
3811,20221003811,李茗珏,男,大二,2班,2006-09-26,18646244845,20221003811@school.edu.cn
3812,20221003812,何芸煜,女,大二,3班,2005-07-01,15264289399,20221003812@school.edu.cn
3813,20221003813,沈宁宇,男,大二,9班,2006-04-15,15290797492,20221003813@school.edu.cn
3814,20221003814,袁妍阳,男,大二,11班,2006-03-01,18349337710,20221003814@school.edu.cn
3815,20221003815,郭淇滢,男,大二,6班,2006-02-09,13753587801,20221003815@school.edu.cn
3816,20221003816,马五悦,女,大二,12班,2006-03-01,15033224465,20221003816@school.edu.cn
3817,20221003817,谢筱哲,男,大二,4班,2006-12-21,18226382612,20221003817@school.edu.cn
3818,20221003818,萧璇六,男,大二,11班,2006-09-26,15566364868,20221003818@school.edu.cn
3819,20221003819,吕八,男,大二,7班,2005-01-18,15611010954,20221003819@school.edu.cn
3820,20221003820,陈茗蕾,男,大二,8班,2006-10-23,13744179604,20221003820@school.edu.cn
3821,20221003821,邓莹坤,女,大二,5班,2005-06-16,17824751722,20221003821@school.edu.cn
3822,20221003822,赵宥四,男,大二,3班,2006-05-17,17713188856,20221003822@school.edu.cn
3823,20221003823,傅彤腾,男,大二,9班,2006-06-05,13688549211,20221003823@school.edu.cn
3824,20221003824,何昭阳,女,大二,3班,2006-10-01,18014627749,20221003824@school.edu.cn
3825,20221003825,林若坤,男,大二,7班,2005-01-20,18348495714,20221003825@school.edu.cn
3826,20221003826,郑筱,男,大二,12班,2005-11-11,18731595111,20221003826@school.edu.cn
3827,20221003827,李琳八,女,大二,11班,2006-03-27,18072988869,20221003827@school.edu.cn
3828,20221003828,马序彤,女,大二,12班,2006-10-27,13034192951,20221003828@school.edu.cn
3829,20221003829,李淇,男,大二,11班,2006-11-21,18183521247,20221003829@school.edu.cn
3830,20221003830,陈奚瑾,男,大二,4班,2005-11-02,17820908204,20221003830@school.edu.cn
3831,20221003831,郭涵,男,大二,4班,2006-06-17,18292612645,20221003831@school.edu.cn
3832,20221003832,高八萱,女,大二,4班,2005-01-21,13396905844,20221003832@school.edu.cn
3833,20221003833,于泽驰,女,大二,3班,2006-03-21,13437671340,20221003833@school.edu.cn
3834,20221003834,韩露帆,女,大二,7班,2005-03-25,17887661971,20221003834@school.edu.cn
3835,20221003835,黄景坤,女,大二,2班,2006-07-08,15049047785,20221003835@school.edu.cn
3836,20221003836,高四,女,大二,12班,2005-06-12,18743802704,20221003836@school.edu.cn
3837,20221003837,傅五,男,大二,1班,2006-04-08,13602496592,20221003837@school.edu.cn
3838,20221003838,高八茹,女,大二,1班,2005-10-24,13148104819,20221003838@school.edu.cn
3839,20221003839,高欣扬,女,大二,6班,2006-01-18,15038876531,20221003839@school.edu.cn
3840,20221003840,朱曜三,女,大二,9班,2005-08-07,13923232678,20221003840@school.edu.cn
3841,20221003841,孙菲扬,男,大二,2班,2006-06-20,17538830395,20221003841@school.edu.cn
3842,20221003842,罗瑾峻,男,大二,1班,2005-01-29,15656723167,20221003842@school.edu.cn
3843,20221003843,于星琪,男,大二,3班,2005-10-05,15150561734,20221003843@school.edu.cn
3844,20221003844,孙清,男,大二,6班,2005-05-08,18369921171,20221003844@school.edu.cn
3845,20221003845,徐浩衡,男,大二,12班,2006-12-18,18238399874,20221003845@school.edu.cn
3846,20221003846,刘博雯,女,大二,4班,2006-09-02,13093225361,20221003846@school.edu.cn
3847,20221003847,曾曜潇,女,大二,7班,2006-07-22,15270614262,20221003847@school.edu.cn
3848,20221003848,徐祺浩,男,大二,8班,2005-08-23,18562826128,20221003848@school.edu.cn
3849,20221003849,马婕霄,女,大二,5班,2005-07-01,15154973020,20221003849@school.edu.cn
3850,20221003850,林奕,男,大二,11班,2006-03-02,13502933970,20221003850@school.edu.cn
3851,20221003851,朱梓馥,女,大二,12班,2006-06-28,17371591187,20221003851@school.edu.cn
3852,20221003852,李博霄,女,大二,7班,2006-05-22,13446997078,20221003852@school.edu.cn
3853,20221003853,赵景子,女,大二,3班,2006-03-27,18070498708,20221003853@school.edu.cn
3854,20221003854,张泽然,女,大二,6班,2006-11-16,17640789252,20221003854@school.edu.cn
3855,20221003855,许佳霄,男,大二,10班,2006-12-19,13123133839,20221003855@school.edu.cn
3856,20221003856,宋序凯,女,大二,8班,2005-12-21,18623276394,20221003856@school.edu.cn
3857,20221003857,黄文骞,女,大二,2班,2006-11-22,17368473838,20221003857@school.edu.cn
3858,20221003858,冯凯恺,男,大二,8班,2005-06-24,18530436334,20221003858@school.edu.cn
3859,20221003859,唐琛蕾,男,大二,6班,2005-05-15,13055917791,20221003859@school.edu.cn
3860,20221003860,林茗,男,大二,12班,2006-02-25,18208353530,20221003860@school.edu.cn
3861,20221003861,曹思琛,男,大二,1班,2006-07-21,15664887523,20221003861@school.edu.cn
3862,20221003862,陈景,男,大二,6班,2006-11-23,18670619385,20221003862@school.edu.cn
3863,20221003863,徐奕,女,大二,10班,2006-06-14,17677150434,20221003863@school.edu.cn
3864,20221003864,林乐颖,男,大二,9班,2006-01-21,17361375792,20221003864@school.edu.cn
3865,20221003865,沈明,女,大二,7班,2005-12-11,17702782530,20221003865@school.edu.cn
3866,20221003866,唐子一,女,大二,9班,2005-08-18,13051359428,20221003866@school.edu.cn
3867,20221003867,程瑞子,男,大二,4班,2005-12-03,17347257561,20221003867@school.edu.cn
3868,20221003868,彭浩昊,男,大二,10班,2006-01-19,13329392957,20221003868@school.edu.cn
3869,20221003869,胡二一,女,大二,1班,2005-11-06,18511577515,20221003869@school.edu.cn
3870,20221003870,黄嫣浩,男,大二,5班,2006-01-26,17897327331,20221003870@school.edu.cn
3871,20221003871,胡祺,女,大二,4班,2005-03-16,18175869407,20221003871@school.edu.cn
3872,20221003872,吕睿八,女,大二,7班,2005-06-21,13141989392,20221003872@school.edu.cn
3873,20221003873,李乐,男,大二,3班,2006-05-28,13822282775,20221003873@school.edu.cn
3874,20221003874,唐姝七,女,大二,12班,2006-11-29,15980975983,20221003874@school.edu.cn
3875,20221003875,谢星翎,男,大二,8班,2005-02-24,15170285492,20221003875@school.edu.cn
3876,20221003876,郭凯颖,男,大二,2班,2006-01-01,18265052726,20221003876@school.edu.cn
3877,20221003877,孙七,男,大二,2班,2005-05-25,15054798294,20221003877@school.edu.cn
3878,20221003878,谢泓,女,大二,6班,2006-04-24,17387329906,20221003878@school.edu.cn
3879,20221003879,谢昭明,男,大二,11班,2006-02-05,15979352168,20221003879@school.edu.cn
3880,20221003880,吕曜珊,女,大二,4班,2005-11-22,15050286727,20221003880@school.edu.cn
3881,20221003881,程博博,男,大二,11班,2005-08-12,13266650554,20221003881@school.edu.cn
3882,20221003882,程文雯,女,大二,10班,2005-11-14,18770000571,20221003882@school.edu.cn
3883,20221003883,曾腾颖,女,大二,8班,2006-12-10,17764355765,20221003883@school.edu.cn
3884,20221003884,傅筱博,女,大二,7班,2006-12-21,18733826295,20221003884@school.edu.cn
3885,20221003885,萧若璐,男,大二,7班,2005-01-17,18774536419,20221003885@school.edu.cn
3886,20221003886,赵颖明,女,大二,11班,2006-11-15,18500496210,20221003886@school.edu.cn
3887,20221003887,杨乐,男,大二,6班,2005-01-11,15045495680,20221003887@school.edu.cn
3888,20221003888,张涵,女,大二,2班,2006-03-18,18646884886,20221003888@school.edu.cn
3889,20221003889,胡乐娜,女,大二,3班,2005-12-23,13506504808,20221003889@school.edu.cn
3890,20221003890,赵梓九,男,大二,4班,2005-12-16,15714555454,20221003890@school.edu.cn
3891,20221003891,朱彦琛,女,大二,4班,2006-04-27,18532054666,20221003891@school.edu.cn
3892,20221003892,杨祺航,女,大二,6班,2006-05-06,13147327417,20221003892@school.edu.cn
3893,20221003893,韩子怡,男,大二,12班,2006-09-23,17359175632,20221003893@school.edu.cn
3894,20221003894,刘嘉翎,男,大二,10班,2006-10-16,15808786818,20221003894@school.edu.cn
3895,20221003895,沈明瑶,女,大二,6班,2006-09-14,13504894203,20221003895@school.edu.cn
3896,20221003896,邓晨致,女,大二,7班,2005-11-18,13959538436,20221003896@school.edu.cn
3897,20221003897,邓宁浩,男,大二,8班,2006-05-01,13777354314,20221003897@school.edu.cn
3898,20221003898,萧梓,男,大二,6班,2006-01-22,13807357769,20221003898@school.edu.cn
3899,20221003899,高一琪,男,大二,10班,2005-03-13,17597216832,20221003899@school.edu.cn
3900,20221003900,傅锦蕾,女,大二,7班,2005-10-22,15169630467,20221003900@school.edu.cn
3901,20221003901,周瑶瑶,女,大二,6班,2006-04-14,18539948403,20221003901@school.edu.cn
3902,20221003902,傅泓亦,女,大二,6班,2006-06-11,17384212609,20221003902@school.edu.cn
3903,20221003903,谢雨希,男,大二,12班,2006-10-09,18245929726,20221003903@school.edu.cn
3904,20221003904,冯九琪,女,大二,1班,2005-09-19,18589987129,20221003904@school.edu.cn
3905,20221003905,韩欣一,男,大二,3班,2005-10-31,13194959936,20221003905@school.edu.cn
3906,20221003906,胡浩御,女,大二,5班,2005-08-29,15985335727,20221003906@school.edu.cn
3907,20221003907,何婕悦,男,大二,12班,2006-05-22,15267776346,20221003907@school.edu.cn
3908,20221003908,曹雅,女,大二,8班,2005-12-23,15665768804,20221003908@school.edu.cn
3909,20221003909,何嘉蕾,男,大二,7班,2005-10-08,17529113268,20221003909@school.edu.cn
3910,20221003910,许雅骁,女,大二,9班,2006-04-17,13955863637,20221003910@school.edu.cn
3911,20221003911,胡彦晨,女,大二,8班,2006-03-18,17869792893,20221003911@school.edu.cn
3912,20221003912,杨志文,男,大二,11班,2006-01-20,17625065840,20221003912@school.edu.cn
3913,20221003913,朱腾,女,大二,4班,2006-07-09,17757455252,20221003913@school.edu.cn
3914,20221003914,罗欣,女,大二,10班,2006-09-05,18706979575,20221003914@school.edu.cn
3915,20221003915,黄佳蕾,男,大二,9班,2006-09-18,18355140144,20221003915@school.edu.cn
3916,20221003916,孙姝六,男,大二,11班,2006-12-17,18568451726,20221003916@school.edu.cn
3917,20221003917,张曜琪,女,大二,4班,2005-02-21,15279701182,20221003917@school.edu.cn
3918,20221003918,梁岚雪,男,大二,1班,2006-06-12,18693713758,20221003918@school.edu.cn
3919,20221003919,孙嫣萌,女,大二,3班,2006-10-27,18861815474,20221003919@school.edu.cn
3920,20221003920,唐睿萱,男,大二,3班,2006-01-05,15888157580,20221003920@school.edu.cn
3921,20221003921,罗沁,女,大二,2班,2006-12-03,13524708477,20221003921@school.edu.cn
3922,20221003922,唐颖,女,大二,6班,2005-09-28,17873884107,20221003922@school.edu.cn
3923,20221003923,唐婷可,男,大二,5班,2006-05-15,18198183487,20221003923@school.edu.cn
3924,20221003924,宋依,女,大二,2班,2006-04-09,13444478355,20221003924@school.edu.cn
3925,20221003925,梁博妍,男,大二,2班,2005-02-19,18678378326,20221003925@school.edu.cn
3926,20221003926,曹羽,男,大二,5班,2006-04-18,18378127345,20221003926@school.edu.cn
3927,20221003927,朱四骞,男,大二,5班,2006-06-25,13329026264,20221003927@school.edu.cn
3928,20221003928,谢沁五,女,大二,6班,2006-05-12,17697718002,20221003928@school.edu.cn
3929,20221003929,赵凯九,男,大二,8班,2006-11-09,17388611351,20221003929@school.edu.cn
3930,20221003930,周明,男,大二,2班,2005-08-31,17869352861,20221003930@school.edu.cn
3931,20221003931,许二悦,女,大二,1班,2006-03-23,13718712958,20221003931@school.edu.cn
3932,20221003932,谢景轩,女,大二,6班,2006-04-30,18877171189,20221003932@school.edu.cn
3933,20221003933,赵五斌,女,大二,1班,2005-07-12,18355991488,20221003933@school.edu.cn
3934,20221003934,王若浩,男,大二,7班,2005-11-30,13668745264,20221003934@school.edu.cn
3935,20221003935,唐景,女,大二,3班,2006-05-25,17334568349,20221003935@school.edu.cn
3936,20221003936,赵泽潇,女,大二,2班,2005-05-20,18893920711,20221003936@school.edu.cn
3937,20221003937,于语潇,男,大二,4班,2005-09-29,18755292358,20221003937@school.edu.cn
3938,20221003938,邓瑾,男,大二,9班,2005-02-06,18642462940,20221003938@school.edu.cn
3939,20221003939,李昭睿,男,大二,11班,2005-09-18,17838192231,20221003939@school.edu.cn
3940,20221003940,韩淇斌,女,大二,3班,2006-05-13,18732567223,20221003940@school.edu.cn
3941,20221003941,宋琛明,男,大二,9班,2005-09-23,15552658314,20221003941@school.edu.cn
3942,20221003942,张清,男,大二,2班,2006-08-30,15921165632,20221003942@school.edu.cn
3943,20221003943,杨芸峻,男,大二,2班,2006-12-06,13132860613,20221003943@school.edu.cn
3944,20221003944,冯珂,男,大二,11班,2005-02-20,17391446793,20221003944@school.edu.cn
3945,20221003945,宋曜凯,男,大二,9班,2006-09-05,18729165428,20221003945@school.edu.cn
3946,20221003946,刘瑞,男,大二,7班,2005-01-28,13218106154,20221003946@school.edu.cn
3947,20221003947,陈睿一,男,大二,12班,2006-02-22,15700098673,20221003947@school.edu.cn
3948,20221003948,曹五茹,女,大二,3班,2006-11-18,15894874801,20221003948@school.edu.cn
3949,20221003949,曹博八,男,大二,5班,2005-08-28,15837220679,20221003949@school.edu.cn
3950,20221003950,沈子雪,男,大二,8班,2006-09-15,18330538961,20221003950@school.edu.cn
3951,20221003951,李渲,男,大二,11班,2006-07-09,18684531463,20221003951@school.edu.cn
3952,20221003952,陈瑾帆,男,大二,4班,2006-08-11,18033152584,20221003952@school.edu.cn
3953,20221003953,董启,男,大二,3班,2006-10-14,18848269661,20221003953@school.edu.cn
3954,20221003954,韩婕志,男,大二,10班,2006-07-11,17798635312,20221003954@school.edu.cn
3955,20221003955,萧颖,男,大二,10班,2006-11-07,18697984965,20221003955@school.edu.cn
3956,20221003956,林嘉珂,男,大二,1班,2005-04-14,18057686476,20221003956@school.edu.cn
3957,20221003957,孙奕芸,女,大二,11班,2005-12-28,18048115456,20221003957@school.edu.cn
3958,20221003958,沈三文,女,大二,5班,2005-05-11,17726392049,20221003958@school.edu.cn
3959,20221003959,董莹娜,女,大二,2班,2006-08-24,15056867158,20221003959@school.edu.cn
3960,20221003960,郑博潇,女,大二,1班,2005-02-07,13512324202,20221003960@school.edu.cn
3961,20221003961,吴雪,男,大二,2班,2005-03-10,15203142928,20221003961@school.edu.cn
3962,20221003962,刘羽凝,女,大二,1班,2006-02-25,18830559339,20221003962@school.edu.cn
3963,20221003963,林雪,女,大二,1班,2006-03-15,13673489060,20221003963@school.edu.cn
3964,20221003964,沈奕雯,男,大二,10班,2005-05-23,15941904136,20221003964@school.edu.cn
3965,20221003965,程露九,女,大二,3班,2005-08-29,18522172807,20221003965@school.edu.cn
3966,20221003966,何锦滢,女,大二,1班,2005-04-23,17315269345,20221003966@school.edu.cn
3967,20221003967,程雨,男,大二,8班,2006-01-12,13719157550,20221003967@school.edu.cn
3968,20221003968,胡六,女,大二,5班,2005-09-01,15567316664,20221003968@school.edu.cn
3969,20221003969,唐宇馥,男,大二,4班,2006-02-24,15374952265,20221003969@school.edu.cn
3970,20221003970,徐博,女,大二,1班,2006-02-18,13592213447,20221003970@school.edu.cn
3971,20221003971,胡浩琪,男,大二,4班,2005-06-15,18239091526,20221003971@school.edu.cn
3972,20221003972,刘一驰,女,大二,11班,2005-08-09,13712977810,20221003972@school.edu.cn
3973,20221003973,冯菲琪,男,大二,10班,2005-10-09,13606101223,20221003973@school.edu.cn
3974,20221003974,曹婕渝,男,大二,10班,2006-08-20,13212957004,20221003974@school.edu.cn
3975,20221003975,罗乐,男,大二,4班,2005-06-13,15195064282,20221003975@school.edu.cn
3976,20221003976,谢曜洁,男,大二,4班,2005-10-10,15844329792,20221003976@school.edu.cn
3977,20221003977,梁婕,男,大二,8班,2005-06-09,18245001306,20221003977@school.edu.cn
3978,20221003978,傅六琪,男,大二,8班,2005-06-27,13520273632,20221003978@school.edu.cn
3979,20221003979,唐明,男,大二,10班,2005-10-07,18824589650,20221003979@school.edu.cn
3980,20221003980,张宁骞,女,大二,4班,2006-09-20,17846207849,20221003980@school.edu.cn
3981,20221003981,赵彦骁,男,大二,12班,2005-10-27,18151568414,20221003981@school.edu.cn
3982,20221003982,董志希,女,大二,11班,2005-01-28,13589219124,20221003982@school.edu.cn
3983,20221003983,陈林,女,大二,3班,2005-10-13,13696354444,20221003983@school.edu.cn
3984,20221003984,胡婕,男,大二,2班,2006-01-08,13163347886,20221003984@school.edu.cn
3985,20221003985,程婕铠,女,大二,6班,2006-04-19,18000096000,20221003985@school.edu.cn
3986,20221003986,胡九四,女,大二,1班,2005-02-19,18355474375,20221003986@school.edu.cn
3987,20221003987,李翊航,女,大二,5班,2006-10-01,15137769704,20221003987@school.edu.cn
3988,20221003988,于嫣萱,女,大二,9班,2005-06-10,17699489977,20221003988@school.edu.cn
3989,20221003989,黄渲,女,大二,1班,2005-07-15,13999649389,20221003989@school.edu.cn
3990,20221003990,郑莹萱,女,大二,12班,2006-09-04,17536375435,20221003990@school.edu.cn
3991,20221003991,郑若娅,男,大二,12班,2006-06-15,13813495941,20221003991@school.edu.cn
3992,20221003992,徐凯萱,男,大二,1班,2006-08-17,13907526184,20221003992@school.edu.cn
3993,20221003993,黄珂,女,大二,11班,2005-03-14,17632737009,20221003993@school.edu.cn
3994,20221003994,沈嘉哲,男,大二,3班,2006-10-20,13624896491,20221003994@school.edu.cn
3995,20221003995,何乐瑜,女,大二,7班,2006-10-27,18943372035,20221003995@school.edu.cn
3996,20221003996,梁志坤,男,大二,7班,2005-09-07,17722077873,20221003996@school.edu.cn
3997,20221003997,韩妍骞,女,大二,6班,2006-03-18,15303122644,20221003997@school.edu.cn
3998,20221003998,杨宇三,男,大二,4班,2006-07-18,13395585909,20221003998@school.edu.cn
3999,20221003999,傅芸骁,女,大二,12班,2006-01-27,17753545376,20221003999@school.edu.cn
4000,20221004000,王志,男,大二,3班,2005-02-11,13934022943,20221004000@school.edu.cn
4001,20221004001,曹乐蕾,女,大二,4班,2006-04-11,18194341225,20221004001@school.edu.cn
4002,20221004002,彭清煜,女,大二,10班,2005-04-18,15012526324,20221004002@school.edu.cn
4003,20221004003,胡瑜珏,女,大二,2班,2006-09-14,13609912739,20221004003@school.edu.cn
4004,20221004004,彭淇洁,男,大二,4班,2006-04-03,15765268075,20221004004@school.edu.cn
4005,20221004005,吕凯帆,男,大二,8班,2006-01-19,18711402455,20221004005@school.edu.cn
4006,20221004006,孙腾,女,大二,11班,2006-06-18,15555162288,20221004006@school.edu.cn
4007,20221004007,萧嘉,女,大二,7班,2006-11-09,17577987330,20221004007@school.edu.cn
4008,20221004008,董星哲,男,大二,6班,2006-01-27,17699837387,20221004008@school.edu.cn
4009,20221004009,沈沁,女,大二,1班,2005-12-21,17653230940,20221004009@school.edu.cn
4010,20221004010,萧宇恺,男,大二,2班,2006-11-26,17357296673,20221004010@school.edu.cn
4011,20221004011,梁泽,男,大二,3班,2005-08-10,18969987206,20221004011@school.edu.cn
4012,20221004012,韩景渝,男,大二,1班,2005-03-31,15650898507,20221004012@school.edu.cn
4013,20221004013,程锦,女,大二,3班,2006-05-04,15380805583,20221004013@school.edu.cn
4014,20221004014,许志,女,大二,3班,2006-03-25,13222214894,20221004014@school.edu.cn
4015,20221004015,吴筱娜,男,大二,8班,2006-01-28,15054825002,20221004015@school.edu.cn
4016,20221004016,胡五八,男,大二,5班,2006-01-08,13797180317,20221004016@school.edu.cn
4017,20221004017,曾清四,男,大二,10班,2005-07-06,13779751356,20221004017@school.edu.cn
4018,20221004018,曾语,女,大二,9班,2006-05-12,13671659303,20221004018@school.edu.cn
4019,20221004019,曾一,男,大二,10班,2005-05-16,18129515237,20221004019@school.edu.cn
4020,20221004020,赵宥志,男,大二,7班,2006-01-26,15102505315,20221004020@school.edu.cn
4021,20221004021,高彦蓉,男,大二,7班,2006-04-16,13724290113,20221004021@school.edu.cn
4022,20221004022,宋凯,男,大二,7班,2005-03-17,18163979603,20221004022@school.edu.cn
4023,20221004023,李渲函,女,大二,1班,2006-10-14,15224353024,20221004023@school.edu.cn
4024,20221004024,王雪亦,男,大二,8班,2006-05-29,18779512593,20221004024@school.edu.cn
4025,20221004025,邓瑞二,女,大二,11班,2005-08-13,18305988462,20221004025@school.edu.cn
4026,20221004026,王睿宇,女,大二,1班,2005-11-06,15395137473,20221004026@school.edu.cn
4027,20221004027,冯星泽,女,大二,1班,2006-02-25,13230468595,20221004027@school.edu.cn
4028,20221004028,萧渲瑜,男,大二,6班,2005-09-20,17800864423,20221004028@school.edu.cn
4029,20221004029,李岚翎,男,大二,8班,2006-07-06,18855696497,20221004029@school.edu.cn
4030,20221004030,李祺,女,大二,3班,2006-07-23,13958281025,20221004030@school.edu.cn
4031,20221004031,马七骞,男,大二,8班,2006-04-08,13240398751,20221004031@school.edu.cn
4032,20221004032,宋宇,男,大二,10班,2005-06-28,15915105243,20221004032@school.edu.cn
4033,20221004033,刘彤帆,男,大二,10班,2005-06-06,18780515632,20221004033@school.edu.cn
4034,20221004034,邓曜珏,女,大二,8班,2005-08-26,15001266774,20221004034@school.edu.cn
4035,20221004035,冯景娜,男,大二,6班,2006-10-20,13727301612,20221004035@school.edu.cn
4036,20221004036,袁芸诺,女,大二,5班,2006-03-06,13798208721,20221004036@school.edu.cn
4037,20221004037,韩珺娜,女,大二,5班,2005-04-10,18065296531,20221004037@school.edu.cn
4038,20221004038,袁渲希,女,大二,7班,2005-06-20,18379328049,20221004038@school.edu.cn
4039,20221004039,周宁峻,男,大二,6班,2006-02-16,13992435316,20221004039@school.edu.cn
4040,20221004040,徐一芷,男,大二,5班,2005-03-31,13614833181,20221004040@school.edu.cn
4041,20221004041,程一明,女,大二,12班,2005-07-05,18951086180,20221004041@school.edu.cn
4042,20221004042,马颖瑜,女,大二,2班,2006-09-25,17886209890,20221004042@school.edu.cn
4043,20221004043,梁瑾二,男,大二,10班,2005-05-12,18890637899,20221004043@school.edu.cn
4044,20221004044,李依芸,女,大二,10班,2005-10-20,13883801400,20221004044@school.edu.cn
4045,20221004045,陈志珏,女,大二,3班,2005-09-28,15979914056,20221004045@school.edu.cn
4046,20221004046,高珂怡,女,大二,12班,2006-05-11,17742199179,20221004046@school.edu.cn
4047,20221004047,傅露衡,女,大二,5班,2006-06-21,18926553472,20221004047@school.edu.cn
4048,20221004048,何启瑶,女,大二,1班,2005-07-19,18652310150,20221004048@school.edu.cn
4049,20221004049,周六二,男,大二,2班,2006-09-05,18026631811,20221004049@school.edu.cn
4050,20221004050,高乐祺,女,大二,7班,2006-12-28,13046692119,20221004050@school.edu.cn
4051,20221004051,王博渝,女,大二,3班,2005-06-27,13098830350,20221004051@school.edu.cn
4052,20221004052,周珺,女,大二,8班,2006-11-24,15289422293,20221004052@school.edu.cn
4053,20221004053,陈茗,女,大二,6班,2005-09-21,13576667639,20221004053@school.edu.cn
4054,20221004054,程林萱,男,大二,11班,2006-07-01,13563595354,20221004054@school.edu.cn
4055,20221004055,曹泓颖,女,大二,9班,2006-04-08,18536589764,20221004055@school.edu.cn
4056,20221004056,彭佳滢,女,大二,1班,2006-07-07,15369848892,20221004056@school.edu.cn
4057,20221004057,何宇骞,女,大二,10班,2005-05-12,15226367437,20221004057@school.edu.cn
4058,20221004058,朱依航,女,大二,3班,2006-11-25,15715939369,20221004058@school.edu.cn
4059,20221004059,曾一恺,男,大二,2班,2006-02-07,17786873303,20221004059@school.edu.cn
4060,20221004060,杨锦瑶,男,大二,3班,2006-01-13,15210717459,20221004060@school.edu.cn
4061,20221004061,陈林诺,男,大二,9班,2005-01-19,15328511373,20221004061@school.edu.cn
4062,20221004062,冯九骐,男,大二,4班,2005-11-15,18834875961,20221004062@school.edu.cn
4063,20221004063,李欣然,男,大二,10班,2006-12-03,18345077418,20221004063@school.edu.cn
4064,20221004064,曾羽茹,男,大二,3班,2006-01-28,17873905535,20221004064@school.edu.cn
4065,20221004065,谢翊铠,女,大二,9班,2005-06-23,15684817727,20221004065@school.edu.cn
4066,20221004066,何沁,男,大二,2班,2005-01-21,18767133912,20221004066@school.edu.cn
4067,20221004067,曾羽锴,女,大二,5班,2005-03-28,17864946080,20221004067@school.edu.cn
4068,20221004068,韩瑶钰,男,大二,2班,2005-04-29,13487913555,20221004068@school.edu.cn
4069,20221004069,曹奚宇,女,大二,3班,2005-09-26,18148560396,20221004069@school.edu.cn
4070,20221004070,徐岚煜,男,大二,1班,2006-08-31,18913961248,20221004070@school.edu.cn
4071,20221004071,彭腾,男,大二,2班,2005-08-09,13151916390,20221004071@school.edu.cn
4072,20221004072,许清一,女,大二,7班,2006-01-11,15117584728,20221004072@school.edu.cn
4073,20221004073,董姝,男,大二,4班,2006-02-10,18081307258,20221004073@school.edu.cn
4074,20221004074,邓嫣珊,女,大二,10班,2006-11-06,13080940293,20221004074@school.edu.cn
4075,20221004075,孙曜琪,男,大二,3班,2006-03-19,18001390051,20221004075@school.edu.cn
4076,20221004076,陈彤渝,男,大二,7班,2005-12-18,15750269024,20221004076@school.edu.cn
4077,20221004077,傅渲,男,大二,6班,2006-04-09,13574093817,20221004077@school.edu.cn
4078,20221004078,林九,女,大二,2班,2006-09-14,15372181270,20221004078@school.edu.cn
4079,20221004079,董林,男,大二,3班,2006-10-20,15531398198,20221004079@school.edu.cn
4080,20221004080,沈宁瑜,男,大二,7班,2006-08-29,15204436099,20221004080@school.edu.cn
4081,20221004081,陈沁昊,男,大二,1班,2006-05-04,18851795841,20221004081@school.edu.cn
4082,20221004082,吴颖航,男,大二,7班,2006-07-16,18864739284,20221004082@school.edu.cn
4083,20221004083,朱三航,男,大二,11班,2005-11-25,15327501066,20221004083@school.edu.cn
4084,20221004084,程颖珊,女,大二,1班,2006-11-07,15725631980,20221004084@school.edu.cn
4085,20221004085,赵羽斌,男,大二,10班,2006-06-23,18768106489,20221004085@school.edu.cn
4086,20221004086,赵七璐,男,大二,1班,2005-09-05,15190859025,20221004086@school.edu.cn
4087,20221004087,沈梓宇,女,大二,9班,2005-02-08,18823589925,20221004087@school.edu.cn
4088,20221004088,罗一,女,大二,11班,2005-06-24,15870465149,20221004088@school.edu.cn
4089,20221004089,谢雅妍,男,大二,3班,2005-03-26,17502816794,20221004089@school.edu.cn
4090,20221004090,赵珺,男,大二,1班,2005-06-21,13129324243,20221004090@school.edu.cn
4091,20221004091,周渲亦,男,大二,11班,2005-07-29,15814665948,20221004091@school.edu.cn
4092,20221004092,张乐雪,女,大二,10班,2006-07-09,17382863505,20221004092@school.edu.cn
4093,20221004093,谢子铠,女,大二,11班,2005-02-23,17394493770,20221004093@school.edu.cn
4094,20221004094,许嘉,男,大二,8班,2005-05-03,13888968096,20221004094@school.edu.cn
4095,20221004095,彭依,女,大二,6班,2005-06-09,15718650057,20221004095@school.edu.cn
4096,20221004096,朱星琪,男,大二,4班,2005-01-04,15368198383,20221004096@school.edu.cn
4097,20221004097,曹渲涵,女,大二,3班,2006-03-25,17682431898,20221004097@school.edu.cn
4098,20221004098,何语婧,女,大二,7班,2006-06-04,18620507458,20221004098@school.edu.cn
4099,20221004099,周志焱,女,大二,1班,2006-12-13,18870444387,20221004099@school.edu.cn
4100,20221004100,沈杰萌,男,大二,8班,2006-12-10,18260234027,20221004100@school.edu.cn
4101,20221004101,黄雪翎,男,大二,12班,2006-10-03,17891135342,20221004101@school.edu.cn
4102,20221004102,袁乐然,女,大二,8班,2006-10-31,18201316624,20221004102@school.edu.cn
4103,20221004103,郭涵六,女,大二,7班,2005-05-28,13481680052,20221004103@school.edu.cn
4104,20221004104,邓彤琳,男,大二,10班,2006-07-19,15205067713,20221004104@school.edu.cn
4105,20221004105,朱凯涵,女,大二,9班,2005-04-23,15704646869,20221004105@school.edu.cn
4106,20221004106,朱昭霄,女,大二,5班,2005-08-05,18275280572,20221004106@school.edu.cn
4107,20221004107,傅祺,女,大二,10班,2005-12-23,18283905682,20221004107@school.edu.cn
4108,20221004108,程祺帆,女,大二,12班,2006-08-01,15183174483,20221004108@school.edu.cn
4109,20221004109,杨祺洁,男,大二,1班,2005-02-22,13252830208,20221004109@school.edu.cn
4110,20221004110,曹一浩,女,大二,4班,2006-03-19,18195787575,20221004110@school.edu.cn
4111,20221004111,程浩恺,女,大二,10班,2006-12-12,13516346577,20221004111@school.edu.cn
4112,20221004112,赵九,男,大二,7班,2005-03-23,13977399794,20221004112@school.edu.cn
4113,20221004113,于依宁,女,大二,2班,2006-02-08,13508504647,20221004113@school.edu.cn
4114,20221004114,胡博琪,男,大二,9班,2005-05-28,15711303802,20221004114@school.edu.cn
4115,20221004115,吕嫣霖,男,大二,3班,2006-04-28,15667784738,20221004115@school.edu.cn
4116,20221004116,彭瑶,女,大二,1班,2006-04-18,13197918986,20221004116@school.edu.cn
4117,20221004117,朱嘉文,女,大二,3班,2005-02-27,17834542591,20221004117@school.edu.cn
4118,20221004118,谢浩彤,男,大二,12班,2006-07-14,15757413274,20221004118@school.edu.cn
4119,20221004119,孙昭九,女,大二,12班,2005-10-26,15785125418,20221004119@school.edu.cn
4120,20221004120,许芸,男,大二,2班,2006-08-29,18770250033,20221004120@school.edu.cn
4121,20221004121,许瑞琪,男,大二,2班,2005-02-15,18971584198,20221004121@school.edu.cn
4122,20221004122,吴启轩,女,大二,2班,2006-10-04,17776006297,20221004122@school.edu.cn
4123,20221004123,宋宇颖,女,大二,10班,2006-07-12,15780947695,20221004123@school.edu.cn
4124,20221004124,林锦芷,男,大二,3班,2006-12-26,17390573698,20221004124@school.edu.cn
4125,20221004125,胡雪文,男,大二,2班,2005-06-05,18939528463,20221004125@school.edu.cn
4126,20221004126,罗序锴,女,大二,9班,2005-05-17,15557883453,20221004126@school.edu.cn
4127,20221004127,唐二瑜,女,大二,2班,2005-06-18,18572884829,20221004127@school.edu.cn
4128,20221004128,李思悦,女,大二,11班,2006-05-21,13037228894,20221004128@school.edu.cn
4129,20221004129,邓彤,男,大二,12班,2006-12-01,13544809679,20221004129@school.edu.cn
4130,20221004130,程五珏,女,大二,7班,2006-10-15,13091887891,20221004130@school.edu.cn
4131,20221004131,邓三一,男,大二,11班,2006-08-25,17319092772,20221004131@school.edu.cn
4132,20221004132,赵彦,女,大二,12班,2005-09-09,18816695572,20221004132@school.edu.cn
4133,20221004133,袁曜翎,女,大二,1班,2005-11-23,17541391646,20221004133@school.edu.cn
4134,20221004134,萧欣四,男,大二,11班,2005-12-01,17671270867,20221004134@school.edu.cn
4135,20221004135,王筱颖,女,大二,11班,2005-05-10,15947660553,20221004135@school.edu.cn
4136,20221004136,朱启,男,大二,2班,2006-05-09,15688626197,20221004136@school.edu.cn
4137,20221004137,郑岚阳,女,大二,11班,2006-09-23,13579333020,20221004137@school.edu.cn
4138,20221004138,胡嫣腾,女,大二,6班,2005-08-19,18528825566,20221004138@school.edu.cn
4139,20221004139,林三蓉,女,大二,11班,2005-04-06,18283175451,20221004139@school.edu.cn
4140,20221004140,郭景,女,大二,10班,2005-03-16,13940107047,20221004140@school.edu.cn
4141,20221004141,朱昭焱,男,大二,7班,2005-07-30,17613898700,20221004141@school.edu.cn
4142,20221004142,吕雅四,女,大二,12班,2006-10-05,18728321723,20221004142@school.edu.cn
4143,20221004143,唐雅,女,大二,3班,2006-10-15,13031807505,20221004143@school.edu.cn
4144,20221004144,杨沁晨,女,大二,2班,2005-05-01,18044250940,20221004144@school.edu.cn
4145,20221004145,沈祺煜,女,大二,3班,2006-03-18,17763098501,20221004145@school.edu.cn
4146,20221004146,曾莹文,女,大二,12班,2005-03-04,13145716251,20221004146@school.edu.cn
4147,20221004147,曹雨芸,女,大二,12班,2005-11-09,13952770476,20221004147@school.edu.cn
4148,20221004148,马子文,女,大二,11班,2006-07-21,17616827707,20221004148@school.edu.cn
4149,20221004149,唐瑞衡,女,大二,4班,2005-03-11,13963543901,20221004149@school.edu.cn
4150,20221004150,邓婷晟,男,大二,7班,2005-10-23,13983086541,20221004150@school.edu.cn
4151,20221004151,唐乐欣,男,大二,10班,2006-04-08,15550949377,20221004151@school.edu.cn
4152,20221004152,何宁煜,男,大二,8班,2006-12-02,13317660682,20221004152@school.edu.cn
4153,20221004153,朱浩,女,大二,5班,2006-09-01,13810756920,20221004153@school.edu.cn
4154,20221004154,程景,女,大二,8班,2006-09-04,15330016004,20221004154@school.edu.cn
4155,20221004155,胡子衡,女,大二,2班,2005-02-25,13112871345,20221004155@school.edu.cn
4156,20221004156,黄雅文,女,大二,10班,2005-06-07,18258209709,20221004156@school.edu.cn
4157,20221004157,唐芸琪,女,大二,12班,2006-08-12,18537178067,20221004157@school.edu.cn
4158,20221004158,徐子,女,大二,4班,2006-06-24,18153732430,20221004158@school.edu.cn
4159,20221004159,马文驰,男,大二,8班,2005-06-06,18956056963,20221004159@school.edu.cn
4160,20221004160,萧睿亦,女,大二,10班,2006-06-18,18382189695,20221004160@school.edu.cn
4161,20221004161,陈乐驰,女,大二,8班,2005-07-26,13659055280,20221004161@school.edu.cn
4162,20221004162,曹淇,女,大二,11班,2006-08-03,17838433375,20221004162@school.edu.cn
4163,20221004163,郭璇,女,大二,12班,2006-01-08,13527706300,20221004163@school.edu.cn
4164,20221004164,胡曜婧,女,大二,3班,2005-06-27,13256754925,20221004164@school.edu.cn
4165,20221004165,刘腾衡,女,大二,10班,2005-05-29,13228481917,20221004165@school.edu.cn
4166,20221004166,许凯,男,大二,2班,2006-01-28,13305393466,20221004166@school.edu.cn
4167,20221004167,唐琛驰,女,大二,8班,2005-04-08,13833198912,20221004167@school.edu.cn
4168,20221004168,罗清骐,女,大二,10班,2005-06-20,18287899909,20221004168@school.edu.cn
4169,20221004169,林若,男,大二,12班,2006-12-20,15631732828,20221004169@school.edu.cn
4170,20221004170,朱筱悦,男,大二,12班,2005-03-06,15781566896,20221004170@school.edu.cn
4171,20221004171,萧景雯,女,大二,9班,2006-10-05,17348372567,20221004171@school.edu.cn
4172,20221004172,冯琳芸,女,大二,10班,2006-12-20,15597166816,20221004172@school.edu.cn
4173,20221004173,萧羽,男,大二,7班,2005-10-31,15964714210,20221004173@school.edu.cn
4174,20221004174,林明瑜,男,大二,6班,2005-11-15,18763437423,20221004174@school.edu.cn
4175,20221004175,于颖,男,大二,4班,2005-03-14,15886269340,20221004175@school.edu.cn
4176,20221004176,王宁滢,男,大二,6班,2005-02-15,15293269505,20221004176@school.edu.cn
4177,20221004177,邓沁衡,男,大二,6班,2006-05-19,15709232260,20221004177@school.edu.cn
4178,20221004178,马岚,女,大二,2班,2005-03-02,17536551644,20221004178@school.edu.cn
4179,20221004179,萧菲明,女,大二,5班,2006-07-20,13593828882,20221004179@school.edu.cn
4180,20221004180,陈奚宇,女,大二,11班,2006-11-08,15555298126,20221004180@school.edu.cn
4181,20221004181,王奕晟,女,大二,3班,2006-03-19,15661820933,20221004181@school.edu.cn
4182,20221004182,冯序九,女,大二,6班,2006-01-26,18205926542,20221004182@school.edu.cn
4183,20221004183,沈志,男,大二,4班,2005-08-28,13075835179,20221004183@school.edu.cn
4184,20221004184,萧瑜雯,男,大二,3班,2005-04-02,13819342759,20221004184@school.edu.cn
4185,20221004185,李嘉函,男,大二,7班,2005-05-20,18137584227,20221004185@school.edu.cn
4186,20221004186,袁瑶,女,大二,5班,2005-09-20,18832374994,20221004186@school.edu.cn
4187,20221004187,周启八,男,大二,12班,2005-10-12,15972204771,20221004187@school.edu.cn
4188,20221004188,韩乐,女,大二,5班,2005-05-06,13816148055,20221004188@school.edu.cn
4189,20221004189,郑瑶雪,男,大二,7班,2005-11-20,13799430538,20221004189@school.edu.cn
4190,20221004190,王奚骞,男,大二,11班,2005-10-21,15328349159,20221004190@school.edu.cn
4191,20221004191,赵沁,女,大二,2班,2005-10-15,17357129829,20221004191@school.edu.cn
4192,20221004192,邓菲,女,大二,10班,2006-09-02,18748802223,20221004192@school.edu.cn
4193,20221004193,何瑾磊,男,大二,8班,2005-10-09,18076333996,20221004193@school.edu.cn
4194,20221004194,何婕煜,女,大二,8班,2005-03-04,13607493755,20221004194@school.edu.cn
4195,20221004195,许凯锴,男,大二,5班,2006-07-20,13497477533,20221004195@school.edu.cn
4196,20221004196,梁九瑾,女,大二,4班,2005-05-14,13134889071,20221004196@school.edu.cn
4197,20221004197,曹雨斌,男,大二,7班,2005-05-07,13066910577,20221004197@school.edu.cn
4198,20221004198,冯杰,女,大二,6班,2005-11-12,17639253682,20221004198@school.edu.cn
4199,20221004199,梁凯,男,大二,10班,2005-11-20,13090877165,20221004199@school.edu.cn
4200,20221004200,徐序,女,大二,3班,2005-12-11,17520245257,20221004200@school.edu.cn
4201,20221004201,李雨帆,男,大二,8班,2005-07-12,13629524649,20221004201@school.edu.cn
4202,20221004202,董志妍,男,大二,2班,2006-12-18,18073553101,20221004202@school.edu.cn
4203,20221004203,许佳哲,女,大二,1班,2005-10-01,13963827496,20221004203@school.edu.cn
4204,20221004204,董锦然,女,大二,1班,2006-10-31,15269224641,20221004204@school.edu.cn
4205,20221004205,董宥涵,女,大二,1班,2005-03-28,18819497573,20221004205@school.edu.cn
4206,20221004206,黄嫣萌,男,大二,4班,2005-05-03,15794383485,20221004206@school.edu.cn
4207,20221004207,袁乐骁,男,大二,4班,2006-11-29,13025639791,20221004207@school.edu.cn
4208,20221004208,马羽,女,大二,10班,2006-12-02,15530113495,20221004208@school.edu.cn
4209,20221004209,沈莹,男,大二,5班,2005-01-27,17725334698,20221004209@school.edu.cn
4210,20221004210,刘乐腾,男,大二,11班,2005-03-18,15380682257,20221004210@school.edu.cn
4211,20221004211,吴景五,男,大二,3班,2006-04-08,13934461494,20221004211@school.edu.cn
4212,20221004212,谢杰晨,男,大二,4班,2005-04-19,17350724596,20221004212@school.edu.cn
4213,20221004213,宋宁,女,大二,2班,2005-11-02,15647835825,20221004213@school.edu.cn
4214,20221004214,刘腾潇,男,大二,3班,2006-10-14,13810525337,20221004214@school.edu.cn
4215,20221004215,黄宁琪,女,大二,8班,2005-12-28,13227225820,20221004215@school.edu.cn
4216,20221004216,黄璇,女,大二,9班,2006-10-02,18712066596,20221004216@school.edu.cn
4217,20221004217,于泽,女,大二,10班,2006-04-28,18020031252,20221004217@school.edu.cn
4218,20221004218,宋佳珂,女,大二,9班,2006-01-12,13074673629,20221004218@school.edu.cn
4219,20221004219,谢清晨,女,大二,2班,2006-05-01,13697166402,20221004219@school.edu.cn
4220,20221004220,梁芸驰,女,大二,1班,2005-07-31,17728499246,20221004220@school.edu.cn
4221,20221004221,萧子霄,男,大二,6班,2005-03-09,15759366548,20221004221@school.edu.cn
4222,20221004222,谢浩,男,大二,11班,2005-08-18,15170260654,20221004222@school.edu.cn
4223,20221004223,邓琛煜,男,大二,3班,2006-08-31,13343190288,20221004223@school.edu.cn
4224,20221004224,谢筱哲,男,大二,7班,2005-11-08,17574946365,20221004224@school.edu.cn
4225,20221004225,宋嫣驰,女,大二,11班,2006-09-20,18933375991,20221004225@school.edu.cn
4226,20221004226,周翊,男,大二,11班,2006-01-01,13097195767,20221004226@school.edu.cn
4227,20221004227,韩曜琪,男,大二,8班,2005-11-13,18972388673,20221004227@school.edu.cn
4228,20221004228,袁泽驰,女,大二,12班,2005-06-26,15121985067,20221004228@school.edu.cn
4229,20221004229,郭博,男,大二,8班,2005-08-23,17658658698,20221004229@school.edu.cn
4230,20221004230,谢昭亦,女,大二,1班,2005-01-07,13951655493,20221004230@school.edu.cn
4231,20221004231,马宁蓉,男,大二,2班,2006-06-08,15684341024,20221004231@school.edu.cn
4232,20221004232,袁羽,男,大二,2班,2005-12-19,13351771642,20221004232@school.edu.cn
4233,20221004233,胡三阳,女,大二,8班,2005-07-13,15029397581,20221004233@school.edu.cn
4234,20221004234,吴曜四,男,大二,11班,2006-12-25,13948963571,20221004234@school.edu.cn
4235,20221004235,谢依恺,女,大二,12班,2006-09-29,13137748246,20221004235@school.edu.cn
4236,20221004236,罗明霄,男,大二,3班,2006-08-14,15576491351,20221004236@school.edu.cn
4237,20221004237,彭婷,男,大二,6班,2005-05-21,18053817056,20221004237@school.edu.cn
4238,20221004238,袁筱六,男,大二,7班,2006-03-09,17660948240,20221004238@school.edu.cn
4239,20221004239,彭嫣,女,大二,11班,2006-01-25,13444554968,20221004239@school.edu.cn
4240,20221004240,徐彦希,女,大二,4班,2005-08-29,17507043781,20221004240@school.edu.cn
4241,20221004241,杨志,女,大二,7班,2006-12-17,17361078643,20221004241@school.edu.cn
4242,20221004242,郑雪璐,男,大二,7班,2006-05-05,15103124276,20221004242@school.edu.cn
4243,20221004243,梁杰渝,男,大二,6班,2006-12-09,18879140687,20221004243@school.edu.cn
4244,20221004244,罗淇渝,女,大二,12班,2006-11-12,18529951546,20221004244@school.edu.cn
4245,20221004245,马思博,男,大二,2班,2006-01-27,13334448408,20221004245@school.edu.cn
4246,20221004246,赵珺,男,大二,10班,2006-12-12,13258031975,20221004246@school.edu.cn
4247,20221004247,曾瑜五,男,大二,11班,2005-08-29,15804717589,20221004247@school.edu.cn
4248,20221004248,杨瑞,男,大二,11班,2005-02-07,18273174921,20221004248@school.edu.cn
4249,20221004249,彭思珂,男,大二,6班,2006-09-04,13471907344,20221004249@school.edu.cn
4250,20221004250,许莹辰,女,大二,5班,2006-01-30,15604645353,20221004250@school.edu.cn
4251,20221004251,冯珺锴,女,大二,6班,2005-04-23,13344591940,20221004251@school.edu.cn
4252,20221004252,高瑶斌,女,大二,12班,2005-03-23,18399994074,20221004252@school.edu.cn
4253,20221004253,沈宁,男,大二,11班,2005-08-30,15309129132,20221004253@school.edu.cn
4254,20221004254,孙涵骁,男,大二,12班,2006-10-31,15980731602,20221004254@school.edu.cn
4255,20221004255,韩宁茹,男,大二,10班,2005-07-09,13812133008,20221004255@school.edu.cn
4256,20221004256,曾珂珂,女,大二,6班,2006-06-06,17532303996,20221004256@school.edu.cn
4257,20221004257,曹嘉,女,大二,4班,2005-08-25,17743489647,20221004257@school.edu.cn
4258,20221004258,宋乐然,男,大二,7班,2005-08-09,18987183904,20221004258@school.edu.cn
4259,20221004259,程瑾翎,女,大二,11班,2006-06-12,18275531448,20221004259@school.edu.cn
4260,20221004260,刘彤煜,女,大二,4班,2005-10-16,17809752561,20221004260@school.edu.cn
4261,20221004261,唐婷,女,大二,12班,2006-04-06,15149750807,20221004261@school.edu.cn
4262,20221004262,何嫣可,女,大二,1班,2006-08-28,18900198948,20221004262@school.edu.cn
4263,20221004263,吴凯,男,大二,10班,2005-02-07,15547945027,20221004263@school.edu.cn
4264,20221004264,郑九涵,女,大二,11班,2005-05-21,15055938179,20221004264@school.edu.cn
4265,20221004265,胡博,男,大二,8班,2005-10-02,15621480489,20221004265@school.edu.cn
4266,20221004266,袁清雪,男,大二,7班,2005-10-17,13558856244,20221004266@school.edu.cn
4267,20221004267,韩嘉,男,大二,6班,2005-06-20,18872458575,20221004267@school.edu.cn
4268,20221004268,周子,女,大二,10班,2005-11-22,18883689913,20221004268@school.edu.cn
4269,20221004269,董淇祺,男,大二,12班,2006-01-27,15023619254,20221004269@school.edu.cn
4270,20221004270,刘凯,男,大二,2班,2006-07-21,17308419326,20221004270@school.edu.cn
4271,20221004271,邓星,男,大二,2班,2006-09-18,13027451942,20221004271@school.edu.cn
4272,20221004272,萧翊萌,女,大二,12班,2006-07-04,15097789945,20221004272@school.edu.cn
4273,20221004273,刘林博,男,大二,7班,2006-10-16,18764798918,20221004273@school.edu.cn
4274,20221004274,梁颖浩,男,大二,2班,2006-07-14,15020328636,20221004274@school.edu.cn
4275,20221004275,孙宥霖,女,大二,9班,2005-04-01,17731890579,20221004275@school.edu.cn
4276,20221004276,袁四航,男,大二,11班,2006-10-07,18213831728,20221004276@school.edu.cn
4277,20221004277,萧沁祺,女,大二,3班,2005-10-31,18041157341,20221004277@school.edu.cn
4278,20221004278,彭珺轩,男,大二,2班,2005-08-09,17639436219,20221004278@school.edu.cn
4279,20221004279,宋瑾,男,大二,12班,2005-04-03,13341232196,20221004279@school.edu.cn
4280,20221004280,谢佳悦,女,大二,6班,2006-02-21,13696781044,20221004280@school.edu.cn
4281,20221004281,韩梓,女,大二,7班,2005-08-11,18993105163,20221004281@school.edu.cn
4282,20221004282,孙彤辰,男,大二,11班,2005-04-02,17329171145,20221004282@school.edu.cn
4283,20221004283,高五衡,女,大二,9班,2005-02-27,15651914216,20221004283@school.edu.cn
4284,20221004284,彭睿,女,大二,1班,2005-08-08,18038398328,20221004284@school.edu.cn
4285,20221004285,张泓妍,男,大二,2班,2006-08-03,18389093587,20221004285@school.edu.cn
4286,20221004286,高依七,男,大二,2班,2005-12-18,13826794950,20221004286@school.edu.cn
4287,20221004287,萧芸轩,女,大二,2班,2005-03-17,18066026950,20221004287@school.edu.cn
4288,20221004288,何渲,女,大二,11班,2005-09-04,13243913222,20221004288@school.edu.cn
4289,20221004289,许思骐,男,大二,10班,2005-12-05,13370108604,20221004289@school.edu.cn
4290,20221004290,刘宁,男,大二,10班,2006-02-26,13471055528,20221004290@school.edu.cn
4291,20221004291,赵奕钰,男,大二,9班,2006-12-30,13415920267,20221004291@school.edu.cn
4292,20221004292,傅莹恺,女,大二,10班,2006-09-10,13848838811,20221004292@school.edu.cn
4293,20221004293,马婷铠,男,大二,1班,2006-07-06,18063857006,20221004293@school.edu.cn
4294,20221004294,朱霖彤,女,大二,12班,2006-02-26,18873288750,20221004294@school.edu.cn
4295,20221004295,韩欣御,男,大二,4班,2006-03-26,13324856840,20221004295@school.edu.cn
4296,20221004296,高妍潇,女,大二,3班,2006-03-29,18026409838,20221004296@school.edu.cn
4297,20221004297,彭乐恺,女,大二,3班,2005-10-17,18641268578,20221004297@school.edu.cn
4298,20221004298,程景怡,男,大二,10班,2006-10-10,18182794354,20221004298@school.edu.cn
4299,20221004299,唐瑜琪,男,大二,1班,2006-04-15,13448777688,20221004299@school.edu.cn
4300,20221004300,曹璇骞,女,大二,9班,2006-06-11,13016910223,20221004300@school.edu.cn
4301,20221004301,陈嘉妍,女,大二,12班,2006-10-25,15891493985,20221004301@school.edu.cn
4302,20221004302,李佳,女,大二,1班,2006-11-20,18964562025,20221004302@school.edu.cn
4303,20221004303,张清致,男,大二,10班,2006-11-04,15026217126,20221004303@school.edu.cn
4304,20221004304,刘三涵,男,大二,1班,2006-12-20,13680233424,20221004304@school.edu.cn
4305,20221004305,谢菲,女,大二,11班,2005-11-03,18051538395,20221004305@school.edu.cn
4306,20221004306,于一,女,大二,12班,2006-04-07,18395284548,20221004306@school.edu.cn
4307,20221004307,周沁婧,女,大二,1班,2006-12-27,15035437822,20221004307@school.edu.cn
4308,20221004308,韩翊,女,大二,12班,2005-04-17,13754058686,20221004308@school.edu.cn
4309,20221004309,沈婷四,男,大二,11班,2006-09-26,13606434110,20221004309@school.edu.cn
4310,20221004310,彭姝驰,男,大二,10班,2005-03-08,13094467345,20221004310@school.edu.cn
4311,20221004311,孙奕骞,女,大二,5班,2005-10-21,15900498380,20221004311@school.edu.cn
4312,20221004312,徐博泽,男,大二,1班,2005-12-14,18327259150,20221004312@school.edu.cn
4313,20221004313,冯淇,男,大二,7班,2006-10-27,18115388279,20221004313@school.edu.cn
4314,20221004314,吕雅宁,男,大二,11班,2006-03-10,18034548975,20221004314@school.edu.cn
4315,20221004315,吴沁,女,大二,12班,2006-11-17,15097889259,20221004315@school.edu.cn
4316,20221004316,彭四二,女,大二,4班,2006-08-25,18592447694,20221004316@school.edu.cn
4317,20221004317,徐淇骁,女,大二,12班,2005-03-23,13609655562,20221004317@school.edu.cn
4318,20221004318,宋宁睿,女,大二,1班,2006-05-15,17675332092,20221004318@school.edu.cn
4319,20221004319,高九颖,男,大二,5班,2006-10-31,13447681028,20221004319@school.edu.cn
4320,20221004320,王六致,男,大二,9班,2005-08-12,18900564433,20221004320@school.edu.cn
4321,20221004321,黄岚怡,男,大二,4班,2005-01-04,13535745344,20221004321@school.edu.cn
4322,20221004322,袁六峻,女,大二,4班,2006-07-03,17732471669,20221004322@school.edu.cn
4323,20221004323,韩泽驰,女,大二,6班,2005-12-16,18325837927,20221004323@school.edu.cn
4324,20221004324,吕宸可,男,大二,5班,2005-09-08,17687640659,20221004324@school.edu.cn
4325,20221004325,谢乐雯,男,大二,9班,2005-03-08,17743245415,20221004325@school.edu.cn
4326,20221004326,何浩明,男,大二,4班,2005-11-08,17766542835,20221004326@school.edu.cn
4327,20221004327,胡浩驰,女,大二,4班,2006-04-10,13461467306,20221004327@school.edu.cn
4328,20221004328,唐祺睿,男,大二,3班,2006-11-30,18515109541,20221004328@school.edu.cn
4329,20221004329,谢腾帆,男,大二,10班,2005-12-13,15142966417,20221004329@school.edu.cn
4330,20221004330,吕菲,女,大二,9班,2005-06-10,17561918381,20221004330@school.edu.cn
4331,20221004331,谢宁,男,大二,12班,2005-02-17,18333368116,20221004331@school.edu.cn
4332,20221004332,陈语,女,大二,8班,2006-05-29,18861396410,20221004332@school.edu.cn
4333,20221004333,杨沁,男,大二,11班,2005-10-05,18056169937,20221004333@school.edu.cn
4334,20221004334,罗颖翎,女,大二,3班,2005-07-06,15739115893,20221004334@school.edu.cn
4335,20221004335,唐彤瑾,女,大二,7班,2006-02-03,18698218476,20221004335@school.edu.cn
4336,20221004336,林泓,女,大二,11班,2005-07-22,15535146291,20221004336@school.edu.cn
4337,20221004337,梁婕,女,大二,12班,2006-06-11,13781031227,20221004337@school.edu.cn
4338,20221004338,王珂蓉,男,大二,8班,2005-09-14,18959581283,20221004338@school.edu.cn
4339,20221004339,许瑞帆,女,大二,8班,2005-05-15,13722075159,20221004339@school.edu.cn
4340,20221004340,何佳,男,大二,5班,2006-04-05,18556107688,20221004340@school.edu.cn
4341,20221004341,萧翊洁,男,大二,8班,2005-07-11,18746263462,20221004341@school.edu.cn
4342,20221004342,傅嫣凯,男,大二,9班,2005-05-17,18730950771,20221004342@school.edu.cn
4343,20221004343,唐四志,男,大二,12班,2006-04-13,13327388515,20221004343@school.edu.cn
4344,20221004344,曹二衡,女,大二,12班,2005-04-20,15728878107,20221004344@school.edu.cn
4345,20221004345,冯子,男,大二,8班,2006-04-08,13292449873,20221004345@school.edu.cn
4346,20221004346,周乐亦,男,大二,9班,2006-01-04,18094905891,20221004346@school.edu.cn
4347,20221004347,傅林霖,男,大二,1班,2006-09-29,15205070450,20221004347@school.edu.cn
4348,20221004348,彭淇泽,女,大二,11班,2006-07-18,15074743530,20221004348@school.edu.cn
4349,20221004349,何颖琳,女,大二,8班,2006-07-31,18843000343,20221004349@school.edu.cn
4350,20221004350,朱瑜八,男,大二,8班,2005-02-17,13143776434,20221004350@school.edu.cn
4351,20221004351,罗菲铠,女,大二,7班,2005-11-28,15965722310,20221004351@school.edu.cn
4352,20221004352,韩昭,女,大二,5班,2005-10-27,13488546167,20221004352@school.edu.cn
4353,20221004353,唐梓雯,女,大二,8班,2005-03-24,17859845940,20221004353@school.edu.cn
4354,20221004354,杨泓九,男,大二,7班,2005-07-02,13467944591,20221004354@school.edu.cn
4355,20221004355,刘锦潇,男,大二,8班,2005-10-06,18809538439,20221004355@school.edu.cn
4356,20221004356,吴博洁,男,大二,1班,2006-05-16,18503626549,20221004356@school.edu.cn
4357,20221004357,梁瑶,女,大二,6班,2005-08-07,13102834393,20221004357@school.edu.cn
4358,20221004358,王思致,女,大二,5班,2006-04-03,18058536503,20221004358@school.edu.cn
4359,20221004359,赵琛骞,男,大二,1班,2005-03-27,13075029204,20221004359@school.edu.cn
4360,20221004360,黄芸琪,女,大二,8班,2006-06-22,15907417022,20221004360@school.edu.cn
4361,20221004361,沈子怡,女,大二,5班,2006-01-27,18780444862,20221004361@school.edu.cn
4362,20221004362,于璇潇,男,大二,1班,2006-06-19,17559602477,20221004362@school.edu.cn
4363,20221004363,许婷琪,女,大二,4班,2006-12-12,18345572602,20221004363@school.edu.cn
4364,20221004364,袁四坤,女,大二,3班,2005-06-29,18525559758,20221004364@school.edu.cn
4365,20221004365,邓浩恺,男,大二,2班,2006-01-15,18822867424,20221004365@school.edu.cn
4366,20221004366,程珂,男,大二,5班,2005-06-29,18841529542,20221004366@school.edu.cn
4367,20221004367,董筱磊,女,大二,12班,2006-02-20,17359697429,20221004367@school.edu.cn
4368,20221004368,吕文雪,男,大二,9班,2006-01-14,17615987603,20221004368@school.edu.cn
4369,20221004369,王嫣阳,女,大二,7班,2006-11-15,18333984326,20221004369@school.edu.cn
4370,20221004370,林淇诺,女,大二,11班,2006-04-29,17875841825,20221004370@school.edu.cn
4371,20221004371,周婷,女,大二,2班,2006-05-09,15973105235,20221004371@school.edu.cn
4372,20221004372,冯泓,女,大二,7班,2005-05-10,13121691350,20221004372@school.edu.cn
4373,20221004373,谢霖,男,大二,11班,2006-05-02,18798264002,20221004373@school.edu.cn
4374,20221004374,董八骁,男,大二,1班,2006-02-09,13509734650,20221004374@school.edu.cn
4375,20221004375,赵景琪,男,大二,5班,2006-09-12,13612800387,20221004375@school.edu.cn
4376,20221004376,彭二睿,男,大二,3班,2005-10-25,15175103973,20221004376@school.edu.cn
4377,20221004377,孙宇雪,男,大二,10班,2006-04-26,15829755566,20221004377@school.edu.cn
4378,20221004378,吴妍,女,大二,6班,2005-04-08,18650885323,20221004378@school.edu.cn
4379,20221004379,王彦泽,男,大二,9班,2005-08-13,15869290637,20221004379@school.edu.cn
4380,20221004380,冯宇,女,大二,8班,2006-03-03,13556104798,20221004380@school.edu.cn
4381,20221004381,朱菲焱,男,大二,11班,2005-03-10,13265122940,20221004381@school.edu.cn
4382,20221004382,唐琳扬,男,大二,7班,2006-09-28,15397078623,20221004382@school.edu.cn
4383,20221004383,吴瑞腾,男,大二,12班,2005-06-06,18123089759,20221004383@school.edu.cn
4384,20221004384,孙星焱,男,大二,6班,2005-01-06,17618460611,20221004384@school.edu.cn
4385,20221004385,高乐彤,男,大二,9班,2006-09-26,13390191155,20221004385@school.edu.cn
4386,20221004386,罗宸琳,女,大二,7班,2006-07-18,13489758754,20221004386@school.edu.cn
4387,20221004387,彭睿,女,大二,3班,2005-02-24,13628952727,20221004387@school.edu.cn
4388,20221004388,李志琪,女,大二,10班,2005-12-26,17693833145,20221004388@school.edu.cn
4389,20221004389,孙沁娅,男,大二,2班,2005-03-06,13597820603,20221004389@school.edu.cn
4390,20221004390,曾乐,女,大二,2班,2006-10-11,17854345796,20221004390@school.edu.cn
4391,20221004391,唐四哲,女,大二,9班,2006-02-26,13018027074,20221004391@school.edu.cn
4392,20221004392,唐杰,男,大二,4班,2006-12-22,17394893250,20221004392@school.edu.cn
4393,20221004393,郑睿涵,女,大二,8班,2005-07-31,17743895012,20221004393@school.edu.cn
4394,20221004394,郑嘉珂,女,大二,6班,2005-11-17,18554288650,20221004394@school.edu.cn
4395,20221004395,黄宁萱,女,大二,10班,2005-02-03,15735868639,20221004395@school.edu.cn
4396,20221004396,萧文锴,男,大二,2班,2005-09-18,13890860071,20221004396@school.edu.cn
4397,20221004397,唐五磊,男,大二,9班,2005-03-20,13397999901,20221004397@school.edu.cn
4398,20221004398,董颖娅,男,大二,8班,2006-06-12,15272684333,20221004398@school.edu.cn
4399,20221004399,林六子,男,大二,7班,2006-02-25,18711672075,20221004399@school.edu.cn
4400,20221004400,唐宥,女,大二,8班,2005-02-27,15702427110,20221004400@school.edu.cn
4401,20221004401,吕颖晟,女,大二,1班,2006-05-17,13505240524,20221004401@school.edu.cn
4402,20221004402,萧嘉六,女,大二,12班,2006-06-03,17840398380,20221004402@school.edu.cn
4403,20221004403,孙五,女,大二,5班,2005-07-06,18779147268,20221004403@school.edu.cn
4404,20221004404,罗瑾然,男,大二,4班,2006-01-16,18236900536,20221004404@school.edu.cn
4405,20221004405,曹二骞,女,大二,3班,2006-01-19,13549946070,20221004405@school.edu.cn
4406,20221004406,韩梓,女,大二,3班,2006-04-30,15623431697,20221004406@school.edu.cn
4407,20221004407,马依泽,男,大二,8班,2005-06-01,17830687258,20221004407@school.edu.cn
4408,20221004408,吕启琛,女,大二,4班,2006-02-27,13960267004,20221004408@school.edu.cn
4409,20221004409,董雨铠,女,大二,1班,2006-07-01,18797213656,20221004409@school.edu.cn
4410,20221004410,马乐五,女,大二,2班,2005-01-18,18793001899,20221004410@school.edu.cn
4411,20221004411,彭沁,男,大二,8班,2006-10-25,15831981232,20221004411@school.edu.cn
4412,20221004412,邓岚函,女,大二,11班,2006-07-26,17635023836,20221004412@school.edu.cn
4413,20221004413,沈睿二,男,大二,7班,2006-08-20,18939298716,20221004413@school.edu.cn
4414,20221004414,徐泓凯,男,大二,1班,2005-06-21,13787873355,20221004414@school.edu.cn
4415,20221004415,郑祺翎,男,大二,2班,2005-08-27,18656824875,20221004415@school.edu.cn
4416,20221004416,朱杰睿,男,大二,1班,2005-08-21,18788327179,20221004416@school.edu.cn
4417,20221004417,韩四琳,女,大二,11班,2005-03-13,15213731481,20221004417@school.edu.cn
4418,20221004418,宋莹,女,大二,10班,2006-01-10,13209552015,20221004418@school.edu.cn
4419,20221004419,谢妍,男,大二,1班,2005-12-20,15364287565,20221004419@school.edu.cn
4420,20221004420,梁瑜博,女,大二,2班,2005-05-04,13777080312,20221004420@school.edu.cn
4421,20221004421,郭景悦,女,大二,5班,2006-03-06,13171527170,20221004421@school.edu.cn
4422,20221004422,朱浩婧,女,大二,11班,2005-12-23,13166868359,20221004422@school.edu.cn
4423,20221004423,马露,男,大二,6班,2006-02-10,13992411538,20221004423@school.edu.cn
4424,20221004424,邓佳,男,大二,10班,2005-10-25,15861156639,20221004424@school.edu.cn
4425,20221004425,郭琳四,男,大二,10班,2006-06-26,13488619974,20221004425@school.edu.cn
4426,20221004426,唐浩,男,大二,7班,2006-11-16,15349388179,20221004426@school.edu.cn
4427,20221004427,林颖昊,男,大二,6班,2005-03-11,15978096960,20221004427@school.edu.cn
4428,20221004428,袁婕霄,男,大二,2班,2005-12-16,13220815750,20221004428@school.edu.cn
4429,20221004429,谢曜致,男,大二,6班,2006-06-19,18712664696,20221004429@school.edu.cn
4430,20221004430,傅八,女,大二,9班,2005-07-27,18691602996,20221004430@school.edu.cn
4431,20221004431,杨浩志,男,大二,5班,2006-08-08,18978525827,20221004431@school.edu.cn
4432,20221004432,谢姝坤,男,大二,7班,2005-10-27,15933740504,20221004432@school.edu.cn
4433,20221004433,谢梓瑜,男,大二,4班,2005-12-23,17533261374,20221004433@school.edu.cn
4434,20221004434,王佳,女,大二,6班,2006-12-24,17653809933,20221004434@school.edu.cn
4435,20221004435,高凯凯,男,大二,3班,2006-11-24,15362629230,20221004435@school.edu.cn
4436,20221004436,朱珂珊,女,大二,9班,2006-09-02,13917911850,20221004436@school.edu.cn
4437,20221004437,冯颖娅,男,大二,6班,2006-05-24,13577612425,20221004437@school.edu.cn
4438,20221004438,董博阳,女,大二,6班,2005-08-21,13951491787,20221004438@school.edu.cn
4439,20221004439,梁四霖,男,大二,4班,2005-11-01,15871070063,20221004439@school.edu.cn
4440,20221004440,宋霖,女,大二,12班,2006-01-30,18715917331,20221004440@school.edu.cn
4441,20221004441,董珂四,女,大二,12班,2005-02-21,15713843484,20221004441@school.edu.cn
4442,20221004442,朱杰怡,男,大二,10班,2005-10-31,18292167513,20221004442@school.edu.cn
4443,20221004443,周若,男,大二,4班,2006-03-24,13925799566,20221004443@school.edu.cn
4444,20221004444,程腾御,女,大二,1班,2006-05-19,17514875619,20221004444@school.edu.cn
4445,20221004445,袁颖,男,大二,11班,2006-05-19,17588703833,20221004445@school.edu.cn
4446,20221004446,胡筱,男,大二,6班,2006-12-17,13173058816,20221004446@school.edu.cn
4447,20221004447,胡语琪,女,大二,12班,2005-02-16,13521867484,20221004447@school.edu.cn
4448,20221004448,邓乐睿,男,大二,2班,2005-06-15,13698969642,20221004448@school.edu.cn
4449,20221004449,郭九宁,女,大二,7班,2006-08-10,13353142834,20221004449@school.edu.cn
4450,20221004450,傅姝晨,女,大二,3班,2005-03-18,18510940727,20221004450@school.edu.cn
4451,20221004451,高杰婧,男,大二,9班,2005-09-13,13399685295,20221004451@school.edu.cn
4452,20221004452,杨博八,男,大二,8班,2006-04-06,18774054283,20221004452@school.edu.cn
4453,20221004453,袁佳九,女,大二,1班,2006-05-20,15812272288,20221004453@school.edu.cn
4454,20221004454,黄九,女,大二,8班,2005-04-04,17704729455,20221004454@school.edu.cn
4455,20221004455,宋婷五,男,大二,1班,2005-05-06,13188116521,20221004455@school.edu.cn
4456,20221004456,梁宥,女,大二,2班,2006-02-09,15112201618,20221004456@school.edu.cn
4457,20221004457,傅若滢,男,大二,6班,2005-06-12,18724096270,20221004457@school.edu.cn
4458,20221004458,孙珂,女,大二,2班,2006-08-03,15346139952,20221004458@school.edu.cn
4459,20221004459,陈四,男,大二,11班,2005-02-17,18715533649,20221004459@school.edu.cn
4460,20221004460,邓雪,女,大二,8班,2005-05-17,17679479881,20221004460@school.edu.cn
4461,20221004461,林星钰,男,大二,10班,2006-09-18,15778900320,20221004461@school.edu.cn
4462,20221004462,林沁,男,大二,12班,2006-02-25,15751139164,20221004462@school.edu.cn
4463,20221004463,朱涵芷,男,大二,7班,2006-12-25,18832317715,20221004463@school.edu.cn
4464,20221004464,朱启,男,大二,2班,2006-04-16,17532911264,20221004464@school.edu.cn
4465,20221004465,曾序,女,大二,2班,2006-08-16,15053871099,20221004465@school.edu.cn
4466,20221004466,宋沁,男,大二,2班,2005-11-05,17624832907,20221004466@school.edu.cn
4467,20221004467,沈浩,女,大二,1班,2006-02-20,15216998683,20221004467@school.edu.cn
4468,20221004468,马璇御,男,大二,3班,2006-03-31,17517538069,20221004468@school.edu.cn
4469,20221004469,谢泽翎,男,大二,3班,2006-08-03,18008360376,20221004469@school.edu.cn
4470,20221004470,刘宁磊,女,大二,10班,2005-10-08,17302618575,20221004470@school.edu.cn
4471,20221004471,罗子峻,女,大二,5班,2005-01-21,15097534709,20221004471@school.edu.cn
4472,20221004472,吕睿熙,男,大二,12班,2006-12-26,17682721361,20221004472@school.edu.cn
4473,20221004473,韩宸坤,男,大二,1班,2005-04-02,13315097071,20221004473@school.edu.cn
4474,20221004474,萧曜煜,男,大二,12班,2005-01-23,15567421182,20221004474@school.edu.cn
4475,20221004475,高沁御,男,大二,3班,2006-04-16,18544228621,20221004475@school.edu.cn
4476,20221004476,宋七晟,女,大二,2班,2005-06-23,13400654220,20221004476@school.edu.cn
4477,20221004477,刘三渝,男,大二,5班,2006-12-22,17715457323,20221004477@school.edu.cn
4478,20221004478,程曜霖,女,大二,4班,2005-05-16,15215776307,20221004478@school.edu.cn
4479,20221004479,曹杰泽,男,大二,1班,2005-12-24,13066521101,20221004479@school.edu.cn
4480,20221004480,周羽,女,大二,2班,2005-10-02,13721693106,20221004480@school.edu.cn
4481,20221004481,萧八衡,女,大二,5班,2005-09-10,15124777513,20221004481@school.edu.cn
4482,20221004482,何序磊,女,大二,11班,2005-03-24,17826070538,20221004482@school.edu.cn
4483,20221004483,胡锦钰,男,大二,12班,2006-01-14,13749150897,20221004483@school.edu.cn
4484,20221004484,邓锦,女,大二,4班,2006-07-01,18678546512,20221004484@school.edu.cn
4485,20221004485,曹颖,男,大二,6班,2005-06-14,15552506864,20221004485@school.edu.cn
4486,20221004486,马杰轩,女,大二,3班,2005-02-25,15389769265,20221004486@school.edu.cn
4487,20221004487,徐菲琛,男,大二,8班,2006-05-27,13575445898,20221004487@school.edu.cn
4488,20221004488,傅星洁,男,大二,2班,2006-10-04,15558508354,20221004488@school.edu.cn
4489,20221004489,张彤衡,女,大二,8班,2005-01-10,13577847062,20221004489@school.edu.cn
4490,20221004490,彭菲珊,男,大二,6班,2005-10-29,13701165932,20221004490@school.edu.cn
4491,20221004491,宋姝,男,大二,7班,2005-06-28,13008466302,20221004491@school.edu.cn
4492,20221004492,谢宇,男,大二,5班,2006-08-20,15797798204,20221004492@school.edu.cn
4493,20221004493,林露御,女,大二,12班,2005-09-27,15671385982,20221004493@school.edu.cn
4494,20221004494,胡茗辰,男,大二,10班,2005-04-22,17375898638,20221004494@school.edu.cn
4495,20221004495,孙锦,男,大二,7班,2005-08-20,17374814160,20221004495@school.edu.cn
4496,20221004496,邓彤锴,男,大二,4班,2006-09-23,18194758079,20221004496@school.edu.cn
4497,20221004497,杨宸,女,大二,3班,2005-09-03,13401325725,20221004497@school.edu.cn
4498,20221004498,冯宥,男,大二,1班,2005-05-28,17861159203,20221004498@school.edu.cn
4499,20221004499,徐语驰,女,大二,9班,2006-03-22,17838834597,20221004499@school.edu.cn
4500,20221004500,韩婷,女,大二,7班,2005-02-25,13144728320,20221004500@school.edu.cn
4501,20221004501,韩祺峻,女,大二,10班,2005-03-20,13374954238,20221004501@school.edu.cn
4502,20221004502,高文霄,男,大二,10班,2006-08-12,13301776261,20221004502@school.edu.cn
4503,20221004503,梁颖铠,男,大二,5班,2006-05-10,17592917636,20221004503@school.edu.cn
4504,20221004504,罗瑶,男,大二,6班,2006-03-06,15325989230,20221004504@school.edu.cn
4505,20221004505,王珺衡,男,大二,3班,2006-03-30,18645095884,20221004505@school.edu.cn
4506,20221004506,徐宥欣,男,大二,3班,2005-12-22,15397048396,20221004506@school.edu.cn
4507,20221004507,曾凯霄,男,大二,12班,2005-09-10,13778874199,20221004507@school.edu.cn
4508,20221004508,韩子,男,大二,11班,2006-01-31,17870066327,20221004508@school.edu.cn
4509,20221004509,高彦,女,大二,2班,2006-11-14,13723149320,20221004509@school.edu.cn
4510,20221004510,朱奕致,男,大二,4班,2006-01-03,18553184385,20221004510@school.edu.cn
4511,20221004511,于颖斌,女,大二,11班,2006-12-10,13337763053,20221004511@school.edu.cn
4512,20221004512,杨晨睿,男,大二,11班,2005-12-17,13276614212,20221004512@school.edu.cn
4513,20221004513,董筱泽,女,大二,7班,2005-12-20,15872973904,20221004513@school.edu.cn
4514,20221004514,朱珂帆,男,大二,4班,2005-09-07,15285973601,20221004514@school.edu.cn
4515,20221004515,刘三航,女,大二,9班,2006-01-31,15902628887,20221004515@school.edu.cn
4516,20221004516,董启渝,男,大二,7班,2005-07-19,18866758108,20221004516@school.edu.cn
4517,20221004517,周涵钰,女,大二,6班,2006-12-23,13779006312,20221004517@school.edu.cn
4518,20221004518,谢欣晨,男,大二,1班,2005-06-30,13741351089,20221004518@school.edu.cn
4519,20221004519,于锦铠,男,大二,2班,2006-05-09,18016609730,20221004519@school.edu.cn
4520,20221004520,朱晨,女,大二,8班,2006-04-16,13585769931,20221004520@school.edu.cn
4521,20221004521,胡雪怡,男,大二,7班,2006-04-27,17518041748,20221004521@school.edu.cn
4522,20221004522,曾婕御,男,大二,5班,2005-08-15,18728166806,20221004522@school.edu.cn
4523,20221004523,胡岚凯,女,大二,4班,2005-07-26,15243214463,20221004523@school.edu.cn
4524,20221004524,吕文九,男,大二,11班,2005-12-04,15278713568,20221004524@school.edu.cn
4525,20221004525,周岚泽,女,大二,10班,2005-08-15,17627653522,20221004525@school.edu.cn
4526,20221004526,何欣志,女,大二,11班,2005-06-05,15034469715,20221004526@school.edu.cn
4527,20221004527,袁若泽,女,大二,5班,2005-11-05,13877908451,20221004527@school.edu.cn
4528,20221004528,曾序致,男,大二,6班,2005-06-29,13370909607,20221004528@school.edu.cn
4529,20221004529,谢杰琪,男,大二,1班,2005-02-05,17880670392,20221004529@school.edu.cn
4530,20221004530,韩四馥,男,大二,8班,2005-12-15,15252343016,20221004530@school.edu.cn
4531,20221004531,于梓,男,大二,7班,2005-12-10,18532147626,20221004531@school.edu.cn
4532,20221004532,杨宁,男,大二,9班,2005-05-26,17843731229,20221004532@school.edu.cn
4533,20221004533,曾芸婧,男,大二,5班,2006-04-18,15747386176,20221004533@school.edu.cn
4534,20221004534,曹依彤,男,大二,7班,2005-08-23,13399582339,20221004534@school.edu.cn
4535,20221004535,林淇一,女,大二,1班,2006-01-19,13955174159,20221004535@school.edu.cn
4536,20221004536,马彦,女,大二,4班,2006-12-25,17381956698,20221004536@school.edu.cn
4537,20221004537,程淇萱,男,大二,5班,2005-03-24,13092841385,20221004537@school.edu.cn
4538,20221004538,程瑜琪,女,大二,4班,2006-07-09,13971171470,20221004538@school.edu.cn
4539,20221004539,胡宥睿,男,大二,5班,2005-12-15,18020995521,20221004539@school.edu.cn
4540,20221004540,郭琛,男,大二,12班,2005-02-24,13288347465,20221004540@school.edu.cn
4541,20221004541,彭景,女,大二,8班,2006-08-24,18735550121,20221004541@school.edu.cn
4542,20221004542,郭三洁,男,大二,4班,2006-08-04,18096267099,20221004542@school.edu.cn
4543,20221004543,徐瑞诺,男,大二,1班,2006-03-23,13123896446,20221004543@school.edu.cn
4544,20221004544,刘依磊,女,大二,9班,2006-01-27,15177958951,20221004544@school.edu.cn
4545,20221004545,许渲晨,女,大二,9班,2005-02-16,18348542648,20221004545@school.edu.cn
4546,20221004546,马渲,男,大二,9班,2006-06-07,13939384359,20221004546@school.edu.cn
4547,20221004547,孙瑞瑶,女,大二,9班,2005-10-17,15010833321,20221004547@school.edu.cn
4548,20221004548,周志骞,男,大二,4班,2005-05-30,18631794646,20221004548@school.edu.cn
4549,20221004549,李雨萌,女,大二,6班,2006-10-12,13203507349,20221004549@school.edu.cn
4550,20221004550,赵志希,男,大二,4班,2006-11-23,18750894145,20221004550@school.edu.cn
4551,20221004551,李姝六,女,大二,11班,2006-03-19,13468961927,20221004551@school.edu.cn
4552,20221004552,郑琛帆,男,大二,10班,2005-06-08,18226267600,20221004552@school.edu.cn
4553,20221004553,许渲娅,女,大二,5班,2006-02-11,18933295887,20221004553@school.edu.cn
4554,20221004554,韩雪,女,大二,1班,2005-11-05,13101420749,20221004554@school.edu.cn
4555,20221004555,何奚,男,大二,4班,2005-02-27,13125051982,20221004555@school.edu.cn
4556,20221004556,赵菲琪,女,大二,1班,2005-04-23,17650610308,20221004556@school.edu.cn
4557,20221004557,马泽然,男,大二,4班,2005-03-28,13498380413,20221004557@school.edu.cn
4558,20221004558,董五雪,女,大二,8班,2006-10-16,13931138160,20221004558@school.edu.cn
4559,20221004559,邓宁八,男,大二,4班,2006-10-21,15593086817,20221004559@school.edu.cn
4560,20221004560,陈四驰,男,大二,3班,2006-06-07,15654296514,20221004560@school.edu.cn
4561,20221004561,罗乐霄,男,大二,10班,2005-11-30,17674708985,20221004561@school.edu.cn
4562,20221004562,马雪晟,女,大二,1班,2006-02-14,15588313654,20221004562@school.edu.cn
4563,20221004563,杨依七,男,大二,9班,2006-02-11,15167451046,20221004563@school.edu.cn
4564,20221004564,朱文雪,女,大二,10班,2005-03-29,17755897876,20221004564@school.edu.cn
4565,20221004565,唐锦函,男,大二,4班,2005-01-04,15315026574,20221004565@school.edu.cn
4566,20221004566,孙四,男,大二,8班,2006-02-01,13780451861,20221004566@school.edu.cn
4567,20221004567,杨浩霄,男,大二,10班,2006-08-06,18351431765,20221004567@school.edu.cn
4568,20221004568,高九泽,女,大二,4班,2005-02-28,18370514143,20221004568@school.edu.cn
4569,20221004569,马菲峻,男,大二,11班,2006-12-02,18937658826,20221004569@school.edu.cn
4570,20221004570,曾妍致,女,大二,5班,2006-08-30,15351749921,20221004570@school.edu.cn
4571,20221004571,邓星可,男,大二,9班,2005-03-25,18887635039,20221004571@school.edu.cn
4572,20221004572,宋璇衡,女,大二,3班,2005-06-26,15378810465,20221004572@school.edu.cn
4573,20221004573,宋彦琪,男,大二,10班,2006-04-20,13501922624,20221004573@school.edu.cn
4574,20221004574,郑瑞宇,女,大二,1班,2006-04-27,13338884193,20221004574@school.edu.cn
4575,20221004575,谢博,女,大二,3班,2006-04-03,15980072184,20221004575@school.edu.cn
4576,20221004576,曾瑞,男,大二,10班,2006-10-30,13181226575,20221004576@school.edu.cn
4577,20221004577,萧沁,女,大二,6班,2006-02-24,13334923673,20221004577@school.edu.cn
4578,20221004578,沈启雪,男,大二,2班,2006-05-30,13392555853,20221004578@school.edu.cn
4579,20221004579,董菲驰,女,大二,2班,2005-04-28,18175308727,20221004579@school.edu.cn
4580,20221004580,曹景,男,大二,9班,2006-08-16,15560349398,20221004580@school.edu.cn
4581,20221004581,傅嫣晨,女,大二,7班,2005-10-14,13637826913,20221004581@school.edu.cn
4582,20221004582,胡林熙,女,大二,7班,2006-04-14,18353177082,20221004582@school.edu.cn
4583,20221004583,徐彤明,女,大二,3班,2005-02-19,15768483308,20221004583@school.edu.cn
4584,20221004584,郭筱浩,女,大二,1班,2006-01-05,15158058758,20221004584@school.edu.cn
4585,20221004585,徐宸涵,男,大二,10班,2006-07-10,18021113943,20221004585@school.edu.cn
4586,20221004586,刘琳,女,大二,7班,2005-05-24,15171272895,20221004586@school.edu.cn
4587,20221004587,萧彦,男,大二,4班,2005-11-03,17812098271,20221004587@school.edu.cn
4588,20221004588,邓雪焱,女,大二,10班,2005-06-29,18292464245,20221004588@school.edu.cn
4589,20221004589,吕芸琪,女,大二,10班,2006-07-15,15504617957,20221004589@school.edu.cn
4590,20221004590,刘瑾五,男,大二,8班,2006-10-15,18911684181,20221004590@school.edu.cn
4591,20221004591,赵珺,男,大二,11班,2005-03-06,13497013425,20221004591@school.edu.cn
4592,20221004592,唐奕七,男,大二,4班,2006-04-18,18640834788,20221004592@school.edu.cn
4593,20221004593,周三琪,女,大二,7班,2006-10-24,17815351180,20221004593@school.edu.cn
4594,20221004594,徐语,女,大二,7班,2006-06-25,13090108075,20221004594@school.edu.cn
4595,20221004595,谢林锴,男,大二,7班,2005-08-22,13483031582,20221004595@school.edu.cn
4596,20221004596,黄序,男,大二,9班,2006-12-04,13097206817,20221004596@school.edu.cn
4597,20221004597,傅宁馥,女,大二,3班,2005-07-14,15869841731,20221004597@school.edu.cn
4598,20221004598,傅序熙,女,大二,2班,2006-06-12,15279168503,20221004598@school.edu.cn
4599,20221004599,韩依,女,大二,7班,2005-06-28,13046182041,20221004599@school.edu.cn
4600,20221004600,周泓洁,男,大二,1班,2006-09-10,18919348434,20221004600@school.edu.cn
4601,20221004601,朱婕可,女,大二,11班,2005-12-10,13012382427,20221004601@school.edu.cn
4602,20221004602,曾岚焱,女,大二,4班,2006-12-30,15563880383,20221004602@school.edu.cn
4603,20221004603,萧婷,女,大二,11班,2005-11-12,15597908383,20221004603@school.edu.cn
4604,20221004604,黄曜,男,大二,10班,2005-10-09,17518461988,20221004604@school.edu.cn
4605,20221004605,孙乐,女,大二,6班,2005-10-25,15567943039,20221004605@school.edu.cn
4606,20221004606,许若博,男,大二,4班,2005-01-30,15699126836,20221004606@school.edu.cn
4607,20221004607,程雅焱,男,大二,6班,2005-11-01,18252629650,20221004607@school.edu.cn
4608,20221004608,张杰瑶,女,大二,1班,2005-01-10,18033604237,20221004608@school.edu.cn
4609,20221004609,杨景,女,大二,1班,2005-03-14,15542725007,20221004609@school.edu.cn
4610,20221004610,唐雪,男,大二,10班,2006-02-14,15963170626,20221004610@school.edu.cn
4611,20221004611,萧依诺,女,大二,5班,2005-07-11,18606819702,20221004611@school.edu.cn
4612,20221004612,袁婕潇,女,大二,9班,2006-11-20,15190234237,20221004612@school.edu.cn
4613,20221004613,赵彤蓉,女,大二,8班,2006-04-11,18899360246,20221004613@school.edu.cn
4614,20221004614,郭凯骞,男,大二,11班,2006-05-11,15626329199,20221004614@school.edu.cn
4615,20221004615,曹婕晨,男,大二,10班,2005-11-02,15346567451,20221004615@school.edu.cn
4616,20221004616,吴清萱,女,大二,1班,2006-04-25,15620355939,20221004616@school.edu.cn
4617,20221004617,韩芸磊,男,大二,5班,2005-07-02,18390517751,20221004617@school.edu.cn
4618,20221004618,王珂,男,大二,9班,2005-03-08,15116318288,20221004618@school.edu.cn
4619,20221004619,李茗霄,男,大二,10班,2005-02-17,17866520788,20221004619@school.edu.cn
4620,20221004620,徐瑞睿,女,大二,1班,2006-01-05,17844630072,20221004620@school.edu.cn
4621,20221004621,何泽,女,大二,10班,2006-01-22,13097582071,20221004621@school.edu.cn
4622,20221004622,胡羽骁,女,大二,8班,2005-03-26,15155825996,20221004622@school.edu.cn
4623,20221004623,傅姝,男,大二,11班,2005-02-17,17311918247,20221004623@school.edu.cn
4624,20221004624,傅启六,女,大二,5班,2006-01-12,15637838781,20221004624@school.edu.cn
4625,20221004625,宋七,男,大二,2班,2005-03-19,13094971366,20221004625@school.edu.cn
4626,20221004626,唐淇祺,女,大二,9班,2005-03-08,17572574254,20221004626@school.edu.cn
4627,20221004627,郑淇霖,男,大二,9班,2006-01-19,13328828642,20221004627@school.edu.cn
4628,20221004628,孙八瑶,女,大二,11班,2005-08-02,13480451328,20221004628@school.edu.cn
4629,20221004629,徐序珊,女,大二,2班,2005-06-05,13477170267,20221004629@school.edu.cn
4630,20221004630,赵珺珊,男,大二,4班,2005-01-16,13820324156,20221004630@school.edu.cn
4631,20221004631,宋睿御,女,大二,6班,2005-03-17,15041050786,20221004631@school.edu.cn
4632,20221004632,何妍娜,女,大二,2班,2006-08-23,17622281797,20221004632@school.edu.cn
4633,20221004633,吕依琪,男,大二,3班,2006-10-30,18026606728,20221004633@school.edu.cn
4634,20221004634,郑明,男,大二,2班,2005-10-11,18376201877,20221004634@school.edu.cn
4635,20221004635,刘五,女,大二,5班,2005-09-26,17886670596,20221004635@school.edu.cn
4636,20221004636,罗祺,女,大二,7班,2006-04-27,13594676337,20221004636@school.edu.cn
4637,20221004637,高琳渝,男,大二,2班,2006-07-06,17346092274,20221004637@school.edu.cn
4638,20221004638,郭八锴,男,大二,4班,2005-09-21,18564900780,20221004638@school.edu.cn
4639,20221004639,杨星琪,男,大二,2班,2006-04-12,18954367655,20221004639@school.edu.cn
4640,20221004640,梁奕浩,女,大二,10班,2005-01-23,17746607032,20221004640@school.edu.cn
4641,20221004641,彭昭,女,大二,12班,2005-06-01,17769677539,20221004641@school.edu.cn
4642,20221004642,郑昭,男,大二,12班,2005-07-24,15318447420,20221004642@school.edu.cn
4643,20221004643,许浩,女,大二,1班,2005-01-11,15751182578,20221004643@school.edu.cn
4644,20221004644,曹涵翎,男,大二,10班,2005-10-27,18368425995,20221004644@school.edu.cn
4645,20221004645,袁宁希,男,大二,5班,2005-10-06,13652150329,20221004645@school.edu.cn
4646,20221004646,罗茗帆,男,大二,1班,2006-08-13,18246807513,20221004646@school.edu.cn
4647,20221004647,唐霖六,男,大二,12班,2006-06-14,13110216097,20221004647@school.edu.cn
4648,20221004648,林沁琛,男,大二,11班,2006-08-04,15959008264,20221004648@school.edu.cn
4649,20221004649,周彤,女,大二,4班,2005-01-05,13919648401,20221004649@school.edu.cn
4650,20221004650,郭浩三,男,大二,10班,2006-06-14,15814150738,20221004650@school.edu.cn
4651,20221004651,徐雪,男,大二,2班,2005-06-08,18021080171,20221004651@school.edu.cn
4652,20221004652,徐子,女,大二,11班,2005-01-30,17633139069,20221004652@school.edu.cn
4653,20221004653,周志,女,大二,11班,2005-07-03,13442632421,20221004653@school.edu.cn
4654,20221004654,吕凯,女,大二,1班,2005-06-02,18373500239,20221004654@school.edu.cn
4655,20221004655,郭腾,男,大二,9班,2005-01-28,15962670898,20221004655@school.edu.cn
4656,20221004656,何宁明,女,大二,1班,2006-06-15,15227054637,20221004656@school.edu.cn
4657,20221004657,袁宥骐,男,大二,10班,2006-04-10,13593966942,20221004657@school.edu.cn
4658,20221004658,郑序,女,大二,1班,2006-09-17,13622389637,20221004658@school.edu.cn
4659,20221004659,朱彤,男,大二,12班,2006-06-24,18781310920,20221004659@school.edu.cn
4660,20221004660,刘瑞,女,大二,11班,2006-03-05,15959347398,20221004660@school.edu.cn
4661,20221004661,沈浩娜,男,大二,12班,2005-11-29,15670264522,20221004661@school.edu.cn
4662,20221004662,彭浩昊,女,大二,1班,2005-02-26,17513189953,20221004662@school.edu.cn
4663,20221004663,陈佳钰,女,大二,9班,2006-12-02,13082351001,20221004663@school.edu.cn
4664,20221004664,曾菲蓉,男,大二,5班,2006-01-24,17582981615,20221004664@school.edu.cn
4665,20221004665,程乐驰,男,大二,1班,2005-07-11,15548165893,20221004665@school.edu.cn
4666,20221004666,何锦熙,女,大二,7班,2006-12-31,18144697993,20221004666@school.edu.cn
4667,20221004667,张思志,男,大二,3班,2006-04-27,13008930587,20221004667@school.edu.cn
4668,20221004668,韩祺晟,男,大二,10班,2005-08-08,13397986842,20221004668@school.edu.cn
4669,20221004669,徐泓希,男,大二,12班,2006-04-02,18916997057,20221004669@school.edu.cn
4670,20221004670,吕清可,女,大二,5班,2006-11-24,13346713958,20221004670@school.edu.cn
4671,20221004671,王语泽,女,大二,7班,2005-11-10,13791371472,20221004671@school.edu.cn
4672,20221004672,高嘉洁,男,大二,1班,2005-09-30,17603167967,20221004672@school.edu.cn
4673,20221004673,陈凯骞,女,大二,2班,2005-06-21,18786397086,20221004673@school.edu.cn
4674,20221004674,邓奚骁,女,大二,10班,2005-02-23,13605854991,20221004674@school.edu.cn
4675,20221004675,张思,女,大二,12班,2005-08-18,17524317778,20221004675@school.edu.cn
4676,20221004676,黄启雪,男,大二,12班,2006-07-24,18844979527,20221004676@school.edu.cn
4677,20221004677,罗嫣琳,男,大二,5班,2006-06-26,13053590124,20221004677@school.edu.cn
4678,20221004678,邓若诺,女,大二,8班,2006-12-20,15683250493,20221004678@school.edu.cn
4679,20221004679,吴婷晟,男,大二,10班,2005-05-02,13121675880,20221004679@school.edu.cn
4680,20221004680,郑筱芷,女,大二,1班,2006-02-23,15028462115,20221004680@school.edu.cn
4681,20221004681,邓语昊,女,大二,4班,2005-02-14,13774235028,20221004681@school.edu.cn
4682,20221004682,刘翊志,女,大二,5班,2005-06-21,15236265027,20221004682@school.edu.cn
4683,20221004683,赵涵希,男,大二,10班,2005-05-25,15547027437,20221004683@school.edu.cn
4684,20221004684,梁宁,男,大二,10班,2006-10-08,15295098476,20221004684@school.edu.cn
4685,20221004685,董婷,男,大二,10班,2006-02-15,17834718626,20221004685@school.edu.cn
4686,20221004686,朱茗驰,男,大二,12班,2005-01-24,15589376553,20221004686@school.edu.cn
4687,20221004687,于妍妍,女,大二,8班,2006-02-10,13489956986,20221004687@school.edu.cn
4688,20221004688,于六滢,男,大二,7班,2005-04-23,18146290651,20221004688@school.edu.cn
4689,20221004689,袁琳渝,女,大二,8班,2006-03-28,13054036270,20221004689@school.edu.cn
4690,20221004690,沈彤芸,男,大二,12班,2006-05-06,17350319193,20221004690@school.edu.cn
4691,20221004691,宋霖珂,男,大二,6班,2005-09-13,13056381098,20221004691@school.edu.cn
4692,20221004692,梁渲浩,男,大二,2班,2005-11-22,13819723684,20221004692@school.edu.cn
4693,20221004693,赵雅翎,女,大二,2班,2005-05-15,15173521531,20221004693@school.edu.cn
4694,20221004694,吴八明,女,大二,1班,2006-11-09,13754577306,20221004694@school.edu.cn
4695,20221004695,董岚琪,女,大二,1班,2006-09-03,18078818017,20221004695@school.edu.cn
4696,20221004696,程景坤,女,大二,8班,2005-02-10,17390752746,20221004696@school.edu.cn
4697,20221004697,胡梓坤,女,大二,9班,2005-12-26,15709257116,20221004697@school.edu.cn
4698,20221004698,杨祺,男,大二,10班,2005-04-17,17380212908,20221004698@school.edu.cn
4699,20221004699,彭景雯,女,大二,12班,2005-08-10,15896364510,20221004699@school.edu.cn
4700,20221004700,程颖扬,男,大二,7班,2006-10-01,13437765516,20221004700@school.edu.cn
4701,20221004701,谢子航,女,大二,5班,2005-12-11,17591931681,20221004701@school.edu.cn
4702,20221004702,袁九一,男,大二,10班,2005-06-11,13395995405,20221004702@school.edu.cn
4703,20221004703,罗依妍,男,大二,2班,2006-07-21,15706379476,20221004703@school.edu.cn
4704,20221004704,罗妍,女,大二,12班,2005-01-25,18623364015,20221004704@school.edu.cn
4705,20221004705,萧奕,男,大二,8班,2005-06-30,15794909567,20221004705@school.edu.cn
4706,20221004706,曾翊斌,男,大二,12班,2006-08-30,15095789724,20221004706@school.edu.cn
4707,20221004707,张奚,女,大二,7班,2006-07-17,17555692980,20221004707@school.edu.cn
4708,20221004708,谢茗四,女,大二,5班,2006-05-13,15353965754,20221004708@school.edu.cn
4709,20221004709,邓淇,女,大二,7班,2006-04-17,18829176522,20221004709@school.edu.cn
4710,20221004710,袁宇,女,大二,4班,2006-03-19,13420008807,20221004710@school.edu.cn
4711,20221004711,刘晨渝,男,大二,8班,2005-10-18,13656499098,20221004711@school.edu.cn
4712,20221004712,萧佳宁,女,大二,10班,2006-06-15,15159921192,20221004712@school.edu.cn
4713,20221004713,高璇七,男,大二,3班,2005-04-08,18939442150,20221004713@school.edu.cn
4714,20221004714,朱宁珂,女,大二,9班,2005-05-05,13599879417,20221004714@school.edu.cn
4715,20221004715,袁睿熙,女,大二,6班,2006-06-17,18666393453,20221004715@school.edu.cn
4716,20221004716,胡颖琪,男,大二,12班,2005-09-07,18323101292,20221004716@school.edu.cn
4717,20221004717,何乐七,女,大二,1班,2006-05-28,13324228912,20221004717@school.edu.cn
4718,20221004718,张泽珏,男,大二,7班,2005-07-28,18239868837,20221004718@school.edu.cn
4719,20221004719,周序渝,女,大二,5班,2006-06-09,13542802267,20221004719@school.edu.cn
4720,20221004720,杨婷,男,大二,9班,2006-03-17,17697245768,20221004720@school.edu.cn
4721,20221004721,于莹婧,女,大二,2班,2005-05-05,13551898652,20221004721@school.edu.cn
4722,20221004722,梁祺,男,大二,2班,2005-10-07,15707021523,20221004722@school.edu.cn
4723,20221004723,梁志腾,女,大二,6班,2006-10-26,13403477711,20221004723@school.edu.cn
4724,20221004724,李宇志,女,大二,6班,2006-07-11,13689138549,20221004724@school.edu.cn
4725,20221004725,沈锦钰,女,大二,8班,2005-08-02,17863554243,20221004725@school.edu.cn
4726,20221004726,刘颖七,女,大二,11班,2006-07-27,13574882909,20221004726@school.edu.cn
4727,20221004727,黄一宁,女,大二,7班,2005-12-26,17825171988,20221004727@school.edu.cn
4728,20221004728,吕妍,女,大二,1班,2005-03-31,18394672567,20221004728@school.edu.cn
4729,20221004729,傅景婧,男,大二,7班,2006-01-28,15886868433,20221004729@school.edu.cn
4730,20221004730,杨芸,男,大二,1班,2006-01-05,13272929677,20221004730@school.edu.cn
4731,20221004731,徐博妍,男,大二,2班,2006-03-27,17741030719,20221004731@school.edu.cn
4732,20221004732,彭瑶颖,男,大二,10班,2005-10-03,13981898572,20221004732@school.edu.cn
4733,20221004733,程佳涵,女,大二,2班,2006-03-09,18954611017,20221004733@school.edu.cn
4734,20221004734,董五,男,大二,11班,2006-04-11,18720833564,20221004734@school.edu.cn
4735,20221004735,谢锦,男,大二,6班,2005-09-29,15566101378,20221004735@school.edu.cn
4736,20221004736,罗八帆,男,大二,2班,2005-11-20,15247578448,20221004736@school.edu.cn
4737,20221004737,黄瑞,女,大二,4班,2006-09-14,15758548300,20221004737@school.edu.cn
4738,20221004738,程依琛,女,大二,11班,2006-12-18,18238734401,20221004738@school.edu.cn
4739,20221004739,孙语,女,大二,10班,2005-09-13,13859232957,20221004739@school.edu.cn
4740,20221004740,韩颖,男,大二,2班,2006-12-31,13755471611,20221004740@school.edu.cn
4741,20221004741,王清驰,男,大二,7班,2005-02-18,18374660266,20221004741@school.edu.cn
4742,20221004742,谢琛帆,女,大二,7班,2005-08-25,13721693981,20221004742@school.edu.cn
4743,20221004743,胡奕,女,大二,5班,2006-02-26,18150485721,20221004743@school.edu.cn
4744,20221004744,郭彦,女,大二,5班,2005-09-13,17570236309,20221004744@school.edu.cn
4745,20221004745,谢锦,男,大二,1班,2005-11-19,15243724123,20221004745@school.edu.cn
4746,20221004746,朱林蕾,女,大二,7班,2006-12-10,17824049818,20221004746@school.edu.cn
4747,20221004747,吕莹,女,大二,12班,2005-12-14,17525872463,20221004747@school.edu.cn
4748,20221004748,彭彤琪,男,大二,10班,2006-11-18,18076047564,20221004748@school.edu.cn
4749,20221004749,谢雅五,男,大二,11班,2006-06-30,13330023450,20221004749@school.edu.cn
4750,20221004750,高凯轩,女,大二,1班,2005-11-30,13275167703,20221004750@school.edu.cn
4751,20221004751,罗莹铠,男,大二,5班,2005-04-27,13321144702,20221004751@school.edu.cn
4752,20221004752,梁颖诺,男,大二,5班,2005-04-18,13890720570,20221004752@school.edu.cn
4753,20221004753,唐序,女,大二,6班,2005-12-04,15915675640,20221004753@school.edu.cn
4754,20221004754,张佳,女,大二,12班,2005-04-14,17762889807,20221004754@school.edu.cn
4755,20221004755,胡八,女,大二,6班,2005-12-31,17318361408,20221004755@school.edu.cn
4756,20221004756,萧子芷,男,大二,3班,2005-09-30,18329337545,20221004756@school.edu.cn
4757,20221004757,孙昭瑾,男,大二,7班,2005-02-27,15066018283,20221004757@school.edu.cn
4758,20221004758,宋清,女,大二,1班,2006-07-15,15748283307,20221004758@school.edu.cn
4759,20221004759,冯佳斌,男,大二,12班,2006-03-23,15942476311,20221004759@school.edu.cn
4760,20221004760,董星,男,大二,11班,2006-02-06,15383422558,20221004760@school.edu.cn
4761,20221004761,彭嘉,女,大二,2班,2006-01-16,17709733850,20221004761@school.edu.cn
4762,20221004762,沈琛馥,男,大二,9班,2006-01-28,17316011365,20221004762@school.edu.cn
4763,20221004763,于霖,女,大二,2班,2006-04-21,13961777630,20221004763@school.edu.cn
4764,20221004764,曹涵,女,大二,9班,2006-05-25,15866782700,20221004764@school.edu.cn
4765,20221004765,韩嘉,女,大二,3班,2005-02-24,15231615127,20221004765@school.edu.cn
4766,20221004766,林菲萱,男,大二,2班,2005-11-13,18223255371,20221004766@school.edu.cn
4767,20221004767,周芸霄,男,大二,5班,2006-10-02,15018748362,20221004767@school.edu.cn
4768,20221004768,朱雨,女,大二,6班,2005-08-11,13951462429,20221004768@school.edu.cn
4769,20221004769,唐瑜一,男,大二,1班,2005-04-26,15961658539,20221004769@school.edu.cn
4770,20221004770,吕宥潇,男,大二,1班,2005-05-19,13717807785,20221004770@school.edu.cn
4771,20221004771,唐羽琳,女,大二,1班,2005-03-15,13584606417,20221004771@school.edu.cn
4772,20221004772,何妍潇,女,大二,5班,2006-07-03,13238266103,20221004772@school.edu.cn
4773,20221004773,高璇潇,男,大二,3班,2005-06-30,15574438385,20221004773@school.edu.cn
4774,20221004774,杨昭晟,男,大二,5班,2006-12-23,15208588483,20221004774@school.edu.cn
4775,20221004775,高四茹,女,大二,5班,2005-12-04,13703190209,20221004775@school.edu.cn
4776,20221004776,何曜希,女,大二,8班,2005-07-28,15844438794,20221004776@school.edu.cn
4777,20221004777,孙博珂,男,大二,11班,2005-10-23,15071336739,20221004777@school.edu.cn
4778,20221004778,刘瑶,男,大二,4班,2006-08-25,15944277433,20221004778@school.edu.cn
4779,20221004779,李祺璐,女,大二,7班,2005-12-25,18931042876,20221004779@school.edu.cn
4780,20221004780,曹琛滢,男,大二,6班,2006-05-30,15713322230,20221004780@school.edu.cn
4781,20221004781,黄翊驰,男,大二,12班,2006-02-03,17700637484,20221004781@school.edu.cn
4782,20221004782,李泓芷,女,大二,6班,2005-10-19,15026504767,20221004782@school.edu.cn
4783,20221004783,许奕颖,男,大二,3班,2005-08-26,18916534538,20221004783@school.edu.cn
4784,20221004784,袁祺昊,女,大二,3班,2006-06-30,15051720762,20221004784@school.edu.cn
4785,20221004785,曾睿骞,男,大二,9班,2005-05-31,18373306276,20221004785@school.edu.cn
4786,20221004786,张涵妍,男,大二,9班,2005-01-08,18898361899,20221004786@school.edu.cn
4787,20221004787,董林璐,男,大二,3班,2006-01-26,13891743256,20221004787@school.edu.cn
4788,20221004788,王浩驰,女,大二,4班,2005-10-03,17606559887,20221004788@school.edu.cn
4789,20221004789,曾颖颖,女,大二,2班,2005-10-07,15842845463,20221004789@school.edu.cn
4790,20221004790,曾彤六,女,大二,7班,2006-02-07,15099028349,20221004790@school.edu.cn
4791,20221004791,邓启琪,男,大二,12班,2005-08-15,15079828048,20221004791@school.edu.cn
4792,20221004792,唐琳,女,大二,7班,2006-02-05,15272200249,20221004792@school.edu.cn
4793,20221004793,邓瑜怡,男,大二,8班,2005-05-17,15939386030,20221004793@school.edu.cn
4794,20221004794,刘宇琛,女,大二,11班,2005-12-01,15148358440,20221004794@school.edu.cn
4795,20221004795,萧婕,女,大二,7班,2005-08-12,18384433533,20221004795@school.edu.cn
4796,20221004796,杨珺,女,大二,5班,2006-03-16,18633726695,20221004796@school.edu.cn
4797,20221004797,胡莹璐,男,大二,3班,2006-12-20,18899834436,20221004797@school.edu.cn
4798,20221004798,何若诺,女,大二,12班,2005-05-21,15178928516,20221004798@school.edu.cn
4799,20221004799,赵佳,男,大二,10班,2005-05-22,13847039348,20221004799@school.edu.cn
4800,20221004800,曹四,女,大二,12班,2006-03-05,15927551969,20221004800@school.edu.cn
4801,20221004801,吴菲,男,大二,6班,2006-08-21,15084419597,20221004801@school.edu.cn
4802,20221004802,马五琛,女,大二,7班,2006-11-30,18583905039,20221004802@school.edu.cn
4803,20221004803,张七博,男,大二,5班,2006-10-09,15604654450,20221004803@school.edu.cn
4804,20221004804,萧珺,女,大二,11班,2006-01-09,15962527549,20221004804@school.edu.cn
4805,20221004805,谢岚颖,男,大二,12班,2006-06-29,18949438680,20221004805@school.edu.cn
4806,20221004806,梁序琪,女,大二,1班,2006-02-28,15071959617,20221004806@school.edu.cn
4807,20221004807,吕婕明,女,大二,7班,2006-07-27,18353422301,20221004807@school.edu.cn
4808,20221004808,杨涵,女,大二,8班,2005-04-03,13249358370,20221004808@school.edu.cn
4809,20221004809,唐琛昊,男,大二,3班,2006-01-09,15281163754,20221004809@school.edu.cn
4810,20221004810,王翊,女,大二,6班,2006-09-03,15562412436,20221004810@school.edu.cn
4811,20221004811,林文洁,女,大二,5班,2006-08-01,15358384689,20221004811@school.edu.cn
4812,20221004812,萧嘉,男,大二,1班,2005-03-11,17308479089,20221004812@school.edu.cn
4813,20221004813,杨五芸,女,大二,10班,2005-06-21,18914671838,20221004813@school.edu.cn
4814,20221004814,王三晟,男,大二,2班,2005-12-07,15887847632,20221004814@school.edu.cn
4815,20221004815,赵莹琳,女,大二,7班,2005-09-15,18328535142,20221004815@school.edu.cn
4816,20221004816,萧芸,女,大二,11班,2005-12-16,13791289362,20221004816@school.edu.cn
4817,20221004817,高乐恺,女,大二,1班,2006-11-28,15001429694,20221004817@school.edu.cn
4818,20221004818,孙欣,男,大二,1班,2005-12-03,13250627079,20221004818@school.edu.cn
4819,20221004819,马嫣四,男,大二,2班,2005-12-28,18083323252,20221004819@school.edu.cn
4820,20221004820,高莹五,女,大二,2班,2005-11-14,15607867207,20221004820@school.edu.cn
4821,20221004821,彭泓蓉,男,大二,3班,2005-06-27,13255650981,20221004821@school.edu.cn
4822,20221004822,曾奚衡,女,大二,7班,2006-11-28,15812069065,20221004822@school.edu.cn
4823,20221004823,董婷七,女,大二,12班,2006-08-26,13580301128,20221004823@school.edu.cn
4824,20221004824,曹梓,男,大二,1班,2006-05-23,13155918701,20221004824@school.edu.cn
4825,20221004825,赵文怡,女,大二,2班,2005-08-30,13415240978,20221004825@school.edu.cn
4826,20221004826,朱珂琳,女,大二,10班,2006-12-06,18869443264,20221004826@school.edu.cn
4827,20221004827,徐涵蓉,女,大二,4班,2006-11-07,17533722928,20221004827@school.edu.cn
4828,20221004828,韩淇,男,大二,1班,2005-06-24,18234381168,20221004828@school.edu.cn
4829,20221004829,郭祺博,男,大二,4班,2006-01-04,15871863152,20221004829@school.edu.cn
4830,20221004830,杨宇,女,大二,11班,2006-10-14,15099419902,20221004830@school.edu.cn
4831,20221004831,高七,女,大二,1班,2006-02-20,17883560062,20221004831@school.edu.cn
4832,20221004832,周翊帆,男,大二,1班,2006-07-06,15966935466,20221004832@school.edu.cn
4833,20221004833,吕祺璐,男,大二,12班,2006-06-01,18837752763,20221004833@school.edu.cn
4834,20221004834,马文,男,大二,9班,2005-11-22,13942024444,20221004834@school.edu.cn
4835,20221004835,于璇滢,女,大二,5班,2005-01-05,15704773071,20221004835@school.edu.cn
4836,20221004836,周子铠,男,大二,9班,2005-09-24,13580817723,20221004836@school.edu.cn
4837,20221004837,梁宇钰,男,大二,6班,2006-09-07,17557978572,20221004837@school.edu.cn
4838,20221004838,黄露萱,男,大二,4班,2005-08-17,18905355026,20221004838@school.edu.cn
4839,20221004839,傅雅,女,大二,12班,2006-09-02,18110178793,20221004839@school.edu.cn
4840,20221004840,袁泓明,女,大二,10班,2006-06-13,17351218743,20221004840@school.edu.cn
4841,20221004841,郑羽萌,女,大二,6班,2005-11-09,15679926903,20221004841@school.edu.cn
4842,20221004842,韩乐,女,大二,11班,2006-10-26,13252526789,20221004842@school.edu.cn
4843,20221004843,宋奕亦,女,大二,4班,2006-08-31,18302238771,20221004843@school.edu.cn
4844,20221004844,谢姝怡,男,大二,3班,2005-11-11,17740068203,20221004844@school.edu.cn
4845,20221004845,郑雅,男,大二,9班,2005-12-25,13757316906,20221004845@school.edu.cn
4846,20221004846,谢依,男,大二,4班,2006-02-11,13985471841,20221004846@school.edu.cn
4847,20221004847,宋星,男,大二,8班,2006-09-22,18719679065,20221004847@school.edu.cn
4848,20221004848,宋淇煜,男,大二,5班,2005-12-14,18808821161,20221004848@school.edu.cn
4849,20221004849,郭文腾,男,大二,5班,2006-02-04,18728408132,20221004849@school.edu.cn
4850,20221004850,陈琳馥,女,大二,11班,2006-06-07,13878645575,20221004850@school.edu.cn
4851,20221004851,郭瑞,男,大二,9班,2005-03-17,15223054599,20221004851@school.edu.cn
4852,20221004852,谢八宁,男,大二,7班,2006-12-11,18385841058,20221004852@school.edu.cn
4853,20221004853,于博瑶,男,大二,12班,2006-02-05,15665093346,20221004853@school.edu.cn
4854,20221004854,罗四,男,大二,10班,2005-03-28,15855657031,20221004854@school.edu.cn
4855,20221004855,梁明,男,大二,12班,2006-08-16,18173531908,20221004855@school.edu.cn
4856,20221004856,彭宥芷,女,大二,7班,2005-03-22,13326837254,20221004856@school.edu.cn
4857,20221004857,郑渲,男,大二,1班,2005-10-12,15200125788,20221004857@school.edu.cn
4858,20221004858,许乐泽,男,大二,7班,2006-01-03,17710388970,20221004858@school.edu.cn
4859,20221004859,杨依琛,女,大二,12班,2005-12-31,15045595568,20221004859@school.edu.cn
4860,20221004860,吕二,女,大二,7班,2006-07-01,13428374679,20221004860@school.edu.cn
4861,20221004861,孙明磊,男,大二,5班,2005-06-20,15582085717,20221004861@school.edu.cn
4862,20221004862,许七,男,大二,7班,2005-03-07,18132923453,20221004862@school.edu.cn
4863,20221004863,曾腾,女,大二,2班,2005-12-19,18950895327,20221004863@school.edu.cn
4864,20221004864,杨岚哲,女,大二,4班,2005-08-20,13624382996,20221004864@school.edu.cn
4865,20221004865,宋锦浩,女,大二,2班,2006-04-20,13913332128,20221004865@school.edu.cn
4866,20221004866,杨沁,女,大二,3班,2005-03-15,15217667947,20221004866@school.edu.cn
4867,20221004867,李婷珂,男,大二,12班,2005-06-25,15036862708,20221004867@school.edu.cn
4868,20221004868,何瑜,女,大二,4班,2005-05-17,18027402402,20221004868@school.edu.cn
4869,20221004869,邓雨希,男,大二,5班,2006-02-17,13776403022,20221004869@school.edu.cn
4870,20221004870,袁岚蕾,女,大二,1班,2006-05-16,13587515471,20221004870@school.edu.cn
4871,20221004871,孙八晨,女,大二,12班,2005-07-22,18585959415,20221004871@school.edu.cn
4872,20221004872,刘雪志,男,大二,10班,2005-08-14,18726557303,20221004872@school.edu.cn
4873,20221004873,胡乐,女,大二,8班,2005-06-21,13198834269,20221004873@school.edu.cn
4874,20221004874,彭梓,女,大二,1班,2005-10-26,17582248747,20221004874@school.edu.cn
4875,20221004875,马二驰,女,大二,4班,2006-03-31,15262275536,20221004875@school.edu.cn
4876,20221004876,袁彦瑶,女,大二,3班,2006-01-07,13344604239,20221004876@school.edu.cn
4877,20221004877,冯淇,女,大二,10班,2005-04-25,15627714234,20221004877@school.edu.cn
4878,20221004878,韩清,男,大二,8班,2006-04-22,13627074745,20221004878@school.edu.cn
4879,20221004879,马宇,女,大二,12班,2005-01-29,15970791650,20221004879@school.edu.cn
4880,20221004880,陈九蕾,男,大二,7班,2005-12-28,13219594700,20221004880@school.edu.cn
4881,20221004881,周宁七,女,大二,7班,2005-11-30,13356528221,20221004881@school.edu.cn
4882,20221004882,张颖滢,女,大二,11班,2005-02-01,18674268876,20221004882@school.edu.cn
4883,20221004883,唐文骁,女,大二,7班,2005-12-06,17377440278,20221004883@school.edu.cn
4884,20221004884,冯妍霄,女,大二,8班,2005-11-01,13286594520,20221004884@school.edu.cn
4885,20221004885,董嫣腾,男,大二,1班,2005-04-16,15039993264,20221004885@school.edu.cn
4886,20221004886,张浩,男,大二,2班,2005-02-01,18787755690,20221004886@school.edu.cn
4887,20221004887,杨启珊,女,大二,6班,2006-06-03,13423513882,20221004887@school.edu.cn
4888,20221004888,黄祺致,男,大二,6班,2005-09-02,13378640993,20221004888@school.edu.cn
4889,20221004889,吕杰二,女,大二,6班,2006-08-28,15865155372,20221004889@school.edu.cn
4890,20221004890,梁珂彤,女,大二,10班,2006-08-23,18857130625,20221004890@school.edu.cn
4891,20221004891,孙宥渝,女,大二,7班,2005-11-07,18609777110,20221004891@school.edu.cn
4892,20221004892,罗凯六,女,大二,1班,2006-12-19,18223369767,20221004892@school.edu.cn
4893,20221004893,朱四,女,大二,8班,2005-08-20,17868586854,20221004893@school.edu.cn
4894,20221004894,郭雅宇,男,大二,12班,2006-07-26,15959120338,20221004894@school.edu.cn
4895,20221004895,于林悦,男,大二,12班,2005-01-01,17515213767,20221004895@school.edu.cn
4896,20221004896,吕曜瑶,女,大二,6班,2006-06-22,13794797476,20221004896@school.edu.cn
4897,20221004897,刘芸辰,女,大二,6班,2005-01-02,17588241887,20221004897@school.edu.cn
4898,20221004898,曾岚凯,女,大二,2班,2005-07-17,15192320766,20221004898@school.edu.cn
4899,20221004899,邓雪,女,大二,7班,2006-11-05,13414461521,20221004899@school.edu.cn
4900,20221004900,董雨,女,大二,4班,2006-06-19,18226174767,20221004900@school.edu.cn
4901,20221004901,杨雅,男,大二,1班,2005-06-15,13299585760,20221004901@school.edu.cn
4902,20221004902,沈三昊,女,大二,10班,2006-10-07,18252105813,20221004902@school.edu.cn
4903,20221004903,马凯雪,男,大二,11班,2005-04-24,15721612021,20221004903@school.edu.cn
4904,20221004904,曹曜琪,男,大二,1班,2005-10-12,18107995129,20221004904@school.edu.cn
4905,20221004905,韩翊锴,女,大二,10班,2005-05-09,18515168196,20221004905@school.edu.cn
4906,20221004906,陈沁铠,女,大二,8班,2006-08-10,15859227351,20221004906@school.edu.cn
4907,20221004907,朱翊珏,男,大二,12班,2006-07-11,17521922504,20221004907@school.edu.cn
4908,20221004908,沈星,女,大二,5班,2005-10-18,17651920063,20221004908@school.edu.cn
4909,20221004909,曹沁欣,女,大二,9班,2006-01-29,17381872348,20221004909@school.edu.cn
4910,20221004910,黄泓翎,男,大二,8班,2005-01-13,17311632250,20221004910@school.edu.cn
4911,20221004911,于若磊,女,大二,10班,2006-08-15,15100787572,20221004911@school.edu.cn
4912,20221004912,唐凯琪,女,大二,6班,2005-08-22,13441941922,20221004912@school.edu.cn
4913,20221004913,谢祺睿,男,大二,7班,2005-11-22,13340432787,20221004913@school.edu.cn
4914,20221004914,高欣函,男,大二,7班,2006-12-11,13229120998,20221004914@school.edu.cn
4915,20221004915,袁筱雪,女,大二,7班,2006-03-11,13765295054,20221004915@school.edu.cn
4916,20221004916,胡妍妍,女,大二,6班,2005-11-17,17640369852,20221004916@school.edu.cn
4917,20221004917,林菲珏,女,大二,6班,2006-05-06,15664314960,20221004917@school.edu.cn
4918,20221004918,郑一八,女,大二,1班,2005-09-29,13949127395,20221004918@school.edu.cn
4919,20221004919,董四,男,大二,6班,2006-05-23,18991391946,20221004919@school.edu.cn
4920,20221004920,吕锦御,男,大二,5班,2005-11-03,15624420245,20221004920@school.edu.cn
4921,20221004921,程颖凝,男,大二,5班,2006-02-14,13991745663,20221004921@school.edu.cn
4922,20221004922,王莹璐,女,大二,4班,2005-10-02,18204346905,20221004922@school.edu.cn
4923,20221004923,周若衡,男,大二,11班,2005-03-23,13312148444,20221004923@school.edu.cn
4924,20221004924,马彤然,男,大二,2班,2006-04-07,13727723735,20221004924@school.edu.cn
4925,20221004925,程欣峻,男,大二,11班,2005-02-04,13484845362,20221004925@school.edu.cn
4926,20221004926,吕启焱,女,大二,9班,2006-07-08,15723512240,20221004926@school.edu.cn
4927,20221004927,罗祺轩,女,大二,6班,2006-10-22,13751075494,20221004927@school.edu.cn
4928,20221004928,罗宁御,女,大二,12班,2006-02-16,18719448854,20221004928@school.edu.cn
4929,20221004929,萧博,男,大二,1班,2005-02-25,18995453012,20221004929@school.edu.cn
4930,20221004930,曹淇,女,大二,6班,2005-06-16,13522035301,20221004930@school.edu.cn
4931,20221004931,彭芸凝,男,大二,9班,2005-03-19,15111848804,20221004931@school.edu.cn
4932,20221004932,赵晨渝,女,大二,10班,2006-05-20,15550511903,20221004932@school.edu.cn
4933,20221004933,袁八希,男,大二,11班,2006-03-21,18274850785,20221004933@school.edu.cn
4934,20221004934,邓子,女,大二,2班,2006-09-27,18785751419,20221004934@school.edu.cn
4935,20221004935,吴琳晟,女,大二,2班,2005-11-06,15516327365,20221004935@school.edu.cn
4936,20221004936,胡璇,男,大二,11班,2006-02-21,17864527886,20221004936@school.edu.cn
4937,20221004937,邓曜璐,女,大二,12班,2006-07-07,18651268227,20221004937@school.edu.cn
4938,20221004938,胡景芷,男,大二,8班,2006-12-16,15502988852,20221004938@school.edu.cn
4939,20221004939,董璇六,女,大二,11班,2006-07-13,13048385656,20221004939@school.edu.cn
4940,20221004940,袁瑜辰,女,大二,1班,2006-04-18,18887238839,20221004940@school.edu.cn
4941,20221004941,陈露泽,男,大二,7班,2006-06-04,18061671154,20221004941@school.edu.cn
4942,20221004942,梁奕,女,大二,2班,2006-05-25,13882940731,20221004942@school.edu.cn
4943,20221004943,袁珺衡,男,大二,3班,2006-10-29,18544195764,20221004943@school.edu.cn
4944,20221004944,董曜怡,女,大二,12班,2006-08-07,13429790824,20221004944@school.edu.cn
4945,20221004945,高杰萌,女,大二,11班,2005-10-01,18376701712,20221004945@school.edu.cn
4946,20221004946,曾志亦,女,大二,8班,2005-06-08,18718023055,20221004946@school.edu.cn
4947,20221004947,高依锴,男,大二,7班,2006-01-08,17849744102,20221004947@school.edu.cn
4948,20221004948,孙嫣峻,女,大二,3班,2006-08-28,13856971519,20221004948@school.edu.cn
4949,20221004949,吴乐,女,大二,3班,2005-10-25,15903389159,20221004949@school.edu.cn
4950,20221004950,高语,男,大二,5班,2006-01-06,13718234258,20221004950@school.edu.cn
4951,20221004951,徐雪琪,女,大二,6班,2005-12-06,13517711398,20221004951@school.edu.cn
4952,20221004952,郭序,男,大二,9班,2006-08-23,13744875127,20221004952@school.edu.cn
4953,20221004953,胡博一,男,大二,5班,2006-05-29,18755815024,20221004953@school.edu.cn
4954,20221004954,罗睿涵,男,大二,6班,2005-12-17,17624680972,20221004954@school.edu.cn
4955,20221004955,林三娅,女,大二,3班,2006-03-02,17342993568,20221004955@school.edu.cn
4956,20221004956,马启,男,大二,10班,2006-09-20,15150943893,20221004956@school.edu.cn
4957,20221004957,曹依,男,大二,11班,2005-01-22,17500250558,20221004957@school.edu.cn
4958,20221004958,罗涵坤,女,大二,1班,2006-05-25,18135445919,20221004958@school.edu.cn
4959,20221004959,梁泓,男,大二,10班,2005-02-22,17769406334,20221004959@school.edu.cn
4960,20221004960,邓宁,女,大二,10班,2006-10-25,15543311112,20221004960@school.edu.cn
4961,20221004961,赵语,男,大二,3班,2005-01-13,15376618681,20221004961@school.edu.cn
4962,20221004962,谢宥,男,大二,4班,2006-12-24,13107461608,20221004962@school.edu.cn
4963,20221004963,曹一,女,大二,10班,2005-01-09,13354684393,20221004963@school.edu.cn
4964,20221004964,孙梓扬,男,大二,2班,2006-12-01,17586616602,20221004964@school.edu.cn
4965,20221004965,董一琪,女,大二,1班,2005-05-01,17669221271,20221004965@school.edu.cn
4966,20221004966,罗宥,男,大二,2班,2005-01-16,13393647167,20221004966@school.edu.cn
4967,20221004967,郭五,男,大二,12班,2006-04-19,13485108856,20221004967@school.edu.cn
4968,20221004968,萧景珏,男,大二,3班,2005-12-15,13780404872,20221004968@school.edu.cn
4969,20221004969,罗浩一,女,大二,12班,2005-02-23,15929566536,20221004969@school.edu.cn
4970,20221004970,王珂诺,男,大二,5班,2005-08-09,13163582878,20221004970@school.edu.cn
4971,20221004971,于乐,男,大二,9班,2006-01-09,18560208506,20221004971@school.edu.cn
4972,20221004972,宋明,女,大二,2班,2006-08-10,15267494644,20221004972@school.edu.cn
4973,20221004973,冯雨潇,男,大二,2班,2006-07-16,15039913687,20221004973@school.edu.cn
4974,20221004974,高四六,女,大二,5班,2006-03-29,13411187008,20221004974@school.edu.cn
4975,20221004975,梁志琪,男,大二,2班,2005-08-16,13281633204,20221004975@school.edu.cn
4976,20221004976,王宸昊,男,大二,7班,2005-11-22,17737141028,20221004976@school.edu.cn
4977,20221004977,邓启凝,女,大二,6班,2006-06-28,17765681036,20221004977@school.edu.cn
4978,20221004978,张锦萌,女,大二,2班,2005-01-11,13664533147,20221004978@school.edu.cn
4979,20221004979,黄四,女,大二,3班,2005-03-24,17571145087,20221004979@school.edu.cn
4980,20221004980,黄锦婧,女,大二,9班,2005-03-29,13752673496,20221004980@school.edu.cn
4981,20221004981,董羽悦,男,大二,8班,2005-03-16,13989171987,20221004981@school.edu.cn
4982,20221004982,罗乐帆,女,大二,2班,2006-10-24,15144356924,20221004982@school.edu.cn
4983,20221004983,何婷,男,大二,5班,2005-06-04,15749989569,20221004983@school.edu.cn
4984,20221004984,林曜娅,男,大二,5班,2005-08-26,17680532807,20221004984@school.edu.cn
4985,20221004985,傅志,女,大二,3班,2006-11-21,18531857194,20221004985@school.edu.cn
4986,20221004986,曾宁琪,男,大二,11班,2006-08-30,15974402186,20221004986@school.edu.cn
4987,20221004987,袁博,女,大二,3班,2006-01-01,18053786322,20221004987@school.edu.cn
4988,20221004988,梁若,男,大二,12班,2005-07-18,18556540493,20221004988@school.edu.cn
4989,20221004989,袁九然,男,大二,6班,2006-07-11,18835995008,20221004989@school.edu.cn
4990,20221004990,吕姝芸,女,大二,8班,2005-08-04,18667932744,20221004990@school.edu.cn
4991,20221004991,张渲,女,大二,1班,2006-12-02,18850297141,20221004991@school.edu.cn
4992,20221004992,唐颖娜,女,大二,2班,2005-11-10,13843375823,20221004992@school.edu.cn
4993,20221004993,韩彦珏,女,大二,9班,2006-07-27,17643339136,20221004993@school.edu.cn
4994,20221004994,吕文,男,大二,7班,2005-11-26,18668001916,20221004994@school.edu.cn
4995,20221004995,曹彦琛,男,大二,1班,2005-02-21,17334614392,20221004995@school.edu.cn
4996,20221004996,陈浩驰,女,大二,11班,2006-06-16,18982967674,20221004996@school.edu.cn
4997,20221004997,彭莹亦,女,大二,10班,2005-05-20,17336026806,20221004997@school.edu.cn
4998,20221004998,吴睿睿,女,大二,12班,2006-12-07,13453079200,20221004998@school.edu.cn
4999,20221004999,刘清,男,大二,9班,2006-06-19,13125611928,20221004999@school.edu.cn
5000,20221005000,于雨,女,大二,5班,2006-03-05,15846216058,20221005000@school.edu.cn
5001,20221005001,傅颖芷,男,大三,7班,2005-12-05,13842568620,20221005001@school.edu.cn
5002,20221005002,傅宥祺,女,大三,5班,2005-08-29,13480530801,20221005002@school.edu.cn
5003,20221005003,徐清,男,大三,8班,2004-04-03,15604849043,20221005003@school.edu.cn
5004,20221005004,刘渲八,男,大三,1班,2005-06-12,13597055739,20221005004@school.edu.cn
5005,20221005005,孙嫣辰,女,大三,7班,2005-10-18,18325152003,20221005005@school.edu.cn
5006,20221005006,邓子馥,女,大三,7班,2004-04-16,17784399011,20221005006@school.edu.cn
5007,20221005007,吕嫣驰,女,大三,7班,2004-06-08,17728505479,20221005007@school.edu.cn
5008,20221005008,彭景晟,男,大三,6班,2004-01-17,18037664934,20221005008@school.edu.cn
5009,20221005009,曹奚,男,大三,8班,2004-08-12,15202598293,20221005009@school.edu.cn
5010,20221005010,朱雨骐,男,大三,6班,2004-05-16,13726672814,20221005010@school.edu.cn
5011,20221005011,沈宸二,女,大三,10班,2005-04-16,15123413301,20221005011@school.edu.cn
5012,20221005012,许曜,男,大三,12班,2004-09-08,18919533032,20221005012@school.edu.cn
5013,20221005013,吕宁蕾,男,大三,6班,2004-06-11,17602806463,20221005013@school.edu.cn
5014,20221005014,彭文悦,男,大三,4班,2005-09-17,18075147347,20221005014@school.edu.cn
5015,20221005015,唐霖馥,男,大三,2班,2005-06-29,15560494197,20221005015@school.edu.cn
5016,20221005016,唐八宇,男,大三,10班,2005-08-05,15162283489,20221005016@school.edu.cn
5017,20221005017,袁珂八,女,大三,7班,2005-01-13,15076751760,20221005017@school.edu.cn
5018,20221005018,朱乐泽,女,大三,1班,2005-05-22,15173641011,20221005018@school.edu.cn
5019,20221005019,郭佳明,女,大三,2班,2004-02-08,18264500285,20221005019@school.edu.cn
5020,20221005020,罗涵峻,男,大三,2班,2005-07-08,17819454290,20221005020@school.edu.cn
5021,20221005021,黄沁滢,女,大三,9班,2005-12-21,15928977640,20221005021@school.edu.cn
5022,20221005022,彭子志,女,大三,11班,2004-08-12,13179750968,20221005022@school.edu.cn
5023,20221005023,黄瑶文,女,大三,8班,2004-01-16,13407412879,20221005023@school.edu.cn
5024,20221005024,许岚希,男,大三,9班,2005-04-13,18045072481,20221005024@school.edu.cn
5025,20221005025,王凯瑜,女,大三,4班,2004-02-04,13252555658,20221005025@school.edu.cn
5026,20221005026,孙岚欣,男,大三,2班,2004-03-19,18730371823,20221005026@school.edu.cn
5027,20221005027,彭奚六,女,大三,4班,2004-12-02,17586727614,20221005027@school.edu.cn
5028,20221005028,唐菲宇,男,大三,12班,2005-10-19,15773756942,20221005028@school.edu.cn
5029,20221005029,马雅琪,女,大三,10班,2004-04-06,18215400372,20221005029@school.edu.cn
5030,20221005030,黄茗晨,男,大三,10班,2004-03-14,18272091519,20221005030@school.edu.cn
5031,20221005031,刘昭,男,大三,4班,2004-11-04,18111517487,20221005031@school.edu.cn
5032,20221005032,傅宇骁,女,大三,5班,2005-12-04,17301024483,20221005032@school.edu.cn
5033,20221005033,马曜,男,大三,8班,2005-12-08,13796746488,20221005033@school.edu.cn
5034,20221005034,罗涵,女,大三,6班,2005-03-24,17897028454,20221005034@school.edu.cn
5035,20221005035,于四渝,女,大三,9班,2004-01-01,13455499192,20221005035@school.edu.cn
5036,20221005036,冯明,女,大三,6班,2005-02-22,17673973521,20221005036@school.edu.cn
5037,20221005037,韩雨,女,大三,10班,2005-05-02,17851806765,20221005037@school.edu.cn
5038,20221005038,曹妍睿,男,大三,3班,2004-08-30,13774018804,20221005038@school.edu.cn
5039,20221005039,傅霖阳,男,大三,9班,2005-10-15,18742112493,20221005039@school.edu.cn
5040,20221005040,沈婕,男,大三,11班,2005-11-18,18387751708,20221005040@school.edu.cn
5041,20221005041,郑文瑜,女,大三,5班,2004-02-05,18362157267,20221005041@school.edu.cn
5042,20221005042,吕泽凯,男,大三,11班,2005-03-01,15685554429,20221005042@school.edu.cn
5043,20221005043,曾岚衡,女,大三,2班,2004-12-31,15299400393,20221005043@school.edu.cn
5044,20221005044,彭茗,男,大三,6班,2005-08-25,13199908503,20221005044@school.edu.cn
5045,20221005045,郭杰宁,男,大三,2班,2005-03-23,17882649650,20221005045@school.edu.cn
5046,20221005046,邓三轩,男,大三,4班,2004-11-14,15737094953,20221005046@school.edu.cn
5047,20221005047,于星峻,男,大三,5班,2005-12-08,13883308356,20221005047@school.edu.cn
5048,20221005048,孙沁萱,男,大三,4班,2004-08-17,13512729641,20221005048@school.edu.cn
5049,20221005049,朱欣衡,女,大三,7班,2005-09-10,15239218754,20221005049@school.edu.cn
5050,20221005050,何林驰,男,大三,5班,2004-11-14,13740929301,20221005050@school.edu.cn
5051,20221005051,郭睿珏,女,大三,1班,2004-10-19,13058707360,20221005051@school.edu.cn
5052,20221005052,孙杰翎,男,大三,12班,2004-03-04,15063819961,20221005052@school.edu.cn
5053,20221005053,周瑶珏,男,大三,6班,2005-01-10,13959946367,20221005053@school.edu.cn
5054,20221005054,冯雅轩,女,大三,5班,2004-03-20,15944641706,20221005054@school.edu.cn
5055,20221005055,韩乐峻,男,大三,2班,2004-06-21,13730303199,20221005055@school.edu.cn
5056,20221005056,周四琪,男,大三,1班,2005-06-27,13499003445,20221005056@school.edu.cn
5057,20221005057,谢雪斌,男,大三,11班,2005-09-03,15735708639,20221005057@school.edu.cn
5058,20221005058,陈雨,男,大三,3班,2004-01-11,15079194580,20221005058@school.edu.cn
5059,20221005059,赵三娅,男,大三,10班,2004-10-10,17868173409,20221005059@school.edu.cn
5060,20221005060,刘志,男,大三,3班,2005-10-04,17856086661,20221005060@school.edu.cn
5061,20221005061,傅沁轩,男,大三,10班,2005-09-03,18839666800,20221005061@school.edu.cn
5062,20221005062,赵珂昊,女,大三,1班,2004-02-16,13298118219,20221005062@school.edu.cn
5063,20221005063,曹婕琳,女,大三,9班,2005-03-12,18941598620,20221005063@school.edu.cn
5064,20221005064,朱姝,女,大三,8班,2005-05-15,18973128766,20221005064@school.edu.cn
5065,20221005065,邓莹四,男,大三,1班,2005-02-19,18173110494,20221005065@school.edu.cn
5066,20221005066,宋子晟,女,大三,9班,2005-03-01,15272029585,20221005066@school.edu.cn
5067,20221005067,萧宁琪,女,大三,10班,2005-03-22,15980595205,20221005067@school.edu.cn
5068,20221005068,曾珺珊,男,大三,8班,2005-05-07,17621514376,20221005068@school.edu.cn
5069,20221005069,许嫣三,女,大三,9班,2004-01-15,13470152036,20221005069@school.edu.cn
5070,20221005070,何琳,男,大三,9班,2004-11-02,13696086584,20221005070@school.edu.cn
5071,20221005071,许杰,男,大三,12班,2004-02-28,17516210743,20221005071@school.edu.cn
5072,20221005072,孙祺珂,女,大三,11班,2004-05-24,18000208010,20221005072@school.edu.cn
5073,20221005073,林彤,女,大三,6班,2005-09-10,15983880103,20221005073@school.edu.cn
5074,20221005074,罗泽四,男,大三,11班,2004-03-22,13545643967,20221005074@school.edu.cn
5075,20221005075,刘明,男,大三,9班,2005-11-30,18340302691,20221005075@school.edu.cn
5076,20221005076,郑雨,男,大三,2班,2004-07-28,18145623587,20221005076@school.edu.cn
5077,20221005077,傅昭,男,大三,4班,2005-12-02,17656674474,20221005077@school.edu.cn
5078,20221005078,朱锦骐,女,大三,1班,2004-06-23,13940452362,20221005078@school.edu.cn
5079,20221005079,冯茗珂,女,大三,3班,2004-10-03,13890706795,20221005079@school.edu.cn
5080,20221005080,邓佳,女,大三,6班,2004-11-07,18308951310,20221005080@school.edu.cn
5081,20221005081,王珂琪,女,大三,7班,2005-12-01,17761256063,20221005081@school.edu.cn
5082,20221005082,刘宥祺,男,大三,3班,2005-03-18,18207499764,20221005082@school.edu.cn
5083,20221005083,袁琛衡,男,大三,1班,2005-05-06,18173358182,20221005083@school.edu.cn
5084,20221005084,彭佳蓉,男,大三,8班,2005-01-27,18765060813,20221005084@school.edu.cn
5085,20221005085,郭霖,男,大三,11班,2005-12-11,17525825363,20221005085@school.edu.cn
5086,20221005086,朱露珊,女,大三,9班,2004-11-24,17696767196,20221005086@school.edu.cn
5087,20221005087,何颖八,女,大三,8班,2004-08-21,13768614933,20221005087@school.edu.cn
5088,20221005088,郭婕瑾,女,大三,11班,2005-11-08,18982627009,20221005088@school.edu.cn
5089,20221005089,朱芸,女,大三,7班,2005-07-18,15313619347,20221005089@school.edu.cn
5090,20221005090,张翊渝,女,大三,5班,2005-11-21,17808287744,20221005090@school.edu.cn
5091,20221005091,彭瑾睿,女,大三,12班,2005-03-15,13137843195,20221005091@school.edu.cn
5092,20221005092,林昭,女,大三,1班,2004-02-19,18079163673,20221005092@school.edu.cn
5093,20221005093,韩琳,女,大三,6班,2005-10-23,15213861620,20221005093@school.edu.cn
5094,20221005094,朱婷,女,大三,10班,2004-07-22,15731814781,20221005094@school.edu.cn
5095,20221005095,赵露一,女,大三,2班,2004-12-29,15355227622,20221005095@school.edu.cn
5096,20221005096,赵九,女,大三,5班,2005-05-25,17570220616,20221005096@school.edu.cn
5097,20221005097,吕启雯,女,大三,10班,2005-08-19,18541916051,20221005097@school.edu.cn
5098,20221005098,刘梓航,男,大三,5班,2004-08-17,17805521285,20221005098@school.edu.cn
5099,20221005099,徐宁二,男,大三,11班,2005-04-15,17389062179,20221005099@school.edu.cn
5100,20221005100,马琳骞,女,大三,6班,2005-06-13,15552936309,20221005100@school.edu.cn
5101,20221005101,吴瑶芷,女,大三,7班,2005-05-14,17532788970,20221005101@school.edu.cn
5102,20221005102,邓欣,女,大三,4班,2004-06-04,13814012004,20221005102@school.edu.cn
5103,20221005103,于七腾,男,大三,10班,2005-10-06,13865075737,20221005103@school.edu.cn
5104,20221005104,吴四妍,女,大三,2班,2004-09-15,13712069175,20221005104@school.edu.cn
5105,20221005105,刘雅,男,大三,9班,2004-09-16,13531566967,20221005105@school.edu.cn
5106,20221005106,刘奕凯,女,大三,9班,2004-03-15,15280465215,20221005106@school.edu.cn
5107,20221005107,林宁,女,大三,7班,2004-10-10,13475692695,20221005107@school.edu.cn
5108,20221005108,董翊,女,大三,5班,2005-10-15,17880069482,20221005108@school.edu.cn
5109,20221005109,张腾泽,男,大三,6班,2004-01-10,15527408474,20221005109@school.edu.cn
5110,20221005110,胡宥颖,女,大三,8班,2005-02-28,13413738421,20221005110@school.edu.cn
5111,20221005111,陈启,男,大三,1班,2005-04-02,15815119735,20221005111@school.edu.cn
5112,20221005112,刘子六,男,大三,12班,2004-06-07,17301171166,20221005112@school.edu.cn
5113,20221005113,林四,男,大三,12班,2005-08-06,17774302356,20221005113@school.edu.cn
5114,20221005114,许睿,男,大三,7班,2005-10-01,15087937736,20221005114@school.edu.cn
5115,20221005115,冯昭,女,大三,7班,2005-01-12,13673209602,20221005115@school.edu.cn
5116,20221005116,许彤,男,大三,12班,2004-06-01,13288847722,20221005116@school.edu.cn
5117,20221005117,吕七珂,男,大三,7班,2004-06-04,15954383789,20221005117@school.edu.cn
5118,20221005118,宋序珏,男,大三,8班,2005-07-22,18084210938,20221005118@school.edu.cn
5119,20221005119,高二瑜,男,大三,1班,2004-08-08,15152491782,20221005119@school.edu.cn
5120,20221005120,马岚,女,大三,5班,2004-09-06,15086895905,20221005120@school.edu.cn
5121,20221005121,郑昭,男,大三,11班,2005-11-14,13174807864,20221005121@school.edu.cn
5122,20221005122,冯宥,男,大三,2班,2004-11-24,13789101223,20221005122@school.edu.cn
5123,20221005123,谢若滢,女,大三,11班,2005-11-17,18135104383,20221005123@school.edu.cn
5124,20221005124,徐彦志,男,大三,4班,2005-03-02,15344392919,20221005124@school.edu.cn
5125,20221005125,朱锦五,女,大三,4班,2005-07-03,17785129338,20221005125@school.edu.cn
5126,20221005126,唐瑾恺,男,大三,2班,2004-04-19,18307760862,20221005126@school.edu.cn
5127,20221005127,吴六彤,男,大三,2班,2004-03-02,18890372266,20221005127@school.edu.cn
5128,20221005128,徐语妍,女,大三,1班,2005-06-10,15995161311,20221005128@school.edu.cn
5129,20221005129,罗奚凯,女,大三,11班,2004-12-16,17565076255,20221005129@school.edu.cn
5130,20221005130,高露腾,女,大三,7班,2005-09-04,13565855275,20221005130@school.edu.cn
5131,20221005131,邓凯潇,女,大三,12班,2004-01-21,13484941817,20221005131@school.edu.cn
5132,20221005132,杨景琳,男,大三,8班,2005-01-12,15842091195,20221005132@school.edu.cn
5133,20221005133,林琳明,男,大三,12班,2004-06-24,15309796913,20221005133@school.edu.cn
5134,20221005134,杨奕,男,大三,1班,2004-07-25,13809516816,20221005134@school.edu.cn
5135,20221005135,萧若娅,女,大三,8班,2005-04-01,13077738323,20221005135@school.edu.cn
5136,20221005136,彭锦,男,大三,2班,2004-05-29,17586275624,20221005136@school.edu.cn
5137,20221005137,冯珂蕾,女,大三,4班,2005-11-09,18165367332,20221005137@school.edu.cn
5138,20221005138,邓七晟,男,大三,10班,2004-06-10,15749475595,20221005138@school.edu.cn
5139,20221005139,沈岚,女,大三,8班,2004-09-05,13840228495,20221005139@school.edu.cn
5140,20221005140,何三七,男,大三,6班,2004-03-03,18967440517,20221005140@school.edu.cn
5141,20221005141,许嫣,男,大三,11班,2005-01-13,18943110092,20221005141@school.edu.cn
5142,20221005142,朱芸,男,大三,4班,2005-04-24,15240017968,20221005142@school.edu.cn
5143,20221005143,傅岚琪,男,大三,5班,2005-06-08,13758291212,20221005143@school.edu.cn
5144,20221005144,林珂骞,男,大三,7班,2005-08-22,15276948157,20221005144@school.edu.cn
5145,20221005145,王瑜,男,大三,2班,2005-12-16,13543313542,20221005145@school.edu.cn
5146,20221005146,彭子,男,大三,9班,2004-10-23,13385640046,20221005146@school.edu.cn
5147,20221005147,刘瑾,女,大三,2班,2005-02-04,13101916011,20221005147@school.edu.cn
5148,20221005148,郑佳博,女,大三,3班,2004-03-14,18666220544,20221005148@school.edu.cn
5149,20221005149,萧莹二,男,大三,11班,2005-09-03,18835736785,20221005149@school.edu.cn
5150,20221005150,梁羽坤,男,大三,12班,2005-05-26,18904926117,20221005150@school.edu.cn
5151,20221005151,赵奕焱,女,大三,7班,2004-12-31,17692750509,20221005151@school.edu.cn
5152,20221005152,于子,女,大三,6班,2005-11-06,15004457982,20221005152@school.edu.cn
5153,20221005153,许颖,女,大三,10班,2004-04-25,18197702582,20221005153@school.edu.cn
5154,20221005154,曾宇滢,男,大三,1班,2005-02-01,13460847903,20221005154@school.edu.cn
5155,20221005155,张雪琪,女,大三,11班,2005-02-21,15965930845,20221005155@school.edu.cn
5156,20221005156,袁凯,女,大三,5班,2005-08-15,18175569003,20221005156@school.edu.cn
5157,20221005157,王淇,女,大三,5班,2005-02-12,18777295111,20221005157@school.edu.cn
5158,20221005158,何泽三,男,大三,1班,2005-10-28,18726607986,20221005158@school.edu.cn
5159,20221005159,吴七,男,大三,11班,2004-11-04,13147941028,20221005159@school.edu.cn
5160,20221005160,陈曜娅,男,大三,10班,2004-03-13,15905914065,20221005160@school.edu.cn
5161,20221005161,冯彦昊,女,大三,6班,2005-11-14,17846941811,20221005161@school.edu.cn
5162,20221005162,李婕瑾,男,大三,9班,2004-11-17,15314338944,20221005162@school.edu.cn
5163,20221005163,朱八航,男,大三,3班,2004-12-19,15527747108,20221005163@school.edu.cn
5164,20221005164,张露轩,女,大三,5班,2005-10-15,15827991795,20221005164@school.edu.cn
5165,20221005165,萧凯琪,男,大三,10班,2004-06-22,15863234947,20221005165@school.edu.cn
5166,20221005166,郭翊,女,大三,5班,2004-10-31,18743912079,20221005166@school.edu.cn
5167,20221005167,马语,女,大三,10班,2005-11-11,17668860981,20221005167@school.edu.cn
5168,20221005168,罗珺芸,女,大三,12班,2004-09-09,13172356768,20221005168@school.edu.cn
5169,20221005169,马妍驰,男,大三,6班,2004-07-29,15866071117,20221005169@school.edu.cn
5170,20221005170,李芸珊,男,大三,9班,2005-11-24,18870540035,20221005170@school.edu.cn
5171,20221005171,彭莹睿,女,大三,3班,2005-07-28,17838332422,20221005171@school.edu.cn
5172,20221005172,曹奕亦,男,大三,11班,2005-12-29,18265248933,20221005172@school.edu.cn
5173,20221005173,程晨,男,大三,4班,2005-09-29,17353525674,20221005173@school.edu.cn
5174,20221005174,董婷颖,女,大三,4班,2004-08-21,15212014902,20221005174@school.edu.cn
5175,20221005175,罗祺锴,男,大三,1班,2004-06-19,17567255074,20221005175@school.edu.cn
5176,20221005176,罗八子,男,大三,11班,2005-12-21,18107464357,20221005176@school.edu.cn
5177,20221005177,沈文,女,大三,1班,2005-07-18,15598441458,20221005177@school.edu.cn
5178,20221005178,周博彤,女,大三,2班,2004-12-12,13045304741,20221005178@school.edu.cn
5179,20221005179,吴泽,女,大三,7班,2004-12-03,13455607126,20221005179@school.edu.cn
5180,20221005180,于嫣雯,男,大三,12班,2004-01-22,15275273197,20221005180@school.edu.cn
5181,20221005181,周翊翎,女,大三,7班,2004-09-17,15893306235,20221005181@school.edu.cn
5182,20221005182,李翊妍,男,大三,12班,2005-12-01,18709658209,20221005182@school.edu.cn
5183,20221005183,胡昭焱,女,大三,9班,2004-09-21,13696898200,20221005183@school.edu.cn
5184,20221005184,何颖睿,男,大三,9班,2004-12-08,15296777329,20221005184@school.edu.cn
5185,20221005185,冯景帆,女,大三,6班,2005-06-02,15023053854,20221005185@school.edu.cn
5186,20221005186,王博琪,男,大三,6班,2004-06-30,17836518739,20221005186@school.edu.cn
5187,20221005187,杨序五,女,大三,10班,2005-04-21,18273613145,20221005187@school.edu.cn
5188,20221005188,宋奚,男,大三,1班,2004-10-26,15899403017,20221005188@school.edu.cn
5189,20221005189,唐妍茹,男,大三,7班,2004-11-28,18375435358,20221005189@school.edu.cn
5190,20221005190,冯菲,女,大三,4班,2004-09-28,15236427620,20221005190@school.edu.cn
5191,20221005191,于妍致,女,大三,1班,2004-05-22,17502478923,20221005191@school.edu.cn
5192,20221005192,周星轩,男,大三,9班,2004-07-20,18915094384,20221005192@school.edu.cn
5193,20221005193,傅泓,男,大三,7班,2004-01-20,15624990866,20221005193@school.edu.cn
5194,20221005194,张明琪,女,大三,6班,2004-07-16,15686013748,20221005194@school.edu.cn
5195,20221005195,宋琳铠,女,大三,5班,2005-08-25,18717391624,20221005195@school.edu.cn
5196,20221005196,董岚六,女,大三,6班,2005-01-15,18078633808,20221005196@school.edu.cn
5197,20221005197,吴沁衡,男,大三,1班,2005-12-07,18320301839,20221005197@school.edu.cn
5198,20221005198,傅珺扬,女,大三,4班,2005-02-04,13518563050,20221005198@school.edu.cn
5199,20221005199,赵林然,女,大三,5班,2005-06-28,15993495998,20221005199@school.edu.cn
5200,20221005200,谢茗,女,大三,7班,2005-09-08,13805571587,20221005200@school.edu.cn
5201,20221005201,黄琳凝,女,大三,9班,2005-04-03,18141913009,20221005201@school.edu.cn
5202,20221005202,曾宇铠,男,大三,4班,2005-11-24,13728141241,20221005202@school.edu.cn
5203,20221005203,冯彤衡,男,大三,3班,2004-02-02,18845986320,20221005203@school.edu.cn
5204,20221005204,张姝,女,大三,4班,2005-06-02,13851686141,20221005204@school.edu.cn
5205,20221005205,杨奕涵,女,大三,3班,2004-09-22,13208665125,20221005205@school.edu.cn
5206,20221005206,郑明浩,男,大三,3班,2004-08-16,18950574375,20221005206@school.edu.cn
5207,20221005207,李志斌,女,大三,5班,2004-08-21,18935316401,20221005207@school.edu.cn
5208,20221005208,曾四,男,大三,9班,2004-04-07,17800906241,20221005208@school.edu.cn
5209,20221005209,何景珏,男,大三,2班,2005-12-23,13429253856,20221005209@school.edu.cn
5210,20221005210,郑淇衡,男,大三,7班,2005-10-28,13964633743,20221005210@school.edu.cn
5211,20221005211,董子明,女,大三,11班,2005-10-26,13468654953,20221005211@school.edu.cn
5212,20221005212,袁一文,女,大三,4班,2004-04-06,15081720177,20221005212@school.edu.cn
5213,20221005213,郑启,女,大三,8班,2005-02-04,18866198033,20221005213@school.edu.cn
5214,20221005214,陈珂雯,女,大三,11班,2004-10-19,18032504941,20221005214@school.edu.cn
5215,20221005215,黄宁宇,女,大三,11班,2004-05-26,13940178978,20221005215@school.edu.cn
5216,20221005216,林若妍,女,大三,12班,2005-11-23,18028473923,20221005216@school.edu.cn
5217,20221005217,谢景二,男,大三,8班,2004-12-03,13889130950,20221005217@school.edu.cn
5218,20221005218,许浩铠,女,大三,3班,2005-10-13,15953900624,20221005218@school.edu.cn
5219,20221005219,黄莹瑾,男,大三,3班,2005-04-18,15398319920,20221005219@school.edu.cn
5220,20221005220,彭昭,女,大三,12班,2004-07-11,17707552555,20221005220@school.edu.cn
5221,20221005221,罗一,男,大三,7班,2005-02-21,13837784122,20221005221@school.edu.cn
5222,20221005222,林九,男,大三,8班,2004-03-27,15226445781,20221005222@school.edu.cn
5223,20221005223,黄曜凯,女,大三,9班,2004-01-02,18686356578,20221005223@school.edu.cn
5224,20221005224,郑雅八,女,大三,1班,2004-04-25,17734750212,20221005224@school.edu.cn
5225,20221005225,谢岚潇,男,大三,11班,2005-02-20,13874507296,20221005225@school.edu.cn
5226,20221005226,董子,女,大三,5班,2005-06-02,18196978928,20221005226@school.edu.cn
5227,20221005227,曾八娅,男,大三,7班,2004-05-26,13524584835,20221005227@school.edu.cn
5228,20221005228,李淇文,男,大三,9班,2004-07-27,18292856923,20221005228@school.edu.cn
5229,20221005229,陈奚五,女,大三,1班,2004-02-21,13884181199,20221005229@school.edu.cn
5230,20221005230,彭六芷,男,大三,4班,2004-11-19,18078287635,20221005230@school.edu.cn
5231,20221005231,曾彤怡,男,大三,9班,2005-08-23,13069823418,20221005231@school.edu.cn
5232,20221005232,马妍,男,大三,8班,2004-10-31,18787773842,20221005232@school.edu.cn
5233,20221005233,邓颖,女,大三,10班,2005-11-07,15702940663,20221005233@school.edu.cn
5234,20221005234,朱序,男,大三,11班,2005-02-06,15978320935,20221005234@school.edu.cn
5235,20221005235,许志亦,女,大三,7班,2004-04-23,15332840657,20221005235@school.edu.cn
5236,20221005236,罗志,女,大三,3班,2005-06-21,18179356355,20221005236@school.edu.cn
5237,20221005237,孙珺萱,男,大三,7班,2005-04-14,18090965815,20221005237@school.edu.cn
5238,20221005238,于昭,男,大三,1班,2004-04-30,13092663393,20221005238@school.edu.cn
5239,20221005239,宋清霖,女,大三,10班,2005-10-29,18513530331,20221005239@school.edu.cn
5240,20221005240,朱文腾,男,大三,6班,2004-07-28,17658314677,20221005240@school.edu.cn
5241,20221005241,郑嘉四,男,大三,11班,2005-10-19,13785643134,20221005241@school.edu.cn
5242,20221005242,萧启琳,男,大三,8班,2005-08-20,15627707456,20221005242@school.edu.cn
5243,20221005243,罗霖致,男,大三,4班,2005-08-27,18203125411,20221005243@school.edu.cn
5244,20221005244,高菲翎,男,大三,9班,2004-02-19,13567729888,20221005244@school.edu.cn
5245,20221005245,袁思妍,男,大三,3班,2005-08-05,18924705332,20221005245@school.edu.cn
5246,20221005246,冯嫣泽,女,大三,8班,2005-07-31,17631432482,20221005246@school.edu.cn
5247,20221005247,韩雪琪,女,大三,12班,2005-10-29,15706751476,20221005247@school.edu.cn
5248,20221005248,何琳,女,大三,12班,2004-04-26,18506073410,20221005248@school.edu.cn
5249,20221005249,黄宁驰,女,大三,1班,2004-05-12,17525275276,20221005249@school.edu.cn
5250,20221005250,李霖煜,女,大三,5班,2005-03-13,18682312145,20221005250@school.edu.cn
5251,20221005251,刘博七,男,大三,8班,2004-01-06,13835877116,20221005251@school.edu.cn
5252,20221005252,谢文,女,大三,12班,2004-10-18,13893896417,20221005252@school.edu.cn
5253,20221005253,马嫣霄,男,大三,3班,2004-06-05,17305757977,20221005253@school.edu.cn
5254,20221005254,杨嫣,女,大三,7班,2005-01-07,17895589367,20221005254@school.edu.cn
5255,20221005255,梁彦,女,大三,6班,2005-10-12,15137178578,20221005255@school.edu.cn
5256,20221005256,黄宁,女,大三,11班,2005-07-10,17777775341,20221005256@school.edu.cn
5257,20221005257,吕语驰,男,大三,7班,2005-11-06,15287005707,20221005257@school.edu.cn
5258,20221005258,林锦,女,大三,9班,2004-02-27,13560003170,20221005258@school.edu.cn
5259,20221005259,董奚瑶,男,大三,12班,2004-11-13,13213295162,20221005259@school.edu.cn
5260,20221005260,朱婷宁,女,大三,9班,2005-12-24,13535729987,20221005260@school.edu.cn
5261,20221005261,冯霖坤,男,大三,7班,2005-04-28,18905918169,20221005261@school.edu.cn
5262,20221005262,朱晨文,女,大三,3班,2005-10-08,18521319986,20221005262@school.edu.cn
5263,20221005263,彭晨,女,大三,8班,2004-04-17,13659512570,20221005263@school.edu.cn
5264,20221005264,唐语芸,男,大三,1班,2004-11-07,17651040602,20221005264@school.edu.cn
5265,20221005265,朱妍,男,大三,7班,2005-11-06,13596619576,20221005265@school.edu.cn
5266,20221005266,李清,女,大三,5班,2005-10-26,13761938529,20221005266@school.edu.cn
5267,20221005267,梁瑞博,女,大三,3班,2005-07-01,15305964911,20221005267@school.edu.cn
5268,20221005268,于九怡,女,大三,1班,2005-02-20,15528765686,20221005268@school.edu.cn
5269,20221005269,傅奕斌,男,大三,11班,2004-02-08,18260565731,20221005269@school.edu.cn
5270,20221005270,董霖馥,男,大三,6班,2005-03-05,18037537992,20221005270@school.edu.cn
5271,20221005271,罗语峻,女,大三,10班,2004-05-26,18629964061,20221005271@school.edu.cn
5272,20221005272,许妍轩,男,大三,1班,2004-05-02,13494638355,20221005272@school.edu.cn
5273,20221005273,唐宸七,男,大三,2班,2004-01-17,18688342559,20221005273@school.edu.cn
5274,20221005274,赵文,女,大三,11班,2004-09-04,15293717492,20221005274@school.edu.cn
5275,20221005275,宋菲诺,女,大三,9班,2005-11-09,13756217022,20221005275@school.edu.cn
5276,20221005276,吕奚泽,男,大三,3班,2004-07-08,15257500567,20221005276@school.edu.cn
5277,20221005277,马芸衡,女,大三,11班,2004-12-10,13708677449,20221005277@school.edu.cn
5278,20221005278,罗筱驰,女,大三,5班,2004-08-28,15780120355,20221005278@school.edu.cn
5279,20221005279,许五骞,女,大三,10班,2005-09-10,17518405035,20221005279@school.edu.cn
5280,20221005280,何泽诺,女,大三,12班,2005-11-24,15894834420,20221005280@school.edu.cn
5281,20221005281,梁二,女,大三,3班,2005-04-22,13233279706,20221005281@school.edu.cn
5282,20221005282,董二,男,大三,6班,2005-12-08,18111322929,20221005282@school.edu.cn
5283,20221005283,程志晟,男,大三,7班,2004-08-28,15677268028,20221005283@school.edu.cn
5284,20221005284,朱妍,男,大三,7班,2004-04-03,18775813505,20221005284@school.edu.cn
5285,20221005285,孙序浩,女,大三,11班,2005-03-18,13306135254,20221005285@school.edu.cn
5286,20221005286,王婕骐,女,大三,8班,2004-06-30,18667529295,20221005286@school.edu.cn
5287,20221005287,杨博宇,女,大三,4班,2005-08-27,13384432792,20221005287@school.edu.cn
5288,20221005288,杨泓琛,男,大三,8班,2004-08-18,15665382924,20221005288@school.edu.cn
5289,20221005289,于宁,女,大三,2班,2004-01-02,17846762779,20221005289@school.edu.cn
5290,20221005290,赵梓衡,男,大三,11班,2004-01-09,18810591028,20221005290@school.edu.cn
5291,20221005291,高泓志,男,大三,8班,2005-07-13,13916207009,20221005291@school.edu.cn
5292,20221005292,曾启彤,女,大三,11班,2005-09-21,15735586133,20221005292@school.edu.cn
5293,20221005293,梁泽驰,男,大三,12班,2005-01-16,18149810193,20221005293@school.edu.cn
5294,20221005294,唐七四,男,大三,5班,2004-02-28,13833733451,20221005294@school.edu.cn
5295,20221005295,周嫣宁,男,大三,3班,2005-08-03,13932681935,20221005295@school.edu.cn
5296,20221005296,林颖六,女,大三,3班,2005-05-10,13354094207,20221005296@school.edu.cn
5297,20221005297,宋珺,男,大三,1班,2004-06-05,17742882738,20221005297@school.edu.cn
5298,20221005298,曾淇,女,大三,10班,2004-01-25,13087605379,20221005298@school.edu.cn
5299,20221005299,陈杰致,男,大三,3班,2004-04-26,13646621743,20221005299@school.edu.cn
5300,20221005300,赵婕,男,大三,11班,2004-09-13,13280762607,20221005300@school.edu.cn
5301,20221005301,周颖晨,男,大三,4班,2005-08-01,13460053263,20221005301@school.edu.cn
5302,20221005302,刘菲悦,女,大三,7班,2004-01-29,18962405813,20221005302@school.edu.cn
5303,20221005303,曹志,女,大三,11班,2004-05-12,18008660227,20221005303@school.edu.cn
5304,20221005304,王林,女,大三,12班,2004-06-12,17846788760,20221005304@school.edu.cn
5305,20221005305,郭锦,女,大三,1班,2004-07-16,17540469776,20221005305@school.edu.cn
5306,20221005306,冯三驰,男,大三,2班,2005-11-24,18772036993,20221005306@school.edu.cn
5307,20221005307,袁嫣五,女,大三,12班,2005-05-03,13481252597,20221005307@school.edu.cn
5308,20221005308,高婷可,女,大三,11班,2004-05-27,18541185493,20221005308@school.edu.cn
5309,20221005309,梁依,女,大三,12班,2004-06-05,18015541487,20221005309@school.edu.cn
5310,20221005310,朱欣霖,男,大三,12班,2005-06-17,17600642664,20221005310@school.edu.cn
5311,20221005311,曾浩,男,大三,9班,2004-03-11,13153003926,20221005311@school.edu.cn
5312,20221005312,郑奚,女,大三,6班,2004-01-19,18894768403,20221005312@school.edu.cn
5313,20221005313,王泽明,男,大三,4班,2004-09-03,18340624775,20221005313@school.edu.cn
5314,20221005314,萧婷文,女,大三,9班,2005-05-11,17605202786,20221005314@school.edu.cn
5315,20221005315,韩子,女,大三,11班,2004-07-13,13998268538,20221005315@school.edu.cn
5316,20221005316,冯露,男,大三,8班,2004-05-09,13556434047,20221005316@school.edu.cn
5317,20221005317,韩彦骁,女,大三,4班,2005-11-28,18654060669,20221005317@school.edu.cn
5318,20221005318,陈妍,女,大三,9班,2005-03-14,13839803667,20221005318@school.edu.cn
5319,20221005319,邓星子,女,大三,11班,2004-04-27,13664097628,20221005319@school.edu.cn
5320,20221005320,杨志,女,大三,3班,2004-03-09,13657451974,20221005320@school.edu.cn
5321,20221005321,吕曜凯,男,大三,7班,2004-07-26,15331551444,20221005321@school.edu.cn
5322,20221005322,韩嫣煜,男,大三,2班,2004-07-10,18274826866,20221005322@school.edu.cn
5323,20221005323,韩六函,男,大三,12班,2005-03-07,17534048337,20221005323@school.edu.cn
5324,20221005324,周语志,女,大三,10班,2005-02-22,17697928676,20221005324@school.edu.cn
5325,20221005325,周序璐,男,大三,2班,2004-03-24,17391762600,20221005325@school.edu.cn
5326,20221005326,吕泽婧,女,大三,4班,2005-01-13,18520143648,20221005326@school.edu.cn
5327,20221005327,朱明晨,男,大三,5班,2005-01-19,17768022809,20221005327@school.edu.cn
5328,20221005328,周明,男,大三,12班,2004-09-25,18637471479,20221005328@school.edu.cn
5329,20221005329,郭语帆,女,大三,7班,2004-12-07,17769643861,20221005329@school.edu.cn
5330,20221005330,周五,男,大三,7班,2005-09-14,15578424738,20221005330@school.edu.cn
5331,20221005331,何婕文,女,大三,7班,2004-10-28,17637563197,20221005331@school.edu.cn
5332,20221005332,孙雪宁,女,大三,12班,2004-04-18,17700111228,20221005332@school.edu.cn
5333,20221005333,孙岚娜,女,大三,11班,2005-08-22,15047416864,20221005333@school.edu.cn
5334,20221005334,高瑞宁,女,大三,3班,2004-09-16,15292218927,20221005334@school.edu.cn
5335,20221005335,吴奚琳,女,大三,2班,2005-04-01,15866552844,20221005335@school.edu.cn
5336,20221005336,杨博,男,大三,10班,2004-02-12,18816114940,20221005336@school.edu.cn
5337,20221005337,林清,女,大三,11班,2005-08-08,13768363082,20221005337@school.edu.cn
5338,20221005338,胡依浩,女,大三,12班,2005-11-07,15596204947,20221005338@school.edu.cn
5339,20221005339,徐腾,女,大三,8班,2005-12-30,18996892185,20221005339@school.edu.cn
5340,20221005340,孙雨博,男,大三,10班,2005-09-14,15530583151,20221005340@school.edu.cn
5341,20221005341,陈凯焱,男,大三,10班,2004-09-09,18712963779,20221005341@school.edu.cn
5342,20221005342,彭翊,女,大三,5班,2005-07-02,13195907862,20221005342@school.edu.cn
5343,20221005343,郑宥轩,男,大三,12班,2005-08-06,15249387451,20221005343@school.edu.cn
5344,20221005344,于依欣,女,大三,5班,2004-10-28,18788675990,20221005344@school.edu.cn
5345,20221005345,刘珺,男,大三,9班,2005-07-13,13557670470,20221005345@school.edu.cn
5346,20221005346,董宥,女,大三,4班,2004-09-10,13923886213,20221005346@school.edu.cn
5347,20221005347,郭露怡,男,大三,2班,2004-07-05,13330472734,20221005347@school.edu.cn
5348,20221005348,胡七钰,女,大三,7班,2004-09-21,15044472711,20221005348@school.edu.cn
5349,20221005349,周子瑾,女,大三,11班,2005-12-25,13879415208,20221005349@school.edu.cn
5350,20221005350,许妍御,女,大三,6班,2004-09-26,18242787739,20221005350@school.edu.cn
5351,20221005351,朱泓六,女,大三,12班,2005-08-24,18759208309,20221005351@school.edu.cn
5352,20221005352,曹翊璐,男,大三,7班,2005-07-27,15837473484,20221005352@school.edu.cn
5353,20221005353,彭乐颖,女,大三,1班,2005-01-13,18638039667,20221005353@school.edu.cn
5354,20221005354,李杰函,女,大三,5班,2005-03-30,15213493262,20221005354@school.edu.cn
5355,20221005355,冯子帆,男,大三,6班,2004-07-15,18369292149,20221005355@school.edu.cn
5356,20221005356,萧瑶,男,大三,7班,2005-08-30,15626993842,20221005356@school.edu.cn
5357,20221005357,高二铠,男,大三,5班,2004-09-08,15881289970,20221005357@school.edu.cn
5358,20221005358,吕翊函,男,大三,11班,2004-05-03,13865949750,20221005358@school.edu.cn
5359,20221005359,马雪钰,女,大三,7班,2005-07-09,18566194977,20221005359@school.edu.cn
5360,20221005360,彭曜钰,男,大三,1班,2004-06-19,13926060287,20221005360@school.edu.cn
5361,20221005361,董乐哲,女,大三,4班,2005-03-10,15325654707,20221005361@school.edu.cn
5362,20221005362,傅依彤,女,大三,9班,2004-03-23,13049522268,20221005362@school.edu.cn
5363,20221005363,徐奚,男,大三,7班,2004-07-17,17855689975,20221005363@school.edu.cn
5364,20221005364,黄二琛,男,大三,10班,2004-02-18,13797690182,20221005364@school.edu.cn
5365,20221005365,梁杰,女,大三,7班,2005-03-01,18001814182,20221005365@school.edu.cn
5366,20221005366,许瑾,男,大三,11班,2004-07-02,13605917609,20221005366@school.edu.cn
5367,20221005367,曹宁,男,大三,2班,2005-08-20,13852835291,20221005367@school.edu.cn
5368,20221005368,徐霖珂,女,大三,7班,2005-09-29,18229363561,20221005368@school.edu.cn
5369,20221005369,王沁,女,大三,10班,2005-09-03,18608049503,20221005369@school.edu.cn
5370,20221005370,孙瑶晟,女,大三,6班,2004-10-28,13319112285,20221005370@school.edu.cn
5371,20221005371,徐霖潇,女,大三,11班,2005-07-25,18960407582,20221005371@school.edu.cn
5372,20221005372,郭杰,男,大三,3班,2005-09-23,13412679605,20221005372@school.edu.cn
5373,20221005373,许莹,男,大三,12班,2005-08-20,15674218150,20221005373@school.edu.cn
5374,20221005374,王杰娜,男,大三,6班,2005-02-09,17576691226,20221005374@school.edu.cn
5375,20221005375,彭茗六,男,大三,4班,2005-05-09,15802370298,20221005375@school.edu.cn
5376,20221005376,沈羽,女,大三,10班,2005-02-28,15281442707,20221005376@school.edu.cn
5377,20221005377,谢奚斌,女,大三,9班,2005-04-30,15553654071,20221005377@school.edu.cn
5378,20221005378,许奚娅,男,大三,12班,2005-08-28,18505662823,20221005378@school.edu.cn
5379,20221005379,周泽琪,女,大三,3班,2005-06-15,18822361181,20221005379@school.edu.cn
5380,20221005380,李子锴,女,大三,1班,2005-12-09,15646477686,20221005380@school.edu.cn
5381,20221005381,罗珺琪,男,大三,3班,2005-02-25,15548492363,20221005381@school.edu.cn
5382,20221005382,马五瑶,女,大三,9班,2005-02-23,18785833367,20221005382@school.edu.cn
5383,20221005383,吕锦芷,男,大三,2班,2004-06-30,17695152812,20221005383@school.edu.cn
5384,20221005384,曾泽怡,男,大三,3班,2004-06-14,18699821880,20221005384@school.edu.cn
5385,20221005385,马珂,女,大三,4班,2005-05-06,17830543520,20221005385@school.edu.cn
5386,20221005386,邓祺,男,大三,4班,2005-01-28,15604278168,20221005386@school.edu.cn
5387,20221005387,梁筱雯,女,大三,5班,2004-11-17,13337887283,20221005387@school.edu.cn
5388,20221005388,孙清可,男,大三,10班,2005-01-14,15058015124,20221005388@school.edu.cn
5389,20221005389,陈颖祺,男,大三,6班,2004-10-01,15981031237,20221005389@school.edu.cn
5390,20221005390,李雪腾,男,大三,8班,2004-08-17,17514642416,20221005390@school.edu.cn
5391,20221005391,袁雅翎,男,大三,3班,2005-05-05,13363523652,20221005391@school.edu.cn
5392,20221005392,马淇,女,大三,6班,2004-09-12,18951277956,20221005392@school.edu.cn
5393,20221005393,徐六颖,男,大三,1班,2005-02-09,15504876790,20221005393@school.edu.cn
5394,20221005394,冯宁磊,男,大三,3班,2004-01-08,13239636981,20221005394@school.edu.cn
5395,20221005395,唐宁琪,女,大三,4班,2004-08-21,17733555037,20221005395@school.edu.cn
5396,20221005396,刘嫣,女,大三,4班,2004-06-07,17364229920,20221005396@school.edu.cn
5397,20221005397,张乐,女,大三,9班,2005-07-14,17591815622,20221005397@school.edu.cn
5398,20221005398,王岚,男,大三,8班,2005-12-12,13880045488,20221005398@school.edu.cn
5399,20221005399,张八御,女,大三,6班,2004-06-18,15042465367,20221005399@school.edu.cn
5400,20221005400,程翊,男,大三,12班,2005-07-10,18937247275,20221005400@school.edu.cn
5401,20221005401,罗五翎,男,大三,9班,2005-01-28,13903503869,20221005401@school.edu.cn
5402,20221005402,刘清雪,女,大三,2班,2005-02-19,13937881188,20221005402@school.edu.cn
5403,20221005403,赵腾帆,男,大三,3班,2005-06-02,18870585620,20221005403@school.edu.cn
5404,20221005404,郭瑞航,男,大三,10班,2005-01-26,15041614316,20221005404@school.edu.cn
5405,20221005405,袁翊宇,女,大三,5班,2005-03-09,13247701181,20221005405@school.edu.cn
5406,20221005406,何珂芸,女,大三,6班,2004-07-04,18857018953,20221005406@school.edu.cn
5407,20221005407,傅瑞凯,男,大三,2班,2004-09-20,15268421394,20221005407@school.edu.cn
5408,20221005408,吴琳,女,大三,5班,2004-03-08,18875637539,20221005408@school.edu.cn
5409,20221005409,程志骐,男,大三,10班,2005-01-30,13082945888,20221005409@school.edu.cn
5410,20221005410,刘若,女,大三,2班,2004-07-24,15712829574,20221005410@school.edu.cn
5411,20221005411,郑瑾御,女,大三,6班,2004-01-18,18202350113,20221005411@school.edu.cn
5412,20221005412,朱一,男,大三,3班,2004-03-14,17814745274,20221005412@school.edu.cn
5413,20221005413,黄明宁,男,大三,9班,2005-09-20,18081547794,20221005413@school.edu.cn
5414,20221005414,梁启子,女,大三,7班,2005-01-06,15671156493,20221005414@school.edu.cn
5415,20221005415,陈昭祺,女,大三,8班,2004-06-08,15817551259,20221005415@school.edu.cn
5416,20221005416,彭林函,男,大三,11班,2005-04-05,15579619866,20221005416@school.edu.cn
5417,20221005417,郑一子,女,大三,11班,2004-06-30,18393193036,20221005417@school.edu.cn
5418,20221005418,冯三文,男,大三,6班,2005-10-28,15736037784,20221005418@school.edu.cn
5419,20221005419,谢婕,男,大三,7班,2004-04-27,13181560764,20221005419@school.edu.cn
5420,20221005420,胡五浩,男,大三,4班,2005-11-19,18095975654,20221005420@school.edu.cn
5421,20221005421,许宇,男,大三,9班,2005-10-07,13664919369,20221005421@school.edu.cn
5422,20221005422,冯瑶,女,大三,5班,2004-11-06,13436688137,20221005422@school.edu.cn
5423,20221005423,罗瑜凯,男,大三,2班,2005-10-07,15777861697,20221005423@school.edu.cn
5424,20221005424,吕宥娜,女,大三,9班,2005-02-17,15112333416,20221005424@school.edu.cn
5425,20221005425,吴依锴,男,大三,1班,2005-12-24,17319231526,20221005425@school.edu.cn
5426,20221005426,徐茗御,男,大三,8班,2004-06-29,18783863290,20221005426@school.edu.cn
5427,20221005427,周宥芷,女,大三,6班,2005-07-28,18072419173,20221005427@school.edu.cn
5428,20221005428,谢一茹,男,大三,2班,2005-07-21,18910282270,20221005428@school.edu.cn
5429,20221005429,郑八,女,大三,7班,2005-07-13,15629469580,20221005429@school.edu.cn
5430,20221005430,韩清,男,大三,1班,2005-02-17,15990299788,20221005430@school.edu.cn
5431,20221005431,宋启,男,大三,6班,2005-07-23,13993047939,20221005431@school.edu.cn
5432,20221005432,李九,女,大三,9班,2005-04-11,15618791525,20221005432@school.edu.cn
5433,20221005433,许妍峻,女,大三,5班,2005-12-31,15285104418,20221005433@school.edu.cn
5434,20221005434,罗二,女,大三,5班,2005-06-30,15036102703,20221005434@school.edu.cn
5435,20221005435,萧瑾四,女,大三,5班,2005-03-20,15317116175,20221005435@school.edu.cn
5436,20221005436,何杰蕾,男,大三,12班,2005-03-25,17625702184,20221005436@school.edu.cn
5437,20221005437,于茗珊,女,大三,9班,2004-09-10,15675011841,20221005437@school.edu.cn
5438,20221005438,于芸辰,男,大三,8班,2005-07-27,13851381794,20221005438@school.edu.cn
5439,20221005439,冯婷蓉,女,大三,12班,2005-04-02,13271499050,20221005439@school.edu.cn
5440,20221005440,程宥,女,大三,5班,2004-07-20,13518931292,20221005440@school.edu.cn
5441,20221005441,陈锦芸,女,大三,8班,2004-07-04,15989451704,20221005441@school.edu.cn
5442,20221005442,吕婕,女,大三,3班,2005-11-10,15388925791,20221005442@school.edu.cn
5443,20221005443,赵子扬,男,大三,3班,2004-06-04,15194443662,20221005443@school.edu.cn
5444,20221005444,郑杰博,男,大三,2班,2005-06-08,18358050412,20221005444@school.edu.cn
5445,20221005445,何珺,男,大三,10班,2004-10-25,13123418697,20221005445@school.edu.cn
5446,20221005446,董六,男,大三,1班,2005-04-07,13628852920,20221005446@school.edu.cn
5447,20221005447,谢嫣,男,大三,4班,2004-09-01,18301357799,20221005447@school.edu.cn
5448,20221005448,吴腾腾,女,大三,5班,2005-12-24,17604940900,20221005448@school.edu.cn
5449,20221005449,吕珂,男,大三,4班,2004-02-01,17527608820,20221005449@school.edu.cn
5450,20221005450,许泓颖,女,大三,1班,2005-11-02,13618208869,20221005450@school.edu.cn
5451,20221005451,萧雨煜,女,大三,10班,2005-11-14,13634556870,20221005451@school.edu.cn
5452,20221005452,张瑞,女,大三,10班,2005-03-26,13209976839,20221005452@school.edu.cn
5453,20221005453,何明,男,大三,10班,2005-07-26,18337811239,20221005453@school.edu.cn
5454,20221005454,程梓,女,大三,6班,2004-05-30,13372973347,20221005454@school.edu.cn
5455,20221005455,陈妍雪,女,大三,12班,2004-07-19,15094448858,20221005455@school.edu.cn
5456,20221005456,曹翊,男,大三,2班,2005-08-11,13660223532,20221005456@school.edu.cn
5457,20221005457,黄奕锴,男,大三,5班,2005-04-16,15002560672,20221005457@school.edu.cn
5458,20221005458,沈芸芷,女,大三,12班,2005-02-22,15559080397,20221005458@school.edu.cn
5459,20221005459,罗宸娅,女,大三,3班,2004-02-05,13905219258,20221005459@school.edu.cn
5460,20221005460,高浩晟,女,大三,4班,2005-05-24,13259905918,20221005460@school.edu.cn
5461,20221005461,孙泓,男,大三,8班,2004-05-16,13314607385,20221005461@school.edu.cn
5462,20221005462,冯乐,男,大三,2班,2004-10-21,17510657075,20221005462@school.edu.cn
5463,20221005463,许七辰,女,大三,2班,2005-06-06,15114741918,20221005463@school.edu.cn
5464,20221005464,周启二,女,大三,3班,2005-02-23,18008588716,20221005464@school.edu.cn
5465,20221005465,李宇珏,男,大三,2班,2005-01-14,18684862700,20221005465@school.edu.cn
5466,20221005466,周浩恺,男,大三,7班,2004-01-01,15970029322,20221005466@school.edu.cn
5467,20221005467,梁珺,男,大三,10班,2005-05-26,18556182202,20221005467@school.edu.cn
5468,20221005468,徐妍宁,女,大三,7班,2005-04-19,13301648255,20221005468@school.edu.cn
5469,20221005469,陈欣斌,男,大三,3班,2005-09-10,18937388975,20221005469@school.edu.cn
5470,20221005470,于晨,女,大三,12班,2005-06-06,18596084759,20221005470@school.edu.cn
5471,20221005471,许明,女,大三,12班,2004-07-31,13217755937,20221005471@school.edu.cn
5472,20221005472,董菲,男,大三,3班,2004-07-21,18217591640,20221005472@school.edu.cn
5473,20221005473,杨璇,女,大三,8班,2005-01-02,18133375728,20221005473@school.edu.cn
5474,20221005474,周嘉哲,男,大三,12班,2004-08-26,15291539882,20221005474@school.edu.cn
5475,20221005475,萧琛珏,女,大三,6班,2005-10-13,17382881319,20221005475@school.edu.cn
5476,20221005476,邓子凝,男,大三,3班,2004-10-28,15580154946,20221005476@school.edu.cn
5477,20221005477,刘乐三,女,大三,4班,2005-06-18,18264468629,20221005477@school.edu.cn
5478,20221005478,周彦骐,男,大三,6班,2004-09-06,18961799896,20221005478@school.edu.cn
5479,20221005479,郭子,男,大三,3班,2005-04-16,17333435803,20221005479@school.edu.cn
5480,20221005480,李欣蕾,女,大三,5班,2005-03-21,13441309336,20221005480@school.edu.cn
5481,20221005481,程芸文,女,大三,11班,2004-05-13,15147322219,20221005481@school.edu.cn
5482,20221005482,于佳蕾,男,大三,6班,2004-08-16,15027573242,20221005482@school.edu.cn
5483,20221005483,曾雅志,男,大三,1班,2005-10-15,15281878550,20221005483@school.edu.cn
5484,20221005484,王宥欣,女,大三,8班,2004-04-25,17877058928,20221005484@school.edu.cn
5485,20221005485,吕昭七,男,大三,3班,2005-11-01,18197622058,20221005485@school.edu.cn
5486,20221005486,张泓宇,男,大三,7班,2005-05-20,18156087228,20221005486@school.edu.cn
5487,20221005487,彭泽诺,女,大三,12班,2005-02-08,15704800872,20221005487@school.edu.cn
5488,20221005488,许瑶焱,女,大三,9班,2004-04-19,15619188334,20221005488@school.edu.cn
5489,20221005489,于筱,男,大三,6班,2004-10-07,17690024480,20221005489@school.edu.cn
5490,20221005490,程宁子,男,大三,8班,2005-03-11,18811099260,20221005490@school.edu.cn
5491,20221005491,曹宁昊,女,大三,10班,2005-03-30,18018904758,20221005491@school.edu.cn
5492,20221005492,刘妍琪,女,大三,2班,2005-05-22,18595997200,20221005492@school.edu.cn
5493,20221005493,张七一,女,大三,5班,2004-01-02,15350501595,20221005493@school.edu.cn
5494,20221005494,梁雪雯,男,大三,2班,2005-04-02,18968639457,20221005494@school.edu.cn
5495,20221005495,程清致,女,大三,9班,2005-05-30,17384603226,20221005495@school.edu.cn
5496,20221005496,吴菲御,男,大三,5班,2004-01-25,15711425922,20221005496@school.edu.cn
5497,20221005497,马七彤,女,大三,6班,2004-01-17,17714532258,20221005497@school.edu.cn
5498,20221005498,罗露一,男,大三,7班,2005-01-17,13013692976,20221005498@school.edu.cn
5499,20221005499,吴乐璐,女,大三,7班,2005-05-21,13879247710,20221005499@school.edu.cn
5500,20221005500,张晨,女,大三,10班,2004-04-28,17568897170,20221005500@school.edu.cn
5501,20221005501,刘瑶茹,男,大三,4班,2005-11-08,13533584957,20221005501@school.edu.cn
5502,20221005502,许琛帆,女,大三,4班,2004-12-17,18889658334,20221005502@school.edu.cn
5503,20221005503,谢妍宇,女,大三,9班,2004-09-16,18026612669,20221005503@school.edu.cn
5504,20221005504,郭菲亦,男,大三,11班,2004-04-19,13125814917,20221005504@school.edu.cn
5505,20221005505,徐六琳,男,大三,7班,2005-11-06,13646847191,20221005505@school.edu.cn
5506,20221005506,赵瑜希,男,大三,8班,2005-04-06,18175474453,20221005506@school.edu.cn
5507,20221005507,程子煜,男,大三,4班,2004-04-14,18265757755,20221005507@school.edu.cn
5508,20221005508,赵博,女,大三,8班,2004-04-19,18581173764,20221005508@school.edu.cn
5509,20221005509,冯乐,男,大三,2班,2004-01-13,15730448007,20221005509@school.edu.cn
5510,20221005510,曾淇,男,大三,6班,2004-11-02,13096297934,20221005510@school.edu.cn
5511,20221005511,吕泽驰,男,大三,2班,2005-03-22,13443248373,20221005511@school.edu.cn
5512,20221005512,曹凯,男,大三,5班,2004-03-10,17848029912,20221005512@school.edu.cn
5513,20221005513,朱妍潇,女,大三,3班,2005-06-23,18896859702,20221005513@school.edu.cn
5514,20221005514,王晨焱,男,大三,10班,2004-07-26,15893538474,20221005514@school.edu.cn
5515,20221005515,曾清四,男,大三,5班,2005-05-05,17639019321,20221005515@school.edu.cn
5516,20221005516,唐杰,男,大三,8班,2005-06-30,15392823640,20221005516@school.edu.cn
5517,20221005517,高瑞瑾,女,大三,4班,2004-05-30,17851575284,20221005517@school.edu.cn
5518,20221005518,梁宇六,女,大三,1班,2004-06-15,17763836259,20221005518@school.edu.cn
5519,20221005519,徐芸瑾,女,大三,3班,2005-06-29,18960129109,20221005519@school.edu.cn
5520,20221005520,郭珂凯,女,大三,7班,2004-01-17,13430957497,20221005520@school.edu.cn
5521,20221005521,沈琳洁,男,大三,9班,2004-06-20,18218415475,20221005521@school.edu.cn
5522,20221005522,杨宁彤,男,大三,12班,2005-02-02,18024765131,20221005522@school.edu.cn
5523,20221005523,赵婕,男,大三,9班,2004-10-29,15895884297,20221005523@school.edu.cn
5524,20221005524,陈依潇,男,大三,2班,2004-12-11,18777245868,20221005524@school.edu.cn
5525,20221005525,张莹,女,大三,4班,2004-12-14,13033927136,20221005525@school.edu.cn
5526,20221005526,胡八珊,女,大三,11班,2005-05-27,13462741570,20221005526@school.edu.cn
5527,20221005527,杨五亦,女,大三,2班,2004-02-17,15567186475,20221005527@school.edu.cn
5528,20221005528,马锦,女,大三,12班,2004-04-17,17850670065,20221005528@school.edu.cn
5529,20221005529,罗昭凝,女,大三,10班,2005-06-07,15266826025,20221005529@school.edu.cn
5530,20221005530,吕菲,男,大三,12班,2004-12-16,18132153597,20221005530@school.edu.cn
5531,20221005531,冯岚洁,男,大三,10班,2005-04-09,15699725534,20221005531@school.edu.cn
5532,20221005532,萧一,女,大三,5班,2005-12-18,15059156569,20221005532@school.edu.cn
5533,20221005533,谢六蓉,男,大三,10班,2004-08-02,17872414302,20221005533@school.edu.cn
5534,20221005534,冯杰翎,男,大三,6班,2005-09-17,15764278827,20221005534@school.edu.cn
5535,20221005535,于翊希,男,大三,11班,2004-08-02,13017223310,20221005535@school.edu.cn
5536,20221005536,谢露钰,男,大三,6班,2004-06-16,15927862693,20221005536@school.edu.cn
5537,20221005537,罗嘉铠,男,大三,5班,2005-08-18,18261153805,20221005537@school.edu.cn
5538,20221005538,沈文,女,大三,2班,2005-11-17,15754262438,20221005538@school.edu.cn
5539,20221005539,沈婷骞,女,大三,4班,2005-11-01,13834694960,20221005539@school.edu.cn
5540,20221005540,陈翊,女,大三,8班,2004-06-14,18390372149,20221005540@school.edu.cn
5541,20221005541,梁若,男,大三,8班,2004-09-23,15567976081,20221005541@school.edu.cn
5542,20221005542,袁九颖,女,大三,1班,2005-01-21,18363527648,20221005542@school.edu.cn
5543,20221005543,梁宁,女,大三,2班,2005-10-01,18787044888,20221005543@school.edu.cn
5544,20221005544,程清彤,男,大三,2班,2004-05-02,15568007408,20221005544@school.edu.cn
5545,20221005545,朱沁钰,男,大三,4班,2004-02-22,15117493864,20221005545@school.edu.cn
5546,20221005546,张颖浩,男,大三,11班,2005-10-28,15379414469,20221005546@school.edu.cn
5547,20221005547,彭宇,女,大三,12班,2004-05-26,13534595864,20221005547@school.edu.cn
5548,20221005548,宋宥,女,大三,4班,2004-03-29,17753064355,20221005548@school.edu.cn
5549,20221005549,宋瑾文,男,大三,4班,2005-09-12,18641039281,20221005549@school.edu.cn
5550,20221005550,唐凯明,女,大三,10班,2004-03-25,18358256242,20221005550@school.edu.cn
5551,20221005551,张婕帆,男,大三,1班,2005-03-31,15886374488,20221005551@school.edu.cn
5552,20221005552,曹一,男,大三,10班,2005-01-23,13358346051,20221005552@school.edu.cn
5553,20221005553,曾宥潇,男,大三,9班,2004-08-17,13539052996,20221005553@school.edu.cn
5554,20221005554,谢姝,女,大三,12班,2004-12-05,13297857175,20221005554@school.edu.cn
5555,20221005555,彭杰,女,大三,2班,2004-01-27,17501735705,20221005555@school.edu.cn
5556,20221005556,韩景,女,大三,11班,2004-09-18,13509632440,20221005556@school.edu.cn
5557,20221005557,谢一,男,大三,9班,2004-05-27,17665609484,20221005557@school.edu.cn
5558,20221005558,于依,男,大三,7班,2005-06-28,18574274383,20221005558@school.edu.cn
5559,20221005559,何二八,女,大三,3班,2004-05-16,15714361046,20221005559@school.edu.cn
5560,20221005560,吴瑜一,男,大三,6班,2005-11-25,15527287143,20221005560@school.edu.cn
5561,20221005561,黄珺妍,女,大三,8班,2005-05-24,13390360081,20221005561@school.edu.cn
5562,20221005562,王茗亦,男,大三,6班,2005-10-23,13023553653,20221005562@school.edu.cn
5563,20221005563,郭颖八,女,大三,7班,2004-04-07,18606585944,20221005563@school.edu.cn
5564,20221005564,杨九,女,大三,11班,2004-04-08,15810525712,20221005564@school.edu.cn
5565,20221005565,彭奕驰,男,大三,3班,2005-08-22,13685823543,20221005565@school.edu.cn
5566,20221005566,黄璇腾,男,大三,10班,2005-02-27,13009621265,20221005566@school.edu.cn
5567,20221005567,林曜睿,男,大三,1班,2004-11-07,13828952225,20221005567@school.edu.cn
5568,20221005568,唐颖琪,女,大三,3班,2005-08-02,15891857785,20221005568@school.edu.cn
5569,20221005569,冯浩彤,男,大三,11班,2004-07-16,15301407837,20221005569@school.edu.cn
5570,20221005570,何曜腾,男,大三,9班,2004-12-01,13255412325,20221005570@school.edu.cn
5571,20221005571,徐乐萱,男,大三,12班,2005-05-29,13248725038,20221005571@school.edu.cn
5572,20221005572,于语腾,女,大三,1班,2004-06-12,18121038599,20221005572@school.edu.cn
5573,20221005573,张姝悦,女,大三,7班,2004-07-24,18006079472,20221005573@school.edu.cn
5574,20221005574,彭凯,女,大三,3班,2005-08-25,18509279676,20221005574@school.edu.cn
5575,20221005575,程露宇,男,大三,2班,2005-05-04,13726265491,20221005575@school.edu.cn
5576,20221005576,邓明,男,大三,8班,2004-05-26,18007064320,20221005576@school.edu.cn
5577,20221005577,马瑜,女,大三,1班,2004-12-20,15960105275,20221005577@school.edu.cn
5578,20221005578,许瑞,女,大三,2班,2005-07-25,17667742093,20221005578@school.edu.cn
5579,20221005579,许思,女,大三,10班,2004-08-05,15194276364,20221005579@school.edu.cn
5580,20221005580,唐七航,男,大三,5班,2004-09-17,18282267055,20221005580@school.edu.cn
5581,20221005581,郑婕,男,大三,5班,2004-07-26,15207714818,20221005581@school.edu.cn
5582,20221005582,朱泓七,女,大三,2班,2004-06-30,13795296237,20221005582@school.edu.cn
5583,20221005583,赵六亦,女,大三,3班,2005-03-18,18715839778,20221005583@school.edu.cn
5584,20221005584,吕凯璐,女,大三,12班,2004-06-23,17666073943,20221005584@school.edu.cn
5585,20221005585,王珺志,男,大三,10班,2005-10-13,15797762717,20221005585@school.edu.cn
5586,20221005586,胡明,男,大三,4班,2005-03-10,13019154583,20221005586@school.edu.cn
5587,20221005587,张思馥,男,大三,11班,2004-06-19,17594373890,20221005587@school.edu.cn
5588,20221005588,唐嫣霄,女,大三,7班,2005-10-27,15145685899,20221005588@school.edu.cn
5589,20221005589,朱嘉,女,大三,4班,2004-12-28,18671502346,20221005589@school.edu.cn
5590,20221005590,郑文,男,大三,9班,2004-10-27,13844588824,20221005590@school.edu.cn
5591,20221005591,陈菲,男,大三,10班,2004-11-23,15248456904,20221005591@school.edu.cn
5592,20221005592,吕志,男,大三,3班,2005-09-28,13796653525,20221005592@school.edu.cn
5593,20221005593,陈奕珂,男,大三,6班,2004-03-15,15986866061,20221005593@school.edu.cn
5594,20221005594,宋宥腾,女,大三,4班,2004-04-15,15258392142,20221005594@school.edu.cn
5595,20221005595,何彦,女,大三,5班,2005-05-30,13138447587,20221005595@school.edu.cn
5596,20221005596,曾博,女,大三,10班,2005-05-21,13953666886,20221005596@school.edu.cn
5597,20221005597,赵思,男,大三,3班,2005-04-15,17340390456,20221005597@school.edu.cn
5598,20221005598,董晨铠,男,大三,2班,2005-09-21,15936935709,20221005598@school.edu.cn
5599,20221005599,孙浩哲,女,大三,7班,2005-08-19,13249762071,20221005599@school.edu.cn
5600,20221005600,赵泓芷,女,大三,5班,2005-09-21,13064159638,20221005600@school.edu.cn
5601,20221005601,高珺,女,大三,12班,2005-04-06,13093315174,20221005601@school.edu.cn
5602,20221005602,周颖芷,男,大三,9班,2004-11-23,17549134919,20221005602@school.edu.cn
5603,20221005603,吕宸可,男,大三,9班,2004-10-19,18905981554,20221005603@school.edu.cn
5604,20221005604,吕祺八,男,大三,5班,2005-09-29,18001549053,20221005604@school.edu.cn
5605,20221005605,徐景,女,大三,12班,2004-05-05,18983449260,20221005605@school.edu.cn
5606,20221005606,彭佳珂,女,大三,11班,2004-11-10,15811072709,20221005606@school.edu.cn
5607,20221005607,谢宥瑜,女,大三,7班,2005-07-31,13624427087,20221005607@school.edu.cn
5608,20221005608,唐婕然,男,大三,3班,2005-02-09,17755740094,20221005608@school.edu.cn
5609,20221005609,李雨亦,男,大三,6班,2005-09-28,17636050926,20221005609@school.edu.cn
5610,20221005610,萧岚,男,大三,7班,2004-03-18,13734511806,20221005610@school.edu.cn
5611,20221005611,林嫣,男,大三,4班,2005-08-21,17727646308,20221005611@school.edu.cn
5612,20221005612,曾嫣珊,女,大三,4班,2005-08-02,15054984899,20221005612@school.edu.cn
5613,20221005613,高佳霄,女,大三,4班,2004-09-14,15269929040,20221005613@school.edu.cn
5614,20221005614,罗六四,女,大三,5班,2004-09-19,13231286034,20221005614@school.edu.cn
5615,20221005615,徐嘉彤,男,大三,9班,2004-06-20,13572471693,20221005615@school.edu.cn
5616,20221005616,何翊亦,男,大三,6班,2004-01-27,17318523118,20221005616@school.edu.cn
5617,20221005617,于序帆,女,大三,9班,2004-05-22,13127192554,20221005617@school.edu.cn
5618,20221005618,林雅,男,大三,12班,2005-06-04,18196778131,20221005618@school.edu.cn
5619,20221005619,萧一宁,男,大三,9班,2004-12-31,15602887032,20221005619@school.edu.cn
5620,20221005620,邓明,男,大三,11班,2005-02-16,13792270306,20221005620@school.edu.cn
5621,20221005621,周序,女,大三,8班,2004-12-29,17312022853,20221005621@school.edu.cn
5622,20221005622,马嘉三,女,大三,10班,2004-02-04,18799066792,20221005622@school.edu.cn
5623,20221005623,许睿三,女,大三,2班,2005-08-21,15926528444,20221005623@school.edu.cn
5624,20221005624,程瑶辰,女,大三,7班,2005-03-19,13278457064,20221005624@school.edu.cn
5625,20221005625,于泽睿,男,大三,9班,2004-07-08,13227896566,20221005625@school.edu.cn
5626,20221005626,孙奕七,男,大三,2班,2005-12-06,18814358762,20221005626@school.edu.cn
5627,20221005627,程琛琪,男,大三,5班,2005-04-16,13631043697,20221005627@school.edu.cn
5628,20221005628,萧三辰,女,大三,1班,2005-10-10,18025515068,20221005628@school.edu.cn
5629,20221005629,程雪五,女,大三,4班,2004-10-02,15786566663,20221005629@school.edu.cn
5630,20221005630,朱梓亦,女,大三,6班,2005-04-05,13970984209,20221005630@school.edu.cn
5631,20221005631,王博璐,女,大三,11班,2004-09-04,18771387657,20221005631@school.edu.cn
5632,20221005632,吕腾珏,女,大三,5班,2005-11-12,13749116436,20221005632@school.edu.cn
5633,20221005633,萧梓宁,女,大三,12班,2004-09-11,15191530101,20221005633@school.edu.cn
5634,20221005634,罗志八,女,大三,11班,2005-01-31,15713531259,20221005634@school.edu.cn
5635,20221005635,梁嫣琪,男,大三,12班,2005-11-07,17834844855,20221005635@school.edu.cn
5636,20221005636,徐林,女,大三,5班,2005-03-16,15530702879,20221005636@school.edu.cn
5637,20221005637,刘宸骁,男,大三,5班,2004-06-22,18906510665,20221005637@school.edu.cn
5638,20221005638,傅腾霖,男,大三,7班,2005-03-30,17606911616,20221005638@school.edu.cn
5639,20221005639,董筱辰,男,大三,7班,2005-01-19,13987990609,20221005639@school.edu.cn
5640,20221005640,曹琛涵,男,大三,10班,2004-01-19,13795780665,20221005640@school.edu.cn
5641,20221005641,郭芸,男,大三,6班,2005-06-18,18525778937,20221005641@school.edu.cn
5642,20221005642,袁瑾坤,男,大三,9班,2005-11-13,13912672672,20221005642@school.edu.cn
5643,20221005643,萧璇峻,女,大三,9班,2005-01-20,17663782865,20221005643@school.edu.cn
5644,20221005644,高彤七,男,大三,2班,2005-11-01,17390120372,20221005644@school.edu.cn
5645,20221005645,郭文,女,大三,6班,2005-12-12,13974298933,20221005645@school.edu.cn
5646,20221005646,徐文,女,大三,11班,2005-09-07,17323815777,20221005646@school.edu.cn
5647,20221005647,谢志凝,男,大三,8班,2005-04-10,15775284505,20221005647@school.edu.cn
5648,20221005648,林若扬,男,大三,3班,2005-07-13,13319574458,20221005648@school.edu.cn
5649,20221005649,王明,女,大三,7班,2005-01-18,15293269588,20221005649@school.edu.cn
5650,20221005650,许四,女,大三,7班,2005-10-12,13655078802,20221005650@school.edu.cn
5651,20221005651,萧筱琪,男,大三,1班,2004-01-29,15744501876,20221005651@school.edu.cn
5652,20221005652,邓沁,男,大三,4班,2004-05-01,17868712558,20221005652@school.edu.cn
5653,20221005653,陈佳涵,男,大三,4班,2005-02-15,13784334635,20221005653@school.edu.cn
5654,20221005654,董琳,男,大三,8班,2005-05-27,15352350908,20221005654@school.edu.cn
5655,20221005655,徐八轩,女,大三,11班,2005-06-11,18332060176,20221005655@school.edu.cn
5656,20221005656,赵腾宁,女,大三,8班,2005-10-19,18579901446,20221005656@school.edu.cn
5657,20221005657,刘宥航,男,大三,1班,2005-07-12,18392564346,20221005657@school.edu.cn
5658,20221005658,吕序瑶,女,大三,4班,2005-11-04,15949178640,20221005658@school.edu.cn
5659,20221005659,杨颖瑜,女,大三,3班,2005-05-31,18263234591,20221005659@school.edu.cn
5660,20221005660,梁瑶磊,男,大三,11班,2004-08-11,15559435188,20221005660@school.edu.cn
5661,20221005661,孙锦,男,大三,12班,2004-03-05,17724257761,20221005661@school.edu.cn
5662,20221005662,朱腾磊,男,大三,7班,2004-06-02,13696080189,20221005662@school.edu.cn
5663,20221005663,许星,女,大三,1班,2004-05-18,17809956727,20221005663@school.edu.cn
5664,20221005664,黄三阳,男,大三,12班,2005-10-04,13426879380,20221005664@school.edu.cn
5665,20221005665,吴淇,女,大三,1班,2005-04-30,13112325759,20221005665@school.edu.cn
5666,20221005666,郑腾婧,女,大三,2班,2005-12-13,18944968239,20221005666@school.edu.cn
5667,20221005667,徐菲,男,大三,11班,2004-10-13,13210269319,20221005667@school.edu.cn
5668,20221005668,马渲宇,男,大三,12班,2004-02-22,15579293611,20221005668@school.edu.cn
5669,20221005669,杨姝娜,男,大三,9班,2005-06-16,15970169001,20221005669@school.edu.cn
5670,20221005670,吴莹致,女,大三,9班,2004-03-16,18631856598,20221005670@school.edu.cn
5671,20221005671,朱翊宁,男,大三,9班,2004-05-10,13051342664,20221005671@school.edu.cn
5672,20221005672,唐莹馥,女,大三,11班,2004-11-14,18052058836,20221005672@school.edu.cn
5673,20221005673,胡泽,女,大三,11班,2005-03-24,15886561183,20221005673@school.edu.cn
5674,20221005674,徐岚欣,男,大三,1班,2004-11-16,13040884499,20221005674@school.edu.cn
5675,20221005675,罗欣九,男,大三,5班,2004-05-18,13024825698,20221005675@school.edu.cn
5676,20221005676,袁珺三,女,大三,11班,2004-09-01,15349457193,20221005676@school.edu.cn
5677,20221005677,袁渲萌,男,大三,3班,2005-05-02,13243119427,20221005677@school.edu.cn
5678,20221005678,林宸萱,男,大三,3班,2004-12-06,18030426131,20221005678@school.edu.cn
5679,20221005679,袁清,男,大三,8班,2005-04-09,18399248807,20221005679@school.edu.cn
5680,20221005680,谢九,男,大三,6班,2005-09-19,15645995157,20221005680@school.edu.cn
5681,20221005681,郭嘉坤,女,大三,8班,2005-03-25,13686259514,20221005681@school.edu.cn
5682,20221005682,吕晨娅,男,大三,4班,2005-04-06,15711880527,20221005682@school.edu.cn
5683,20221005683,高林,女,大三,9班,2004-01-22,15266317752,20221005683@school.edu.cn
5684,20221005684,杨瑾琪,女,大三,2班,2005-05-05,17759475936,20221005684@school.edu.cn
5685,20221005685,梁星,男,大三,6班,2004-11-20,18256694643,20221005685@school.edu.cn
5686,20221005686,刘宸瑜,男,大三,5班,2004-10-23,15569533519,20221005686@school.edu.cn
5687,20221005687,沈六瑾,男,大三,2班,2004-12-16,13030271056,20221005687@school.edu.cn
5688,20221005688,黄林,男,大三,10班,2004-12-15,15634457635,20221005688@school.edu.cn
5689,20221005689,谢璇,男,大三,5班,2005-10-18,15737422821,20221005689@school.edu.cn
5690,20221005690,林启,女,大三,4班,2005-07-07,15384367327,20221005690@school.edu.cn
5691,20221005691,徐彤,男,大三,10班,2005-01-22,13109262406,20221005691@school.edu.cn
5692,20221005692,孙锦磊,男,大三,6班,2005-01-15,15207915131,20221005692@school.edu.cn
5693,20221005693,程彤阳,男,大三,5班,2005-09-14,15395463334,20221005693@school.edu.cn
5694,20221005694,张嫣志,男,大三,12班,2005-02-01,17397881236,20221005694@school.edu.cn
5695,20221005695,韩沁珂,男,大三,8班,2004-01-07,13542618580,20221005695@school.edu.cn
5696,20221005696,韩志,女,大三,1班,2005-01-31,18875852558,20221005696@school.edu.cn
5697,20221005697,萧璇,女,大三,5班,2004-05-06,13159833654,20221005697@school.edu.cn
5698,20221005698,刘瑜凝,女,大三,3班,2004-06-15,15654295126,20221005698@school.edu.cn
5699,20221005699,沈珂,男,大三,2班,2005-10-29,15388320153,20221005699@school.edu.cn
5700,20221005700,董凯,男,大三,2班,2005-06-06,17508159190,20221005700@school.edu.cn
5701,20221005701,黄珺,男,大三,1班,2005-09-03,15300031178,20221005701@school.edu.cn
5702,20221005702,袁博骁,男,大三,8班,2005-03-14,15929725280,20221005702@school.edu.cn
5703,20221005703,于清函,女,大三,11班,2004-05-28,13415146085,20221005703@school.edu.cn
5704,20221005704,吕沁琪,女,大三,2班,2005-03-29,17586227920,20221005704@school.edu.cn
5705,20221005705,沈浩彤,女,大三,3班,2005-02-27,15680578523,20221005705@school.edu.cn
5706,20221005706,周杰蕾,女,大三,6班,2005-01-25,17854930170,20221005706@school.edu.cn
5707,20221005707,李四九,女,大三,8班,2005-07-21,13781593803,20221005707@school.edu.cn
5708,20221005708,马琛钰,男,大三,8班,2005-01-08,13403214182,20221005708@school.edu.cn
5709,20221005709,朱若瑾,女,大三,10班,2005-10-10,18820030209,20221005709@school.edu.cn
5710,20221005710,曹宥,男,大三,2班,2005-04-27,13674477557,20221005710@school.edu.cn
5711,20221005711,彭杰,男,大三,12班,2005-09-24,18388742859,20221005711@school.edu.cn
5712,20221005712,徐明琪,男,大三,2班,2005-04-25,18626174176,20221005712@school.edu.cn
5713,20221005713,于宥斌,女,大三,1班,2005-01-14,13037220111,20221005713@school.edu.cn
5714,20221005714,邓宇,女,大三,6班,2004-03-01,18593297503,20221005714@school.edu.cn
5715,20221005715,马芸洁,女,大三,8班,2004-03-17,15988467620,20221005715@school.edu.cn
5716,20221005716,张奕,女,大三,3班,2004-08-23,18242126614,20221005716@school.edu.cn
5717,20221005717,韩宁志,男,大三,6班,2004-03-09,18521855460,20221005717@school.edu.cn
5718,20221005718,高姝瑶,女,大三,10班,2004-11-26,15213103670,20221005718@school.edu.cn
5719,20221005719,吕曜,女,大三,8班,2005-11-13,18243147769,20221005719@school.edu.cn
5720,20221005720,林渲,女,大三,6班,2004-09-17,13397247960,20221005720@school.edu.cn
5721,20221005721,郑星芷,男,大三,2班,2004-10-12,18956669419,20221005721@school.edu.cn
5722,20221005722,曾琳致,男,大三,9班,2005-03-04,17693588317,20221005722@school.edu.cn
5723,20221005723,曾宥轩,女,大三,5班,2005-08-14,13486847791,20221005723@school.edu.cn
5724,20221005724,曹二琪,女,大三,5班,2005-10-31,15643059590,20221005724@school.edu.cn
5725,20221005725,宋宸,男,大三,11班,2005-08-31,13776104940,20221005725@school.edu.cn
5726,20221005726,胡浩二,女,大三,1班,2004-04-14,17564139950,20221005726@school.edu.cn
5727,20221005727,胡依萌,男,大三,10班,2004-12-03,13978150468,20221005727@school.edu.cn
5728,20221005728,王淇,女,大三,1班,2004-09-19,13195876190,20221005728@school.edu.cn
5729,20221005729,陈乐,女,大三,5班,2005-12-25,18698183037,20221005729@school.edu.cn
5730,20221005730,梁博志,男,大三,1班,2005-02-08,13282728917,20221005730@school.edu.cn
5731,20221005731,程璇帆,男,大三,8班,2004-04-02,13922985618,20221005731@school.edu.cn
5732,20221005732,宋姝,女,大三,10班,2005-02-20,13901664913,20221005732@school.edu.cn
5733,20221005733,张明雪,男,大三,9班,2005-04-03,18641732841,20221005733@school.edu.cn
5734,20221005734,傅志瑜,男,大三,12班,2005-08-17,13767057106,20221005734@school.edu.cn
5735,20221005735,罗宁,男,大三,9班,2005-05-26,15668047996,20221005735@school.edu.cn
5736,20221005736,于莹,男,大三,11班,2005-07-07,18576664117,20221005736@school.edu.cn
5737,20221005737,谢沁扬,男,大三,6班,2005-09-02,18162942158,20221005737@school.edu.cn
5738,20221005738,李璇,男,大三,11班,2005-02-28,18656431452,20221005738@school.edu.cn
5739,20221005739,吕彦瑶,女,大三,11班,2005-10-09,13253349100,20221005739@school.edu.cn
5740,20221005740,彭凯蓉,女,大三,8班,2004-07-10,17771600184,20221005740@school.edu.cn
5741,20221005741,高嘉昊,女,大三,4班,2004-08-05,18898021840,20221005741@school.edu.cn
5742,20221005742,胡乐珏,女,大三,6班,2005-01-02,13853730791,20221005742@school.edu.cn
5743,20221005743,韩琛浩,男,大三,12班,2004-11-03,15582921169,20221005743@school.edu.cn
5744,20221005744,郑涵,男,大三,3班,2005-01-30,15928902891,20221005744@school.edu.cn
5745,20221005745,刘彦,男,大三,7班,2005-05-24,17615734363,20221005745@school.edu.cn
5746,20221005746,郭五昊,男,大三,7班,2004-05-28,13904505344,20221005746@school.edu.cn
5747,20221005747,曹祺八,男,大三,3班,2005-03-09,13779960987,20221005747@school.edu.cn
5748,20221005748,沈璇欣,男,大三,12班,2005-06-23,18925296094,20221005748@school.edu.cn
5749,20221005749,沈颖恺,女,大三,1班,2005-07-23,15520424087,20221005749@school.edu.cn
5750,20221005750,梁宁浩,男,大三,11班,2005-12-12,18886233680,20221005750@school.edu.cn
5751,20221005751,沈清馥,男,大三,10班,2004-10-07,17513434281,20221005751@school.edu.cn
5752,20221005752,谢琛扬,男,大三,3班,2004-04-09,18669217335,20221005752@school.edu.cn
5753,20221005753,刘欣骁,男,大三,5班,2004-09-09,15382603680,20221005753@school.edu.cn
5754,20221005754,梁景明,男,大三,5班,2005-12-04,13924363425,20221005754@school.edu.cn
5755,20221005755,程星霄,女,大三,2班,2004-02-28,13142050375,20221005755@school.edu.cn
5756,20221005756,郭沁,男,大三,2班,2005-02-03,18257393570,20221005756@school.edu.cn
5757,20221005757,张二雯,男,大三,4班,2005-05-16,13409389023,20221005757@school.edu.cn
5758,20221005758,孙婕志,男,大三,2班,2004-03-25,15628691684,20221005758@school.edu.cn
5759,20221005759,宋瑶珂,男,大三,4班,2005-11-13,13847624955,20221005759@school.edu.cn
5760,20221005760,刘露蕾,男,大三,1班,2004-09-24,13539381887,20221005760@school.edu.cn
5761,20221005761,曾曜函,女,大三,6班,2005-04-26,18123170144,20221005761@school.edu.cn
5762,20221005762,孙浩,女,大三,2班,2004-11-09,18571435161,20221005762@school.edu.cn
5763,20221005763,高嘉五,男,大三,9班,2004-05-30,17318609427,20221005763@school.edu.cn
5764,20221005764,于霖志,女,大三,3班,2004-03-20,18856891288,20221005764@school.edu.cn
5765,20221005765,宋雪,男,大三,4班,2004-07-18,18121408203,20221005765@school.edu.cn
5766,20221005766,傅宸彤,男,大三,12班,2005-04-05,18924338419,20221005766@school.edu.cn
5767,20221005767,许渲渝,女,大三,11班,2004-12-25,13252659593,20221005767@school.edu.cn
5768,20221005768,程菲,男,大三,6班,2004-09-14,18564314035,20221005768@school.edu.cn
5769,20221005769,罗琛,女,大三,10班,2005-07-31,15962218209,20221005769@school.edu.cn
5770,20221005770,刘沁希,女,大三,8班,2004-11-09,18699330466,20221005770@school.edu.cn
5771,20221005771,吴奕磊,女,大三,5班,2004-08-04,17604062820,20221005771@school.edu.cn
5772,20221005772,梁珺恺,女,大三,5班,2004-05-30,17628930404,20221005772@school.edu.cn
5773,20221005773,郑泽,男,大三,5班,2005-02-09,15069105808,20221005773@school.edu.cn
5774,20221005774,杨五,女,大三,4班,2005-12-09,15614339637,20221005774@school.edu.cn
5775,20221005775,王四瑾,男,大三,12班,2005-10-10,13816849618,20221005775@school.edu.cn
5776,20221005776,许浩,女,大三,2班,2004-06-10,15031739847,20221005776@school.edu.cn
5777,20221005777,吴颖蓉,女,大三,1班,2005-09-15,15362958188,20221005777@school.edu.cn
5778,20221005778,宋梓诺,女,大三,11班,2005-03-02,13579472828,20221005778@school.edu.cn
5779,20221005779,彭沁,男,大三,5班,2005-08-07,18038808295,20221005779@school.edu.cn
5780,20221005780,周珂帆,男,大三,3班,2004-11-26,18361074098,20221005780@school.edu.cn
5781,20221005781,刘沁,女,大三,10班,2004-08-28,15572063871,20221005781@school.edu.cn
5782,20221005782,沈浩,女,大三,9班,2005-02-08,18359281041,20221005782@school.edu.cn
5783,20221005783,陈乐骐,男,大三,5班,2004-02-05,17838333083,20221005783@school.edu.cn
5784,20221005784,沈雨志,男,大三,8班,2005-03-24,17713883795,20221005784@school.edu.cn
5785,20221005785,孙彤,男,大三,12班,2005-04-14,13083826118,20221005785@school.edu.cn
5786,20221005786,冯淇衡,女,大三,8班,2005-07-20,18074419850,20221005786@school.edu.cn
5787,20221005787,程婷五,男,大三,3班,2005-07-30,17730174616,20221005787@school.edu.cn
5788,20221005788,徐彤,女,大三,5班,2004-02-15,15129622780,20221005788@school.edu.cn
5789,20221005789,张子,男,大三,4班,2004-03-27,18291212262,20221005789@school.edu.cn
5790,20221005790,徐乐宇,女,大三,5班,2004-12-17,18192455890,20221005790@school.edu.cn
5791,20221005791,徐琛骁,男,大三,1班,2005-01-02,15210042868,20221005791@school.edu.cn
5792,20221005792,罗涵,男,大三,8班,2005-07-28,18556325369,20221005792@school.edu.cn
5793,20221005793,董清芸,男,大三,11班,2004-03-10,13868295845,20221005793@school.edu.cn
5794,20221005794,宋思恺,女,大三,5班,2005-05-30,18927045845,20221005794@school.edu.cn
5795,20221005795,赵九怡,女,大三,4班,2004-11-16,18993033914,20221005795@school.edu.cn
5796,20221005796,郑露七,女,大三,7班,2004-10-04,13763531916,20221005796@school.edu.cn
5797,20221005797,邓宸,女,大三,1班,2004-10-01,18928224432,20221005797@school.edu.cn
5798,20221005798,朱祺阳,女,大三,3班,2005-09-25,13055361691,20221005798@school.edu.cn
5799,20221005799,王景婧,女,大三,12班,2004-09-25,13389123458,20221005799@school.edu.cn
5800,20221005800,曹五欣,男,大三,6班,2004-07-12,13136971799,20221005800@school.edu.cn
5801,20221005801,高奚,男,大三,10班,2004-12-06,17877202607,20221005801@school.edu.cn
5802,20221005802,张清悦,女,大三,1班,2004-10-15,13829904172,20221005802@school.edu.cn
5803,20221005803,赵志怡,女,大三,2班,2005-10-31,18696881176,20221005803@school.edu.cn
5804,20221005804,吴明芸,女,大三,5班,2004-09-07,18103359873,20221005804@school.edu.cn
5805,20221005805,林子,女,大三,4班,2005-10-13,18607150777,20221005805@school.edu.cn
5806,20221005806,徐芸致,女,大三,11班,2005-11-27,13047151040,20221005806@school.edu.cn
5807,20221005807,徐欣子,女,大三,5班,2005-05-22,18370758522,20221005807@school.edu.cn
5808,20221005808,梁雪轩,女,大三,12班,2005-06-03,13105277823,20221005808@school.edu.cn
5809,20221005809,刘八哲,男,大三,8班,2005-10-07,13966354475,20221005809@school.edu.cn
5810,20221005810,吴晨坤,男,大三,11班,2004-06-11,15970100054,20221005810@school.edu.cn
5811,20221005811,徐岚,女,大三,7班,2005-07-01,13666969361,20221005811@school.edu.cn
5812,20221005812,黄瑞茹,男,大三,5班,2005-06-18,18935037957,20221005812@school.edu.cn
5813,20221005813,梁乐潇,女,大三,12班,2005-08-17,15994443447,20221005813@school.edu.cn
5814,20221005814,张三珊,男,大三,8班,2004-08-15,18380885987,20221005814@school.edu.cn
5815,20221005815,萧泓五,女,大三,12班,2005-08-26,18020975882,20221005815@school.edu.cn
5816,20221005816,王筱瑶,女,大三,1班,2004-06-22,13944590172,20221005816@school.edu.cn
5817,20221005817,刘瑶,男,大三,6班,2005-04-24,15985067367,20221005817@school.edu.cn
5818,20221005818,郭语,女,大三,8班,2004-08-11,17776395573,20221005818@school.edu.cn
5819,20221005819,赵博钰,女,大三,3班,2005-08-02,18218446221,20221005819@school.edu.cn
5820,20221005820,徐晨,男,大三,3班,2005-04-15,15682681926,20221005820@school.edu.cn
5821,20221005821,萧浩浩,女,大三,7班,2004-03-08,13087609758,20221005821@school.edu.cn
5822,20221005822,程腾,男,大三,6班,2004-03-09,15955141555,20221005822@school.edu.cn
5823,20221005823,罗沁钰,男,大三,10班,2005-07-06,13749287409,20221005823@school.edu.cn
5824,20221005824,周岚怡,女,大三,1班,2004-09-07,17659593491,20221005824@school.edu.cn
5825,20221005825,韩筱衡,男,大三,3班,2004-11-10,18674350624,20221005825@school.edu.cn
5826,20221005826,郭依凝,男,大三,1班,2005-12-24,18034846482,20221005826@school.edu.cn
5827,20221005827,曾雪宁,女,大三,1班,2005-12-12,17733653758,20221005827@school.edu.cn
5828,20221005828,董婷,女,大三,2班,2004-10-28,15299535910,20221005828@school.edu.cn
5829,20221005829,李乐阳,女,大三,11班,2005-09-08,18868835651,20221005829@school.edu.cn
5830,20221005830,马欣致,女,大三,6班,2004-01-21,18716113421,20221005830@school.edu.cn
5831,20221005831,林珂辰,女,大三,4班,2005-01-15,18630365308,20221005831@school.edu.cn
5832,20221005832,董宸,女,大三,3班,2005-02-22,15730328770,20221005832@school.edu.cn
5833,20221005833,曾羽,男,大三,8班,2004-12-16,15997166893,20221005833@school.edu.cn
5834,20221005834,王依铠,男,大三,3班,2005-12-10,15019145021,20221005834@school.edu.cn
5835,20221005835,张八,女,大三,5班,2005-02-08,15763125444,20221005835@school.edu.cn
5836,20221005836,黄珺凝,女,大三,11班,2005-06-11,18597061835,20221005836@school.edu.cn
5837,20221005837,林凯璐,男,大三,9班,2004-06-29,15248132185,20221005837@school.edu.cn
5838,20221005838,张若,男,大三,4班,2004-12-25,18090374747,20221005838@school.edu.cn
5839,20221005839,萧明晟,男,大三,2班,2005-11-13,15138182518,20221005839@school.edu.cn
5840,20221005840,张梓,男,大三,5班,2005-06-10,15204622435,20221005840@school.edu.cn
5841,20221005841,董宥欣,男,大三,11班,2004-11-18,13613839066,20221005841@school.edu.cn
5842,20221005842,高浩,女,大三,1班,2005-01-19,13409128594,20221005842@school.edu.cn
5843,20221005843,吕颖然,男,大三,5班,2004-04-21,18502218465,20221005843@school.edu.cn
5844,20221005844,沈沁衡,男,大三,4班,2005-07-08,18137644626,20221005844@school.edu.cn
5845,20221005845,赵霖三,男,大三,6班,2005-01-19,13301476659,20221005845@school.edu.cn
5846,20221005846,梁瑶七,男,大三,8班,2005-03-01,13692182706,20221005846@school.edu.cn
5847,20221005847,袁文哲,女,大三,11班,2004-01-22,17500502530,20221005847@school.edu.cn
5848,20221005848,孙祺茹,男,大三,7班,2005-02-07,13801215040,20221005848@school.edu.cn
5849,20221005849,朱妍,女,大三,9班,2005-11-28,18102025879,20221005849@school.edu.cn
5850,20221005850,谢奚辰,男,大三,6班,2005-10-03,15895865840,20221005850@school.edu.cn
5851,20221005851,王嫣霖,女,大三,4班,2005-12-18,17692774304,20221005851@school.edu.cn
5852,20221005852,郑珂娜,女,大三,2班,2005-09-03,18347417421,20221005852@school.edu.cn
5853,20221005853,郭宁雪,女,大三,12班,2004-12-09,15396942534,20221005853@school.edu.cn
5854,20221005854,傅乐琪,男,大三,10班,2005-07-13,13513371217,20221005854@school.edu.cn
5855,20221005855,傅彤昊,女,大三,3班,2005-01-03,15709102220,20221005855@school.edu.cn
5856,20221005856,邓六馥,女,大三,1班,2004-07-29,18373267029,20221005856@school.edu.cn
5857,20221005857,黄雅,男,大三,1班,2004-06-03,13102629147,20221005857@school.edu.cn
5858,20221005858,郭颖,女,大三,9班,2004-08-29,18935098940,20221005858@school.edu.cn
5859,20221005859,李锦晨,女,大三,10班,2005-06-04,15602321751,20221005859@school.edu.cn
5860,20221005860,袁文二,男,大三,8班,2005-03-14,13061648111,20221005860@school.edu.cn
5861,20221005861,袁婕煜,男,大三,4班,2004-09-19,13931685634,20221005861@school.edu.cn
5862,20221005862,赵六茹,男,大三,1班,2004-02-02,15274388224,20221005862@school.edu.cn
5863,20221005863,郭翊轩,女,大三,6班,2004-07-20,18812223961,20221005863@school.edu.cn
5864,20221005864,彭茗轩,女,大三,6班,2005-03-31,15788942066,20221005864@school.edu.cn
5865,20221005865,于妍萱,男,大三,2班,2004-08-24,13260666665,20221005865@school.edu.cn
5866,20221005866,许佳彤,女,大三,6班,2005-10-10,13389898203,20221005866@school.edu.cn
5867,20221005867,胡睿雯,男,大三,7班,2004-04-10,18235150211,20221005867@school.edu.cn
5868,20221005868,何嘉轩,男,大三,5班,2004-05-02,18194503341,20221005868@school.edu.cn
5869,20221005869,刘淇辰,男,大三,6班,2004-04-20,15580176079,20221005869@school.edu.cn
5870,20221005870,刘婕潇,女,大三,11班,2005-05-22,18925700535,20221005870@school.edu.cn
5871,20221005871,马珺,女,大三,12班,2005-06-18,18872533584,20221005871@school.edu.cn
5872,20221005872,马睿妍,男,大三,3班,2004-09-19,18731405548,20221005872@school.edu.cn
5873,20221005873,王志,女,大三,4班,2004-01-21,13963294897,20221005873@school.edu.cn
5874,20221005874,冯浩洁,女,大三,6班,2004-07-26,18368287546,20221005874@school.edu.cn
5875,20221005875,董六瑶,男,大三,11班,2004-11-22,18509147261,20221005875@school.edu.cn
5876,20221005876,许志锴,女,大三,12班,2004-03-04,17899951902,20221005876@school.edu.cn
5877,20221005877,萧欣馥,女,大三,1班,2005-10-21,13397570531,20221005877@school.edu.cn
5878,20221005878,袁珂,女,大三,10班,2004-12-10,15307249971,20221005878@school.edu.cn
5879,20221005879,黄景馥,男,大三,6班,2004-10-24,18204693993,20221005879@school.edu.cn
5880,20221005880,徐七骁,女,大三,7班,2005-01-24,13701850398,20221005880@school.edu.cn
5881,20221005881,袁三腾,女,大三,11班,2004-04-23,13719199689,20221005881@school.edu.cn
5882,20221005882,韩八妍,女,大三,5班,2005-04-01,17581841066,20221005882@school.edu.cn
5883,20221005883,张五,女,大三,10班,2005-03-26,15807273169,20221005883@school.edu.cn
5884,20221005884,陈筱,男,大三,9班,2004-03-14,18555706886,20221005884@school.edu.cn
5885,20221005885,郭雪芷,女,大三,7班,2004-10-23,13015398980,20221005885@school.edu.cn
5886,20221005886,萧璇希,女,大三,4班,2005-12-04,13609044194,20221005886@school.edu.cn
5887,20221005887,袁宇,男,大三,3班,2004-04-21,17818969909,20221005887@school.edu.cn
5888,20221005888,吕颖芷,女,大三,6班,2005-07-27,13445119101,20221005888@school.edu.cn
5889,20221005889,周奕,男,大三,7班,2005-10-03,15230874665,20221005889@school.edu.cn
5890,20221005890,孙启四,男,大三,1班,2004-04-01,17325958541,20221005890@school.edu.cn
5891,20221005891,许颖凝,男,大三,2班,2005-10-22,13839477584,20221005891@school.edu.cn
5892,20221005892,程璇,女,大三,12班,2005-09-08,13055492273,20221005892@school.edu.cn
5893,20221005893,高依,男,大三,1班,2005-06-14,15337255018,20221005893@school.edu.cn
5894,20221005894,赵淇珂,男,大三,12班,2005-11-01,17687321611,20221005894@school.edu.cn
5895,20221005895,何瑞娜,女,大三,7班,2004-05-24,15253756235,20221005895@school.edu.cn
5896,20221005896,萧景骁,男,大三,11班,2005-09-29,13318759766,20221005896@school.edu.cn
5897,20221005897,何泽明,男,大三,12班,2004-12-24,18005260038,20221005897@school.edu.cn
5898,20221005898,曾莹,男,大三,6班,2005-06-11,13156116181,20221005898@school.edu.cn
5899,20221005899,李三致,男,大三,11班,2005-04-29,18329029348,20221005899@school.edu.cn
5900,20221005900,董翊宁,女,大三,11班,2004-09-27,13668859784,20221005900@school.edu.cn
5901,20221005901,彭子明,女,大三,8班,2004-06-11,18544587581,20221005901@school.edu.cn
5902,20221005902,袁珂,男,大三,12班,2004-05-27,18771561384,20221005902@school.edu.cn
5903,20221005903,王梓妍,女,大三,1班,2005-02-27,15976672824,20221005903@school.edu.cn
5904,20221005904,于欣八,女,大三,12班,2005-10-30,15300112266,20221005904@school.edu.cn
5905,20221005905,程泽霄,男,大三,9班,2004-07-09,15961551978,20221005905@school.edu.cn
5906,20221005906,于泽御,女,大三,5班,2005-12-08,13066029889,20221005906@school.edu.cn
5907,20221005907,萧婷瑾,女,大三,1班,2004-02-23,17561446223,20221005907@school.edu.cn
5908,20221005908,罗宁泽,男,大三,12班,2005-04-22,15364656044,20221005908@school.edu.cn
5909,20221005909,高文,女,大三,11班,2005-09-04,15788490998,20221005909@school.edu.cn
5910,20221005910,胡瑾磊,男,大三,11班,2004-05-09,15206323619,20221005910@school.edu.cn
5911,20221005911,何杰可,女,大三,10班,2004-06-15,18092489894,20221005911@school.edu.cn
5912,20221005912,高子,女,大三,8班,2004-11-30,18132686955,20221005912@school.edu.cn
5913,20221005913,刘颖志,女,大三,7班,2005-03-18,18791125434,20221005913@school.edu.cn
5914,20221005914,程奚,女,大三,7班,2005-07-19,13372194494,20221005914@school.edu.cn
5915,20221005915,郑若,女,大三,4班,2004-07-25,13277058645,20221005915@school.edu.cn
5916,20221005916,于泽,男,大三,11班,2005-09-09,18858441291,20221005916@school.edu.cn
5917,20221005917,何若霖,男,大三,4班,2004-03-15,13336863912,20221005917@school.edu.cn
5918,20221005918,胡明四,男,大三,11班,2004-12-12,13417353746,20221005918@school.edu.cn
5919,20221005919,梁璇驰,男,大三,6班,2004-03-23,17305734120,20221005919@school.edu.cn
5920,20221005920,徐腾恺,女,大三,4班,2004-10-02,13320436245,20221005920@school.edu.cn
5921,20221005921,朱浩凯,男,大三,5班,2005-04-28,18157795529,20221005921@school.edu.cn
5922,20221005922,何启,女,大三,11班,2004-03-24,13403772325,20221005922@school.edu.cn
5923,20221005923,吕泓八,女,大三,1班,2004-11-01,13961018328,20221005923@school.edu.cn
5924,20221005924,马七悦,女,大三,7班,2004-05-14,13102620272,20221005924@school.edu.cn
5925,20221005925,高七二,女,大三,8班,2005-04-02,15565214153,20221005925@school.edu.cn
5926,20221005926,曾涵,女,大三,10班,2005-02-14,18700089288,20221005926@school.edu.cn
5927,20221005927,朱岚潇,男,大三,8班,2004-07-11,15244180275,20221005927@school.edu.cn
5928,20221005928,谢依,女,大三,8班,2005-05-01,13448575334,20221005928@school.edu.cn
5929,20221005929,谢婷,男,大三,5班,2005-03-18,15354939414,20221005929@school.edu.cn
5930,20221005930,程序珂,男,大三,12班,2005-02-08,18748199070,20221005930@school.edu.cn
5931,20221005931,曹露彤,男,大三,5班,2004-08-18,13280488347,20221005931@school.edu.cn
5932,20221005932,罗莹晟,男,大三,6班,2004-12-03,17315589298,20221005932@school.edu.cn
5933,20221005933,张沁,女,大三,7班,2005-11-07,13331997863,20221005933@school.edu.cn
5934,20221005934,高星萱,男,大三,1班,2005-05-11,13407466177,20221005934@school.edu.cn
5935,20221005935,唐锦,男,大三,12班,2004-05-19,15813535846,20221005935@school.edu.cn
5936,20221005936,董姝晟,女,大三,7班,2005-07-01,18557867573,20221005936@school.edu.cn
5937,20221005937,彭菲恺,男,大三,2班,2005-03-19,15640866581,20221005937@school.edu.cn
5938,20221005938,郑菲博,男,大三,5班,2005-11-04,13511894257,20221005938@school.edu.cn
5939,20221005939,赵雅,女,大三,2班,2004-04-04,15312806385,20221005939@school.edu.cn
5940,20221005940,曾五,男,大三,5班,2005-08-17,18542025414,20221005940@school.edu.cn
5941,20221005941,袁瑾潇,男,大三,2班,2005-08-03,17806315665,20221005941@school.edu.cn
5942,20221005942,陈乐萌,女,大三,1班,2005-12-28,13113360224,20221005942@school.edu.cn
5943,20221005943,许二轩,男,大三,12班,2005-08-03,15939543988,20221005943@school.edu.cn
5944,20221005944,胡浩子,女,大三,11班,2005-01-17,15182973594,20221005944@school.edu.cn
5945,20221005945,谢琳骁,女,大三,2班,2005-12-05,15301929372,20221005945@school.edu.cn
5946,20221005946,马清志,男,大三,4班,2005-04-15,15940577710,20221005946@school.edu.cn
5947,20221005947,曹梓,男,大三,7班,2005-12-31,18091385057,20221005947@school.edu.cn
5948,20221005948,许晨潇,男,大三,10班,2005-10-11,17536172590,20221005948@school.edu.cn
5949,20221005949,胡婷衡,女,大三,5班,2004-08-28,13300917591,20221005949@school.edu.cn
5950,20221005950,韩晨驰,女,大三,7班,2004-07-01,18024441356,20221005950@school.edu.cn
5951,20221005951,刘珺颖,女,大三,1班,2005-10-30,13311710886,20221005951@school.edu.cn
5952,20221005952,沈清芸,女,大三,2班,2005-07-18,17805763197,20221005952@school.edu.cn
5953,20221005953,傅景,女,大三,9班,2004-12-10,18731221848,20221005953@school.edu.cn
5954,20221005954,董依,男,大三,11班,2005-11-01,15251107917,20221005954@school.edu.cn
5955,20221005955,朱雅昊,男,大三,6班,2004-04-19,15614526397,20221005955@school.edu.cn
5956,20221005956,罗涵亦,女,大三,7班,2005-07-19,15024154265,20221005956@school.edu.cn
5957,20221005957,曾乐文,男,大三,5班,2005-03-28,18723876903,20221005957@school.edu.cn
5958,20221005958,朱星彤,女,大三,4班,2004-10-13,17609016652,20221005958@school.edu.cn
5959,20221005959,周晨,男,大三,9班,2004-02-03,15280710235,20221005959@school.edu.cn
5960,20221005960,何奕,女,大三,5班,2005-01-08,17751067071,20221005960@school.edu.cn
5961,20221005961,杨启,女,大三,8班,2004-09-04,18223474895,20221005961@school.edu.cn
5962,20221005962,黄莹,男,大三,1班,2005-02-02,15845864939,20221005962@school.edu.cn
5963,20221005963,曾嘉六,男,大三,4班,2004-01-05,13176749822,20221005963@school.edu.cn
5964,20221005964,宋婷驰,男,大三,5班,2004-08-04,15243775052,20221005964@school.edu.cn
5965,20221005965,冯沁潇,男,大三,5班,2004-07-16,17835393334,20221005965@school.edu.cn
5966,20221005966,邓思,女,大三,8班,2004-08-12,13130545290,20221005966@school.edu.cn
5967,20221005967,董岚潇,男,大三,10班,2004-04-02,17710953745,20221005967@school.edu.cn
5968,20221005968,马祺,男,大三,8班,2004-03-10,13388884090,20221005968@school.edu.cn
5969,20221005969,梁宥焱,女,大三,6班,2005-07-04,13900752797,20221005969@school.edu.cn
5970,20221005970,赵颖,男,大三,3班,2004-06-14,13214911544,20221005970@school.edu.cn
5971,20221005971,郭浩涵,女,大三,1班,2005-06-03,15674518538,20221005971@school.edu.cn
5972,20221005972,邓八凝,男,大三,4班,2005-09-25,13804183573,20221005972@school.edu.cn
5973,20221005973,沈杰腾,男,大三,12班,2004-04-08,13774373583,20221005973@school.edu.cn
5974,20221005974,赵宇希,男,大三,8班,2005-06-22,18639520346,20221005974@school.edu.cn
5975,20221005975,黄茗涵,女,大三,6班,2005-03-19,15194847115,20221005975@school.edu.cn
5976,20221005976,马雨,女,大三,6班,2005-09-17,18631941717,20221005976@school.edu.cn
5977,20221005977,罗婕熙,女,大三,7班,2004-01-22,15326639722,20221005977@school.edu.cn
5978,20221005978,袁渲,男,大三,4班,2004-09-03,18697688044,20221005978@school.edu.cn
5979,20221005979,于九衡,男,大三,10班,2005-12-27,17858082357,20221005979@school.edu.cn
5980,20221005980,许露六,男,大三,9班,2004-01-21,13350765491,20221005980@school.edu.cn
5981,20221005981,徐泽滢,男,大三,3班,2004-03-15,13277881279,20221005981@school.edu.cn
5982,20221005982,刘文涵,女,大三,4班,2004-12-24,13001117016,20221005982@school.edu.cn
5983,20221005983,黄璇琛,女,大三,3班,2005-04-30,13957689795,20221005983@school.edu.cn
5984,20221005984,彭岚熙,男,大三,11班,2004-03-17,17622757257,20221005984@school.edu.cn
5985,20221005985,谢彤焱,男,大三,9班,2005-02-07,15699189630,20221005985@school.edu.cn
5986,20221005986,黄启,男,大三,11班,2005-05-17,13985141119,20221005986@school.edu.cn
5987,20221005987,罗昭,男,大三,1班,2004-02-24,18683295229,20221005987@school.edu.cn
5988,20221005988,李瑶翎,女,大三,8班,2004-10-18,18886503828,20221005988@school.edu.cn
5989,20221005989,王文,男,大三,10班,2004-02-09,13253163120,20221005989@school.edu.cn
5990,20221005990,袁四雪,男,大三,2班,2004-05-16,13263095430,20221005990@school.edu.cn
5991,20221005991,韩六霄,男,大三,1班,2004-09-01,15287039502,20221005991@school.edu.cn
5992,20221005992,林乐,男,大三,2班,2005-06-26,15989028588,20221005992@school.edu.cn
5993,20221005993,曾乐凯,女,大三,7班,2004-01-03,15119388048,20221005993@school.edu.cn
5994,20221005994,马霖,女,大三,8班,2004-05-26,18798532058,20221005994@school.edu.cn
5995,20221005995,李芸,女,大三,12班,2004-01-13,15071623344,20221005995@school.edu.cn
5996,20221005996,胡宥,女,大三,10班,2005-07-16,13191566300,20221005996@school.edu.cn
5997,20221005997,朱姝翎,女,大三,9班,2004-12-18,15825020994,20221005997@school.edu.cn
5998,20221005998,李睿,女,大三,8班,2005-03-22,18726671664,20221005998@school.edu.cn
5999,20221005999,吴奚泽,女,大三,8班,2005-08-21,18831428639,20221005999@school.edu.cn
6000,20221006000,周渲宇,女,大三,3班,2004-05-04,18936313821,20221006000@school.edu.cn
6001,20221006001,高奕子,女,大三,6班,2005-05-04,13030322966,20221006001@school.edu.cn
6002,20221006002,何翊文,女,大三,4班,2004-12-28,18353165003,20221006002@school.edu.cn
6003,20221006003,吕八,女,大三,10班,2005-08-27,18581026022,20221006003@school.edu.cn
6004,20221006004,李二涵,男,大三,3班,2005-06-28,18020224881,20221006004@school.edu.cn
6005,20221006005,吴昭希,男,大三,10班,2005-04-22,13051191817,20221006005@school.edu.cn
6006,20221006006,吴腾,男,大三,4班,2005-04-24,15072207901,20221006006@school.edu.cn
6007,20221006007,萧欣,男,大三,3班,2004-08-28,15642120970,20221006007@school.edu.cn
6008,20221006008,于翊悦,女,大三,1班,2004-10-04,18883389688,20221006008@school.edu.cn
6009,20221006009,董启御,女,大三,2班,2005-03-05,15126634714,20221006009@school.edu.cn
6010,20221006010,沈珺凝,男,大三,9班,2005-02-03,15823814199,20221006010@school.edu.cn
6011,20221006011,郭彦八,男,大三,3班,2005-07-30,13429533947,20221006011@school.edu.cn
6012,20221006012,罗睿,女,大三,11班,2004-03-05,18163162656,20221006012@school.edu.cn
6013,20221006013,谢思怡,女,大三,12班,2004-05-31,13484088047,20221006013@school.edu.cn
6014,20221006014,沈珺颖,男,大三,2班,2004-12-01,13477969924,20221006014@school.edu.cn
6015,20221006015,赵泽腾,女,大三,1班,2004-10-19,13379648839,20221006015@school.edu.cn
6016,20221006016,萧瑾,女,大三,4班,2005-06-27,18523581597,20221006016@school.edu.cn
6017,20221006017,唐语萌,男,大三,7班,2004-04-22,15295376933,20221006017@school.edu.cn
6018,20221006018,李佳雯,男,大三,5班,2004-03-20,13830364605,20221006018@school.edu.cn
6019,20221006019,梁奚琪,男,大三,12班,2004-10-21,15390518674,20221006019@school.edu.cn
6020,20221006020,韩梓,女,大三,9班,2005-07-07,15387353092,20221006020@school.edu.cn
6021,20221006021,陈露蕾,女,大三,8班,2004-04-03,13770636726,20221006021@school.edu.cn
6022,20221006022,刘彤诺,女,大三,9班,2005-07-02,17567615453,20221006022@school.edu.cn
6023,20221006023,杨五,男,大三,3班,2005-05-26,15928027243,20221006023@school.edu.cn
6024,20221006024,孙林,男,大三,9班,2005-08-13,17552963320,20221006024@school.edu.cn
6025,20221006025,彭晨扬,女,大三,2班,2005-09-22,13675042066,20221006025@school.edu.cn
6026,20221006026,郑七,女,大三,12班,2004-02-28,15302149106,20221006026@school.edu.cn
6027,20221006027,韩三坤,女,大三,3班,2004-10-02,18573613619,20221006027@school.edu.cn
6028,20221006028,朱若琛,女,大三,4班,2004-08-17,18892832492,20221006028@school.edu.cn
6029,20221006029,吴珂娜,女,大三,11班,2005-08-10,17685010695,20221006029@school.edu.cn
6030,20221006030,冯志铠,男,大三,6班,2004-01-26,13554562960,20221006030@school.edu.cn
6031,20221006031,曹明宇,男,大三,1班,2004-05-31,15981015960,20221006031@school.edu.cn
6032,20221006032,唐五,女,大三,6班,2004-07-29,18009633549,20221006032@school.edu.cn
6033,20221006033,高嘉九,女,大三,6班,2004-09-10,18836851744,20221006033@school.edu.cn
6034,20221006034,谢七,男,大三,9班,2005-01-29,17549703304,20221006034@school.edu.cn
6035,20221006035,黄睿二,男,大三,8班,2004-09-08,13246114007,20221006035@school.edu.cn
6036,20221006036,何彤,女,大三,1班,2005-04-13,17563713500,20221006036@school.edu.cn
6037,20221006037,冯六晨,女,大三,10班,2005-03-05,18144432720,20221006037@school.edu.cn
6038,20221006038,陈依珊,女,大三,10班,2005-09-05,18138216276,20221006038@school.edu.cn
6039,20221006039,宋五,男,大三,11班,2005-02-25,15135691622,20221006039@school.edu.cn
6040,20221006040,吕林,男,大三,7班,2004-11-15,15799236873,20221006040@school.edu.cn
6041,20221006041,彭婕,男,大三,8班,2005-03-28,18027405453,20221006041@school.edu.cn
6042,20221006042,孙羽文,男,大三,10班,2005-06-14,17889153584,20221006042@school.edu.cn
6043,20221006043,朱宇,女,大三,11班,2005-06-25,13688332190,20221006043@school.edu.cn
6044,20221006044,李奕,女,大三,10班,2004-11-25,18005813909,20221006044@school.edu.cn
6045,20221006045,彭佳斌,女,大三,2班,2004-01-14,18537920913,20221006045@school.edu.cn
6046,20221006046,于茗,女,大三,9班,2004-12-23,15130388736,20221006046@school.edu.cn
6047,20221006047,高嫣,男,大三,7班,2005-09-04,13780266772,20221006047@school.edu.cn
6048,20221006048,杨颖萱,男,大三,1班,2005-02-16,18190218992,20221006048@school.edu.cn
6049,20221006049,王凯可,男,大三,3班,2004-05-10,17692694875,20221006049@school.edu.cn
6050,20221006050,曹依婧,女,大三,8班,2004-04-15,15076770699,20221006050@school.edu.cn
6051,20221006051,萧婷扬,女,大三,10班,2005-08-25,15293798857,20221006051@school.edu.cn
6052,20221006052,胡文驰,男,大三,1班,2004-05-30,18887106019,20221006052@school.edu.cn
6053,20221006053,何雅,男,大三,1班,2004-06-17,17371527298,20221006053@school.edu.cn
6054,20221006054,马凯六,女,大三,7班,2005-11-18,15329758413,20221006054@school.edu.cn
6055,20221006055,董乐,男,大三,9班,2004-04-10,18925098880,20221006055@school.edu.cn
6056,20221006056,何若,女,大三,3班,2004-04-23,13688657736,20221006056@school.edu.cn
6057,20221006057,王奕芸,女,大三,7班,2005-08-28,13805741425,20221006057@school.edu.cn
6058,20221006058,于嘉婧,女,大三,11班,2005-10-20,13873496842,20221006058@school.edu.cn
6059,20221006059,吴欣珂,女,大三,9班,2005-07-02,17302628965,20221006059@school.edu.cn
6060,20221006060,郑奚磊,男,大三,10班,2005-03-14,15338550026,20221006060@school.edu.cn
6061,20221006061,朱二睿,女,大三,12班,2005-12-04,17606103199,20221006061@school.edu.cn
6062,20221006062,曾琳瑜,女,大三,7班,2005-06-16,18153406029,20221006062@school.edu.cn
6063,20221006063,梁星轩,女,大三,9班,2005-07-20,18633960899,20221006063@school.edu.cn
6064,20221006064,孙琛七,女,大三,8班,2004-04-06,17860076287,20221006064@school.edu.cn
6065,20221006065,郑三,男,大三,2班,2005-08-05,15085886706,20221006065@school.edu.cn
6066,20221006066,袁颖焱,男,大三,9班,2004-09-15,13057443016,20221006066@school.edu.cn
6067,20221006067,杨妍,男,大三,7班,2004-11-29,17316571982,20221006067@school.edu.cn
6068,20221006068,傅七雯,女,大三,9班,2005-06-18,15622545178,20221006068@school.edu.cn
6069,20221006069,朱依,女,大三,7班,2005-08-17,15281197363,20221006069@school.edu.cn
6070,20221006070,宋宇琪,女,大三,6班,2005-03-26,13458785138,20221006070@school.edu.cn
6071,20221006071,冯嘉一,女,大三,8班,2005-02-06,15353629369,20221006071@school.edu.cn
6072,20221006072,何九一,女,大三,9班,2004-03-24,15894740456,20221006072@school.edu.cn
6073,20221006073,杨九琛,女,大三,2班,2005-10-11,18534307606,20221006073@school.edu.cn
6074,20221006074,赵菲琪,男,大三,6班,2004-01-11,18852532302,20221006074@school.edu.cn
6075,20221006075,于筱,女,大三,2班,2005-05-27,17602343393,20221006075@school.edu.cn
6076,20221006076,邓雨,女,大三,2班,2004-04-11,18316468876,20221006076@school.edu.cn
6077,20221006077,王七,女,大三,10班,2004-10-28,17317274744,20221006077@school.edu.cn
6078,20221006078,傅子,女,大三,8班,2004-03-31,15611484240,20221006078@school.edu.cn
6079,20221006079,于启六,男,大三,12班,2004-09-29,15995870235,20221006079@school.edu.cn
6080,20221006080,吴筱,男,大三,5班,2004-11-23,13195464832,20221006080@school.edu.cn
6081,20221006081,胡珂九,男,大三,10班,2004-03-27,15765477313,20221006081@school.edu.cn
6082,20221006082,许露熙,男,大三,6班,2005-06-03,18114460805,20221006082@school.edu.cn
6083,20221006083,彭露琪,女,大三,9班,2005-09-25,13812729044,20221006083@school.edu.cn
6084,20221006084,韩七衡,男,大三,1班,2005-02-10,17580551645,20221006084@school.edu.cn
6085,20221006085,朱琛萱,女,大三,3班,2004-06-30,15316495791,20221006085@school.edu.cn
6086,20221006086,李璇明,女,大三,3班,2004-12-08,15770812542,20221006086@school.edu.cn
6087,20221006087,黄佳,女,大三,4班,2004-04-17,15171040768,20221006087@school.edu.cn
6088,20221006088,董明斌,女,大三,2班,2005-11-30,17332717317,20221006088@school.edu.cn
6089,20221006089,萧明驰,女,大三,11班,2004-07-10,15842336156,20221006089@school.edu.cn
6090,20221006090,郭宥明,男,大三,5班,2005-10-24,13432516426,20221006090@school.edu.cn
6091,20221006091,曹璇,男,大三,5班,2004-01-20,18312490530,20221006091@school.edu.cn
6092,20221006092,吕彤,男,大三,4班,2004-11-02,15520296945,20221006092@school.edu.cn
6093,20221006093,刘菲,男,大三,10班,2005-04-03,13550887474,20221006093@school.edu.cn
6094,20221006094,刘宁琛,女,大三,11班,2005-06-22,17568082374,20221006094@school.edu.cn
6095,20221006095,冯宸娅,女,大三,12班,2005-03-02,15646326294,20221006095@school.edu.cn
6096,20221006096,孙宁,男,大三,1班,2004-07-27,18271198961,20221006096@school.edu.cn
6097,20221006097,宋清宇,男,大三,2班,2005-08-25,15132435306,20221006097@school.edu.cn
6098,20221006098,梁瑶亦,女,大三,11班,2005-10-30,15183990190,20221006098@school.edu.cn
6099,20221006099,韩景坤,男,大三,2班,2005-07-19,13519270493,20221006099@school.edu.cn
6100,20221006100,郭瑞煜,女,大三,3班,2005-06-12,13414559565,20221006100@school.edu.cn
6101,20221006101,王曜,女,大三,11班,2004-09-04,17363923034,20221006101@school.edu.cn
6102,20221006102,赵九,女,大三,2班,2004-07-07,15783719724,20221006102@school.edu.cn
6103,20221006103,马五腾,男,大三,9班,2004-11-22,18815408754,20221006103@school.edu.cn
6104,20221006104,于依,女,大三,8班,2005-04-11,18566141642,20221006104@school.edu.cn
6105,20221006105,罗泓,男,大三,2班,2004-04-12,15823601734,20221006105@school.edu.cn
6106,20221006106,唐泓洁,男,大三,9班,2004-01-28,13815688271,20221006106@school.edu.cn
6107,20221006107,于腾,女,大三,8班,2005-01-15,18282472837,20221006107@school.edu.cn
6108,20221006108,杨序瑜,男,大三,4班,2004-12-15,17572016309,20221006108@school.edu.cn
6109,20221006109,程宥阳,女,大三,5班,2004-05-07,15804445929,20221006109@school.edu.cn
6110,20221006110,马曜珊,男,大三,1班,2005-03-05,15341112973,20221006110@school.edu.cn
6111,20221006111,谢涵,女,大三,5班,2005-05-08,15826317728,20221006111@school.edu.cn
6112,20221006112,唐菲,男,大三,2班,2004-11-24,13889369811,20221006112@school.edu.cn
6113,20221006113,胡曜,女,大三,1班,2004-10-14,18236305364,20221006113@school.edu.cn
6114,20221006114,郭锦宇,女,大三,9班,2005-01-27,13572111239,20221006114@school.edu.cn
6115,20221006115,徐泽娅,男,大三,7班,2005-06-07,13759420885,20221006115@school.edu.cn
6116,20221006116,谢瑞,男,大三,9班,2005-12-11,13051985063,20221006116@school.edu.cn
6117,20221006117,罗博蓉,女,大三,9班,2005-08-08,15895910826,20221006117@school.edu.cn
6118,20221006118,曹乐渝,男,大三,11班,2004-01-24,13607872905,20221006118@school.edu.cn
6119,20221006119,郭珂渝,女,大三,5班,2004-04-21,15288271058,20221006119@school.edu.cn
6120,20221006120,郑依霄,女,大三,8班,2004-02-28,17829441130,20221006120@school.edu.cn
6121,20221006121,周宁,女,大三,1班,2005-05-04,18281555328,20221006121@school.edu.cn
6122,20221006122,傅璇娅,男,大三,4班,2004-01-12,13991063338,20221006122@school.edu.cn
6123,20221006123,黄珂文,男,大三,8班,2004-06-30,15892899041,20221006123@school.edu.cn
6124,20221006124,萧茗博,男,大三,11班,2004-06-10,17337441229,20221006124@school.edu.cn
6125,20221006125,郭瑜磊,男,大三,1班,2004-12-21,15383909055,20221006125@school.edu.cn
6126,20221006126,曾文峻,男,大三,1班,2004-07-10,17383340183,20221006126@school.edu.cn
6127,20221006127,谢羽,男,大三,12班,2004-09-24,18955556706,20221006127@school.edu.cn
6128,20221006128,邓琛,男,大三,7班,2005-10-20,18355309302,20221006128@school.edu.cn
6129,20221006129,程启二,男,大三,3班,2004-09-27,18009952601,20221006129@school.edu.cn
6130,20221006130,赵景亦,女,大三,12班,2004-06-07,15524411678,20221006130@school.edu.cn
6131,20221006131,王明峻,男,大三,1班,2004-09-09,18939779081,20221006131@school.edu.cn
6132,20221006132,梁三颖,女,大三,12班,2004-10-31,13934420523,20221006132@school.edu.cn
6133,20221006133,刘博欣,男,大三,7班,2005-08-06,15142145059,20221006133@school.edu.cn
6134,20221006134,赵筱悦,男,大三,3班,2005-05-08,15370404956,20221006134@school.edu.cn
6135,20221006135,杨依御,女,大三,11班,2004-10-28,18346693234,20221006135@school.edu.cn
6136,20221006136,彭宁睿,男,大三,4班,2005-07-24,13334984309,20221006136@school.edu.cn
6137,20221006137,韩霖,男,大三,6班,2004-04-19,13272444114,20221006137@school.edu.cn
6138,20221006138,林岚,男,大三,9班,2005-04-29,13897558034,20221006138@school.edu.cn
6139,20221006139,张宥辰,男,大三,4班,2005-07-21,17813080814,20221006139@school.edu.cn
6140,20221006140,曹欣四,男,大三,2班,2005-04-05,13565256810,20221006140@school.edu.cn
6141,20221006141,周瑶腾,男,大三,5班,2004-05-31,18115329488,20221006141@school.edu.cn
6142,20221006142,董奕洁,女,大三,10班,2004-12-03,15807290816,20221006142@school.edu.cn
6143,20221006143,韩星衡,女,大三,2班,2004-08-18,18878231770,20221006143@school.edu.cn
6144,20221006144,冯子雯,女,大三,4班,2005-01-04,17862485310,20221006144@school.edu.cn
6145,20221006145,傅乐,男,大三,4班,2004-03-28,18900679967,20221006145@school.edu.cn
6146,20221006146,韩琳祺,女,大三,3班,2005-07-12,13154376214,20221006146@school.edu.cn
6147,20221006147,徐祺萌,男,大三,9班,2005-04-16,13086060680,20221006147@school.edu.cn
6148,20221006148,袁羽,男,大三,12班,2004-08-25,13987084484,20221006148@school.edu.cn
6149,20221006149,吴淇妍,女,大三,11班,2005-08-28,13456549748,20221006149@school.edu.cn
6150,20221006150,赵依,女,大三,1班,2005-03-31,18332153187,20221006150@school.edu.cn
6151,20221006151,程明欣,男,大三,6班,2004-12-31,15263334932,20221006151@school.edu.cn
6152,20221006152,黄羽蓉,女,大三,7班,2004-06-22,13151675073,20221006152@school.edu.cn
6153,20221006153,朱宇瑜,女,大三,12班,2005-05-08,15738873679,20221006153@school.edu.cn
6154,20221006154,郑志茹,女,大三,1班,2005-09-22,15889286303,20221006154@school.edu.cn
6155,20221006155,袁筱浩,女,大三,4班,2004-10-12,17555930516,20221006155@school.edu.cn
6156,20221006156,许梓,男,大三,10班,2005-10-27,13614961652,20221006156@school.edu.cn
6157,20221006157,彭泓,男,大三,6班,2005-05-05,18826982543,20221006157@school.edu.cn
6158,20221006158,周梓睿,男,大三,11班,2005-11-19,18383726783,20221006158@school.edu.cn
6159,20221006159,王茗娜,男,大三,7班,2005-01-23,18229536658,20221006159@school.edu.cn
6160,20221006160,杨锦哲,女,大三,5班,2005-03-28,15705972697,20221006160@school.edu.cn
6161,20221006161,唐颖,女,大三,11班,2004-10-31,15191822822,20221006161@school.edu.cn
6162,20221006162,杨菲蕾,女,大三,8班,2004-01-26,18771373502,20221006162@school.edu.cn
6163,20221006163,程星彤,男,大三,12班,2005-04-28,18127657858,20221006163@school.edu.cn
6164,20221006164,沈雪涵,男,大三,1班,2005-08-23,15811146889,20221006164@school.edu.cn
6165,20221006165,袁梓,男,大三,12班,2005-12-04,18777729708,20221006165@school.edu.cn
6166,20221006166,黄祺,男,大三,7班,2005-02-24,18289426269,20221006166@school.edu.cn
6167,20221006167,傅若怡,女,大三,11班,2004-07-21,18263849160,20221006167@school.edu.cn
6168,20221006168,吴瑞泽,男,大三,11班,2004-01-03,18719117947,20221006168@school.edu.cn
6169,20221006169,吴昭轩,女,大三,2班,2005-04-30,17618998502,20221006169@school.edu.cn
6170,20221006170,袁姝瑾,女,大三,9班,2005-05-24,17693135582,20221006170@school.edu.cn
6171,20221006171,朱宁,男,大三,8班,2005-01-17,18851837179,20221006171@school.edu.cn
6172,20221006172,吴雪彤,男,大三,11班,2004-03-05,13556379202,20221006172@school.edu.cn
6173,20221006173,宋三辰,男,大三,8班,2005-10-11,13727680326,20221006173@school.edu.cn
6174,20221006174,陈姝扬,女,大三,5班,2005-08-15,15989100631,20221006174@school.edu.cn
6175,20221006175,谢浩洁,女,大三,1班,2004-05-20,18003785122,20221006175@school.edu.cn
6176,20221006176,赵渲,女,大三,4班,2004-10-02,18715875084,20221006176@school.edu.cn
6177,20221006177,徐志锴,男,大三,2班,2005-06-28,15897679575,20221006177@school.edu.cn
6178,20221006178,朱五琪,男,大三,2班,2004-04-26,13155901431,20221006178@school.edu.cn
6179,20221006179,朱芸熙,女,大三,1班,2004-12-17,13387756356,20221006179@school.edu.cn
6180,20221006180,马颖浩,女,大三,6班,2005-05-30,18596318180,20221006180@school.edu.cn
6181,20221006181,吕宁,女,大三,7班,2004-01-28,13095237990,20221006181@school.edu.cn
6182,20221006182,傅二,男,大三,4班,2005-10-11,15333646002,20221006182@school.edu.cn
6183,20221006183,刘文翎,女,大三,2班,2004-09-03,18661624141,20221006183@school.edu.cn
6184,20221006184,陈星函,男,大三,11班,2005-08-07,18689128134,20221006184@school.edu.cn
6185,20221006185,赵二扬,男,大三,11班,2005-05-25,15774726076,20221006185@school.edu.cn
6186,20221006186,于景,女,大三,7班,2004-05-14,18033700882,20221006186@school.edu.cn
6187,20221006187,高宇娜,男,大三,9班,2005-07-01,15948022782,20221006187@school.edu.cn
6188,20221006188,曾睿睿,男,大三,2班,2005-09-14,17879015272,20221006188@school.edu.cn
6189,20221006189,王琛萌,男,大三,12班,2005-08-21,13485101892,20221006189@school.edu.cn
6190,20221006190,冯羽潇,男,大三,5班,2005-07-18,17724110358,20221006190@school.edu.cn
6191,20221006191,郑瑜二,女,大三,6班,2005-08-25,18622490047,20221006191@school.edu.cn
6192,20221006192,唐依蓉,女,大三,9班,2005-08-01,15370526522,20221006192@school.edu.cn
6193,20221006193,赵梓骞,男,大三,12班,2004-05-13,13648173858,20221006193@school.edu.cn
6194,20221006194,陈霖衡,女,大三,9班,2004-05-07,13409165651,20221006194@school.edu.cn
6195,20221006195,罗腾,男,大三,5班,2004-04-28,15616392964,20221006195@school.edu.cn
6196,20221006196,赵曜驰,男,大三,6班,2005-01-09,13720078823,20221006196@school.edu.cn
6197,20221006197,程清七,男,大三,4班,2004-06-05,13111367279,20221006197@school.edu.cn
6198,20221006198,宋浩妍,男,大三,5班,2004-02-05,15223508437,20221006198@school.edu.cn
6199,20221006199,陈彦,女,大三,2班,2004-08-02,15659823729,20221006199@school.edu.cn
6200,20221006200,梁依珊,女,大三,8班,2004-10-10,17348008322,20221006200@school.edu.cn
6201,20221006201,唐奕七,女,大三,2班,2004-09-19,15316214645,20221006201@school.edu.cn
6202,20221006202,萧瑜,女,大三,11班,2005-07-11,15938474993,20221006202@school.edu.cn
6203,20221006203,赵八,男,大三,10班,2004-09-19,15810440223,20221006203@school.edu.cn
6204,20221006204,沈昭,男,大三,11班,2004-09-01,17510123723,20221006204@school.edu.cn
6205,20221006205,韩茗,男,大三,5班,2004-11-08,13637869453,20221006205@school.edu.cn
6206,20221006206,曹露,女,大三,12班,2004-11-01,17508810818,20221006206@school.edu.cn
6207,20221006207,唐瑶渝,女,大三,5班,2004-06-23,13864057475,20221006207@school.edu.cn
6208,20221006208,郑婕琳,男,大三,3班,2005-09-28,13758394648,20221006208@school.edu.cn
6209,20221006209,郑颖,男,大三,9班,2004-12-17,13327163659,20221006209@school.edu.cn
6210,20221006210,萧雨,女,大三,5班,2004-01-30,13556546020,20221006210@school.edu.cn
6211,20221006211,董婷芸,男,大三,9班,2004-04-11,18541587988,20221006211@school.edu.cn
6212,20221006212,宋筱潇,男,大三,5班,2005-01-12,18737662857,20221006212@school.edu.cn
6213,20221006213,宋瑾,男,大三,10班,2004-06-04,13326637946,20221006213@school.edu.cn
6214,20221006214,曹露焱,男,大三,10班,2004-09-18,15255270034,20221006214@school.edu.cn
6215,20221006215,董杰宇,女,大三,12班,2004-06-02,17781313458,20221006215@school.edu.cn
6216,20221006216,郭五,男,大三,11班,2005-08-02,13338040707,20221006216@school.edu.cn
6217,20221006217,袁露宇,男,大三,3班,2005-07-03,15390212514,20221006217@school.edu.cn
6218,20221006218,沈乐珂,男,大三,7班,2004-07-21,15148769899,20221006218@school.edu.cn
6219,20221006219,赵羽辰,男,大三,5班,2004-10-06,15553555806,20221006219@school.edu.cn
6220,20221006220,萧莹,女,大三,5班,2004-03-03,18860098695,20221006220@school.edu.cn
6221,20221006221,何启焱,男,大三,9班,2004-04-17,18162297934,20221006221@school.edu.cn
6222,20221006222,徐清恺,男,大三,6班,2004-12-10,17516860346,20221006222@school.edu.cn
6223,20221006223,曹星渝,女,大三,11班,2004-08-15,17791800918,20221006223@school.edu.cn
6224,20221006224,黄晨宇,女,大三,12班,2005-10-11,17585178140,20221006224@school.edu.cn
6225,20221006225,唐乐铠,女,大三,5班,2004-12-07,15968544694,20221006225@school.edu.cn
6226,20221006226,孙曜,男,大三,2班,2004-09-19,15936505629,20221006226@school.edu.cn
6227,20221006227,郑琳蕾,女,大三,3班,2005-09-16,13858683075,20221006227@school.edu.cn
6228,20221006228,马淇六,女,大三,4班,2004-04-06,13615389807,20221006228@school.edu.cn
6229,20221006229,徐羽,女,大三,6班,2005-12-10,18625124014,20221006229@school.edu.cn
6230,20221006230,董四,女,大三,1班,2005-03-06,15692732653,20221006230@school.edu.cn
6231,20221006231,朱星萱,男,大三,4班,2004-10-03,17865417910,20221006231@school.edu.cn
6232,20221006232,冯腾驰,男,大三,10班,2004-07-06,13465212449,20221006232@school.edu.cn
6233,20221006233,刘二五,男,大三,4班,2004-01-11,13064454992,20221006233@school.edu.cn
6234,20221006234,何乐洁,男,大三,3班,2005-07-24,17699578826,20221006234@school.edu.cn
6235,20221006235,唐瑞琪,男,大三,12班,2005-04-27,17580174967,20221006235@school.edu.cn
6236,20221006236,曹莹可,女,大三,1班,2005-12-09,13890969299,20221006236@school.edu.cn
6237,20221006237,赵五七,女,大三,9班,2004-10-21,18241210632,20221006237@school.edu.cn
6238,20221006238,罗语琪,男,大三,8班,2005-04-10,17696239964,20221006238@school.edu.cn
6239,20221006239,刘明,女,大三,7班,2005-11-11,18339277408,20221006239@school.edu.cn
6240,20221006240,于祺琛,男,大三,10班,2004-01-01,13128822841,20221006240@school.edu.cn
6241,20221006241,程语,男,大三,12班,2004-12-28,15576680430,20221006241@school.edu.cn
6242,20221006242,马芸扬,男,大三,4班,2005-07-02,13912641835,20221006242@school.edu.cn
6243,20221006243,袁文芸,男,大三,11班,2004-10-09,13697384877,20221006243@school.edu.cn
6244,20221006244,程祺,女,大三,8班,2004-08-10,15865170658,20221006244@school.edu.cn
6245,20221006245,于涵,女,大三,4班,2005-07-03,18771079403,20221006245@school.edu.cn
6246,20221006246,曾姝睿,男,大三,1班,2004-10-26,13000314424,20221006246@school.edu.cn
6247,20221006247,梁六,女,大三,3班,2004-06-03,15053437019,20221006247@school.edu.cn
6248,20221006248,郭泓,男,大三,1班,2004-10-01,18755133011,20221006248@school.edu.cn
6249,20221006249,胡锦二,女,大三,10班,2005-06-21,18887838662,20221006249@school.edu.cn
6250,20221006250,萧奚煜,男,大三,9班,2004-12-07,15598527298,20221006250@school.edu.cn
6251,20221006251,傅博衡,男,大三,6班,2005-08-10,18753930169,20221006251@school.edu.cn
6252,20221006252,谢六轩,女,大三,5班,2004-06-06,15530059960,20221006252@school.edu.cn
6253,20221006253,王岚衡,女,大三,9班,2005-01-14,17582448966,20221006253@school.edu.cn
6254,20221006254,黄若,女,大三,1班,2004-12-13,13700278480,20221006254@school.edu.cn
6255,20221006255,朱昭明,女,大三,4班,2004-06-05,13414393443,20221006255@school.edu.cn
6256,20221006256,孙杰,男,大三,9班,2004-11-21,15222750930,20221006256@school.edu.cn
6257,20221006257,朱泽,男,大三,9班,2005-02-04,18372875362,20221006257@school.edu.cn
6258,20221006258,冯欣熙,男,大三,3班,2004-08-26,15011239393,20221006258@school.edu.cn
6259,20221006259,韩彤,男,大三,3班,2004-10-18,15685078699,20221006259@school.edu.cn
6260,20221006260,杨欣宁,男,大三,6班,2004-05-15,13246825663,20221006260@school.edu.cn
6261,20221006261,胡八,男,大三,11班,2004-11-25,18182060804,20221006261@school.edu.cn
6262,20221006262,郭彦,女,大三,5班,2004-10-29,18191418219,20221006262@school.edu.cn
6263,20221006263,于曜瑾,女,大三,3班,2004-12-18,17873272027,20221006263@school.edu.cn
6264,20221006264,孙佳芸,男,大三,10班,2005-08-14,13034502559,20221006264@school.edu.cn
6265,20221006265,董四然,女,大三,4班,2004-08-03,13990336417,20221006265@school.edu.cn
6266,20221006266,董翊七,女,大三,6班,2004-07-01,15893401124,20221006266@school.edu.cn
6267,20221006267,郭乐娜,男,大三,3班,2004-10-11,17384582710,20221006267@school.edu.cn
6268,20221006268,冯涵璐,女,大三,8班,2005-06-27,18114873995,20221006268@school.edu.cn
6269,20221006269,马景帆,男,大三,7班,2004-06-12,13117294295,20221006269@school.edu.cn
6270,20221006270,李明然,女,大三,6班,2004-07-08,17676981183,20221006270@school.edu.cn
6271,20221006271,于奚九,男,大三,12班,2005-10-31,15090564991,20221006271@school.edu.cn
6272,20221006272,罗琳然,女,大三,6班,2004-03-04,15795185419,20221006272@school.edu.cn
6273,20221006273,杨瑞翎,女,大三,5班,2005-11-02,15588167131,20221006273@school.edu.cn
6274,20221006274,赵浩锴,女,大三,12班,2004-03-22,15761732860,20221006274@school.edu.cn
6275,20221006275,罗凯煜,男,大三,2班,2004-02-17,15576050754,20221006275@school.edu.cn
6276,20221006276,刘茗煜,女,大三,3班,2005-03-30,13356995600,20221006276@school.edu.cn
6277,20221006277,宋乐琪,男,大三,10班,2005-12-18,18945124973,20221006277@school.edu.cn
6278,20221006278,朱奕琪,女,大三,12班,2005-04-12,15570693652,20221006278@school.edu.cn
6279,20221006279,曹博九,男,大三,3班,2004-12-07,13547604420,20221006279@school.edu.cn
6280,20221006280,郭淇妍,男,大三,7班,2005-11-19,13831417555,20221006280@school.edu.cn
6281,20221006281,张一坤,男,大三,10班,2004-10-01,18330217834,20221006281@school.edu.cn
6282,20221006282,朱渲婧,女,大三,6班,2004-04-05,18020805288,20221006282@school.edu.cn
6283,20221006283,邓琳驰,女,大三,10班,2005-10-24,18364282168,20221006283@school.edu.cn
6284,20221006284,程锦衡,男,大三,10班,2004-04-08,18977536680,20221006284@school.edu.cn
6285,20221006285,曹一,男,大三,12班,2004-05-14,18634566799,20221006285@school.edu.cn
6286,20221006286,马依煜,男,大三,12班,2004-09-29,15705721202,20221006286@school.edu.cn
6287,20221006287,陈奚,男,大三,5班,2004-09-24,17637367532,20221006287@school.edu.cn
6288,20221006288,韩嘉泽,女,大三,11班,2004-03-27,18662088436,20221006288@school.edu.cn
6289,20221006289,彭璇萱,男,大三,2班,2004-08-26,17300303017,20221006289@school.edu.cn
6290,20221006290,周若二,男,大三,7班,2004-05-31,13793091862,20221006290@school.edu.cn
6291,20221006291,袁岚蕾,男,大三,8班,2005-05-11,15213219346,20221006291@school.edu.cn
6292,20221006292,赵翊,女,大三,8班,2005-03-17,15511658538,20221006292@school.edu.cn
6293,20221006293,何琛瑜,女,大三,12班,2005-07-29,15912728198,20221006293@school.edu.cn
6294,20221006294,徐莹衡,女,大三,11班,2005-08-22,15962288588,20221006294@school.edu.cn
6295,20221006295,胡欣芷,女,大三,5班,2005-05-04,15969636729,20221006295@school.edu.cn
6296,20221006296,周博,女,大三,2班,2004-10-08,17692603612,20221006296@school.edu.cn
6297,20221006297,彭二,男,大三,11班,2005-06-14,18782050406,20221006297@school.edu.cn
6298,20221006298,林渲蕾,男,大三,5班,2004-07-25,15081334180,20221006298@school.edu.cn
6299,20221006299,孙泓四,男,大三,9班,2004-02-07,17841930162,20221006299@school.edu.cn
6300,20221006300,宋婷煜,男,大三,11班,2005-02-20,17354487351,20221006300@school.edu.cn
6301,20221006301,张三琪,男,大三,5班,2004-03-23,18633218419,20221006301@school.edu.cn
6302,20221006302,高婷斌,女,大三,1班,2004-12-12,13222178854,20221006302@school.edu.cn
6303,20221006303,郭二扬,男,大三,10班,2005-06-04,18017842821,20221006303@school.edu.cn
6304,20221006304,刘璇明,女,大三,2班,2004-04-10,13978653482,20221006304@school.edu.cn
6305,20221006305,许明瑶,女,大三,7班,2005-02-24,15605459137,20221006305@school.edu.cn
6306,20221006306,邓四希,男,大三,6班,2005-03-14,13533724337,20221006306@school.edu.cn
6307,20221006307,萧嘉,女,大三,9班,2004-07-24,18131720868,20221006307@school.edu.cn
6308,20221006308,郑岚,男,大三,2班,2005-02-28,18818611353,20221006308@school.edu.cn
6309,20221006309,萧昭霖,男,大三,3班,2005-12-11,18260018835,20221006309@school.edu.cn
6310,20221006310,冯二娅,女,大三,2班,2004-06-09,13227469296,20221006310@school.edu.cn
6311,20221006311,沈星致,女,大三,2班,2004-05-16,15547734606,20221006311@school.edu.cn
6312,20221006312,吕二宇,女,大三,5班,2004-12-01,15950523965,20221006312@school.edu.cn
6313,20221006313,胡宸,男,大三,9班,2005-07-27,15647227021,20221006313@school.edu.cn
6314,20221006314,沈岚三,男,大三,7班,2004-07-27,18928146890,20221006314@school.edu.cn
6315,20221006315,张彤雪,女,大三,8班,2005-06-06,13593215768,20221006315@school.edu.cn
6316,20221006316,董凯,女,大三,8班,2005-07-25,15176570575,20221006316@school.edu.cn
6317,20221006317,孙博琛,男,大三,11班,2005-03-14,15996662728,20221006317@school.edu.cn
6318,20221006318,许乐九,男,大三,1班,2005-05-06,17588158336,20221006318@school.edu.cn
6319,20221006319,宋莹昊,男,大三,5班,2005-05-03,13132971759,20221006319@school.edu.cn
6320,20221006320,邓芸博,男,大三,6班,2004-03-29,13127807194,20221006320@school.edu.cn
6321,20221006321,梁露,女,大三,4班,2004-05-12,15824493433,20221006321@school.edu.cn
6322,20221006322,杨宁,女,大三,11班,2005-01-13,18598294501,20221006322@school.edu.cn
6323,20221006323,邓浩九,男,大三,2班,2004-07-23,15256342676,20221006323@school.edu.cn
6324,20221006324,罗凯晨,男,大三,8班,2005-06-08,15269642545,20221006324@school.edu.cn
6325,20221006325,马锦诺,女,大三,10班,2004-08-19,17696103635,20221006325@school.edu.cn
6326,20221006326,曾宇妍,男,大三,7班,2005-12-22,15103885226,20221006326@school.edu.cn
6327,20221006327,胡锦,男,大三,9班,2005-12-30,15749608947,20221006327@school.edu.cn
6328,20221006328,董珂三,男,大三,3班,2005-12-27,15715406409,20221006328@school.edu.cn
6329,20221006329,李文,女,大三,5班,2004-09-22,17881285385,20221006329@school.edu.cn
6330,20221006330,郭凯文,男,大三,1班,2005-02-20,17366972477,20221006330@school.edu.cn
6331,20221006331,杨若涵,男,大三,5班,2004-05-19,17828380335,20221006331@school.edu.cn
6332,20221006332,杨五,女,大三,4班,2004-08-05,15229461237,20221006332@school.edu.cn
6333,20221006333,傅婕萱,男,大三,4班,2005-06-09,15008297381,20221006333@school.edu.cn
6334,20221006334,郭七芷,女,大三,7班,2005-07-08,13990656353,20221006334@school.edu.cn
6335,20221006335,胡涵,女,大三,6班,2004-10-06,18733638926,20221006335@school.edu.cn
6336,20221006336,黄霖,男,大三,6班,2004-01-14,18962368809,20221006336@school.edu.cn
6337,20221006337,张七,男,大三,6班,2004-08-04,13419390193,20221006337@school.edu.cn
6338,20221006338,于启,男,大三,8班,2005-03-29,17520504261,20221006338@school.edu.cn
6339,20221006339,陈睿瑜,女,大三,6班,2004-10-08,13569021209,20221006339@school.edu.cn
6340,20221006340,高文,女,大三,2班,2004-05-11,18929425591,20221006340@school.edu.cn
6341,20221006341,许琛凝,女,大三,1班,2004-11-16,15220545747,20221006341@school.edu.cn
6342,20221006342,萧沁,女,大三,8班,2004-08-18,13545833578,20221006342@school.edu.cn
6343,20221006343,朱景铠,女,大三,7班,2004-04-03,15924866500,20221006343@school.edu.cn
6344,20221006344,曾思洁,男,大三,6班,2004-02-15,13901590960,20221006344@school.edu.cn
6345,20221006345,萧瑞然,男,大三,1班,2004-05-19,13037934843,20221006345@school.edu.cn
6346,20221006346,郭璇熙,男,大三,2班,2005-01-09,13654586715,20221006346@school.edu.cn
6347,20221006347,程琛琪,男,大三,7班,2005-09-09,18780307555,20221006347@school.edu.cn
6348,20221006348,朱琛,女,大三,9班,2005-12-03,18038216542,20221006348@school.edu.cn
6349,20221006349,黄曜妍,女,大三,7班,2005-01-28,13811891893,20221006349@school.edu.cn
6350,20221006350,曾景帆,男,大三,1班,2005-03-30,13911081975,20221006350@school.edu.cn
6351,20221006351,程宸珏,女,大三,12班,2005-07-18,18986950699,20221006351@school.edu.cn
6352,20221006352,高三,男,大三,4班,2005-10-08,13897058317,20221006352@school.edu.cn
6353,20221006353,傅明昊,女,大三,1班,2004-07-08,18769436318,20221006353@school.edu.cn
6354,20221006354,韩浩珂,男,大三,1班,2005-08-07,18541316274,20221006354@school.edu.cn
6355,20221006355,于渲可,女,大三,3班,2004-02-22,13462769359,20221006355@school.edu.cn
6356,20221006356,郑岚,女,大三,7班,2004-05-18,18550533878,20221006356@school.edu.cn
6357,20221006357,黄浩晟,男,大三,11班,2005-05-25,15285986831,20221006357@school.edu.cn
6358,20221006358,曹沁潇,女,大三,5班,2004-05-13,17586086715,20221006358@school.edu.cn
6359,20221006359,林九,男,大三,9班,2004-08-04,18835017391,20221006359@school.edu.cn
6360,20221006360,朱筱祺,男,大三,6班,2004-04-09,18270063399,20221006360@school.edu.cn
6361,20221006361,郑一娅,男,大三,9班,2005-02-07,13423182545,20221006361@school.edu.cn
6362,20221006362,萧乐希,男,大三,1班,2005-07-12,17573129971,20221006362@school.edu.cn
6363,20221006363,冯子子,女,大三,12班,2005-12-26,17719193654,20221006363@school.edu.cn
6364,20221006364,程瑜希,男,大三,9班,2004-06-04,13159121474,20221006364@school.edu.cn
6365,20221006365,冯宇,女,大三,1班,2004-10-17,18917663584,20221006365@school.edu.cn
6366,20221006366,高博,女,大三,10班,2005-07-29,17315261581,20221006366@school.edu.cn
6367,20221006367,梁颖祺,女,大三,8班,2005-09-25,13454518613,20221006367@school.edu.cn
6368,20221006368,杨露睿,女,大三,12班,2005-05-13,18235512144,20221006368@school.edu.cn
6369,20221006369,冯九六,男,大三,7班,2005-03-31,13861973807,20221006369@school.edu.cn
6370,20221006370,陈翊七,男,大三,8班,2004-11-10,18793907688,20221006370@school.edu.cn
6371,20221006371,马奕颖,男,大三,8班,2004-07-26,13396004034,20221006371@school.edu.cn
6372,20221006372,何涵珂,女,大三,12班,2004-02-27,18759270022,20221006372@school.edu.cn
6373,20221006373,冯泓,男,大三,1班,2005-05-17,13844436149,20221006373@school.edu.cn
6374,20221006374,邓昭七,男,大三,12班,2004-09-27,13619059638,20221006374@school.edu.cn
6375,20221006375,郭泽诺,女,大三,4班,2004-01-01,15794199396,20221006375@school.edu.cn
6376,20221006376,梁锦,男,大三,10班,2005-09-03,18140592067,20221006376@school.edu.cn
6377,20221006377,谢浩辰,女,大三,2班,2004-06-14,15397226374,20221006377@school.edu.cn
6378,20221006378,林宥恺,男,大三,8班,2005-06-13,18026332854,20221006378@school.edu.cn
6379,20221006379,唐乐彤,男,大三,1班,2004-05-22,15226999107,20221006379@school.edu.cn
6380,20221006380,程茗二,女,大三,11班,2005-12-20,15023964758,20221006380@school.edu.cn
6381,20221006381,黄翊,男,大三,12班,2004-02-08,18341419845,20221006381@school.edu.cn
6382,20221006382,林祺,女,大三,8班,2004-02-12,13795996671,20221006382@school.edu.cn
6383,20221006383,罗琛铠,女,大三,2班,2005-04-25,13958888453,20221006383@school.edu.cn
6384,20221006384,林凯阳,男,大三,12班,2004-12-24,17321449984,20221006384@school.edu.cn
6385,20221006385,彭六祺,女,大三,9班,2005-06-28,13813129871,20221006385@school.edu.cn
6386,20221006386,杨宁焱,男,大三,2班,2004-06-24,18759472363,20221006386@school.edu.cn
6387,20221006387,胡泽,女,大三,9班,2004-01-02,13652806687,20221006387@school.edu.cn
6388,20221006388,傅宥雪,女,大三,8班,2004-06-27,13074356172,20221006388@school.edu.cn
6389,20221006389,邓彤璐,女,大三,2班,2005-04-25,18696148937,20221006389@school.edu.cn
6390,20221006390,孙宸致,女,大三,4班,2005-05-13,15999697278,20221006390@school.edu.cn
6391,20221006391,李祺,女,大三,2班,2004-05-13,17523350736,20221006391@school.edu.cn
6392,20221006392,吴曜宇,女,大三,4班,2004-02-24,13700888491,20221006392@school.edu.cn
6393,20221006393,罗婕瑜,男,大三,4班,2005-07-31,18162683024,20221006393@school.edu.cn
6394,20221006394,谢二,男,大三,8班,2004-10-06,13752378678,20221006394@school.edu.cn
6395,20221006395,何彦涵,女,大三,3班,2005-12-08,15224241929,20221006395@school.edu.cn
6396,20221006396,李曜驰,男,大三,11班,2005-10-21,15154335748,20221006396@school.edu.cn
6397,20221006397,何志祺,男,大三,9班,2005-11-23,15148704887,20221006397@school.edu.cn
6398,20221006398,林锦萌,女,大三,3班,2005-09-20,15237001409,20221006398@school.edu.cn
6399,20221006399,刘浩明,男,大三,5班,2004-05-22,15145663770,20221006399@school.edu.cn
6400,20221006400,沈瑾宁,女,大三,1班,2005-01-29,15952288418,20221006400@school.edu.cn
6401,20221006401,陈乐,女,大三,10班,2005-06-03,17525124094,20221006401@school.edu.cn
6402,20221006402,彭晨文,女,大三,2班,2004-05-17,18720686942,20221006402@school.edu.cn
6403,20221006403,吕志,女,大三,11班,2005-02-18,13115612704,20221006403@school.edu.cn
6404,20221006404,郑莹峻,男,大三,1班,2004-10-06,17868449910,20221006404@school.edu.cn
6405,20221006405,许曜浩,女,大三,6班,2004-05-08,18054416601,20221006405@school.edu.cn
6406,20221006406,郭沁,男,大三,6班,2005-03-21,13292918881,20221006406@school.edu.cn
6407,20221006407,孙婕衡,男,大三,3班,2005-09-03,17899922202,20221006407@school.edu.cn
6408,20221006408,朱雨航,女,大三,7班,2005-08-12,13554372503,20221006408@school.edu.cn
6409,20221006409,林腾明,男,大三,11班,2005-12-24,18670880733,20221006409@school.edu.cn
6410,20221006410,黄翊,女,大三,7班,2005-05-19,18313044790,20221006410@school.edu.cn
6411,20221006411,郭婷然,男,大三,4班,2005-03-14,18560235031,20221006411@school.edu.cn
6412,20221006412,孙七,女,大三,5班,2005-09-23,18957050379,20221006412@school.edu.cn
6413,20221006413,赵林昊,男,大三,11班,2004-08-18,17800750797,20221006413@school.edu.cn
6414,20221006414,萧彤瑾,男,大三,10班,2005-12-14,18172712575,20221006414@school.edu.cn
6415,20221006415,萧欣浩,男,大三,12班,2004-05-12,15066943574,20221006415@school.edu.cn
6416,20221006416,吕林七,男,大三,7班,2004-04-24,17369340373,20221006416@school.edu.cn
6417,20221006417,董九,男,大三,5班,2005-07-08,18856460609,20221006417@school.edu.cn
6418,20221006418,罗沁帆,男,大三,3班,2004-08-02,17659732117,20221006418@school.edu.cn
6419,20221006419,吴文文,女,大三,8班,2005-07-19,13604004609,20221006419@school.edu.cn
6420,20221006420,傅琳,男,大三,9班,2005-12-13,17309060266,20221006420@school.edu.cn
6421,20221006421,陈璇磊,女,大三,2班,2004-12-08,15916720558,20221006421@school.edu.cn
6422,20221006422,吕瑜洁,男,大三,8班,2004-10-17,15125621852,20221006422@school.edu.cn
6423,20221006423,郑羽洁,男,大三,8班,2004-02-08,15873869040,20221006423@school.edu.cn
6424,20221006424,刘梓腾,女,大三,1班,2005-02-08,13602670212,20221006424@school.edu.cn
6425,20221006425,黄宁娜,男,大三,3班,2004-01-02,13793616364,20221006425@school.edu.cn
6426,20221006426,邓菲,女,大三,7班,2004-12-24,15210966714,20221006426@school.edu.cn
6427,20221006427,邓羽坤,女,大三,1班,2005-09-15,18272483292,20221006427@school.edu.cn
6428,20221006428,林依茹,女,大三,7班,2004-03-04,18572309258,20221006428@school.edu.cn
6429,20221006429,韩九八,男,大三,1班,2004-02-12,15183545858,20221006429@school.edu.cn
6430,20221006430,黄锦馥,男,大三,8班,2004-12-16,18989596739,20221006430@school.edu.cn
6431,20221006431,谢婕,女,大三,4班,2004-05-08,13955260055,20221006431@school.edu.cn
6432,20221006432,邓九萱,男,大三,12班,2005-06-26,15297684765,20221006432@school.edu.cn
6433,20221006433,郑宇萱,男,大三,7班,2005-08-16,15327073035,20221006433@school.edu.cn
6434,20221006434,周颖,女,大三,12班,2005-01-21,13282130826,20221006434@school.edu.cn
6435,20221006435,刘八晟,女,大三,7班,2004-07-03,15223501114,20221006435@school.edu.cn
6436,20221006436,赵明明,女,大三,6班,2004-10-27,13724322892,20221006436@school.edu.cn
6437,20221006437,郑梓焱,男,大三,1班,2004-05-25,13714019689,20221006437@school.edu.cn
6438,20221006438,刘子雪,女,大三,9班,2004-01-15,18230533211,20221006438@school.edu.cn
6439,20221006439,林二霖,女,大三,7班,2005-02-09,18109092349,20221006439@school.edu.cn
6440,20221006440,傅瑾瑶,男,大三,12班,2005-12-17,15517163937,20221006440@school.edu.cn
6441,20221006441,郭子驰,男,大三,3班,2004-03-13,15838770524,20221006441@school.edu.cn
6442,20221006442,马羽轩,女,大三,9班,2005-02-16,13245351134,20221006442@school.edu.cn
6443,20221006443,曾四娜,女,大三,8班,2005-03-27,15158680461,20221006443@school.edu.cn
6444,20221006444,许四轩,女,大三,4班,2005-06-29,13940716204,20221006444@school.edu.cn
6445,20221006445,郭妍萱,女,大三,2班,2005-04-21,17547739974,20221006445@school.edu.cn
6446,20221006446,周杰滢,男,大三,2班,2005-08-23,15619102231,20221006446@school.edu.cn
6447,20221006447,张六衡,女,大三,6班,2004-10-14,15121083995,20221006447@school.edu.cn
6448,20221006448,冯祺悦,男,大三,2班,2005-02-10,15539270848,20221006448@school.edu.cn
6449,20221006449,张佳然,女,大三,8班,2005-04-06,18320669377,20221006449@school.edu.cn
6450,20221006450,罗渲,男,大三,4班,2005-11-01,18870073769,20221006450@school.edu.cn
6451,20221006451,梁景,男,大三,11班,2005-03-28,18661441327,20221006451@school.edu.cn
6452,20221006452,许星昊,男,大三,8班,2004-02-20,13367181243,20221006452@school.edu.cn
6453,20221006453,梁二怡,女,大三,7班,2004-05-28,17513028315,20221006453@school.edu.cn
6454,20221006454,邓宥芷,女,大三,10班,2005-10-05,13147888227,20221006454@school.edu.cn
6455,20221006455,曹涵,女,大三,1班,2005-06-29,18702820243,20221006455@school.edu.cn
6456,20221006456,唐岚亦,女,大三,1班,2005-01-09,13701766203,20221006456@school.edu.cn
6457,20221006457,谢博,男,大三,10班,2004-11-23,15806753443,20221006457@school.edu.cn
6458,20221006458,孙晨,女,大三,3班,2004-08-25,18361646180,20221006458@school.edu.cn
6459,20221006459,吕瑜,女,大三,3班,2004-08-27,15998378968,20221006459@school.edu.cn
6460,20221006460,刘涵锴,女,大三,11班,2005-06-04,13357130544,20221006460@school.edu.cn
6461,20221006461,韩璇,女,大三,5班,2004-04-15,13036512316,20221006461@school.edu.cn
6462,20221006462,胡昭希,女,大三,2班,2004-06-15,15394149454,20221006462@school.edu.cn
6463,20221006463,张八阳,女,大三,12班,2004-01-03,18745847825,20221006463@school.edu.cn
6464,20221006464,张二,男,大三,2班,2004-01-10,18530525242,20221006464@school.edu.cn
6465,20221006465,刘彦珂,女,大三,1班,2004-10-22,18206909998,20221006465@school.edu.cn
6466,20221006466,李茗浩,男,大三,1班,2004-11-09,18051178103,20221006466@school.edu.cn
6467,20221006467,曾雅,男,大三,2班,2004-02-09,13135420884,20221006467@school.edu.cn
6468,20221006468,马彤芷,男,大三,7班,2004-08-18,13379348678,20221006468@school.edu.cn
6469,20221006469,于启坤,男,大三,9班,2005-05-14,13417550144,20221006469@school.edu.cn
6470,20221006470,于思琪,女,大三,3班,2005-07-26,13923519061,20221006470@school.edu.cn
6471,20221006471,许涵,男,大三,7班,2004-03-08,15526769656,20221006471@school.edu.cn
6472,20221006472,刘瑶峻,女,大三,9班,2005-04-22,13284340469,20221006472@school.edu.cn
6473,20221006473,郭腾瑜,女,大三,1班,2005-12-24,15055521368,20221006473@school.edu.cn
6474,20221006474,许锦霖,女,大三,9班,2005-03-08,13540428101,20221006474@school.edu.cn
6475,20221006475,曾莹,女,大三,8班,2005-07-01,13217087805,20221006475@school.edu.cn
6476,20221006476,李雪博,男,大三,2班,2004-01-09,13678408420,20221006476@school.edu.cn
6477,20221006477,邓晨渝,男,大三,4班,2005-07-24,13757232291,20221006477@school.edu.cn
6478,20221006478,谢林,男,大三,7班,2005-08-06,13564008697,20221006478@school.edu.cn
6479,20221006479,马锦,女,大三,8班,2005-05-30,17353521716,20221006479@school.edu.cn
6480,20221006480,彭瑜三,女,大三,2班,2005-04-18,17631534030,20221006480@school.edu.cn
6481,20221006481,宋彦,男,大三,4班,2004-11-12,15552731664,20221006481@school.edu.cn
6482,20221006482,陈瑾,女,大三,10班,2005-05-18,18675447751,20221006482@school.edu.cn
6483,20221006483,程五,男,大三,6班,2005-12-07,13572944349,20221006483@school.edu.cn
6484,20221006484,罗宇,女,大三,3班,2005-04-10,18852523201,20221006484@school.edu.cn
6485,20221006485,宋婕珂,女,大三,5班,2005-12-17,13365971416,20221006485@school.edu.cn
6486,20221006486,梁林,男,大三,8班,2005-05-06,17814648334,20221006486@school.edu.cn
6487,20221006487,吕芸,男,大三,6班,2005-04-15,13245922055,20221006487@school.edu.cn
6488,20221006488,唐琛帆,男,大三,8班,2004-06-19,15517333742,20221006488@school.edu.cn
6489,20221006489,马姝,女,大三,11班,2005-09-20,18045901141,20221006489@school.edu.cn
6490,20221006490,李睿,男,大三,4班,2004-12-18,18995431621,20221006490@school.edu.cn
6491,20221006491,周淇婧,女,大三,6班,2005-11-16,18343030019,20221006491@school.edu.cn
6492,20221006492,徐婕滢,女,大三,1班,2005-03-21,17783857732,20221006492@school.edu.cn
6493,20221006493,朱一瑶,女,大三,4班,2004-02-01,17784167074,20221006493@school.edu.cn
6494,20221006494,郭菲翎,女,大三,11班,2004-03-20,13041050324,20221006494@school.edu.cn
6495,20221006495,彭宁,男,大三,9班,2005-03-10,13220628040,20221006495@school.edu.cn
6496,20221006496,宋芸,男,大三,8班,2005-07-20,13271212214,20221006496@school.edu.cn
6497,20221006497,朱博,女,大三,8班,2004-07-19,17619715494,20221006497@school.edu.cn
6498,20221006498,曾彦瑶,男,大三,7班,2004-11-01,13554219908,20221006498@school.edu.cn
6499,20221006499,高宸熙,男,大三,12班,2004-10-31,18596057324,20221006499@school.edu.cn
6500,20221006500,郑渲驰,男,大三,2班,2005-02-01,13102541793,20221006500@school.edu.cn
6501,20221006501,张三,男,大三,11班,2005-03-18,15244103370,20221006501@school.edu.cn
6502,20221006502,韩璇帆,女,大三,2班,2005-05-04,13817397588,20221006502@school.edu.cn
6503,20221006503,唐浩磊,男,大三,7班,2004-10-27,13904671721,20221006503@school.edu.cn
6504,20221006504,萧睿渝,女,大三,11班,2005-08-16,18727602826,20221006504@school.edu.cn
6505,20221006505,高瑶,女,大三,3班,2005-02-18,15774612493,20221006505@school.edu.cn
6506,20221006506,马思渝,男,大三,8班,2004-07-30,13719193622,20221006506@school.edu.cn
6507,20221006507,郭锦彤,男,大三,4班,2004-04-05,13249674066,20221006507@school.edu.cn
6508,20221006508,朱宁,男,大三,3班,2005-09-11,18176037931,20221006508@school.edu.cn
6509,20221006509,曹浩航,女,大三,5班,2005-10-28,15988519462,20221006509@school.edu.cn
6510,20221006510,梁雨,男,大三,12班,2005-02-01,15212192001,20221006510@school.edu.cn
6511,20221006511,吕佳,男,大三,2班,2005-07-25,15175723031,20221006511@school.edu.cn
6512,20221006512,彭景雯,男,大三,12班,2004-05-15,13792466397,20221006512@school.edu.cn
6513,20221006513,傅姝,男,大三,3班,2004-11-05,13443241956,20221006513@school.edu.cn
6514,20221006514,李锦衡,女,大三,1班,2005-09-26,13744997129,20221006514@school.edu.cn
6515,20221006515,唐雪煜,男,大三,1班,2005-06-12,18206073816,20221006515@school.edu.cn
6516,20221006516,邓茗,男,大三,10班,2004-09-19,13631315305,20221006516@school.edu.cn
6517,20221006517,于雅哲,男,大三,5班,2004-05-29,15710778122,20221006517@school.edu.cn
6518,20221006518,韩涵馥,男,大三,2班,2005-09-20,18741771924,20221006518@school.edu.cn
6519,20221006519,许三,男,大三,12班,2005-12-03,13251034361,20221006519@school.edu.cn
6520,20221006520,程茗铠,男,大三,7班,2005-07-21,15773277845,20221006520@school.edu.cn
6521,20221006521,吴七,女,大三,5班,2004-11-08,17515944951,20221006521@school.edu.cn
6522,20221006522,徐二霄,女,大三,12班,2005-10-25,15559490764,20221006522@school.edu.cn
6523,20221006523,徐宥,女,大三,7班,2004-05-04,18086607230,20221006523@school.edu.cn
6524,20221006524,马瑶,女,大三,6班,2004-07-18,15019667881,20221006524@school.edu.cn
6525,20221006525,周九,女,大三,11班,2005-06-16,18014441870,20221006525@school.edu.cn
6526,20221006526,胡颖馥,女,大三,1班,2004-07-21,13751835497,20221006526@school.edu.cn
6527,20221006527,刘若,女,大三,9班,2005-01-24,13829253889,20221006527@school.edu.cn
6528,20221006528,黄奕洁,女,大三,8班,2005-04-03,15512373230,20221006528@school.edu.cn
6529,20221006529,刘瑶希,女,大三,5班,2004-12-05,17603807294,20221006529@school.edu.cn
6530,20221006530,胡博焱,女,大三,6班,2005-10-29,15131205081,20221006530@school.edu.cn
6531,20221006531,陈霖,男,大三,3班,2005-07-13,17808658617,20221006531@school.edu.cn
6532,20221006532,罗凯琪,女,大三,5班,2004-02-17,13359026598,20221006532@school.edu.cn
6533,20221006533,李菲萱,女,大三,1班,2005-02-22,18941012918,20221006533@school.edu.cn
6534,20221006534,于九,女,大三,7班,2005-10-29,15291288128,20221006534@school.edu.cn
6535,20221006535,王一二,男,大三,12班,2005-02-18,15161281315,20221006535@school.edu.cn
6536,20221006536,罗睿,男,大三,10班,2005-05-24,18059017687,20221006536@school.edu.cn
6537,20221006537,宋景彤,男,大三,2班,2004-11-11,15826460750,20221006537@school.edu.cn
6538,20221006538,郭雨坤,男,大三,6班,2005-12-20,18169209256,20221006538@school.edu.cn
6539,20221006539,高清衡,男,大三,1班,2004-01-03,15329493357,20221006539@school.edu.cn
6540,20221006540,李锦,女,大三,11班,2004-10-12,18958864616,20221006540@school.edu.cn
6541,20221006541,李羽,女,大三,9班,2004-06-24,17773580957,20221006541@school.edu.cn
6542,20221006542,董泓一,男,大三,8班,2005-05-01,18193142052,20221006542@school.edu.cn
6543,20221006543,刘颖,女,大三,4班,2005-11-10,17548235405,20221006543@school.edu.cn
6544,20221006544,傅霖霖,女,大三,12班,2005-03-16,18909741077,20221006544@school.edu.cn
6545,20221006545,程姝祺,女,大三,10班,2004-09-30,18676022690,20221006545@school.edu.cn
6546,20221006546,李瑞浩,女,大三,11班,2005-09-30,13932082721,20221006546@school.edu.cn
6547,20221006547,马曜阳,女,大三,5班,2005-11-12,13061450898,20221006547@school.edu.cn
6548,20221006548,何子,女,大三,6班,2005-05-21,15834351647,20221006548@school.edu.cn
6549,20221006549,赵明,男,大三,10班,2004-08-19,13729800543,20221006549@school.edu.cn
6550,20221006550,傅琛颖,男,大三,12班,2005-06-23,18074222297,20221006550@school.edu.cn
6551,20221006551,李明芷,女,大三,4班,2005-09-06,13792315287,20221006551@school.edu.cn
6552,20221006552,傅瑜凝,女,大三,1班,2004-05-21,18327781943,20221006552@school.edu.cn
6553,20221006553,李曜博,女,大三,4班,2005-08-25,17658244430,20221006553@school.edu.cn
6554,20221006554,萧景,男,大三,10班,2004-06-03,17303380630,20221006554@school.edu.cn
6555,20221006555,杨欣,女,大三,4班,2005-04-12,18114647492,20221006555@school.edu.cn
6556,20221006556,谢七琪,男,大三,2班,2005-04-24,18810030226,20221006556@school.edu.cn
6557,20221006557,赵岚御,男,大三,6班,2005-08-14,15562696130,20221006557@school.edu.cn
6558,20221006558,周莹五,女,大三,3班,2004-01-23,13651354385,20221006558@school.edu.cn
6559,20221006559,孙涵,男,大三,2班,2005-02-14,13237027922,20221006559@school.edu.cn
6560,20221006560,罗菲泽,女,大三,10班,2005-11-11,13674396728,20221006560@school.edu.cn
6561,20221006561,傅思,男,大三,11班,2005-02-22,18926719031,20221006561@school.edu.cn
6562,20221006562,程奚阳,男,大三,8班,2005-10-01,15149472361,20221006562@school.edu.cn
6563,20221006563,林沁明,女,大三,1班,2005-11-18,13406408708,20221006563@school.edu.cn
6564,20221006564,袁妍,女,大三,6班,2005-04-07,15351073554,20221006564@school.edu.cn
6565,20221006565,宋乐翎,女,大三,11班,2005-09-19,13463157938,20221006565@school.edu.cn
6566,20221006566,郑芸,女,大三,9班,2005-12-22,13708615534,20221006566@school.edu.cn
6567,20221006567,吴芸,男,大三,8班,2005-09-03,15180486295,20221006567@school.edu.cn
6568,20221006568,郑清宁,女,大三,10班,2005-07-06,13319535271,20221006568@school.edu.cn
6569,20221006569,马涵,女,大三,10班,2004-02-13,18746626385,20221006569@school.edu.cn
6570,20221006570,韩露骐,女,大三,8班,2005-08-25,15886720384,20221006570@school.edu.cn
6571,20221006571,曾婕恺,女,大三,8班,2004-02-17,18095660810,20221006571@school.edu.cn
6572,20221006572,黄杰子,女,大三,4班,2004-03-29,18100810480,20221006572@school.edu.cn
6573,20221006573,杨乐,女,大三,11班,2005-03-28,13934991639,20221006573@school.edu.cn
6574,20221006574,曹锦一,女,大三,11班,2004-10-17,15708224617,20221006574@school.edu.cn
6575,20221006575,宋睿坤,女,大三,7班,2005-08-29,13650277305,20221006575@school.edu.cn
6576,20221006576,郑八斌,男,大三,4班,2005-08-16,18182631750,20221006576@school.edu.cn
6577,20221006577,梁雅,男,大三,7班,2005-10-17,17525492355,20221006577@school.edu.cn
6578,20221006578,萧奚轩,男,大三,2班,2004-01-09,15264478044,20221006578@school.edu.cn
6579,20221006579,胡嘉阳,男,大三,11班,2005-10-04,18839933245,20221006579@school.edu.cn
6580,20221006580,孙若,女,大三,7班,2005-04-08,15846522556,20221006580@school.edu.cn
6581,20221006581,于霖瑶,女,大三,3班,2005-08-11,17766522575,20221006581@school.edu.cn
6582,20221006582,罗琳琛,女,大三,11班,2005-01-05,15263213142,20221006582@school.edu.cn
6583,20221006583,曾霖驰,男,大三,9班,2004-11-15,17366094549,20221006583@school.edu.cn
6584,20221006584,朱祺,女,大三,12班,2005-10-11,17817646269,20221006584@school.edu.cn
6585,20221006585,谢锦,男,大三,9班,2005-03-28,13167759127,20221006585@school.edu.cn
6586,20221006586,唐岚七,女,大三,9班,2005-07-22,15929127842,20221006586@school.edu.cn
6587,20221006587,程渲,男,大三,5班,2004-04-03,18132033657,20221006587@school.edu.cn
6588,20221006588,胡欣,男,大三,10班,2004-09-22,18310610267,20221006588@school.edu.cn
6589,20221006589,吕宁衡,女,大三,3班,2005-09-24,18093049589,20221006589@school.edu.cn
6590,20221006590,彭雪洁,男,大三,5班,2005-10-11,17764858766,20221006590@school.edu.cn
6591,20221006591,韩菲翎,男,大三,7班,2004-02-04,13582499550,20221006591@school.edu.cn
6592,20221006592,唐明昊,男,大三,6班,2005-02-03,13694027692,20221006592@school.edu.cn
6593,20221006593,于乐渝,男,大三,2班,2004-07-22,15749932381,20221006593@school.edu.cn
6594,20221006594,罗涵斌,男,大三,2班,2004-05-19,17396067447,20221006594@school.edu.cn
6595,20221006595,胡腾文,男,大三,9班,2004-12-16,13851668091,20221006595@school.edu.cn
6596,20221006596,曹林阳,女,大三,5班,2005-04-30,13167587297,20221006596@school.edu.cn
6597,20221006597,徐浩,女,大三,9班,2005-07-15,15836565819,20221006597@school.edu.cn
6598,20221006598,韩奕,女,大三,3班,2005-04-19,13602156374,20221006598@school.edu.cn
6599,20221006599,朱岚婧,男,大三,10班,2005-05-15,18928812525,20221006599@school.edu.cn
6600,20221006600,王祺恺,女,大三,5班,2004-01-01,17517038906,20221006600@school.edu.cn
6601,20221006601,程昭航,女,大三,1班,2004-03-04,18748142200,20221006601@school.edu.cn
6602,20221006602,林宸腾,女,大三,9班,2004-06-02,15616269742,20221006602@school.edu.cn
6603,20221006603,马志茹,女,大三,9班,2005-06-14,15980420345,20221006603@school.edu.cn
6604,20221006604,李婕珂,女,大三,12班,2005-10-16,13542514403,20221006604@school.edu.cn
6605,20221006605,萧一,男,大三,1班,2004-07-24,15583298660,20221006605@school.edu.cn
6606,20221006606,林瑜,女,大三,9班,2005-05-01,18568643547,20221006606@school.edu.cn
6607,20221006607,程乐博,男,大三,10班,2004-03-03,13778425935,20221006607@school.edu.cn
6608,20221006608,吴凯,男,大三,1班,2005-03-21,13025168194,20221006608@school.edu.cn
6609,20221006609,沈瑞雯,女,大三,9班,2004-02-19,15213198586,20221006609@school.edu.cn
6610,20221006610,董彤璐,男,大三,3班,2004-09-25,15298347606,20221006610@school.edu.cn
6611,20221006611,冯雨洁,男,大三,6班,2004-02-18,15562753055,20221006611@school.edu.cn
6612,20221006612,程二翎,女,大三,4班,2004-01-17,18525777607,20221006612@school.edu.cn
6613,20221006613,唐锦熙,男,大三,3班,2005-04-20,18236387063,20221006613@school.edu.cn
6614,20221006614,曾宁浩,男,大三,2班,2004-06-08,17578420432,20221006614@school.edu.cn
6615,20221006615,曾梓泽,男,大三,10班,2004-06-26,17573613176,20221006615@school.edu.cn
6616,20221006616,谢昭辰,女,大三,12班,2005-08-02,17745177873,20221006616@school.edu.cn
6617,20221006617,罗宁珊,男,大三,1班,2004-07-28,18298660010,20221006617@school.edu.cn
6618,20221006618,朱婷,男,大三,8班,2005-07-11,17817966331,20221006618@school.edu.cn
6619,20221006619,王腾,女,大三,4班,2005-07-11,18837745564,20221006619@school.edu.cn
6620,20221006620,曾宁渝,男,大三,4班,2004-08-25,18187269951,20221006620@school.edu.cn
6621,20221006621,周彤,女,大三,10班,2005-10-14,13512072060,20221006621@school.edu.cn
6622,20221006622,陈妍浩,女,大三,11班,2005-07-18,13444164769,20221006622@school.edu.cn
6623,20221006623,张宁子,男,大三,2班,2005-07-08,17314302049,20221006623@school.edu.cn
6624,20221006624,杨清霖,女,大三,2班,2004-09-15,18598131963,20221006624@school.edu.cn
6625,20221006625,彭六九,女,大三,3班,2005-10-08,18754665474,20221006625@school.edu.cn
6626,20221006626,程四,女,大三,5班,2004-09-03,15357805370,20221006626@school.edu.cn
6627,20221006627,袁彦,男,大三,4班,2004-12-27,15236483685,20221006627@school.edu.cn
6628,20221006628,唐杰坤,女,大三,5班,2004-11-16,15514241768,20221006628@school.edu.cn
6629,20221006629,马雪志,女,大三,7班,2005-07-22,17311388321,20221006629@school.edu.cn
6630,20221006630,何颖渝,女,大三,7班,2004-01-20,18146101155,20221006630@school.edu.cn
6631,20221006631,谢彤潇,男,大三,11班,2005-11-12,13587137683,20221006631@school.edu.cn
6632,20221006632,李七衡,男,大三,1班,2004-08-28,18873865827,20221006632@school.edu.cn
6633,20221006633,程曜志,男,大三,8班,2005-10-01,13893935702,20221006633@school.edu.cn
6634,20221006634,郭一琪,女,大三,8班,2005-12-15,13798093829,20221006634@school.edu.cn
6635,20221006635,陈彦珊,男,大三,8班,2004-03-06,13603990748,20221006635@school.edu.cn
6636,20221006636,谢星萌,男,大三,7班,2004-11-10,13173678853,20221006636@school.edu.cn
6637,20221006637,曹宁馥,男,大三,1班,2004-05-26,18762173040,20221006637@school.edu.cn
6638,20221006638,陈七辰,女,大三,6班,2004-08-30,18282030748,20221006638@school.edu.cn
6639,20221006639,董乐蕾,女,大三,7班,2004-03-16,15372729080,20221006639@school.edu.cn
6640,20221006640,傅婷,女,大三,12班,2004-08-09,15189880004,20221006640@school.edu.cn
6641,20221006641,朱博涵,女,大三,11班,2005-04-14,15024140952,20221006641@school.edu.cn
6642,20221006642,曹乐,男,大三,4班,2004-06-21,17508956822,20221006642@school.edu.cn
6643,20221006643,沈祺辰,女,大三,9班,2004-02-24,15177216251,20221006643@school.edu.cn
6644,20221006644,徐锦,女,大三,8班,2004-12-10,13103966329,20221006644@school.edu.cn
6645,20221006645,沈露,女,大三,4班,2004-01-03,13475688835,20221006645@school.edu.cn
6646,20221006646,吴依骞,女,大三,12班,2004-10-26,15267037895,20221006646@school.edu.cn
6647,20221006647,王乐航,男,大三,10班,2005-05-13,18863053668,20221006647@school.edu.cn
6648,20221006648,郭瑾,男,大三,4班,2004-05-10,18946737510,20221006648@school.edu.cn
6649,20221006649,张羽凝,男,大三,6班,2004-05-14,13321240077,20221006649@school.edu.cn
6650,20221006650,朱浩驰,女,大三,3班,2004-07-21,18627197016,20221006650@school.edu.cn
6651,20221006651,李岚亦,女,大三,10班,2004-06-16,15581902858,20221006651@school.edu.cn
6652,20221006652,程琳蕾,男,大三,8班,2005-06-29,13990043201,20221006652@school.edu.cn
6653,20221006653,唐琛,女,大三,10班,2004-12-08,15068524348,20221006653@school.edu.cn
6654,20221006654,董嫣恺,男,大三,5班,2005-05-01,15078938395,20221006654@school.edu.cn
6655,20221006655,吴露霖,男,大三,2班,2005-09-25,17339742833,20221006655@school.edu.cn
6656,20221006656,傅序铠,女,大三,9班,2005-10-21,18828413025,20221006656@school.edu.cn
6657,20221006657,罗婕琪,男,大三,7班,2005-11-03,18144490536,20221006657@school.edu.cn
6658,20221006658,周奚,男,大三,7班,2005-08-28,18899403463,20221006658@school.edu.cn
6659,20221006659,何菲蓉,男,大三,7班,2004-02-27,15040976323,20221006659@school.edu.cn
6660,20221006660,邓宁帆,女,大三,9班,2004-09-20,15897178083,20221006660@school.edu.cn
6661,20221006661,刘睿芸,男,大三,1班,2004-09-06,13277820215,20221006661@school.edu.cn
6662,20221006662,刘明,男,大三,2班,2005-12-27,13270666081,20221006662@school.edu.cn
6663,20221006663,马一二,女,大三,6班,2005-08-24,15798797758,20221006663@school.edu.cn
6664,20221006664,傅妍五,男,大三,8班,2005-07-02,13144971404,20221006664@school.edu.cn
6665,20221006665,李景御,女,大三,3班,2004-09-06,13925296990,20221006665@school.edu.cn
6666,20221006666,冯雪,女,大三,1班,2005-05-01,17742794601,20221006666@school.edu.cn
6667,20221006667,傅凯欣,男,大三,4班,2005-07-30,15303573610,20221006667@school.edu.cn
6668,20221006668,董琛怡,女,大三,5班,2004-08-28,17747071442,20221006668@school.edu.cn
6669,20221006669,袁语,女,大三,10班,2004-09-01,18312070212,20221006669@school.edu.cn
6670,20221006670,林八斌,女,大三,2班,2004-09-10,15785943806,20221006670@school.edu.cn
6671,20221006671,傅芸熙,女,大三,8班,2005-10-27,15352187905,20221006671@school.edu.cn
6672,20221006672,高彤衡,男,大三,1班,2004-02-05,15269771056,20221006672@school.edu.cn
6673,20221006673,宋杰,男,大三,1班,2005-07-18,15958981370,20221006673@school.edu.cn
6674,20221006674,王四茹,女,大三,7班,2004-02-08,13117743792,20221006674@school.edu.cn
6675,20221006675,宋宁御,女,大三,4班,2005-06-14,17847899587,20221006675@school.edu.cn
6676,20221006676,王宁,女,大三,11班,2004-01-08,15931655070,20221006676@school.edu.cn
6677,20221006677,马珺,女,大三,10班,2005-10-15,15533400233,20221006677@school.edu.cn
6678,20221006678,彭芸驰,男,大三,9班,2004-10-13,13995451902,20221006678@school.edu.cn
6679,20221006679,高婷珂,女,大三,2班,2005-05-07,18673180949,20221006679@school.edu.cn
6680,20221006680,郭佳煜,女,大三,5班,2004-07-23,13929552343,20221006680@school.edu.cn
6681,20221006681,王佳,女,大三,6班,2004-04-10,15034716564,20221006681@school.edu.cn
6682,20221006682,刘霖,女,大三,12班,2005-05-21,18880632803,20221006682@school.edu.cn
6683,20221006683,唐妍明,女,大三,8班,2004-09-11,17814263126,20221006683@school.edu.cn
6684,20221006684,高瑜子,女,大三,5班,2004-06-26,18548776901,20221006684@school.edu.cn
6685,20221006685,唐奕泽,男,大三,10班,2005-03-16,18671520299,20221006685@school.edu.cn
6686,20221006686,梁昭,男,大三,4班,2005-06-12,17686495814,20221006686@school.edu.cn
6687,20221006687,陈文凯,男,大三,6班,2005-10-06,15173913279,20221006687@school.edu.cn
6688,20221006688,朱琳,男,大三,4班,2004-09-10,15503550950,20221006688@school.edu.cn
6689,20221006689,程五希,女,大三,7班,2005-01-08,18851090178,20221006689@school.edu.cn
6690,20221006690,沈瑶,男,大三,2班,2005-01-02,13542943773,20221006690@school.edu.cn
6691,20221006691,孙泓涵,男,大三,11班,2005-08-23,15992957306,20221006691@school.edu.cn
6692,20221006692,梁雅,男,大三,7班,2004-04-15,13317581639,20221006692@school.edu.cn
6693,20221006693,赵博,男,大三,12班,2004-08-31,18296903866,20221006693@school.edu.cn
6694,20221006694,许莹,男,大三,5班,2004-04-15,13902568505,20221006694@school.edu.cn
6695,20221006695,冯瑜琪,女,大三,8班,2005-04-04,15557381282,20221006695@school.edu.cn
6696,20221006696,吴彤宇,男,大三,11班,2005-10-18,13723471917,20221006696@school.edu.cn
6697,20221006697,宋浩,女,大三,4班,2004-10-16,18900997628,20221006697@school.edu.cn
6698,20221006698,陈乐琳,男,大三,3班,2005-09-07,18598983612,20221006698@school.edu.cn
6699,20221006699,谢睿,男,大三,8班,2004-01-08,15611110230,20221006699@school.edu.cn
6700,20221006700,高思可,男,大三,10班,2004-03-05,18899836328,20221006700@school.edu.cn
6701,20221006701,刘启亦,男,大三,11班,2005-06-12,18661019900,20221006701@school.edu.cn
6702,20221006702,傅婕瑶,男,大三,2班,2004-05-15,15346725721,20221006702@school.edu.cn
6703,20221006703,袁彤琛,男,大三,12班,2005-12-31,13606378747,20221006703@school.edu.cn
6704,20221006704,萧五祺,女,大三,1班,2004-09-17,17696885584,20221006704@school.edu.cn
6705,20221006705,马七珊,女,大三,2班,2005-12-08,13318522255,20221006705@school.edu.cn
6706,20221006706,曹杰,女,大三,10班,2004-12-14,18732735946,20221006706@school.edu.cn
6707,20221006707,许淇,女,大三,8班,2004-07-30,13326650494,20221006707@school.edu.cn
6708,20221006708,王启函,女,大三,11班,2005-11-27,18795490651,20221006708@school.edu.cn
6709,20221006709,高菲,女,大三,1班,2004-10-20,13463595667,20221006709@school.edu.cn
6710,20221006710,宋杰,女,大三,4班,2004-05-30,15186658427,20221006710@school.edu.cn
6711,20221006711,郭子,女,大三,4班,2005-12-16,13540351594,20221006711@school.edu.cn
6712,20221006712,梁奚恺,女,大三,10班,2005-03-30,13894540425,20221006712@school.edu.cn
6713,20221006713,吴瑾,男,大三,3班,2004-07-15,15693712040,20221006713@school.edu.cn
6714,20221006714,李欣祺,女,大三,2班,2005-12-11,18645783521,20221006714@school.edu.cn
6715,20221006715,刘泓,男,大三,6班,2004-04-19,15574685202,20221006715@school.edu.cn
6716,20221006716,韩文琪,男,大三,9班,2004-01-30,13066462961,20221006716@school.edu.cn
6717,20221006717,于岚悦,男,大三,10班,2005-07-17,15542900064,20221006717@school.edu.cn
6718,20221006718,冯宇娅,男,大三,12班,2005-06-25,15609152138,20221006718@school.edu.cn
6719,20221006719,胡露宇,女,大三,9班,2004-10-03,17373247268,20221006719@school.edu.cn
6720,20221006720,孙欣,女,大三,7班,2005-11-16,13301646738,20221006720@school.edu.cn
6721,20221006721,胡奚,男,大三,1班,2004-01-30,13635156638,20221006721@school.edu.cn
6722,20221006722,徐志辰,女,大三,2班,2004-02-07,18592125767,20221006722@school.edu.cn
6723,20221006723,吴珺,男,大三,3班,2004-09-06,18018649532,20221006723@school.edu.cn
6724,20221006724,胡二,女,大三,11班,2005-04-08,13233760694,20221006724@school.edu.cn
6725,20221006725,谢涵潇,女,大三,5班,2004-08-29,18258364136,20221006725@school.edu.cn
6726,20221006726,谢婕昊,女,大三,10班,2005-02-26,13727384389,20221006726@school.edu.cn
6727,20221006727,吕睿七,男,大三,12班,2004-12-06,13716125592,20221006727@school.edu.cn
6728,20221006728,许琳诺,女,大三,4班,2004-05-19,15928523594,20221006728@school.edu.cn
6729,20221006729,袁锦博,女,大三,6班,2004-11-16,18054644148,20221006729@school.edu.cn
6730,20221006730,梁启,男,大三,6班,2005-10-22,13792692151,20221006730@school.edu.cn
6731,20221006731,袁瑾磊,女,大三,3班,2005-12-03,13309389671,20221006731@school.edu.cn
6732,20221006732,王瑞三,男,大三,3班,2005-09-27,18684363610,20221006732@school.edu.cn
6733,20221006733,唐莹斌,男,大三,12班,2005-07-16,17756568666,20221006733@school.edu.cn
6734,20221006734,高琳琛,男,大三,6班,2004-09-20,18503819412,20221006734@school.edu.cn
6735,20221006735,谢明,男,大三,7班,2005-01-09,15018353294,20221006735@school.edu.cn
6736,20221006736,朱七妍,女,大三,8班,2004-12-24,18832321969,20221006736@school.edu.cn
6737,20221006737,郑琳泽,男,大三,9班,2005-06-07,18902357626,20221006737@school.edu.cn
6738,20221006738,郭霖珊,女,大三,4班,2004-04-19,17664335845,20221006738@school.edu.cn
6739,20221006739,郑瑾凝,女,大三,1班,2005-12-19,15675218448,20221006739@school.edu.cn
6740,20221006740,韩婷,男,大三,5班,2004-08-13,13711181504,20221006740@school.edu.cn
6741,20221006741,邓姝御,女,大三,2班,2005-11-23,18065594688,20221006741@school.edu.cn
6742,20221006742,周雅,女,大三,1班,2004-12-01,18205398645,20221006742@school.edu.cn
6743,20221006743,傅岚馥,男,大三,3班,2004-07-04,18788768705,20221006743@school.edu.cn
6744,20221006744,孙芸五,女,大三,3班,2005-02-27,18324523321,20221006744@school.edu.cn
6745,20221006745,邓琛,男,大三,7班,2005-08-19,18722687152,20221006745@school.edu.cn
6746,20221006746,曹语琛,女,大三,7班,2004-04-06,17765952790,20221006746@school.edu.cn
6747,20221006747,曹奕,女,大三,5班,2004-10-09,15204337014,20221006747@school.edu.cn
6748,20221006748,邓启潇,女,大三,7班,2005-08-19,13797552722,20221006748@school.edu.cn
6749,20221006749,萧腾琳,男,大三,10班,2005-11-30,13667600705,20221006749@school.edu.cn
6750,20221006750,王颖,男,大三,5班,2005-11-29,18198219411,20221006750@school.edu.cn
6751,20221006751,沈启骞,女,大三,2班,2004-04-19,13501641117,20221006751@school.edu.cn
6752,20221006752,林雅,男,大三,10班,2004-04-25,17873416659,20221006752@school.edu.cn
6753,20221006753,吴嫣涵,女,大三,7班,2005-12-30,15578562667,20221006753@school.edu.cn
6754,20221006754,刘珺宇,男,大三,7班,2005-05-29,15206037058,20221006754@school.edu.cn
6755,20221006755,彭婷涵,女,大三,3班,2005-04-05,17781174322,20221006755@school.edu.cn
6756,20221006756,唐一,女,大三,4班,2004-10-09,18068915048,20221006756@school.edu.cn
6757,20221006757,林雅悦,女,大三,12班,2005-03-17,18524179662,20221006757@school.edu.cn
6758,20221006758,董瑞,男,大三,10班,2004-10-30,17746791048,20221006758@school.edu.cn
6759,20221006759,朱彤驰,女,大三,8班,2005-02-17,15783668402,20221006759@school.edu.cn
6760,20221006760,周雪,男,大三,11班,2005-01-18,17555130989,20221006760@school.edu.cn
6761,20221006761,王芸,男,大三,12班,2004-01-26,17380594842,20221006761@school.edu.cn
6762,20221006762,孙志蓉,女,大三,4班,2004-08-19,15091768502,20221006762@school.edu.cn
6763,20221006763,彭博子,男,大三,11班,2004-12-25,13506805406,20221006763@school.edu.cn
6764,20221006764,邓佳,男,大三,10班,2005-12-12,13147559503,20221006764@school.edu.cn
6765,20221006765,邓文子,女,大三,9班,2004-03-14,13336297911,20221006765@school.edu.cn
6766,20221006766,曾珂琪,女,大三,6班,2004-02-20,17790300264,20221006766@school.edu.cn
6767,20221006767,沈五,男,大三,2班,2004-06-07,17395098602,20221006767@school.edu.cn
6768,20221006768,吕林六,女,大三,8班,2005-09-10,15112820136,20221006768@school.edu.cn
6769,20221006769,林曜,女,大三,10班,2005-04-27,15367361130,20221006769@school.edu.cn
6770,20221006770,袁姝珊,男,大三,8班,2005-11-21,15225973168,20221006770@school.edu.cn
6771,20221006771,王昭芷,男,大三,7班,2004-02-10,13600866665,20221006771@school.edu.cn
6772,20221006772,吕淇轩,女,大三,5班,2004-06-17,15395689324,20221006772@school.edu.cn
6773,20221006773,刘明,男,大三,5班,2004-08-18,18211164248,20221006773@school.edu.cn
6774,20221006774,王妍泽,男,大三,9班,2004-06-07,15808784286,20221006774@school.edu.cn
6775,20221006775,曹佳,男,大三,7班,2004-05-21,15772528551,20221006775@school.edu.cn
6776,20221006776,刘宸翎,男,大三,2班,2005-06-19,18607556721,20221006776@school.edu.cn
6777,20221006777,宋琳锴,女,大三,9班,2004-06-17,17882844322,20221006777@school.edu.cn
6778,20221006778,何欣芸,女,大三,1班,2004-11-23,15607264356,20221006778@school.edu.cn
6779,20221006779,朱晨,女,大三,4班,2004-01-23,17507136547,20221006779@school.edu.cn
6780,20221006780,傅琛,女,大三,10班,2005-02-15,18800967406,20221006780@school.edu.cn
6781,20221006781,曾瑞,男,大三,4班,2005-08-29,15255364380,20221006781@school.edu.cn
6782,20221006782,吕露悦,女,大三,2班,2005-07-22,18896212067,20221006782@school.edu.cn
6783,20221006783,郑珺一,女,大三,2班,2004-01-28,15667185998,20221006783@school.edu.cn
6784,20221006784,周星,男,大三,10班,2004-01-20,18302192939,20221006784@school.edu.cn
6785,20221006785,谢宸珏,男,大三,12班,2005-04-09,18530182561,20221006785@school.edu.cn
6786,20221006786,王景芷,男,大三,4班,2005-08-04,15538628785,20221006786@school.edu.cn
6787,20221006787,周九馥,女,大三,12班,2005-01-24,13034609419,20221006787@school.edu.cn
6788,20221006788,胡瑜六,男,大三,5班,2005-07-16,18648312887,20221006788@school.edu.cn
6789,20221006789,黄彦可,男,大三,10班,2004-11-29,13087229682,20221006789@school.edu.cn
6790,20221006790,曹佳,男,大三,11班,2004-11-19,13359384013,20221006790@school.edu.cn
6791,20221006791,曹林蕾,女,大三,8班,2004-07-22,15737266547,20221006791@school.edu.cn
6792,20221006792,谢宁煜,男,大三,7班,2004-05-18,15568007112,20221006792@school.edu.cn
6793,20221006793,陈浩,女,大三,5班,2004-07-12,15596263977,20221006793@school.edu.cn
6794,20221006794,梁思八,女,大三,9班,2004-06-27,17658326478,20221006794@school.edu.cn
6795,20221006795,吴璇珊,女,大三,8班,2004-10-11,15916780131,20221006795@school.edu.cn
6796,20221006796,胡宥然,女,大三,11班,2005-08-11,13797467283,20221006796@school.edu.cn
6797,20221006797,刘星,女,大三,3班,2005-11-24,13679981988,20221006797@school.edu.cn
6798,20221006798,唐五二,男,大三,10班,2004-08-06,13453587329,20221006798@school.edu.cn
6799,20221006799,沈茗驰,女,大三,2班,2004-03-29,18577175743,20221006799@school.edu.cn
6800,20221006800,杨浩,男,大三,7班,2005-12-29,13777000636,20221006800@school.edu.cn
6801,20221006801,邓文晨,男,大三,11班,2004-01-29,15033926557,20221006801@school.edu.cn
6802,20221006802,郭九琛,男,大三,9班,2005-08-12,13500521739,20221006802@school.edu.cn
6803,20221006803,李璇浩,女,大三,9班,2005-07-10,15153992080,20221006803@school.edu.cn
6804,20221006804,罗子萌,男,大三,2班,2004-03-22,18649460535,20221006804@school.edu.cn
6805,20221006805,彭六骁,女,大三,2班,2005-05-14,15185659130,20221006805@school.edu.cn
6806,20221006806,宋雨蕾,男,大三,8班,2005-04-17,18688753939,20221006806@school.edu.cn
6807,20221006807,于杰焱,男,大三,7班,2004-05-16,13247477707,20221006807@school.edu.cn
6808,20221006808,罗妍瑶,男,大三,11班,2005-11-28,13233368029,20221006808@school.edu.cn
6809,20221006809,郑博三,女,大三,7班,2004-04-23,15323772603,20221006809@school.edu.cn
6810,20221006810,李瑞阳,女,大三,1班,2004-12-20,17605085524,20221006810@school.edu.cn
6811,20221006811,张奕睿,女,大三,5班,2005-05-10,15152140751,20221006811@school.edu.cn
6812,20221006812,胡菲焱,男,大三,9班,2005-02-23,18200637045,20221006812@school.edu.cn
6813,20221006813,谢依芸,男,大三,10班,2005-08-13,18960626103,20221006813@school.edu.cn
6814,20221006814,吴宁悦,女,大三,1班,2004-07-22,18941790275,20221006814@school.edu.cn
6815,20221006815,黄宸,女,大三,6班,2004-05-08,13691341720,20221006815@school.edu.cn
6816,20221006816,邓羽骁,男,大三,12班,2005-04-05,17682090985,20221006816@school.edu.cn
6817,20221006817,程佳三,女,大三,11班,2005-09-27,18171175306,20221006817@school.edu.cn
6818,20221006818,林博,女,大三,9班,2005-04-27,13122140082,20221006818@school.edu.cn
6819,20221006819,郭婷晨,女,大三,10班,2004-09-07,13577629035,20221006819@school.edu.cn
6820,20221006820,刘嫣雯,男,大三,8班,2005-02-11,15375510529,20221006820@school.edu.cn
6821,20221006821,林婕,男,大三,4班,2004-06-23,15258334378,20221006821@school.edu.cn
6822,20221006822,何珂坤,女,大三,10班,2004-07-01,15840878723,20221006822@school.edu.cn
6823,20221006823,李涵,男,大三,7班,2004-05-27,13662949924,20221006823@school.edu.cn
6824,20221006824,沈景瑶,男,大三,9班,2004-09-11,17688836120,20221006824@school.edu.cn
6825,20221006825,高妍瑶,女,大三,2班,2005-04-22,13062177147,20221006825@school.edu.cn
6826,20221006826,郑渲,男,大三,12班,2005-05-14,13769675939,20221006826@school.edu.cn
6827,20221006827,郭志,男,大三,8班,2005-09-21,18986044924,20221006827@school.edu.cn
6828,20221006828,谢翊熙,男,大三,9班,2004-09-11,15280863666,20221006828@school.edu.cn
6829,20221006829,韩琳琛,女,大三,4班,2004-06-13,15143591749,20221006829@school.edu.cn
6830,20221006830,朱颖,女,大三,9班,2004-05-09,13545055585,20221006830@school.edu.cn
6831,20221006831,曹宇宇,女,大三,7班,2005-06-08,17358869470,20221006831@school.edu.cn
6832,20221006832,杨明骞,女,大三,8班,2004-02-22,18203665887,20221006832@school.edu.cn
6833,20221006833,吴杰琳,男,大三,1班,2005-07-04,18898282879,20221006833@school.edu.cn
6834,20221006834,吴宸坤,男,大三,8班,2004-11-20,18914866523,20221006834@school.edu.cn
6835,20221006835,曹语一,女,大三,7班,2004-12-19,15556273769,20221006835@school.edu.cn
6836,20221006836,林姝诺,男,大三,6班,2004-11-01,13494220604,20221006836@school.edu.cn
6837,20221006837,傅七,女,大三,12班,2005-05-18,13129552846,20221006837@school.edu.cn
6838,20221006838,彭霖煜,男,大三,8班,2004-02-28,13107711298,20221006838@school.edu.cn
6839,20221006839,胡泓衡,男,大三,8班,2005-04-29,13788911870,20221006839@school.edu.cn
6840,20221006840,袁林琪,男,大三,1班,2005-12-19,15624277383,20221006840@school.edu.cn
6841,20221006841,梁四琪,男,大三,5班,2004-11-16,13082275455,20221006841@school.edu.cn
6842,20221006842,邓露浩,男,大三,5班,2005-10-18,18381115155,20221006842@school.edu.cn
6843,20221006843,谢彤子,女,大三,10班,2004-04-05,13556744141,20221006843@school.edu.cn
6844,20221006844,沈乐磊,女,大三,5班,2005-12-26,18955679294,20221006844@school.edu.cn
6845,20221006845,冯睿睿,男,大三,12班,2005-07-29,17620950401,20221006845@school.edu.cn
6846,20221006846,罗清珊,男,大三,11班,2004-03-17,13059931231,20221006846@school.edu.cn
6847,20221006847,程八欣,男,大三,12班,2005-06-06,15605734897,20221006847@school.edu.cn
6848,20221006848,邓婕博,女,大三,6班,2004-10-06,13667039694,20221006848@school.edu.cn
6849,20221006849,王乐芷,女,大三,11班,2005-05-15,13134450917,20221006849@school.edu.cn
6850,20221006850,沈雪芷,男,大三,12班,2004-12-16,15920949120,20221006850@school.edu.cn
6851,20221006851,彭思馥,女,大三,5班,2005-10-28,15750440800,20221006851@school.edu.cn
6852,20221006852,唐浩芸,男,大三,12班,2005-02-25,15260332192,20221006852@school.edu.cn
6853,20221006853,赵祺煜,女,大三,6班,2004-07-23,18523287471,20221006853@school.edu.cn
6854,20221006854,冯六宇,男,大三,6班,2005-06-30,15050657619,20221006854@school.edu.cn
6855,20221006855,罗彤琪,男,大三,12班,2004-08-23,18537875279,20221006855@school.edu.cn
6856,20221006856,程瑶,男,大三,3班,2004-11-22,13788475736,20221006856@school.edu.cn
6857,20221006857,韩乐蓉,女,大三,4班,2005-01-20,18249215271,20221006857@school.edu.cn
6858,20221006858,彭祺五,女,大三,10班,2005-09-08,13384556057,20221006858@school.edu.cn
6859,20221006859,沈宸霖,男,大三,9班,2004-05-06,13425623420,20221006859@school.edu.cn
6860,20221006860,曹文,女,大三,8班,2004-06-30,15768430311,20221006860@school.edu.cn
6861,20221006861,徐彤娅,女,大三,4班,2005-12-29,18221130483,20221006861@school.edu.cn
6862,20221006862,梁佳五,男,大三,9班,2004-04-25,13395080491,20221006862@school.edu.cn
6863,20221006863,赵宇璐,女,大三,3班,2004-12-03,17633968807,20221006863@school.edu.cn
6864,20221006864,曾菲扬,女,大三,9班,2004-10-17,17723806489,20221006864@school.edu.cn
6865,20221006865,孙沁,男,大三,3班,2005-03-24,18227567375,20221006865@school.edu.cn
6866,20221006866,高语,男,大三,8班,2005-12-01,18702613674,20221006866@school.edu.cn
6867,20221006867,梁锦,女,大三,7班,2004-07-04,15007444738,20221006867@school.edu.cn
6868,20221006868,冯宁铠,女,大三,8班,2004-10-26,18825866255,20221006868@school.edu.cn
6869,20221006869,谢筱,女,大三,11班,2005-12-19,15801793159,20221006869@school.edu.cn
6870,20221006870,高三,女,大三,1班,2005-07-13,17822027212,20221006870@school.edu.cn
6871,20221006871,徐颖一,男,大三,7班,2004-09-26,13140856320,20221006871@school.edu.cn
6872,20221006872,陈瑞琳,女,大三,2班,2005-06-25,13532818438,20221006872@school.edu.cn
6873,20221006873,吴雨,女,大三,8班,2005-03-23,18217007535,20221006873@school.edu.cn
6874,20221006874,傅依钰,男,大三,4班,2004-09-04,13467247775,20221006874@school.edu.cn
6875,20221006875,宋雅,男,大三,1班,2004-03-09,13420430838,20221006875@school.edu.cn
6876,20221006876,沈沁坤,女,大三,3班,2004-11-03,13087188927,20221006876@school.edu.cn
6877,20221006877,杨祺驰,女,大三,5班,2004-04-20,18175203765,20221006877@school.edu.cn
6878,20221006878,马瑜航,男,大三,5班,2004-05-07,13031730098,20221006878@school.edu.cn
6879,20221006879,罗启辰,男,大三,2班,2004-01-26,18097684136,20221006879@school.edu.cn
6880,20221006880,吕杰妍,女,大三,5班,2005-02-20,15345280539,20221006880@school.edu.cn
6881,20221006881,杨璇琳,男,大三,11班,2004-05-25,13614435782,20221006881@school.edu.cn
6882,20221006882,杨沁,女,大三,3班,2005-06-02,18620037731,20221006882@school.edu.cn
6883,20221006883,于琳萌,男,大三,1班,2005-09-10,17883769870,20221006883@school.edu.cn
6884,20221006884,董婕蓉,女,大三,2班,2005-06-24,18347229689,20221006884@school.edu.cn
6885,20221006885,周珺,女,大三,9班,2004-02-26,13470467654,20221006885@school.edu.cn
6886,20221006886,冯涵扬,女,大三,10班,2005-02-09,13849109110,20221006886@school.edu.cn
6887,20221006887,郑瑾衡,女,大三,8班,2005-06-22,15791585222,20221006887@school.edu.cn
6888,20221006888,胡若,女,大三,2班,2004-12-20,15792109370,20221006888@school.edu.cn
6889,20221006889,曾莹蓉,女,大三,12班,2004-08-11,13269844702,20221006889@school.edu.cn
6890,20221006890,傅八琪,男,大三,8班,2004-03-15,15899197754,20221006890@school.edu.cn
6891,20221006891,罗沁颖,男,大三,12班,2004-11-19,18649267316,20221006891@school.edu.cn
6892,20221006892,吴腾,男,大三,1班,2004-09-21,13284337991,20221006892@school.edu.cn
6893,20221006893,于婕芸,男,大三,3班,2004-08-02,13116727401,20221006893@school.edu.cn
6894,20221006894,胡瑾,男,大三,2班,2005-06-07,15007118841,20221006894@school.edu.cn
6895,20221006895,朱淇,女,大三,2班,2005-11-07,18298576597,20221006895@school.edu.cn
6896,20221006896,许彤子,女,大三,11班,2004-12-19,15120781969,20221006896@school.edu.cn
6897,20221006897,郭雪,女,大三,10班,2005-11-28,15589205170,20221006897@school.edu.cn
6898,20221006898,唐清萌,女,大三,11班,2004-07-30,13788546013,20221006898@school.edu.cn
6899,20221006899,邓雨萌,女,大三,10班,2005-01-30,13078869049,20221006899@school.edu.cn
6900,20221006900,王彤一,女,大三,8班,2005-07-29,13201287479,20221006900@school.edu.cn
6901,20221006901,萧睿欣,女,大三,6班,2004-07-12,13727373565,20221006901@school.edu.cn
6902,20221006902,郭颖五,男,大三,6班,2005-08-05,18609722306,20221006902@school.edu.cn
6903,20221006903,沈景琪,男,大三,9班,2005-02-26,18100486649,20221006903@school.edu.cn
6904,20221006904,郑彦霄,女,大三,7班,2005-09-26,17789746152,20221006904@school.edu.cn
6905,20221006905,高浩希,女,大三,8班,2005-01-24,17727173767,20221006905@school.edu.cn
6906,20221006906,邓涵泽,女,大三,11班,2004-04-29,17512107082,20221006906@school.edu.cn
6907,20221006907,马明欣,女,大三,5班,2004-09-22,15028629799,20221006907@school.edu.cn
6908,20221006908,谢筱,女,大三,1班,2005-07-10,18769577371,20221006908@school.edu.cn
6909,20221006909,李泓,女,大三,12班,2004-10-06,15832797931,20221006909@school.edu.cn
6910,20221006910,曾沁,女,大三,5班,2005-03-29,18961789536,20221006910@school.edu.cn
6911,20221006911,沈文妍,男,大三,2班,2004-05-06,13065638534,20221006911@school.edu.cn
6912,20221006912,傅颖,女,大三,8班,2005-01-26,15376442109,20221006912@school.edu.cn
6913,20221006913,谢泽,男,大三,8班,2005-01-01,15809628421,20221006913@school.edu.cn
6914,20221006914,谢茗,男,大三,3班,2004-07-17,17752469672,20221006914@school.edu.cn
6915,20221006915,董宇九,女,大三,12班,2004-01-15,15870453509,20221006915@school.edu.cn
6916,20221006916,萧祺骐,女,大三,3班,2005-03-23,13552403723,20221006916@school.edu.cn
6917,20221006917,马宁凯,女,大三,8班,2004-01-06,15119457464,20221006917@school.edu.cn
6918,20221006918,郑子雯,女,大三,6班,2004-10-28,18514850615,20221006918@school.edu.cn
6919,20221006919,周乐霖,男,大三,3班,2004-10-16,15978232976,20221006919@school.edu.cn
6920,20221006920,许思八,男,大三,12班,2004-09-03,15727451619,20221006920@school.edu.cn
6921,20221006921,徐泓五,男,大三,2班,2004-10-18,13626821667,20221006921@school.edu.cn
6922,20221006922,何羽婧,男,大三,4班,2004-11-17,13990338492,20221006922@school.edu.cn
6923,20221006923,萧一,男,大三,8班,2005-05-09,13934682873,20221006923@school.edu.cn
6924,20221006924,刘雅文,女,大三,9班,2004-01-31,17752340439,20221006924@school.edu.cn
6925,20221006925,刘宁泽,男,大三,1班,2004-09-01,18511318771,20221006925@school.edu.cn
6926,20221006926,林菲,女,大三,3班,2004-06-06,18382149602,20221006926@school.edu.cn
6927,20221006927,傅晨煜,男,大三,10班,2005-03-12,15880798972,20221006927@school.edu.cn
6928,20221006928,李杰阳,男,大三,9班,2004-09-28,15198128952,20221006928@school.edu.cn
6929,20221006929,张宥,女,大三,9班,2005-02-05,15663031066,20221006929@school.edu.cn
6930,20221006930,唐沁颖,女,大三,9班,2004-08-13,18503058189,20221006930@school.edu.cn
6931,20221006931,王姝,女,大三,4班,2005-03-13,18090537788,20221006931@school.edu.cn
6932,20221006932,许婕,男,大三,8班,2005-04-23,17540553139,20221006932@school.edu.cn
6933,20221006933,周岚磊,男,大三,5班,2004-01-07,18132884288,20221006933@school.edu.cn
6934,20221006934,唐腾芷,女,大三,4班,2005-08-01,13963020845,20221006934@school.edu.cn
6935,20221006935,程子蓉,女,大三,6班,2004-03-14,13934039897,20221006935@school.edu.cn
6936,20221006936,马九萱,女,大三,10班,2004-08-21,15119882655,20221006936@school.edu.cn
6937,20221006937,林启,男,大三,2班,2005-12-27,13771527291,20221006937@school.edu.cn
6938,20221006938,刘腾钰,男,大三,4班,2005-12-27,13906611155,20221006938@school.edu.cn
6939,20221006939,曾浩,女,大三,5班,2004-10-31,17729614732,20221006939@school.edu.cn
6940,20221006940,宋颖煜,女,大三,7班,2005-10-19,13540838087,20221006940@school.edu.cn
6941,20221006941,彭志,女,大三,7班,2004-04-28,17881616961,20221006941@school.edu.cn
6942,20221006942,董语诺,男,大三,5班,2005-07-09,13020326215,20221006942@school.edu.cn
6943,20221006943,许泓文,女,大三,11班,2005-01-13,18196218169,20221006943@school.edu.cn
6944,20221006944,徐凯悦,女,大三,3班,2004-04-16,18118211640,20221006944@school.edu.cn
6945,20221006945,孙乐馥,女,大三,12班,2004-04-01,17604574701,20221006945@school.edu.cn
6946,20221006946,高霖,男,大三,12班,2005-06-13,13853397499,20221006946@school.edu.cn
6947,20221006947,罗一萌,男,大三,1班,2004-02-16,15980471637,20221006947@school.edu.cn
6948,20221006948,陈睿四,男,大三,4班,2005-02-20,13419582438,20221006948@school.edu.cn
6949,20221006949,吕梓四,男,大三,6班,2004-02-26,15885035261,20221006949@school.edu.cn
6950,20221006950,董四晟,女,大三,8班,2005-09-01,13348814361,20221006950@school.edu.cn
6951,20221006951,郭星瑜,男,大三,1班,2005-05-24,13505880347,20221006951@school.edu.cn
6952,20221006952,梁岚函,男,大三,4班,2004-08-04,17771703506,20221006952@school.edu.cn
6953,20221006953,董二怡,女,大三,9班,2005-01-23,15034513213,20221006953@school.edu.cn
6954,20221006954,唐清悦,女,大三,12班,2004-10-02,15564370186,20221006954@school.edu.cn
6955,20221006955,张瑾,女,大三,9班,2004-06-10,17534705032,20221006955@school.edu.cn
6956,20221006956,梁婕一,女,大三,8班,2004-12-08,13324148107,20221006956@school.edu.cn
6957,20221006957,李琳雯,女,大三,9班,2004-10-10,15829313113,20221006957@school.edu.cn
6958,20221006958,张珂,女,大三,1班,2005-03-04,15021317433,20221006958@school.edu.cn
6959,20221006959,马欣航,女,大三,8班,2004-03-15,15718697001,20221006959@school.edu.cn
6960,20221006960,冯浩晨,女,大三,8班,2005-08-14,18961079721,20221006960@school.edu.cn
6961,20221006961,郭二琪,女,大三,4班,2004-09-07,13215905682,20221006961@school.edu.cn
6962,20221006962,沈乐,女,大三,1班,2004-07-30,13871968437,20221006962@school.edu.cn
6963,20221006963,袁二帆,女,大三,9班,2004-04-02,13848611587,20221006963@school.edu.cn
6964,20221006964,彭六明,男,大三,7班,2005-03-14,18377127519,20221006964@school.edu.cn
6965,20221006965,陈沁,女,大三,11班,2005-12-09,17730233690,20221006965@school.edu.cn
6966,20221006966,曹彤阳,女,大三,11班,2005-12-06,13524271381,20221006966@school.edu.cn
6967,20221006967,徐珂,女,大三,6班,2005-04-08,13072147133,20221006967@school.edu.cn
6968,20221006968,张奕,男,大三,4班,2004-08-28,13815911275,20221006968@school.edu.cn
6969,20221006969,黄志,女,大三,7班,2004-07-17,17807726073,20221006969@school.edu.cn
6970,20221006970,冯浩琪,男,大三,7班,2005-10-01,15902349516,20221006970@school.edu.cn
6971,20221006971,黄凯,女,大三,1班,2004-12-10,15331054523,20221006971@school.edu.cn
6972,20221006972,徐嘉浩,女,大三,4班,2004-09-28,17395510745,20221006972@school.edu.cn
6973,20221006973,王清,女,大三,8班,2004-09-29,18591406073,20221006973@school.edu.cn
6974,20221006974,孙珂,女,大三,6班,2005-11-03,13468808164,20221006974@school.edu.cn
6975,20221006975,周宁浩,女,大三,1班,2004-10-18,18953400268,20221006975@school.edu.cn
6976,20221006976,马芸珏,女,大三,2班,2004-02-01,15009927426,20221006976@school.edu.cn
6977,20221006977,陈五,女,大三,7班,2004-02-27,17558506401,20221006977@school.edu.cn
6978,20221006978,郭瑞涵,女,大三,8班,2004-06-18,13494034458,20221006978@school.edu.cn
6979,20221006979,萧珺煜,女,大三,9班,2005-10-23,13559189850,20221006979@school.edu.cn
6980,20221006980,黄宥祺,女,大三,12班,2004-04-15,13116234826,20221006980@school.edu.cn
6981,20221006981,罗二四,女,大三,5班,2005-05-30,18146890161,20221006981@school.edu.cn
6982,20221006982,刘奚琪,女,大三,6班,2004-07-20,13999544713,20221006982@school.edu.cn
6983,20221006983,傅淇,男,大三,4班,2004-09-19,18524697451,20221006983@school.edu.cn
6984,20221006984,黄佳霄,女,大三,3班,2005-12-04,15356897477,20221006984@school.edu.cn
6985,20221006985,罗泓妍,男,大三,9班,2004-01-17,17304812092,20221006985@school.edu.cn
6986,20221006986,冯菲芷,男,大三,9班,2005-09-06,13040099485,20221006986@school.edu.cn
6987,20221006987,沈茗阳,女,大三,9班,2004-08-25,15740752419,20221006987@school.edu.cn
6988,20221006988,王志驰,男,大三,5班,2004-07-11,18388042979,20221006988@school.edu.cn
6989,20221006989,郭宸帆,女,大三,1班,2005-06-01,15237669380,20221006989@school.edu.cn
6990,20221006990,韩思,男,大三,4班,2005-05-02,15723792272,20221006990@school.edu.cn
6991,20221006991,宋星雯,男,大三,10班,2004-10-15,18550450051,20221006991@school.edu.cn
6992,20221006992,郭八航,男,大三,12班,2005-11-08,17379852828,20221006992@school.edu.cn
6993,20221006993,唐乐希,男,大三,6班,2004-04-20,18504179618,20221006993@school.edu.cn
6994,20221006994,罗雪,女,大三,8班,2004-03-16,13624219804,20221006994@school.edu.cn
6995,20221006995,谢颖,男,大三,7班,2005-05-08,13685962179,20221006995@school.edu.cn
6996,20221006996,张瑾,女,大三,3班,2004-06-05,13512218845,20221006996@school.edu.cn
6997,20221006997,高泽洁,女,大三,1班,2005-05-17,13448359864,20221006997@school.edu.cn
6998,20221006998,李星霖,男,大三,7班,2004-12-31,17512643185,20221006998@school.edu.cn
6999,20221006999,梁祺锴,男,大三,3班,2004-08-09,18906284347,20221006999@school.edu.cn
7000,20221007000,吴依,女,大三,4班,2004-01-05,13355602733,20221007000@school.edu.cn
7001,20221007001,谢锦,男,大三,2班,2004-03-25,17794318715,20221007001@school.edu.cn
7002,20221007002,赵乐希,男,大三,11班,2004-02-25,13150492451,20221007002@school.edu.cn
7003,20221007003,郑锦琛,男,大三,3班,2005-01-24,13961510159,20221007003@school.edu.cn
7004,20221007004,唐嘉诺,女,大三,3班,2004-12-12,13056868923,20221007004@school.edu.cn
7005,20221007005,高启,男,大三,3班,2004-09-26,18871478960,20221007005@school.edu.cn
7006,20221007006,冯宁渝,女,大三,11班,2005-10-09,13111257146,20221007006@school.edu.cn
7007,20221007007,唐凯,女,大三,8班,2005-04-03,13387089343,20221007007@school.edu.cn
7008,20221007008,郑翊昊,女,大三,8班,2005-07-03,17397943936,20221007008@school.edu.cn
7009,20221007009,曾明,男,大三,11班,2004-02-22,18293697604,20221007009@school.edu.cn
7010,20221007010,高思铠,男,大三,11班,2005-02-16,18105407341,20221007010@school.edu.cn
7011,20221007011,沈露,男,大三,3班,2005-10-02,18742535160,20221007011@school.edu.cn
7012,20221007012,袁茗娅,女,大三,4班,2005-02-17,15275803939,20221007012@school.edu.cn
7013,20221007013,傅宁,男,大三,7班,2004-10-23,13158703431,20221007013@school.edu.cn
7014,20221007014,张泓琳,男,大三,8班,2004-10-08,18625889266,20221007014@school.edu.cn
7015,20221007015,董宁珊,男,大三,9班,2005-07-04,17315958159,20221007015@school.edu.cn
7016,20221007016,王腾钰,男,大三,1班,2005-03-24,18170909720,20221007016@school.edu.cn
7017,20221007017,董宥驰,女,大三,9班,2004-05-30,13678843253,20221007017@school.edu.cn
7018,20221007018,张芸,男,大三,6班,2005-05-14,13958616434,20221007018@school.edu.cn
7019,20221007019,宋七,男,大三,7班,2005-09-25,13165318488,20221007019@school.edu.cn
7020,20221007020,马瑜琛,男,大三,6班,2004-05-26,18020324644,20221007020@school.edu.cn
7021,20221007021,谢佳轩,男,大三,1班,2005-05-01,13826674978,20221007021@school.edu.cn
7022,20221007022,陈腾哲,女,大三,4班,2005-04-10,13219485571,20221007022@school.edu.cn
7023,20221007023,宋曜祺,女,大三,7班,2005-02-02,13812465155,20221007023@school.edu.cn
7024,20221007024,彭锦,女,大三,9班,2004-07-24,18899943029,20221007024@school.edu.cn
7025,20221007025,曹祺,女,大三,10班,2005-07-08,18547520864,20221007025@school.edu.cn
7026,20221007026,沈清浩,男,大三,7班,2004-10-03,13295473462,20221007026@school.edu.cn
7027,20221007027,张四腾,男,大三,8班,2005-09-25,17689052594,20221007027@school.edu.cn
7028,20221007028,周嫣四,男,大三,8班,2005-01-01,13977402466,20221007028@school.edu.cn
7029,20221007029,许泓,女,大三,11班,2004-07-29,17831197618,20221007029@school.edu.cn
7030,20221007030,何妍,女,大三,7班,2005-01-27,15319709588,20221007030@school.edu.cn
7031,20221007031,吕芸,女,大三,2班,2004-12-16,13020966469,20221007031@school.edu.cn
7032,20221007032,许宇馥,男,大三,10班,2005-03-02,18198419020,20221007032@school.edu.cn
7033,20221007033,许莹泽,女,大三,12班,2005-02-22,13138834598,20221007033@school.edu.cn
7034,20221007034,马宁六,女,大三,5班,2005-05-22,15330441972,20221007034@school.edu.cn
7035,20221007035,唐茗,女,大三,7班,2004-01-18,15707242029,20221007035@school.edu.cn
7036,20221007036,董瑶,男,大三,12班,2005-08-13,18349869733,20221007036@school.edu.cn
7037,20221007037,于宸钰,女,大三,7班,2004-08-30,13952414374,20221007037@school.edu.cn
7038,20221007038,马瑶亦,男,大三,10班,2004-06-13,15304677905,20221007038@school.edu.cn
7039,20221007039,李彦,男,大三,6班,2005-04-02,17666473916,20221007039@school.edu.cn
7040,20221007040,沈林航,女,大三,6班,2005-11-17,18347273859,20221007040@school.edu.cn
7041,20221007041,孙婕,女,大三,7班,2004-04-01,13597907219,20221007041@school.edu.cn
7042,20221007042,高淇,女,大三,4班,2004-06-18,17858066645,20221007042@school.edu.cn
7043,20221007043,袁雅,男,大三,12班,2004-01-14,15625781003,20221007043@school.edu.cn
7044,20221007044,郑乐航,男,大三,1班,2005-05-02,15166169736,20221007044@school.edu.cn
7045,20221007045,梁琳希,女,大三,2班,2004-03-09,18536673557,20221007045@school.edu.cn
7046,20221007046,彭璇萱,女,大三,6班,2004-10-29,15603491232,20221007046@school.edu.cn
7047,20221007047,冯婷,男,大三,3班,2005-03-06,17684663320,20221007047@school.edu.cn
7048,20221007048,张依,男,大三,3班,2004-04-11,13932389702,20221007048@school.edu.cn
7049,20221007049,林雪,女,大三,3班,2005-11-07,13017493586,20221007049@school.edu.cn
7050,20221007050,曹启琳,男,大三,11班,2004-01-13,13109234779,20221007050@school.edu.cn
7051,20221007051,李泓驰,男,大三,10班,2004-12-08,18287906931,20221007051@school.edu.cn
7052,20221007052,彭瑶涵,女,大三,3班,2005-05-07,18982319092,20221007052@school.edu.cn
7053,20221007053,张宸悦,男,大三,7班,2005-09-16,18869719657,20221007053@school.edu.cn
7054,20221007054,马羽一,男,大三,5班,2005-10-19,15527808017,20221007054@school.edu.cn
7055,20221007055,梁三衡,女,大三,6班,2004-02-09,13432775145,20221007055@school.edu.cn
7056,20221007056,黄宇三,女,大三,2班,2005-05-19,13610957887,20221007056@school.edu.cn
7057,20221007057,李珺雯,男,大三,10班,2005-04-23,13499543692,20221007057@school.edu.cn
7058,20221007058,梁颖明,女,大三,6班,2004-09-02,15612202666,20221007058@school.edu.cn
7059,20221007059,谢四宁,女,大三,7班,2004-01-04,13773415514,20221007059@school.edu.cn
7060,20221007060,马宸文,男,大三,2班,2004-06-25,13777085808,20221007060@school.edu.cn
7061,20221007061,萧星琪,女,大三,10班,2004-07-26,15842558594,20221007061@school.edu.cn
7062,20221007062,郭瑜航,男,大三,6班,2004-06-05,15365978395,20221007062@school.edu.cn
7063,20221007063,冯依,女,大三,11班,2004-05-31,15042770442,20221007063@school.edu.cn
7064,20221007064,韩泓哲,女,大三,8班,2004-05-13,18558956225,20221007064@school.edu.cn
7065,20221007065,傅霖斌,女,大三,2班,2004-08-23,13107533273,20221007065@school.edu.cn
7066,20221007066,袁嘉,男,大三,5班,2005-07-06,13041488527,20221007066@school.edu.cn
7067,20221007067,谢彦,男,大三,2班,2005-09-02,13954488816,20221007067@school.edu.cn
7068,20221007068,郭宁,男,大三,3班,2004-11-20,17853854560,20221007068@school.edu.cn
7069,20221007069,王志瑶,男,大三,10班,2005-12-16,18313511086,20221007069@school.edu.cn
7070,20221007070,黄珂航,女,大三,2班,2004-10-03,15140883170,20221007070@school.edu.cn
7071,20221007071,陈瑶扬,男,大三,8班,2005-01-12,13363526665,20221007071@school.edu.cn
7072,20221007072,许奚帆,男,大三,10班,2005-08-03,17501520999,20221007072@school.edu.cn
7073,20221007073,谢宥明,女,大三,5班,2005-06-27,15809993145,20221007073@school.edu.cn
7074,20221007074,李腾,男,大三,12班,2005-09-26,17532996355,20221007074@school.edu.cn
7075,20221007075,周筱,女,大三,1班,2004-07-27,15205075053,20221007075@school.edu.cn
7076,20221007076,董瑾志,男,大三,11班,2005-07-22,18265930132,20221007076@school.edu.cn
7077,20221007077,曹宸娅,男,大三,10班,2005-01-16,15618506600,20221007077@school.edu.cn
7078,20221007078,董四熙,男,大三,9班,2005-06-29,17895325645,20221007078@school.edu.cn
7079,20221007079,何嘉欣,男,大三,2班,2004-02-23,13546204179,20221007079@school.edu.cn
7080,20221007080,孙子一,男,大三,2班,2005-05-16,13459853929,20221007080@school.edu.cn
7081,20221007081,陈茗骐,男,大三,1班,2004-04-08,18783426364,20221007081@school.edu.cn
7082,20221007082,黄睿芸,女,大三,3班,2005-02-22,13404241630,20221007082@school.edu.cn
7083,20221007083,程启致,男,大三,9班,2005-01-10,18671264563,20221007083@school.edu.cn
7084,20221007084,李淇珊,女,大三,1班,2005-07-22,15384384201,20221007084@school.edu.cn
7085,20221007085,王泽,女,大三,12班,2004-05-06,17510368444,20221007085@school.edu.cn
7086,20221007086,韩昭辰,女,大三,1班,2004-03-21,13414646488,20221007086@school.edu.cn
7087,20221007087,萧曜驰,男,大三,3班,2005-10-05,15280378606,20221007087@school.edu.cn
7088,20221007088,冯梓颖,女,大三,10班,2004-08-04,13790535637,20221007088@school.edu.cn
7089,20221007089,李奕睿,女,大三,9班,2005-05-01,15699991565,20221007089@school.edu.cn
7090,20221007090,曹涵昊,女,大三,1班,2005-04-01,17855082350,20221007090@school.edu.cn
7091,20221007091,张瑜瑶,男,大三,6班,2004-09-06,18077236225,20221007091@school.edu.cn
7092,20221007092,黄彤晟,男,大三,5班,2005-04-26,13260408024,20221007092@school.edu.cn
7093,20221007093,许二欣,女,大三,8班,2004-10-10,13516712230,20221007093@school.edu.cn
7094,20221007094,萧沁,女,大三,12班,2005-05-05,17536512455,20221007094@school.edu.cn
7095,20221007095,周志,男,大三,3班,2004-02-22,13160904491,20221007095@school.edu.cn
7096,20221007096,谢杰,男,大三,4班,2005-03-02,13175073285,20221007096@school.edu.cn
7097,20221007097,胡珂泽,女,大三,7班,2004-10-20,13949658161,20221007097@school.edu.cn
7098,20221007098,梁四,男,大三,7班,2005-05-08,18310314116,20221007098@school.edu.cn
7099,20221007099,马颖致,男,大三,3班,2004-02-08,13315457225,20221007099@school.edu.cn
7100,20221007100,冯启娜,女,大三,4班,2004-08-30,17311713096,20221007100@school.edu.cn
7101,20221007101,吴思凯,女,大三,6班,2004-02-20,13084740015,20221007101@school.edu.cn
7102,20221007102,林欣凯,男,大三,1班,2004-10-23,17560697092,20221007102@school.edu.cn
7103,20221007103,唐八涵,女,大三,3班,2004-10-29,17878119455,20221007103@school.edu.cn
7104,20221007104,赵启琪,男,大三,11班,2005-10-28,18854142892,20221007104@school.edu.cn
7105,20221007105,董六七,男,大三,11班,2004-06-05,13749949928,20221007105@school.edu.cn
7106,20221007106,孙若,男,大三,2班,2004-09-04,18607623619,20221007106@school.edu.cn
7107,20221007107,李妍,男,大三,3班,2005-10-04,17698770552,20221007107@school.edu.cn
7108,20221007108,王妍,女,大三,7班,2004-10-14,15702715271,20221007108@school.edu.cn
7109,20221007109,周启琪,女,大三,4班,2005-08-18,13071877734,20221007109@school.edu.cn
7110,20221007110,于姝滢,女,大三,2班,2004-01-03,18888966086,20221007110@school.edu.cn
7111,20221007111,何二御,男,大三,7班,2005-03-02,18866960559,20221007111@school.edu.cn
7112,20221007112,高奕蓉,男,大三,12班,2005-09-13,13809108445,20221007112@school.edu.cn
7113,20221007113,梁宁亦,女,大三,1班,2004-06-17,13787692157,20221007113@school.edu.cn
7114,20221007114,李宁,男,大三,4班,2005-04-17,15575853863,20221007114@school.edu.cn
7115,20221007115,傅菲宇,女,大三,5班,2004-10-18,18028462169,20221007115@school.edu.cn
7116,20221007116,郭涵萌,女,大三,4班,2004-02-25,13227649016,20221007116@school.edu.cn
7117,20221007117,沈姝,男,大三,8班,2005-07-29,17837669998,20221007117@school.edu.cn
7118,20221007118,程茗,女,大三,5班,2005-09-25,13935677659,20221007118@school.edu.cn
7119,20221007119,陈嘉三,男,大三,6班,2004-04-01,18855449738,20221007119@school.edu.cn
7120,20221007120,梁浩,女,大三,2班,2005-01-31,13288119585,20221007120@school.edu.cn
7121,20221007121,彭芸,女,大三,10班,2005-03-19,13122754768,20221007121@school.edu.cn
7122,20221007122,朱颖璐,女,大三,1班,2004-07-22,18845563539,20221007122@school.edu.cn
7123,20221007123,吕岚霄,女,大三,8班,2005-07-08,18126551061,20221007123@school.edu.cn
7124,20221007124,王雅,女,大三,10班,2005-07-18,15648926345,20221007124@school.edu.cn
7125,20221007125,周岚,女,大三,1班,2004-09-15,15821823311,20221007125@school.edu.cn
7126,20221007126,宋星滢,男,大三,12班,2004-06-14,13213158059,20221007126@school.edu.cn
7127,20221007127,黄嫣瑾,男,大三,9班,2005-10-04,17651021870,20221007127@school.edu.cn
7128,20221007128,郭林宁,男,大三,10班,2004-08-04,15323040061,20221007128@school.edu.cn
7129,20221007129,傅子宁,女,大三,1班,2004-05-18,15346771382,20221007129@school.edu.cn
7130,20221007130,张序骁,女,大三,1班,2005-07-10,13605553172,20221007130@school.edu.cn
7131,20221007131,杨菲萌,女,大三,10班,2005-07-18,15654119787,20221007131@school.edu.cn
7132,20221007132,刘清昊,女,大三,1班,2004-05-29,13084137214,20221007132@school.edu.cn
7133,20221007133,孙翊衡,男,大三,10班,2004-06-08,17777049690,20221007133@school.edu.cn
7134,20221007134,韩雪颖,女,大三,12班,2005-10-24,15703885914,20221007134@school.edu.cn
7135,20221007135,杨婷潇,女,大三,1班,2005-06-19,18830544285,20221007135@school.edu.cn
7136,20221007136,许佳璐,男,大三,5班,2005-03-05,13240925360,20221007136@school.edu.cn
7137,20221007137,朱凯瑾,女,大三,3班,2005-04-24,15957844878,20221007137@school.edu.cn
7138,20221007138,冯渲璐,男,大三,4班,2005-07-04,18186129522,20221007138@school.edu.cn
7139,20221007139,曾霖焱,男,大三,9班,2005-03-07,15100756565,20221007139@school.edu.cn
7140,20221007140,张凯,男,大三,5班,2004-12-14,13106479769,20221007140@school.edu.cn
7141,20221007141,吕珂珂,女,大三,9班,2004-01-01,13346428308,20221007141@school.edu.cn
7142,20221007142,董锦妍,女,大三,9班,2005-08-01,17573596849,20221007142@school.edu.cn
7143,20221007143,董三腾,女,大三,8班,2004-11-27,15112424401,20221007143@school.edu.cn
7144,20221007144,郑志,男,大三,10班,2005-03-22,13476411896,20221007144@school.edu.cn
7145,20221007145,胡六宇,女,大三,8班,2004-07-20,17704428221,20221007145@school.edu.cn
7146,20221007146,于启驰,男,大三,2班,2004-05-07,13716355585,20221007146@school.edu.cn
7147,20221007147,唐乐驰,女,大三,2班,2005-01-11,17869109192,20221007147@school.edu.cn
7148,20221007148,曾昭睿,女,大三,3班,2004-04-18,18902654620,20221007148@school.edu.cn
7149,20221007149,马岚琛,女,大三,10班,2004-05-05,18566182336,20221007149@school.edu.cn
7150,20221007150,彭瑾,女,大三,5班,2005-10-04,15503315351,20221007150@school.edu.cn
7151,20221007151,许茗浩,男,大三,1班,2004-08-23,15841431941,20221007151@school.edu.cn
7152,20221007152,周琳颖,男,大三,1班,2004-07-04,17780589365,20221007152@school.edu.cn
7153,20221007153,罗五哲,男,大三,1班,2004-05-04,17688246691,20221007153@school.edu.cn
7154,20221007154,胡景腾,女,大三,4班,2005-09-06,18189466077,20221007154@school.edu.cn
7155,20221007155,韩雨瑶,女,大三,6班,2004-11-07,15614387125,20221007155@school.edu.cn
7156,20221007156,冯启,男,大三,7班,2004-01-23,13099451410,20221007156@school.edu.cn
7157,20221007157,梁宁珂,男,大三,9班,2004-10-08,18996743453,20221007157@school.edu.cn
7158,20221007158,袁清三,女,大三,5班,2004-10-10,13302946407,20221007158@school.edu.cn
7159,20221007159,朱珂彤,男,大三,9班,2005-08-11,17728392930,20221007159@school.edu.cn
7160,20221007160,冯文,男,大三,4班,2004-08-31,18134791375,20221007160@school.edu.cn
7161,20221007161,高宁航,男,大三,6班,2004-10-10,18281873377,20221007161@school.edu.cn
7162,20221007162,冯雪四,男,大三,2班,2004-04-25,13723909284,20221007162@school.edu.cn
7163,20221007163,傅彦翎,女,大三,3班,2005-08-25,13912726437,20221007163@school.edu.cn
7164,20221007164,吕岚,女,大三,8班,2005-10-17,15324786353,20221007164@school.edu.cn
7165,20221007165,傅颖琪,女,大三,6班,2004-05-28,13172588533,20221007165@school.edu.cn
7166,20221007166,孙七希,女,大三,9班,2005-06-01,13034243908,20221007166@school.edu.cn
7167,20221007167,高沁,女,大三,11班,2004-08-12,15561725848,20221007167@school.edu.cn
7168,20221007168,何六驰,女,大三,2班,2004-03-06,15638801386,20221007168@school.edu.cn
7169,20221007169,萧宥九,女,大三,12班,2005-10-18,18900891155,20221007169@school.edu.cn
7170,20221007170,周启蓉,女,大三,8班,2005-09-18,13515689501,20221007170@school.edu.cn
7171,20221007171,张莹骞,男,大三,9班,2005-11-20,13031534867,20221007171@school.edu.cn
7172,20221007172,刘语然,男,大三,1班,2005-01-10,17550477040,20221007172@school.edu.cn
7173,20221007173,杨泽芸,男,大三,12班,2005-01-01,18035081697,20221007173@school.edu.cn
7174,20221007174,陈启可,男,大三,12班,2005-11-01,18769164610,20221007174@school.edu.cn
7175,20221007175,唐宸锴,女,大三,4班,2004-02-02,17566892904,20221007175@school.edu.cn
7176,20221007176,许霖五,女,大三,11班,2004-08-16,13821882607,20221007176@school.edu.cn
7177,20221007177,胡筱,女,大三,2班,2004-09-19,18083492993,20221007177@school.edu.cn
7178,20221007178,曾妍娅,男,大三,11班,2005-05-10,18297653259,20221007178@school.edu.cn
7179,20221007179,沈彤,女,大三,11班,2005-03-25,13718628772,20221007179@school.edu.cn
7180,20221007180,梁琳八,男,大三,4班,2004-05-24,15177621746,20221007180@school.edu.cn
7181,20221007181,董霖,男,大三,12班,2004-12-29,15070402831,20221007181@school.edu.cn
7182,20221007182,林翊坤,男,大三,3班,2004-11-13,15175138830,20221007182@school.edu.cn
7183,20221007183,胡曜然,女,大三,1班,2005-06-24,15770548084,20221007183@school.edu.cn
7184,20221007184,梁三,女,大三,2班,2005-01-07,15689335111,20221007184@school.edu.cn
7185,20221007185,高宁悦,男,大三,1班,2004-11-17,13941061672,20221007185@school.edu.cn
7186,20221007186,冯雨芷,男,大三,8班,2004-10-30,13396754475,20221007186@school.edu.cn
7187,20221007187,谢淇瑶,女,大三,1班,2004-04-05,13994300178,20221007187@school.edu.cn
7188,20221007188,邓珺瑾,女,大三,7班,2004-10-26,18199050513,20221007188@school.edu.cn
7189,20221007189,董宁潇,女,大三,8班,2004-12-08,15514285085,20221007189@school.edu.cn
7190,20221007190,刘博娅,男,大三,7班,2004-02-18,13904759060,20221007190@school.edu.cn
7191,20221007191,孙凯萱,女,大三,5班,2005-03-30,13369583401,20221007191@school.edu.cn
7192,20221007192,郭欣亦,男,大三,1班,2004-03-05,13138655901,20221007192@school.edu.cn
7193,20221007193,谢文琛,女,大三,4班,2005-03-16,15940275793,20221007193@school.edu.cn
7194,20221007194,曹五钰,男,大三,8班,2004-10-15,15322180768,20221007194@school.edu.cn
7195,20221007195,胡三,女,大三,8班,2005-02-06,15685775273,20221007195@school.edu.cn
7196,20221007196,黄菲骁,男,大三,6班,2004-10-22,18772318147,20221007196@school.edu.cn
7197,20221007197,李子衡,男,大三,5班,2004-03-26,15902620015,20221007197@school.edu.cn
7198,20221007198,孙梓蕾,女,大三,8班,2004-07-26,18695907971,20221007198@school.edu.cn
7199,20221007199,朱五,女,大三,8班,2004-06-08,15879946513,20221007199@school.edu.cn
7200,20221007200,刘五,男,大三,11班,2004-11-21,18290669926,20221007200@school.edu.cn
7201,20221007201,邓璇茹,女,大三,8班,2004-01-05,15006323352,20221007201@school.edu.cn
7202,20221007202,黄奕琛,男,大三,7班,2005-06-12,13080533229,20221007202@school.edu.cn
7203,20221007203,曾清,女,大三,4班,2004-09-10,13420564485,20221007203@school.edu.cn
7204,20221007204,彭瑶六,男,大三,11班,2004-12-04,15119964216,20221007204@school.edu.cn
7205,20221007205,彭渲浩,男,大三,4班,2004-12-21,18353198443,20221007205@school.edu.cn
7206,20221007206,罗奚煜,男,大三,6班,2004-05-04,13453651473,20221007206@school.edu.cn
7207,20221007207,邓睿霖,女,大三,4班,2005-12-11,17315899307,20221007207@school.edu.cn
7208,20221007208,吴雅祺,女,大三,11班,2004-05-07,18329700043,20221007208@school.edu.cn
7209,20221007209,王睿,男,大三,10班,2005-01-05,13868713724,20221007209@school.edu.cn
7210,20221007210,郭锦,男,大三,10班,2005-10-31,17357078303,20221007210@school.edu.cn
7211,20221007211,萧佳致,女,大三,6班,2004-08-01,13786994664,20221007211@school.edu.cn
7212,20221007212,董雨潇,男,大三,3班,2004-09-11,17524187522,20221007212@school.edu.cn
7213,20221007213,唐六二,男,大三,3班,2005-02-01,17321078640,20221007213@school.edu.cn
7214,20221007214,许琛,男,大三,8班,2004-05-16,17839676179,20221007214@school.edu.cn
7215,20221007215,罗菲芷,女,大三,12班,2004-12-18,17313236725,20221007215@school.edu.cn
7216,20221007216,沈翊航,男,大三,6班,2005-12-27,18191496216,20221007216@school.edu.cn
7217,20221007217,冯涵,男,大三,1班,2004-11-09,18102798626,20221007217@school.edu.cn
7218,20221007218,傅思晨,男,大三,4班,2005-08-03,15014830860,20221007218@school.edu.cn
7219,20221007219,林姝,男,大三,2班,2004-01-13,13169552260,20221007219@school.edu.cn
7220,20221007220,袁晨珏,女,大三,1班,2005-12-08,13416377952,20221007220@school.edu.cn
7221,20221007221,程凯,男,大三,11班,2005-03-06,15266869775,20221007221@school.edu.cn
7222,20221007222,吕泓,女,大三,1班,2004-05-27,13972189335,20221007222@school.edu.cn
7223,20221007223,傅雨然,女,大三,1班,2005-08-18,15709520995,20221007223@school.edu.cn
7224,20221007224,何奚希,女,大三,6班,2005-10-05,18372156728,20221007224@school.edu.cn
7225,20221007225,陈博蕾,女,大三,9班,2004-09-29,18018505247,20221007225@school.edu.cn
7226,20221007226,陈宁霖,男,大三,8班,2004-10-28,17367025553,20221007226@school.edu.cn
7227,20221007227,唐二驰,女,大三,5班,2004-06-24,18665449287,20221007227@school.edu.cn
7228,20221007228,宋瑜睿,男,大三,1班,2004-03-15,18092292207,20221007228@school.edu.cn
7229,20221007229,赵清睿,女,大三,12班,2004-01-31,13475850145,20221007229@school.edu.cn
7230,20221007230,吕博妍,女,大三,4班,2004-05-26,15702362654,20221007230@school.edu.cn
7231,20221007231,谢思煜,男,大三,2班,2004-08-16,18619541128,20221007231@school.edu.cn
7232,20221007232,徐志泽,男,大三,10班,2005-11-01,13012031910,20221007232@school.edu.cn
7233,20221007233,杨星扬,女,大三,2班,2005-11-27,17529503348,20221007233@school.edu.cn
7234,20221007234,宋岚潇,女,大三,5班,2004-05-16,13762429712,20221007234@school.edu.cn
7235,20221007235,张凯铠,男,大三,2班,2004-06-17,18703042835,20221007235@school.edu.cn
7236,20221007236,高八,男,大三,7班,2004-08-30,18311800866,20221007236@school.edu.cn
7237,20221007237,傅腾珂,女,大三,6班,2004-01-25,18035608062,20221007237@school.edu.cn
7238,20221007238,彭志怡,男,大三,1班,2005-09-21,13008028408,20221007238@school.edu.cn
7239,20221007239,郭彤二,男,大三,12班,2005-05-05,13783010598,20221007239@school.edu.cn
7240,20221007240,傅嫣御,男,大三,10班,2005-02-18,18587968711,20221007240@school.edu.cn
7241,20221007241,吴琛翎,女,大三,3班,2005-11-01,17806141195,20221007241@school.edu.cn
7242,20221007242,郑瑶,男,大三,4班,2005-10-31,15773535100,20221007242@school.edu.cn
7243,20221007243,王四驰,男,大三,9班,2005-03-17,15565002690,20221007243@school.edu.cn
7244,20221007244,赵一衡,男,大三,12班,2005-08-18,18953712913,20221007244@school.edu.cn
7245,20221007245,曾淇斌,男,大三,2班,2005-01-22,15988612524,20221007245@school.edu.cn
7246,20221007246,李曜然,女,大三,5班,2005-10-17,17702601741,20221007246@school.edu.cn
7247,20221007247,沈露滢,女,大三,6班,2004-01-04,17304715484,20221007247@school.edu.cn
7248,20221007248,黄志扬,女,大三,7班,2005-05-01,13068471634,20221007248@school.edu.cn
7249,20221007249,罗浩睿,男,大三,5班,2004-03-31,15592784917,20221007249@school.edu.cn
7250,20221007250,冯羽五,男,大三,7班,2004-08-17,13788419489,20221007250@school.edu.cn
7251,20221007251,宋晨晟,男,大三,12班,2005-03-23,18527251984,20221007251@school.edu.cn
7252,20221007252,梁渲煜,男,大三,5班,2005-10-18,13745503641,20221007252@school.edu.cn
7253,20221007253,萧八博,男,大三,12班,2005-11-16,15347952213,20221007253@school.edu.cn
7254,20221007254,朱彦,女,大三,11班,2004-06-08,15724574153,20221007254@school.edu.cn
7255,20221007255,刘璇滢,男,大三,10班,2005-07-05,15972518701,20221007255@school.edu.cn
7256,20221007256,郑清瑜,男,大三,10班,2004-12-08,18115192806,20221007256@school.edu.cn
7257,20221007257,韩颖潇,女,大三,9班,2005-10-18,13466543510,20221007257@school.edu.cn
7258,20221007258,程浩八,男,大三,7班,2004-01-17,15233453778,20221007258@school.edu.cn
7259,20221007259,郭七雪,女,大三,2班,2004-03-27,18043296784,20221007259@school.edu.cn
7260,20221007260,萧志七,男,大三,1班,2005-02-11,15642886193,20221007260@school.edu.cn
7261,20221007261,罗嫣芷,女,大三,10班,2004-03-31,18762455745,20221007261@school.edu.cn
7262,20221007262,罗雨辰,女,大三,8班,2004-06-25,15866333316,20221007262@school.edu.cn
7263,20221007263,傅珺馥,女,大三,12班,2004-08-30,18010577456,20221007263@school.edu.cn
7264,20221007264,张宁,男,大三,3班,2004-05-19,15668089756,20221007264@school.edu.cn
7265,20221007265,于浩阳,女,大三,10班,2005-09-10,13641907040,20221007265@school.edu.cn
7266,20221007266,王五宇,女,大三,1班,2004-11-17,15175537488,20221007266@school.edu.cn
7267,20221007267,张瑶悦,男,大三,4班,2004-12-12,13482460699,20221007267@school.edu.cn
7268,20221007268,吕清晟,女,大三,10班,2005-02-07,13781602445,20221007268@school.edu.cn
7269,20221007269,袁沁瑶,男,大三,9班,2004-03-15,13454040719,20221007269@school.edu.cn
7270,20221007270,冯雅诺,男,大三,12班,2004-11-29,13134317960,20221007270@school.edu.cn
7271,20221007271,袁瑶锴,女,大三,7班,2005-03-19,13062217259,20221007271@school.edu.cn
7272,20221007272,沈浩御,男,大三,3班,2005-02-08,18356384270,20221007272@school.edu.cn
7273,20221007273,于明希,女,大三,8班,2005-10-12,13743092443,20221007273@school.edu.cn
7274,20221007274,曹曜锴,男,大三,11班,2005-11-16,15181747237,20221007274@school.edu.cn
7275,20221007275,宋博馥,男,大三,2班,2005-04-27,13901844322,20221007275@school.edu.cn
7276,20221007276,于莹昊,女,大三,1班,2005-12-12,18714706663,20221007276@school.edu.cn
7277,20221007277,刘乐珂,女,大三,10班,2005-02-07,18216725418,20221007277@school.edu.cn
7278,20221007278,李瑶志,女,大三,9班,2005-12-22,15767547281,20221007278@school.edu.cn
7279,20221007279,何明钰,男,大三,8班,2004-09-12,13131203478,20221007279@school.edu.cn
7280,20221007280,于莹,女,大三,9班,2005-12-28,15319477979,20221007280@school.edu.cn
7281,20221007281,马婕煜,男,大三,7班,2004-06-06,18313431068,20221007281@school.edu.cn
7282,20221007282,朱乐,男,大三,6班,2004-07-03,15914858562,20221007282@school.edu.cn
7283,20221007283,刘珂,女,大三,11班,2005-05-02,18329300776,20221007283@school.edu.cn
7284,20221007284,吕彦诺,女,大三,3班,2005-01-05,13727608103,20221007284@school.edu.cn
7285,20221007285,赵芸彤,女,大三,6班,2004-06-17,18179848703,20221007285@school.edu.cn
7286,20221007286,曹浩,男,大三,12班,2004-07-17,18961473038,20221007286@school.edu.cn
7287,20221007287,赵嘉亦,女,大三,12班,2004-03-02,13722915007,20221007287@school.edu.cn
7288,20221007288,王一,男,大三,3班,2005-12-06,18755021823,20221007288@school.edu.cn
7289,20221007289,胡四辰,女,大三,8班,2005-03-03,13249541665,20221007289@school.edu.cn
7290,20221007290,张彦芸,男,大三,11班,2004-04-17,13464434683,20221007290@school.edu.cn
7291,20221007291,张昭祺,男,大三,1班,2005-04-19,18016053969,20221007291@school.edu.cn
7292,20221007292,程芸霄,男,大三,5班,2005-02-07,18332473255,20221007292@school.edu.cn
7293,20221007293,赵昭驰,男,大三,7班,2004-11-26,18117414493,20221007293@school.edu.cn
7294,20221007294,郑岚芷,男,大三,9班,2004-01-21,13084189990,20221007294@school.edu.cn
7295,20221007295,黄渲铠,女,大三,5班,2004-11-19,15236047791,20221007295@school.edu.cn
7296,20221007296,程博瑾,女,大三,12班,2005-09-30,13303433017,20221007296@school.edu.cn
7297,20221007297,黄瑶瑶,女,大三,12班,2005-12-18,17615578593,20221007297@school.edu.cn
7298,20221007298,邓一,男,大三,9班,2004-09-27,15364936776,20221007298@school.edu.cn
7299,20221007299,宋六,女,大三,4班,2004-03-02,17728010054,20221007299@school.edu.cn
7300,20221007300,许淇恺,女,大三,9班,2005-03-07,17878256542,20221007300@school.edu.cn
7301,20221007301,郑菲泽,女,大三,10班,2004-04-11,18620379024,20221007301@school.edu.cn
7302,20221007302,王婕凯,女,大三,3班,2004-03-12,17369555873,20221007302@school.edu.cn
7303,20221007303,吴九,女,大三,9班,2004-05-03,15654949263,20221007303@school.edu.cn
7304,20221007304,程腾,女,大三,12班,2004-09-26,15169324799,20221007304@school.edu.cn
7305,20221007305,吴祺御,女,大三,1班,2005-03-01,18862477351,20221007305@school.edu.cn
7306,20221007306,杨奚晨,女,大三,4班,2005-11-05,17395047434,20221007306@school.edu.cn
7307,20221007307,程祺宁,女,大三,8班,2004-01-05,17614782511,20221007307@school.edu.cn
7308,20221007308,许杰恺,男,大三,2班,2004-05-16,15176616884,20221007308@school.edu.cn
7309,20221007309,谢若,男,大三,1班,2005-10-18,13441799481,20221007309@school.edu.cn
7310,20221007310,周序,女,大三,8班,2005-11-30,17667309721,20221007310@school.edu.cn
7311,20221007311,萧语哲,女,大三,4班,2004-11-30,17300367600,20221007311@school.edu.cn
7312,20221007312,许婕,女,大三,3班,2004-03-08,15961253595,20221007312@school.edu.cn
7313,20221007313,孙昭煜,女,大三,7班,2004-07-25,18257252809,20221007313@school.edu.cn
7314,20221007314,高二,男,大三,1班,2004-06-09,13741982360,20221007314@school.edu.cn
7315,20221007315,周佳珏,男,大三,6班,2004-05-08,13632028187,20221007315@school.edu.cn
7316,20221007316,唐杰怡,女,大三,4班,2004-10-30,13912684608,20221007316@school.edu.cn
7317,20221007317,刘乐骞,女,大三,8班,2005-12-28,13485468704,20221007317@school.edu.cn
7318,20221007318,郑宇,女,大三,2班,2004-01-26,17573076278,20221007318@school.edu.cn
7319,20221007319,董林航,女,大三,1班,2004-06-07,18824460137,20221007319@school.edu.cn
7320,20221007320,马腾,女,大三,1班,2004-12-13,13211519007,20221007320@school.edu.cn
7321,20221007321,吴沁潇,男,大三,7班,2005-01-21,15126938741,20221007321@school.edu.cn
7322,20221007322,赵姝熙,女,大三,11班,2005-06-11,18667070516,20221007322@school.edu.cn
7323,20221007323,萧睿衡,女,大三,4班,2005-04-19,13770290353,20221007323@school.edu.cn
7324,20221007324,高欣珂,女,大三,8班,2005-10-07,18916139904,20221007324@school.edu.cn
7325,20221007325,董子,男,大三,5班,2005-12-09,13226574063,20221007325@school.edu.cn
7326,20221007326,吴彤霄,女,大三,2班,2005-02-18,15336146431,20221007326@school.edu.cn
7327,20221007327,冯宁琳,男,大三,6班,2004-10-07,13851359224,20221007327@school.edu.cn
7328,20221007328,沈彤骁,男,大三,10班,2005-12-18,18176398092,20221007328@school.edu.cn
7329,20221007329,许彤扬,女,大三,8班,2005-08-07,17370339315,20221007329@school.edu.cn
7330,20221007330,沈明浩,男,大三,6班,2005-10-20,18807669649,20221007330@school.edu.cn
7331,20221007331,傅羽蓉,女,大三,2班,2005-12-17,13144748536,20221007331@school.edu.cn
7332,20221007332,胡乐,男,大三,3班,2004-09-10,17847769019,20221007332@school.edu.cn
7333,20221007333,王珺铠,男,大三,7班,2005-04-23,13734460068,20221007333@school.edu.cn
7334,20221007334,曹莹芷,男,大三,6班,2005-07-29,18330500419,20221007334@school.edu.cn
7335,20221007335,周宥娅,女,大三,9班,2005-05-30,17522856866,20221007335@school.edu.cn
7336,20221007336,马启霖,女,大三,4班,2004-05-29,18126007615,20221007336@school.edu.cn
7337,20221007337,董璇磊,女,大三,9班,2004-05-14,13205070635,20221007337@school.edu.cn
7338,20221007338,陈景渝,女,大三,3班,2004-06-06,15677343629,20221007338@school.edu.cn
7339,20221007339,赵岚九,男,大三,10班,2005-09-07,13653419865,20221007339@school.edu.cn
7340,20221007340,曾珺茹,男,大三,9班,2004-05-30,13023173314,20221007340@school.edu.cn
7341,20221007341,林颖驰,男,大三,8班,2004-05-07,13004775797,20221007341@school.edu.cn
7342,20221007342,吴文驰,男,大三,11班,2005-06-04,13986009296,20221007342@school.edu.cn
7343,20221007343,黄彤琳,男,大三,10班,2005-12-06,18508545126,20221007343@school.edu.cn
7344,20221007344,傅祺二,男,大三,4班,2005-04-21,17314999978,20221007344@school.edu.cn
7345,20221007345,杨岚哲,女,大三,7班,2005-09-30,18202881319,20221007345@school.edu.cn
7346,20221007346,何凯六,女,大三,11班,2004-11-03,13851686034,20221007346@school.edu.cn
7347,20221007347,刘宸骁,男,大三,10班,2005-06-10,13230865456,20221007347@school.edu.cn
7348,20221007348,唐六四,女,大三,3班,2004-06-29,15181488631,20221007348@school.edu.cn
7349,20221007349,萧菲琪,男,大三,9班,2005-08-08,17808242355,20221007349@school.edu.cn
7350,20221007350,吴九昊,男,大三,11班,2005-02-26,18055852021,20221007350@school.edu.cn
7351,20221007351,陈若婧,女,大三,6班,2004-01-17,17682477253,20221007351@school.edu.cn
7352,20221007352,沈泽,女,大三,1班,2004-04-01,18150908494,20221007352@school.edu.cn
7353,20221007353,梁清,女,大三,3班,2005-10-29,18260749013,20221007353@school.edu.cn
7354,20221007354,董九六,女,大三,2班,2004-07-27,15747139817,20221007354@school.edu.cn
7355,20221007355,韩彦钰,女,大三,11班,2004-05-06,15644805778,20221007355@school.edu.cn
7356,20221007356,冯奚,女,大三,5班,2005-01-14,17383269770,20221007356@school.edu.cn
7357,20221007357,何浩雯,女,大三,9班,2004-02-10,15725635936,20221007357@school.edu.cn
7358,20221007358,冯婕锴,男,大三,9班,2005-12-21,13616664572,20221007358@school.edu.cn
7359,20221007359,梁露怡,女,大三,10班,2005-04-10,13710666604,20221007359@school.edu.cn
7360,20221007360,萧淇芸,女,大三,8班,2004-01-22,18885071600,20221007360@school.edu.cn
7361,20221007361,朱二,女,大三,10班,2004-07-22,13857063056,20221007361@school.edu.cn
7362,20221007362,杨二宁,女,大三,3班,2004-03-24,13649898879,20221007362@school.edu.cn
7363,20221007363,孙宁霖,男,大三,4班,2004-07-30,15888331996,20221007363@school.edu.cn
7364,20221007364,马五,男,大三,6班,2004-08-03,13683367804,20221007364@school.edu.cn
7365,20221007365,吴彦,男,大三,12班,2004-06-07,18822360802,20221007365@school.edu.cn
7366,20221007366,郭林,男,大三,4班,2005-06-26,18990077561,20221007366@school.edu.cn
7367,20221007367,唐涵,女,大三,10班,2005-06-22,18006402828,20221007367@school.edu.cn
7368,20221007368,胡宁晨,男,大三,12班,2005-07-08,17728871952,20221007368@school.edu.cn
7369,20221007369,何六祺,女,大三,11班,2004-08-28,15193917743,20221007369@school.edu.cn
7370,20221007370,彭宁瑶,男,大三,12班,2005-09-24,13644259500,20221007370@school.edu.cn
7371,20221007371,彭珺航,男,大三,11班,2004-02-25,13308950960,20221007371@school.edu.cn
7372,20221007372,邓睿,女,大三,2班,2004-03-06,18326158269,20221007372@school.edu.cn
7373,20221007373,周星霖,男,大三,1班,2005-04-11,18750694433,20221007373@school.edu.cn
7374,20221007374,许子芷,男,大三,5班,2005-02-26,18350288162,20221007374@school.edu.cn
7375,20221007375,曹奕,女,大三,2班,2005-11-20,18508793951,20221007375@school.edu.cn
7376,20221007376,傅瑜翎,女,大三,8班,2004-09-29,13294505171,20221007376@school.edu.cn
7377,20221007377,谢婷亦,女,大三,12班,2005-01-06,15771844761,20221007377@school.edu.cn
7378,20221007378,陈璇,女,大三,6班,2004-02-08,15721241103,20221007378@school.edu.cn
7379,20221007379,王六翎,男,大三,12班,2004-12-03,13916584372,20221007379@school.edu.cn
7380,20221007380,唐佳驰,男,大三,8班,2005-12-08,13334263200,20221007380@school.edu.cn
7381,20221007381,沈锦恺,男,大三,8班,2005-03-13,15837074754,20221007381@school.edu.cn
7382,20221007382,郭霖浩,男,大三,9班,2005-10-20,17561838047,20221007382@school.edu.cn
7383,20221007383,曹思,男,大三,3班,2005-09-10,13286507526,20221007383@school.edu.cn
7384,20221007384,郭思,男,大三,6班,2004-06-18,15635909185,20221007384@school.edu.cn
7385,20221007385,傅佳,男,大三,7班,2005-11-26,13811426334,20221007385@school.edu.cn
7386,20221007386,傅羽,女,大三,2班,2004-07-22,13602093444,20221007386@school.edu.cn
7387,20221007387,傅宇斌,男,大三,8班,2004-08-28,17869353473,20221007387@school.edu.cn
7388,20221007388,孙彦蓉,男,大三,11班,2005-04-24,18504274275,20221007388@school.edu.cn
7389,20221007389,徐茗,男,大三,5班,2005-10-07,18207873328,20221007389@school.edu.cn
7390,20221007390,唐欣骞,男,大三,11班,2005-02-01,13498468686,20221007390@school.edu.cn
7391,20221007391,胡星骞,女,大三,9班,2004-01-11,18716735309,20221007391@school.edu.cn
7392,20221007392,冯语,男,大三,4班,2005-12-27,17346726545,20221007392@school.edu.cn
7393,20221007393,胡嘉恺,男,大三,4班,2005-11-22,17305204872,20221007393@school.edu.cn
7394,20221007394,郭莹御,男,大三,7班,2004-12-29,15122226208,20221007394@school.edu.cn
7395,20221007395,沈佳函,女,大三,5班,2005-02-17,13933627551,20221007395@school.edu.cn
7396,20221007396,郑茗煜,男,大三,9班,2005-01-14,13052737528,20221007396@school.edu.cn
7397,20221007397,萧彦斌,男,大三,9班,2004-03-27,18058368407,20221007397@school.edu.cn
7398,20221007398,梁奚磊,男,大三,10班,2005-12-02,17833406369,20221007398@school.edu.cn
7399,20221007399,何婕腾,女,大三,7班,2004-05-21,15585448496,20221007399@school.edu.cn
7400,20221007400,宋景驰,女,大三,7班,2004-09-01,13539741259,20221007400@school.edu.cn
7401,20221007401,周露亦,男,大三,2班,2004-05-03,13161952472,20221007401@school.edu.cn
7402,20221007402,刘梓,女,大三,10班,2005-04-01,17757295412,20221007402@school.edu.cn
7403,20221007403,胡志,男,大三,1班,2004-01-23,13565338128,20221007403@school.edu.cn
7404,20221007404,谢乐,女,大三,7班,2004-05-17,13004241292,20221007404@school.edu.cn
7405,20221007405,韩星衡,男,大三,8班,2004-12-10,13436271289,20221007405@school.edu.cn
7406,20221007406,谢思文,男,大三,6班,2005-07-18,15265701583,20221007406@school.edu.cn
7407,20221007407,于瑾琪,男,大三,5班,2004-08-22,13080395772,20221007407@school.edu.cn
7408,20221007408,吕明潇,男,大三,12班,2005-11-08,17678186911,20221007408@school.edu.cn
7409,20221007409,程一彤,男,大三,2班,2005-01-08,18182456418,20221007409@school.edu.cn
7410,20221007410,王晨航,女,大三,10班,2005-04-21,18803195240,20221007410@school.edu.cn
7411,20221007411,袁彦八,男,大三,3班,2005-05-23,15092778466,20221007411@school.edu.cn
7412,20221007412,唐若,男,大三,5班,2004-10-22,15762527913,20221007412@school.edu.cn
7413,20221007413,黄琛煜,男,大三,1班,2005-08-20,18154937908,20221007413@school.edu.cn
7414,20221007414,徐昭,女,大三,5班,2004-08-15,13905201701,20221007414@school.edu.cn
7415,20221007415,郑宇阳,女,大三,7班,2005-04-04,15564699647,20221007415@school.edu.cn
7416,20221007416,郭婕诺,女,大三,10班,2004-01-22,13483401761,20221007416@school.edu.cn
7417,20221007417,朱梓渝,女,大三,5班,2005-09-16,15526438032,20221007417@school.edu.cn
7418,20221007418,冯涵,女,大三,4班,2004-04-20,18303763952,20221007418@school.edu.cn
7419,20221007419,吕腾,男,大三,4班,2005-01-13,13381524778,20221007419@school.edu.cn
7420,20221007420,郭思,女,大三,1班,2005-06-24,13973907421,20221007420@school.edu.cn
7421,20221007421,林珂六,男,大三,9班,2004-10-17,13897828395,20221007421@school.edu.cn
7422,20221007422,曾沁斌,女,大三,11班,2005-05-24,15241010822,20221007422@school.edu.cn
7423,20221007423,吴浩骐,女,大三,5班,2005-02-28,18028237306,20221007423@school.edu.cn
7424,20221007424,孙星钰,女,大三,7班,2004-04-30,13814283354,20221007424@school.edu.cn
7425,20221007425,韩雪,女,大三,12班,2004-11-23,18710093312,20221007425@school.edu.cn
7426,20221007426,郑六宁,女,大三,2班,2004-07-08,17807469894,20221007426@school.edu.cn
7427,20221007427,曾文宁,男,大三,3班,2005-12-13,17893205172,20221007427@school.edu.cn
7428,20221007428,罗若睿,男,大三,12班,2005-04-13,18851055265,20221007428@school.edu.cn
7429,20221007429,罗腾欣,女,大三,8班,2004-11-14,13983333573,20221007429@school.edu.cn
7430,20221007430,谢彤珂,男,大三,9班,2005-02-19,18059421265,20221007430@school.edu.cn
7431,20221007431,梁茗,女,大三,1班,2004-12-04,13904349279,20221007431@school.edu.cn
7432,20221007432,胡腾,女,大三,11班,2005-04-13,13147883145,20221007432@school.edu.cn
7433,20221007433,萧颖焱,女,大三,9班,2004-04-24,18317684574,20221007433@school.edu.cn
7434,20221007434,宋星欣,男,大三,10班,2004-02-28,13386346503,20221007434@school.edu.cn
7435,20221007435,罗翊,女,大三,6班,2005-05-22,15288757118,20221007435@school.edu.cn
7436,20221007436,冯瑞,男,大三,1班,2005-07-24,13685565140,20221007436@school.edu.cn
7437,20221007437,胡雪璐,女,大三,6班,2005-12-30,13169708156,20221007437@school.edu.cn
7438,20221007438,罗泓,男,大三,5班,2004-04-30,18900868762,20221007438@school.edu.cn
7439,20221007439,林语锴,男,大三,7班,2005-01-03,15551771730,20221007439@school.edu.cn
7440,20221007440,梁泓御,男,大三,9班,2004-02-28,15704471462,20221007440@school.edu.cn
7441,20221007441,曾璇,女,大三,6班,2005-07-30,18289499390,20221007441@school.edu.cn
7442,20221007442,李子骐,男,大三,10班,2005-12-24,15085658500,20221007442@school.edu.cn
7443,20221007443,孙淇娅,男,大三,4班,2004-03-05,17877210484,20221007443@school.edu.cn
7444,20221007444,刘思珊,男,大三,3班,2004-01-30,18820455039,20221007444@school.edu.cn
7445,20221007445,彭彤,女,大三,5班,2004-02-26,18765746231,20221007445@school.edu.cn
7446,20221007446,冯彦,男,大三,11班,2005-02-06,18236844104,20221007446@school.edu.cn
7447,20221007447,冯启六,女,大三,2班,2005-01-22,13164562004,20221007447@school.edu.cn
7448,20221007448,周婷诺,女,大三,7班,2004-12-02,15154430899,20221007448@school.edu.cn
7449,20221007449,袁二,女,大三,7班,2004-06-23,15310580177,20221007449@school.edu.cn
7450,20221007450,罗霖,女,大三,11班,2004-12-19,13181034052,20221007450@school.edu.cn
7451,20221007451,郑珂,女,大三,12班,2004-05-28,15012519592,20221007451@school.edu.cn
7452,20221007452,林梓晨,男,大三,7班,2004-03-12,13241202867,20221007452@school.edu.cn
7453,20221007453,沈雪泽,男,大三,1班,2005-05-24,17728291256,20221007453@school.edu.cn
7454,20221007454,陈菲雪,女,大三,11班,2004-07-18,18524177431,20221007454@school.edu.cn
7455,20221007455,许莹驰,女,大三,6班,2005-03-05,15618400290,20221007455@school.edu.cn
7456,20221007456,袁嫣瑾,男,大三,4班,2005-06-26,13280901520,20221007456@school.edu.cn
7457,20221007457,朱七熙,女,大三,8班,2005-03-11,13229221111,20221007457@school.edu.cn
7458,20221007458,许羽磊,女,大三,9班,2004-12-30,17388686377,20221007458@school.edu.cn
7459,20221007459,孙宁婧,女,大三,9班,2005-05-28,18728459586,20221007459@school.edu.cn
7460,20221007460,孙星,男,大三,1班,2005-12-09,15734496964,20221007460@school.edu.cn
7461,20221007461,梁瑾琛,男,大三,3班,2005-05-21,13464193186,20221007461@school.edu.cn
7462,20221007462,何奚六,男,大三,6班,2005-01-11,18981199819,20221007462@school.edu.cn
7463,20221007463,吴珺,女,大三,12班,2005-07-23,13119206555,20221007463@school.edu.cn
7464,20221007464,何语,女,大三,6班,2005-07-27,15954672168,20221007464@school.edu.cn
7465,20221007465,彭嫣,男,大三,3班,2004-12-09,13230091186,20221007465@school.edu.cn
7466,20221007466,冯乐,男,大三,2班,2004-10-15,13287551453,20221007466@school.edu.cn
7467,20221007467,杨序,女,大三,4班,2005-05-06,18355511212,20221007467@school.edu.cn
7468,20221007468,杨瑜琪,女,大三,5班,2005-01-26,13762404263,20221007468@school.edu.cn
7469,20221007469,冯瑞八,女,大三,9班,2004-03-17,18385928260,20221007469@school.edu.cn
7470,20221007470,刘羽,男,大三,8班,2005-08-25,15206861759,20221007470@school.edu.cn
7471,20221007471,周妍骁,男,大三,2班,2005-07-18,18366134678,20221007471@school.edu.cn
7472,20221007472,彭奚然,女,大三,5班,2004-03-25,17839158271,20221007472@school.edu.cn
7473,20221007473,张霖,女,大三,12班,2004-05-28,13929542778,20221007473@school.edu.cn
7474,20221007474,高一诺,男,大三,7班,2005-02-04,18553791405,20221007474@school.edu.cn
7475,20221007475,梁腾璐,女,大三,10班,2005-06-30,15354983939,20221007475@school.edu.cn
7476,20221007476,许淇峻,男,大三,2班,2004-06-06,15361294275,20221007476@school.edu.cn
7477,20221007477,宋雨,女,大三,10班,2004-04-14,18390670639,20221007477@school.edu.cn
7478,20221007478,萧羽斌,女,大三,7班,2004-02-25,18173010418,20221007478@school.edu.cn
7479,20221007479,沈筱,男,大三,4班,2005-12-09,18081546710,20221007479@school.edu.cn
7480,20221007480,杨腾九,女,大三,4班,2004-01-03,18557165073,20221007480@school.edu.cn
7481,20221007481,许妍,男,大三,3班,2004-02-15,13744546159,20221007481@school.edu.cn
7482,20221007482,吕博一,男,大三,8班,2005-07-15,17690816431,20221007482@school.edu.cn
7483,20221007483,郑瑶彤,男,大三,12班,2005-11-05,13942474230,20221007483@school.edu.cn
7484,20221007484,林雨明,男,大三,7班,2004-02-09,18663736328,20221007484@school.edu.cn
7485,20221007485,彭芸,女,大三,3班,2005-08-20,18191248670,20221007485@school.edu.cn
7486,20221007486,唐三煜,男,大三,8班,2004-06-06,13229450269,20221007486@school.edu.cn
7487,20221007487,郭一一,女,大三,5班,2005-06-12,18177802202,20221007487@school.edu.cn
7488,20221007488,董姝,男,大三,5班,2004-12-06,13690721996,20221007488@school.edu.cn
7489,20221007489,赵浩子,女,大三,11班,2005-04-05,13497415164,20221007489@school.edu.cn
7490,20221007490,唐璇,男,大三,5班,2004-12-11,13255854098,20221007490@school.edu.cn
7491,20221007491,胡筱文,男,大三,10班,2004-09-07,15585849460,20221007491@school.edu.cn
7492,20221007492,赵沁琳,男,大三,3班,2004-11-15,13248695195,20221007492@school.edu.cn
7493,20221007493,曹嫣轩,女,大三,2班,2004-06-09,13302538654,20221007493@school.edu.cn
7494,20221007494,谢奕煜,男,大三,9班,2004-07-16,15825106530,20221007494@school.edu.cn
7495,20221007495,黄琳婧,女,大三,12班,2005-04-27,13013296347,20221007495@school.edu.cn
7496,20221007496,唐璇,女,大三,2班,2004-03-09,17705550441,20221007496@school.edu.cn
7497,20221007497,杨姝,男,大三,1班,2005-03-17,17391389957,20221007497@school.edu.cn
7498,20221007498,冯嘉锴,男,大三,9班,2004-11-11,13271605107,20221007498@school.edu.cn
7499,20221007499,韩博骐,男,大三,11班,2005-11-23,13362402762,20221007499@school.edu.cn
7500,20221007500,周翊一,男,大三,11班,2005-09-27,15943619350,20221007500@school.edu.cn
7501,20221007501,吕嫣潇,男,大四,3班,2004-10-04,17790532233,20221007501@school.edu.cn
7502,20221007502,萧芸轩,男,大四,9班,2003-09-05,13198461337,20221007502@school.edu.cn
7503,20221007503,曾璇,女,大四,6班,2004-12-12,13669957021,20221007503@school.edu.cn
7504,20221007504,邓茗睿,女,大四,3班,2003-10-16,18335108257,20221007504@school.edu.cn
7505,20221007505,唐晨,男,大四,1班,2003-06-06,17338626575,20221007505@school.edu.cn
7506,20221007506,曾颖斌,女,大四,1班,2003-11-01,18240517747,20221007506@school.edu.cn
7507,20221007507,韩乐雪,女,大四,2班,2003-08-14,17720280291,20221007507@school.edu.cn
7508,20221007508,梁雨坤,女,大四,9班,2004-01-14,18324596852,20221007508@school.edu.cn
7509,20221007509,梁二文,男,大四,11班,2003-06-11,15632012384,20221007509@school.edu.cn
7510,20221007510,黄渲凯,男,大四,10班,2004-01-08,17761015688,20221007510@school.edu.cn
7511,20221007511,曹杰娜,女,大四,10班,2003-09-16,15084921721,20221007511@school.edu.cn
7512,20221007512,冯曜滢,男,大四,10班,2004-12-23,13427489534,20221007512@school.edu.cn
7513,20221007513,萧筱馥,女,大四,8班,2004-05-07,17733508731,20221007513@school.edu.cn
7514,20221007514,吕岚,女,大四,10班,2003-09-14,15595911923,20221007514@school.edu.cn
7515,20221007515,曹宇明,男,大四,7班,2003-01-27,15700429883,20221007515@school.edu.cn
7516,20221007516,赵梓雯,男,大四,6班,2003-07-07,18773574056,20221007516@school.edu.cn
7517,20221007517,曾泓渝,女,大四,1班,2003-07-29,18985561440,20221007517@school.edu.cn
7518,20221007518,赵浩蓉,男,大四,3班,2003-02-02,17542612779,20221007518@school.edu.cn
7519,20221007519,徐淇珏,女,大四,11班,2003-10-03,15672777388,20221007519@school.edu.cn
7520,20221007520,傅琳浩,女,大四,1班,2003-09-20,13480857197,20221007520@school.edu.cn
7521,20221007521,罗彤,男,大四,2班,2004-12-29,15252675017,20221007521@school.edu.cn
7522,20221007522,周清函,男,大四,5班,2004-08-27,18568700111,20221007522@school.edu.cn
7523,20221007523,唐瑶,男,大四,6班,2004-06-12,13517959992,20221007523@school.edu.cn
7524,20221007524,陈颖,女,大四,7班,2003-07-05,13599607325,20221007524@school.edu.cn
7525,20221007525,赵姝,男,大四,3班,2004-07-11,18106088157,20221007525@school.edu.cn
7526,20221007526,宋梓,男,大四,1班,2003-10-11,15906847958,20221007526@school.edu.cn
7527,20221007527,彭雨子,男,大四,11班,2003-02-10,17544154421,20221007527@school.edu.cn
7528,20221007528,陈芸可,男,大四,4班,2003-03-16,18833665035,20221007528@school.edu.cn
7529,20221007529,张五晨,男,大四,4班,2004-06-13,13806410657,20221007529@school.edu.cn
7530,20221007530,梁岚,女,大四,4班,2004-02-15,15230550070,20221007530@school.edu.cn
7531,20221007531,程茗翎,女,大四,5班,2004-05-31,18762523963,20221007531@school.edu.cn
7532,20221007532,冯博瑶,女,大四,5班,2003-12-11,18802093738,20221007532@school.edu.cn
7533,20221007533,曾林蕾,男,大四,6班,2004-01-13,18019260936,20221007533@school.edu.cn
7534,20221007534,袁一熙,男,大四,12班,2004-10-28,18298569656,20221007534@school.edu.cn
7535,20221007535,徐浩翎,女,大四,11班,2004-04-27,18068829083,20221007535@school.edu.cn
7536,20221007536,吕璇琛,男,大四,2班,2003-03-15,18792662720,20221007536@school.edu.cn
7537,20221007537,黄曜浩,男,大四,11班,2004-03-01,17643474844,20221007537@school.edu.cn
7538,20221007538,董宁骁,男,大四,6班,2004-07-31,18022015568,20221007538@school.edu.cn
7539,20221007539,邓泽茹,男,大四,8班,2004-06-18,18800953144,20221007539@school.edu.cn
7540,20221007540,胡凯,女,大四,10班,2003-11-24,15627697382,20221007540@school.edu.cn
7541,20221007541,王宥焱,女,大四,6班,2003-12-17,13794439400,20221007541@school.edu.cn
7542,20221007542,李珂浩,女,大四,7班,2004-03-14,13956101121,20221007542@school.edu.cn
7543,20221007543,张祺函,男,大四,9班,2003-12-27,15641867471,20221007543@school.edu.cn
7544,20221007544,陈宁,女,大四,5班,2003-01-13,13912816822,20221007544@school.edu.cn
7545,20221007545,杨宸二,男,大四,4班,2003-06-26,15787664444,20221007545@school.edu.cn
7546,20221007546,萧乐,女,大四,6班,2003-09-30,15549646292,20221007546@school.edu.cn
7547,20221007547,傅志,女,大四,8班,2003-03-22,18041642874,20221007547@school.edu.cn
7548,20221007548,吕婷琛,女,大四,6班,2004-08-07,18755875177,20221007548@school.edu.cn
7549,20221007549,林淇驰,男,大四,6班,2004-10-06,13446518415,20221007549@school.edu.cn
7550,20221007550,谢凯,男,大四,7班,2003-10-16,13789166151,20221007550@school.edu.cn
7551,20221007551,王宥五,女,大四,7班,2004-08-01,17860411804,20221007551@school.edu.cn
7552,20221007552,程清诺,女,大四,10班,2003-11-24,18948919248,20221007552@school.edu.cn
7553,20221007553,王姝函,男,大四,11班,2004-02-02,17672741876,20221007553@school.edu.cn
7554,20221007554,孙九泽,女,大四,2班,2003-09-15,13700583851,20221007554@school.edu.cn
7555,20221007555,邓渲,女,大四,5班,2003-06-18,18036464786,20221007555@school.edu.cn
7556,20221007556,吴宁璐,男,大四,6班,2004-08-15,15088200792,20221007556@school.edu.cn
7557,20221007557,郭奕,女,大四,10班,2003-05-23,13835761524,20221007557@school.edu.cn
7558,20221007558,高星,女,大四,6班,2003-08-20,17346553410,20221007558@school.edu.cn
7559,20221007559,高露航,男,大四,12班,2004-12-16,13937749202,20221007559@school.edu.cn
7560,20221007560,胡三涵,男,大四,1班,2004-10-24,13057821719,20221007560@school.edu.cn
7561,20221007561,徐依,男,大四,11班,2004-07-17,15064351755,20221007561@school.edu.cn
7562,20221007562,林乐琪,男,大四,11班,2004-02-26,18023995353,20221007562@school.edu.cn
7563,20221007563,傅睿翎,女,大四,4班,2004-05-30,18753873283,20221007563@school.edu.cn
7564,20221007564,王雨渝,女,大四,6班,2003-10-08,17818524437,20221007564@school.edu.cn
7565,20221007565,董乐九,女,大四,7班,2004-03-16,18865960479,20221007565@school.edu.cn
7566,20221007566,马雅,男,大四,2班,2004-02-01,18321269027,20221007566@school.edu.cn
7567,20221007567,傅沁焱,男,大四,1班,2003-02-05,15802573530,20221007567@school.edu.cn
7568,20221007568,胡八宇,女,大四,2班,2003-01-06,13619059496,20221007568@school.edu.cn
7569,20221007569,董六欣,女,大四,12班,2004-05-14,17702747555,20221007569@school.edu.cn
7570,20221007570,唐凯雪,男,大四,2班,2004-07-19,13557702662,20221007570@school.edu.cn
7571,20221007571,徐祺霄,男,大四,5班,2003-10-31,18347126333,20221007571@school.edu.cn
7572,20221007572,韩九辰,女,大四,2班,2004-03-25,18740785802,20221007572@school.edu.cn
7573,20221007573,彭泽怡,男,大四,9班,2003-04-25,13792822282,20221007573@school.edu.cn
7574,20221007574,彭志霖,男,大四,1班,2003-03-04,17717038412,20221007574@school.edu.cn
7575,20221007575,林六,女,大四,11班,2004-09-04,15171043248,20221007575@school.edu.cn
7576,20221007576,刘乐,男,大四,6班,2004-11-02,18860699503,20221007576@school.edu.cn
7577,20221007577,马宥,女,大四,3班,2003-07-02,13461361135,20221007577@school.edu.cn
7578,20221007578,韩羽,男,大四,9班,2003-07-26,18159095777,20221007578@school.edu.cn
7579,20221007579,冯涵阳,男,大四,4班,2004-06-11,13174084558,20221007579@school.edu.cn
7580,20221007580,袁宁,女,大四,12班,2003-08-29,15249807729,20221007580@school.edu.cn
7581,20221007581,马芸,女,大四,10班,2003-06-10,17710142211,20221007581@school.edu.cn
7582,20221007582,李泽骐,男,大四,2班,2003-06-14,13149587433,20221007582@school.edu.cn
7583,20221007583,何茗,男,大四,1班,2003-02-25,13901567011,20221007583@school.edu.cn
7584,20221007584,梁岚,女,大四,4班,2004-02-27,15650151322,20221007584@school.edu.cn
7585,20221007585,高彤芷,男,大四,4班,2003-06-26,15692312544,20221007585@school.edu.cn
7586,20221007586,赵瑞三,男,大四,6班,2003-08-20,15133921242,20221007586@school.edu.cn
7587,20221007587,黄腾驰,男,大四,10班,2004-09-08,13388637170,20221007587@school.edu.cn
7588,20221007588,马依悦,女,大四,1班,2003-04-05,17336592817,20221007588@school.edu.cn
7589,20221007589,陈乐四,男,大四,6班,2003-02-28,13184426221,20221007589@school.edu.cn
7590,20221007590,郭依四,男,大四,4班,2004-05-14,18193823483,20221007590@school.edu.cn
7591,20221007591,郭嫣煜,男,大四,12班,2003-11-28,15006761762,20221007591@school.edu.cn
7592,20221007592,曹若,女,大四,1班,2003-05-06,13282759653,20221007592@school.edu.cn
7593,20221007593,许渲航,男,大四,11班,2003-03-25,13130290476,20221007593@school.edu.cn
7594,20221007594,刘璇颖,男,大四,4班,2004-03-25,17624840677,20221007594@school.edu.cn
7595,20221007595,马琳浩,男,大四,12班,2004-12-03,17371459386,20221007595@school.edu.cn
7596,20221007596,傅璇瑾,男,大四,1班,2004-05-21,15223108265,20221007596@school.edu.cn
7597,20221007597,何文琪,女,大四,10班,2004-01-24,17301960447,20221007597@school.edu.cn
7598,20221007598,何筱,男,大四,10班,2004-12-25,17368013434,20221007598@school.edu.cn
7599,20221007599,宋瑞泽,女,大四,3班,2004-10-03,15092728795,20221007599@school.edu.cn
7600,20221007600,黄芸琪,男,大四,12班,2004-04-01,13305347896,20221007600@school.edu.cn
7601,20221007601,宋奚,女,大四,11班,2004-04-27,15774481085,20221007601@school.edu.cn
7602,20221007602,何子,男,大四,7班,2004-07-20,18919412520,20221007602@school.edu.cn
7603,20221007603,郭欣致,女,大四,3班,2003-11-07,17320195435,20221007603@school.edu.cn
7604,20221007604,吴宸,男,大四,8班,2003-01-04,15845122668,20221007604@school.edu.cn
7605,20221007605,罗佳潇,男,大四,12班,2003-04-18,15081588889,20221007605@school.edu.cn
7606,20221007606,高奚骁,男,大四,3班,2003-06-22,18779784710,20221007606@school.edu.cn
7607,20221007607,吕淇,女,大四,2班,2004-05-13,18734548892,20221007607@school.edu.cn
7608,20221007608,周星雪,男,大四,1班,2004-12-26,13672651714,20221007608@school.edu.cn
7609,20221007609,曹琳帆,女,大四,2班,2004-10-22,15970500868,20221007609@school.edu.cn
7610,20221007610,曾琛,男,大四,9班,2003-03-30,18908730885,20221007610@school.edu.cn
7611,20221007611,刘晨腾,女,大四,8班,2003-07-10,18329949780,20221007611@school.edu.cn
7612,20221007612,韩乐馥,男,大四,1班,2003-03-28,17704802342,20221007612@school.edu.cn
7613,20221007613,曹雅,男,大四,2班,2003-08-27,18070364452,20221007613@school.edu.cn
7614,20221007614,于泓琪,男,大四,8班,2004-08-03,15046618292,20221007614@school.edu.cn
7615,20221007615,王莹,男,大四,8班,2004-02-19,15830792544,20221007615@school.edu.cn
7616,20221007616,徐语珂,男,大四,5班,2003-08-02,15150408865,20221007616@school.edu.cn
7617,20221007617,杨姝琳,男,大四,6班,2003-12-27,17679818793,20221007617@school.edu.cn
7618,20221007618,吴彦宁,女,大四,6班,2004-05-17,17349154341,20221007618@school.edu.cn
7619,20221007619,宋奚琛,女,大四,12班,2003-09-30,15599187083,20221007619@school.edu.cn
7620,20221007620,吴六瑾,男,大四,6班,2004-05-01,13294820609,20221007620@school.edu.cn
7621,20221007621,赵锦明,男,大四,4班,2003-02-26,15965985077,20221007621@school.edu.cn
7622,20221007622,董宥轩,女,大四,5班,2003-11-22,13990480102,20221007622@school.edu.cn
7623,20221007623,韩渲驰,女,大四,8班,2004-03-30,18236572735,20221007623@school.edu.cn
7624,20221007624,李星浩,女,大四,2班,2004-01-06,17881127215,20221007624@school.edu.cn
7625,20221007625,孙曜琛,女,大四,4班,2003-10-08,18582753318,20221007625@school.edu.cn
7626,20221007626,郑星琪,女,大四,6班,2003-09-27,18153801990,20221007626@school.edu.cn
7627,20221007627,林若铠,女,大四,6班,2004-11-15,15139227319,20221007627@school.edu.cn
7628,20221007628,董欣诺,女,大四,7班,2004-07-26,17612399782,20221007628@school.edu.cn
7629,20221007629,冯星帆,女,大四,2班,2003-09-16,15122539236,20221007629@school.edu.cn
7630,20221007630,吴宸,男,大四,4班,2004-12-29,18096810528,20221007630@school.edu.cn
7631,20221007631,董露焱,男,大四,10班,2003-10-12,18697432043,20221007631@school.edu.cn
7632,20221007632,曹杰,男,大四,3班,2003-01-15,17589324881,20221007632@school.edu.cn
7633,20221007633,宋嘉妍,女,大四,8班,2004-07-20,17655271466,20221007633@school.edu.cn
7634,20221007634,罗清晟,女,大四,4班,2004-12-10,13965351052,20221007634@school.edu.cn
7635,20221007635,曹筱潇,女,大四,5班,2004-10-22,13161162261,20221007635@school.edu.cn
7636,20221007636,冯沁馥,男,大四,2班,2003-02-12,15501111661,20221007636@school.edu.cn
7637,20221007637,林泓娅,男,大四,3班,2003-12-13,18799804201,20221007637@school.edu.cn
7638,20221007638,曾珂,女,大四,10班,2003-01-07,15632608338,20221007638@school.edu.cn
7639,20221007639,彭雪萱,女,大四,3班,2004-10-05,13730019391,20221007639@school.edu.cn
7640,20221007640,朱若婧,男,大四,1班,2004-11-03,15853155850,20221007640@school.edu.cn
7641,20221007641,袁杰亦,女,大四,12班,2004-09-17,18579573549,20221007641@school.edu.cn
7642,20221007642,萧珺萌,男,大四,5班,2003-11-03,15511536742,20221007642@school.edu.cn
7643,20221007643,徐瑶四,女,大四,11班,2004-01-28,18680437304,20221007643@school.edu.cn
7644,20221007644,于珂,女,大四,5班,2003-12-12,18223677267,20221007644@school.edu.cn
7645,20221007645,邓瑜磊,女,大四,2班,2003-09-03,18793188674,20221007645@school.edu.cn
7646,20221007646,徐林,男,大四,2班,2004-03-31,15556072511,20221007646@school.edu.cn
7647,20221007647,孙宁明,女,大四,6班,2004-03-09,17799625527,20221007647@school.edu.cn
7648,20221007648,罗乐雯,女,大四,9班,2004-06-16,13218334538,20221007648@school.edu.cn
7649,20221007649,周琛宇,男,大四,5班,2003-09-24,18986812597,20221007649@school.edu.cn
7650,20221007650,谢思宇,男,大四,4班,2003-01-05,18821249012,20221007650@school.edu.cn
7651,20221007651,袁依芸,女,大四,5班,2004-06-02,13610633021,20221007651@school.edu.cn
7652,20221007652,袁妍芸,男,大四,7班,2003-10-29,15230965256,20221007652@school.edu.cn
7653,20221007653,吴泓娅,女,大四,9班,2003-01-20,13642785652,20221007653@school.edu.cn
7654,20221007654,萧景泽,女,大四,7班,2003-04-19,17741597492,20221007654@school.edu.cn
7655,20221007655,彭宇睿,男,大四,5班,2003-06-08,18533525017,20221007655@school.edu.cn
7656,20221007656,沈浩,男,大四,4班,2004-01-30,15876197854,20221007656@school.edu.cn
7657,20221007657,许六可,男,大四,10班,2004-05-12,15364322086,20221007657@school.edu.cn
7658,20221007658,黄泓,女,大四,9班,2003-06-25,18324411479,20221007658@school.edu.cn
7659,20221007659,林思,女,大四,1班,2004-06-24,17711440812,20221007659@school.edu.cn
7660,20221007660,萧梓琪,男,大四,1班,2004-02-08,13267996163,20221007660@school.edu.cn
7661,20221007661,梁欣致,女,大四,11班,2004-04-04,13701254492,20221007661@school.edu.cn
7662,20221007662,马景婧,女,大四,10班,2003-12-15,18314415365,20221007662@school.edu.cn
7663,20221007663,邓欣雪,女,大四,10班,2004-06-30,13881251496,20221007663@school.edu.cn
7664,20221007664,曾睿,女,大四,10班,2003-06-02,15377925329,20221007664@school.edu.cn
7665,20221007665,于雨,女,大四,8班,2003-07-30,17655972578,20221007665@school.edu.cn
7666,20221007666,徐欣子,男,大四,8班,2003-09-30,18660314350,20221007666@school.edu.cn
7667,20221007667,袁璇霄,女,大四,4班,2003-12-14,17391312050,20221007667@school.edu.cn
7668,20221007668,韩博,女,大四,1班,2004-05-17,13953123979,20221007668@school.edu.cn
7669,20221007669,许琳三,男,大四,1班,2004-10-15,15323724894,20221007669@school.edu.cn
7670,20221007670,周瑜函,男,大四,4班,2003-09-16,18813190079,20221007670@school.edu.cn
7671,20221007671,袁瑜,女,大四,9班,2004-04-09,17522382100,20221007671@school.edu.cn
7672,20221007672,董志瑾,男,大四,3班,2003-05-12,13379754425,20221007672@school.edu.cn
7673,20221007673,吕珂珊,男,大四,6班,2003-07-05,18907481423,20221007673@school.edu.cn
7674,20221007674,林瑾子,男,大四,9班,2003-03-05,15598371364,20221007674@school.edu.cn
7675,20221007675,曹思泽,女,大四,3班,2003-12-06,15374213737,20221007675@school.edu.cn
7676,20221007676,沈启泽,女,大四,3班,2003-09-09,15294581185,20221007676@school.edu.cn
7677,20221007677,彭婕浩,女,大四,4班,2003-09-20,13907497987,20221007677@school.edu.cn
7678,20221007678,何嘉晨,女,大四,1班,2003-01-30,13231569587,20221007678@school.edu.cn
7679,20221007679,郑昭峻,女,大四,11班,2003-08-01,18062784768,20221007679@school.edu.cn
7680,20221007680,唐五瑶,女,大四,6班,2003-01-31,15740223813,20221007680@school.edu.cn
7681,20221007681,胡一熙,女,大四,1班,2004-05-23,18578326395,20221007681@school.edu.cn
7682,20221007682,吕嘉,男,大四,1班,2004-11-25,18687940040,20221007682@school.edu.cn
7683,20221007683,于露琛,女,大四,12班,2003-11-30,18297797851,20221007683@school.edu.cn
7684,20221007684,李岚珂,男,大四,7班,2004-12-07,13479339282,20221007684@school.edu.cn
7685,20221007685,陈翊萌,男,大四,6班,2004-01-25,15365445051,20221007685@school.edu.cn
7686,20221007686,彭珺函,女,大四,2班,2003-01-02,18804682534,20221007686@school.edu.cn
7687,20221007687,马珺蓉,男,大四,6班,2004-10-01,15976588924,20221007687@school.edu.cn
7688,20221007688,李凯,男,大四,12班,2003-10-23,13151766139,20221007688@school.edu.cn
7689,20221007689,高一文,女,大四,8班,2004-03-11,18612390607,20221007689@school.edu.cn
7690,20221007690,吴茗,女,大四,2班,2004-07-04,15304018675,20221007690@school.edu.cn
7691,20221007691,徐茗亦,女,大四,9班,2004-05-05,17696041734,20221007691@school.edu.cn
7692,20221007692,张若,男,大四,9班,2004-12-30,15364091990,20221007692@school.edu.cn
7693,20221007693,胡嫣诺,男,大四,7班,2003-07-26,17689155878,20221007693@school.edu.cn
7694,20221007694,高腾,女,大四,3班,2003-08-19,18574000877,20221007694@school.edu.cn
7695,20221007695,袁景霄,女,大四,4班,2003-10-10,13107203001,20221007695@school.edu.cn
7696,20221007696,孙婕,男,大四,2班,2003-11-11,15281226487,20221007696@school.edu.cn
7697,20221007697,唐博宁,男,大四,9班,2004-10-23,15795251275,20221007697@school.edu.cn
7698,20221007698,张杰御,男,大四,3班,2003-03-04,13875530579,20221007698@school.edu.cn
7699,20221007699,于晨珏,男,大四,11班,2003-05-21,18576486292,20221007699@school.edu.cn
7700,20221007700,谢嘉,女,大四,6班,2004-01-06,17781583151,20221007700@school.edu.cn
7701,20221007701,萧雨,男,大四,8班,2004-03-09,17620643159,20221007701@school.edu.cn
7702,20221007702,杨三娜,女,大四,11班,2003-08-09,13870583662,20221007702@school.edu.cn
7703,20221007703,邓筱熙,女,大四,8班,2003-08-07,18912566958,20221007703@school.edu.cn
7704,20221007704,罗三,男,大四,9班,2003-01-20,13142895442,20221007704@school.edu.cn
7705,20221007705,吴沁,女,大四,2班,2004-03-24,13366887280,20221007705@school.edu.cn
7706,20221007706,郭思子,男,大四,4班,2003-08-24,13350143255,20221007706@school.edu.cn
7707,20221007707,吕瑞轩,男,大四,10班,2003-08-09,13906005035,20221007707@school.edu.cn
7708,20221007708,许凯,女,大四,10班,2004-11-02,15250874055,20221007708@school.edu.cn
7709,20221007709,萧彤骁,男,大四,4班,2004-05-10,18102515111,20221007709@school.edu.cn
7710,20221007710,马淇睿,女,大四,2班,2004-01-18,13954005599,20221007710@school.edu.cn
7711,20221007711,马景茹,女,大四,2班,2004-11-12,13729258410,20221007711@school.edu.cn
7712,20221007712,林莹亦,女,大四,3班,2004-02-19,13682158080,20221007712@school.edu.cn
7713,20221007713,李珺,男,大四,5班,2003-06-04,15671902628,20221007713@school.edu.cn
7714,20221007714,赵颖欣,女,大四,12班,2004-03-16,15559030963,20221007714@school.edu.cn
7715,20221007715,徐茗铠,女,大四,11班,2004-08-22,17856314480,20221007715@school.edu.cn
7716,20221007716,胡锦御,男,大四,5班,2004-02-18,15861084296,20221007716@school.edu.cn
7717,20221007717,刘嫣浩,女,大四,10班,2004-12-16,18630632945,20221007717@school.edu.cn
7718,20221007718,周昭娅,男,大四,2班,2004-10-09,18503162954,20221007718@school.edu.cn
7719,20221007719,唐泓,男,大四,12班,2003-03-15,18522019902,20221007719@school.edu.cn
7720,20221007720,杨三阳,男,大四,12班,2003-04-13,18897805012,20221007720@school.edu.cn
7721,20221007721,邓沁彤,女,大四,10班,2004-06-11,15646169036,20221007721@school.edu.cn
7722,20221007722,刘昭蓉,男,大四,5班,2004-10-17,18013528366,20221007722@school.edu.cn
7723,20221007723,曾明欣,男,大四,12班,2004-08-02,15243250162,20221007723@school.edu.cn
7724,20221007724,董思子,女,大四,12班,2003-11-25,13313126250,20221007724@school.edu.cn
7725,20221007725,孙嫣琪,男,大四,9班,2003-12-30,18016832273,20221007725@school.edu.cn
7726,20221007726,袁文帆,男,大四,1班,2004-01-15,15991437703,20221007726@school.edu.cn
7727,20221007727,谢宇涵,女,大四,10班,2004-12-10,17703136151,20221007727@school.edu.cn
7728,20221007728,黄佳衡,女,大四,9班,2004-07-04,18332997446,20221007728@school.edu.cn
7729,20221007729,朱志潇,女,大四,1班,2003-11-23,13175910126,20221007729@school.edu.cn
7730,20221007730,郭颖,男,大四,11班,2003-05-25,13221541392,20221007730@school.edu.cn
7731,20221007731,王祺,男,大四,3班,2004-10-26,18247861638,20221007731@school.edu.cn
7732,20221007732,冯若子,女,大四,8班,2003-01-14,13128783456,20221007732@school.edu.cn
7733,20221007733,刘羽磊,女,大四,10班,2003-07-14,18081533482,20221007733@school.edu.cn
7734,20221007734,孙锦涵,女,大四,8班,2003-03-08,18527193077,20221007734@school.edu.cn
7735,20221007735,胡菲晟,女,大四,4班,2003-12-12,15187284023,20221007735@school.edu.cn
7736,20221007736,于霖五,男,大四,6班,2004-03-21,15594227658,20221007736@school.edu.cn
7737,20221007737,吕三雯,男,大四,1班,2003-02-21,18343108715,20221007737@school.edu.cn
7738,20221007738,朱志珊,男,大四,12班,2003-07-12,18282112994,20221007738@school.edu.cn
7739,20221007739,胡志,男,大四,9班,2003-12-10,17396894892,20221007739@school.edu.cn
7740,20221007740,刘琛彤,男,大四,3班,2003-02-14,13580289319,20221007740@school.edu.cn
7741,20221007741,冯颖娜,女,大四,9班,2004-12-08,15818237778,20221007741@school.edu.cn
7742,20221007742,宋语婧,男,大四,9班,2004-08-02,13782400827,20221007742@school.edu.cn
7743,20221007743,徐林五,男,大四,8班,2003-02-24,13810210427,20221007743@school.edu.cn
7744,20221007744,邓博哲,女,大四,12班,2004-06-06,17638234855,20221007744@school.edu.cn
7745,20221007745,胡凯琪,男,大四,8班,2003-03-08,17348012931,20221007745@school.edu.cn
7746,20221007746,宋露祺,男,大四,12班,2003-11-23,15320726099,20221007746@school.edu.cn
7747,20221007747,陈景七,男,大四,7班,2003-09-02,13368760362,20221007747@school.edu.cn
7748,20221007748,黄颖,男,大四,6班,2004-04-06,17875654607,20221007748@school.edu.cn
7749,20221007749,郑浩,男,大四,4班,2004-09-14,18017826064,20221007749@school.edu.cn
7750,20221007750,曾岚馥,女,大四,5班,2003-01-19,15982088266,20221007750@school.edu.cn
7751,20221007751,彭二珊,男,大四,7班,2004-11-03,13626012596,20221007751@school.edu.cn
7752,20221007752,赵九,女,大四,5班,2003-06-08,15536290523,20221007752@school.edu.cn
7753,20221007753,曾婕骐,男,大四,2班,2004-10-11,15184258337,20221007753@school.edu.cn
7754,20221007754,韩颖,女,大四,3班,2003-12-31,17380103936,20221007754@school.edu.cn
7755,20221007755,朱琳婧,男,大四,1班,2003-05-08,18313382299,20221007755@school.edu.cn
7756,20221007756,李二,男,大四,6班,2004-12-07,17764602342,20221007756@school.edu.cn
7757,20221007757,韩清,男,大四,7班,2003-11-06,18706898169,20221007757@school.edu.cn
7758,20221007758,黄渲宇,女,大四,11班,2004-11-20,18515115085,20221007758@school.edu.cn
7759,20221007759,宋欣,女,大四,12班,2003-10-04,15702750809,20221007759@school.edu.cn
7760,20221007760,于六扬,女,大四,8班,2003-05-16,13902661162,20221007760@school.edu.cn
7761,20221007761,宋乐,男,大四,6班,2004-03-06,18628100380,20221007761@school.edu.cn
7762,20221007762,周妍三,女,大四,11班,2004-04-23,15208505522,20221007762@school.edu.cn
7763,20221007763,何茗锴,女,大四,6班,2003-09-23,18817845931,20221007763@school.edu.cn
7764,20221007764,何泽昊,女,大四,5班,2003-06-14,15606742869,20221007764@school.edu.cn
7765,20221007765,韩三恺,女,大四,6班,2003-03-31,18597402451,20221007765@school.edu.cn
7766,20221007766,程志琪,男,大四,9班,2004-12-11,13818286367,20221007766@school.edu.cn
7767,20221007767,徐宸涵,女,大四,4班,2004-02-03,17897765344,20221007767@school.edu.cn
7768,20221007768,梁瑶,女,大四,8班,2004-10-18,13970776232,20221007768@school.edu.cn
7769,20221007769,周志诺,男,大四,5班,2004-10-20,17324918196,20221007769@school.edu.cn
7770,20221007770,宋芸蓉,男,大四,8班,2003-03-24,13337183822,20221007770@school.edu.cn
7771,20221007771,许彤瑶,男,大四,7班,2003-04-28,15339236663,20221007771@school.edu.cn
7772,20221007772,孙林,女,大四,4班,2003-02-22,18197414239,20221007772@school.edu.cn
7773,20221007773,董启,女,大四,6班,2003-12-11,17843842252,20221007773@school.edu.cn
7774,20221007774,赵乐蓉,女,大四,5班,2003-01-05,15864372876,20221007774@school.edu.cn
7775,20221007775,许晨瑾,女,大四,2班,2003-06-26,13173210393,20221007775@school.edu.cn
7776,20221007776,赵昭航,女,大四,4班,2003-10-08,13679735646,20221007776@school.edu.cn
7777,20221007777,杨婕瑶,男,大四,4班,2004-11-16,15126615519,20221007777@school.edu.cn
7778,20221007778,于婷恺,女,大四,1班,2003-04-15,15973075453,20221007778@school.edu.cn
7779,20221007779,萧明凯,女,大四,10班,2004-02-28,18698285271,20221007779@school.edu.cn
7780,20221007780,马嫣六,女,大四,6班,2003-12-25,18116009264,20221007780@school.edu.cn
7781,20221007781,林景霖,男,大四,5班,2003-04-17,18669676998,20221007781@school.edu.cn
7782,20221007782,谢宸哲,女,大四,12班,2004-09-21,18770569773,20221007782@school.edu.cn
7783,20221007783,朱姝潇,男,大四,12班,2004-02-28,18546217270,20221007783@school.edu.cn
7784,20221007784,沈祺九,男,大四,11班,2003-07-28,15739908080,20221007784@school.edu.cn
7785,20221007785,董子航,男,大四,3班,2004-03-13,13793728616,20221007785@school.edu.cn
7786,20221007786,黄岚,男,大四,8班,2003-04-02,17676812315,20221007786@school.edu.cn
7787,20221007787,杨序,男,大四,11班,2003-03-16,18360765274,20221007787@school.edu.cn
7788,20221007788,黄菲蕾,女,大四,6班,2003-04-30,13633818246,20221007788@school.edu.cn
7789,20221007789,吕翊,男,大四,2班,2003-04-19,18297253993,20221007789@school.edu.cn
7790,20221007790,邓瑶,男,大四,4班,2003-02-17,15997568810,20221007790@school.edu.cn
7791,20221007791,罗珂琪,女,大四,7班,2003-10-21,15846696840,20221007791@school.edu.cn
7792,20221007792,黄乐,男,大四,12班,2003-06-19,18590468460,20221007792@school.edu.cn
7793,20221007793,袁若,男,大四,11班,2003-01-21,13542870233,20221007793@school.edu.cn
7794,20221007794,袁琛,男,大四,1班,2003-10-20,13616639273,20221007794@school.edu.cn
7795,20221007795,彭雨博,男,大四,6班,2004-01-16,13816707746,20221007795@school.edu.cn
7796,20221007796,李嘉琳,男,大四,8班,2004-02-11,13441849361,20221007796@school.edu.cn
7797,20221007797,唐珂凝,女,大四,12班,2003-10-02,17885154473,20221007797@school.edu.cn
7798,20221007798,曹八,男,大四,10班,2004-01-29,13526708785,20221007798@school.edu.cn
7799,20221007799,邓瑜宁,男,大四,8班,2004-02-04,13135169165,20221007799@school.edu.cn
7800,20221007800,袁颖,男,大四,3班,2003-08-14,15071128652,20221007800@school.edu.cn
7801,20221007801,徐琛渝,女,大四,12班,2003-02-07,18237313056,20221007801@school.edu.cn
7802,20221007802,谢志御,男,大四,7班,2003-01-05,15610548793,20221007802@school.edu.cn
7803,20221007803,曹瑞,女,大四,2班,2004-11-05,15835518560,20221007803@school.edu.cn
7804,20221007804,傅羽娅,男,大四,10班,2004-02-06,13920040804,20221007804@school.edu.cn
7805,20221007805,邓凯宇,女,大四,9班,2004-12-11,17774417275,20221007805@school.edu.cn
7806,20221007806,胡姝,男,大四,4班,2004-02-11,13939584637,20221007806@school.edu.cn
7807,20221007807,许志致,女,大四,7班,2003-08-13,13909890390,20221007807@school.edu.cn
7808,20221007808,徐奕娜,女,大四,7班,2003-06-21,15844774388,20221007808@school.edu.cn
7809,20221007809,朱若,男,大四,10班,2004-01-10,15011317058,20221007809@school.edu.cn
7810,20221007810,邓睿,男,大四,2班,2004-12-18,15981773389,20221007810@school.edu.cn
7811,20221007811,林璇,女,大四,1班,2004-01-07,15225892238,20221007811@school.edu.cn
7812,20221007812,胡宇雪,女,大四,3班,2004-05-06,18310332550,20221007812@school.edu.cn
7813,20221007813,吴梓,男,大四,5班,2003-11-27,13978998661,20221007813@school.edu.cn
7814,20221007814,郭奚斌,男,大四,9班,2003-08-08,13752723560,20221007814@school.edu.cn
7815,20221007815,吕杰可,女,大四,3班,2003-09-18,15853518752,20221007815@school.edu.cn
7816,20221007816,邓茗轩,女,大四,5班,2004-06-10,13376269405,20221007816@school.edu.cn
7817,20221007817,曾瑾二,女,大四,3班,2004-07-14,13541615445,20221007817@school.edu.cn
7818,20221007818,于博馥,女,大四,5班,2004-04-25,15502954605,20221007818@school.edu.cn
7819,20221007819,周雪航,女,大四,2班,2004-01-24,18500454136,20221007819@school.edu.cn
7820,20221007820,冯奚,女,大四,8班,2003-10-28,15911846136,20221007820@school.edu.cn
7821,20221007821,于景二,女,大四,4班,2004-07-18,18079569883,20221007821@school.edu.cn
7822,20221007822,谢瑜,男,大四,12班,2003-07-07,13728953654,20221007822@school.edu.cn
7823,20221007823,张沁明,女,大四,11班,2004-06-08,13691293929,20221007823@school.edu.cn
7824,20221007824,彭昭二,男,大四,7班,2003-10-06,18591189973,20221007824@school.edu.cn
7825,20221007825,郑宥航,男,大四,4班,2004-10-29,18802848796,20221007825@school.edu.cn
7826,20221007826,邓嘉,男,大四,2班,2003-08-27,13807223986,20221007826@school.edu.cn
7827,20221007827,杨昭琪,男,大四,5班,2003-05-22,15359884978,20221007827@school.edu.cn
7828,20221007828,袁芸函,女,大四,12班,2004-01-29,17341516928,20221007828@school.edu.cn
7829,20221007829,刘宁霄,女,大四,6班,2004-02-04,18653061861,20221007829@school.edu.cn
7830,20221007830,冯腾五,女,大四,7班,2003-01-23,15210613499,20221007830@school.edu.cn
7831,20221007831,宋婷峻,男,大四,4班,2003-06-20,17889232209,20221007831@school.edu.cn
7832,20221007832,曹淇娜,女,大四,10班,2004-05-22,15638041517,20221007832@school.edu.cn
7833,20221007833,冯筱函,女,大四,6班,2003-12-11,13443705810,20221007833@school.edu.cn
7834,20221007834,刘若颖,男,大四,6班,2003-05-22,17561578269,20221007834@school.edu.cn
7835,20221007835,沈珺七,女,大四,12班,2003-08-16,17807381877,20221007835@school.edu.cn
7836,20221007836,刘琛宁,男,大四,1班,2003-04-08,13655646878,20221007836@school.edu.cn
7837,20221007837,傅依腾,男,大四,2班,2004-03-18,13886433595,20221007837@school.edu.cn
7838,20221007838,吴博峻,男,大四,7班,2003-01-27,13115292655,20221007838@school.edu.cn
7839,20221007839,胡颖,女,大四,10班,2004-11-04,13302703670,20221007839@school.edu.cn
7840,20221007840,张姝然,女,大四,8班,2004-02-16,18527850493,20221007840@school.edu.cn
7841,20221007841,徐露亦,男,大四,10班,2004-07-16,15827401261,20221007841@school.edu.cn
7842,20221007842,吴宥九,女,大四,10班,2004-09-03,13199368738,20221007842@school.edu.cn
7843,20221007843,曹四,女,大四,11班,2004-12-29,13474039946,20221007843@school.edu.cn
7844,20221007844,梁祺,男,大四,2班,2004-06-03,17875861121,20221007844@school.edu.cn
7845,20221007845,朱泓二,男,大四,6班,2003-06-09,15115440804,20221007845@school.edu.cn
7846,20221007846,董凯,女,大四,2班,2003-04-06,18167692053,20221007846@school.edu.cn
7847,20221007847,于依扬,女,大四,8班,2004-03-08,18194924316,20221007847@school.edu.cn
7848,20221007848,许佳,男,大四,12班,2003-03-28,18038632977,20221007848@school.edu.cn
7849,20221007849,刘奚晟,女,大四,9班,2004-04-03,13013710982,20221007849@school.edu.cn
7850,20221007850,彭睿凝,女,大四,2班,2004-12-10,13371706391,20221007850@school.edu.cn
7851,20221007851,傅浩晨,女,大四,3班,2003-04-24,18036465814,20221007851@school.edu.cn
7852,20221007852,刘茗函,女,大四,12班,2003-01-06,15395218791,20221007852@school.edu.cn
7853,20221007853,邓姝珏,女,大四,6班,2004-07-01,15739616989,20221007853@school.edu.cn
7854,20221007854,唐婷骁,男,大四,7班,2003-04-27,18303742670,20221007854@school.edu.cn
7855,20221007855,罗一悦,男,大四,9班,2004-02-28,13073467911,20221007855@school.edu.cn
7856,20221007856,刘霖七,男,大四,11班,2004-09-18,15935900888,20221007856@school.edu.cn
7857,20221007857,李宁,女,大四,1班,2004-01-22,13662937968,20221007857@school.edu.cn
7858,20221007858,谢沁睿,男,大四,2班,2004-05-21,15080675476,20221007858@school.edu.cn
7859,20221007859,周睿,女,大四,6班,2004-05-09,13092143264,20221007859@school.edu.cn
7860,20221007860,李杰,女,大四,6班,2004-02-25,17887281256,20221007860@school.edu.cn
7861,20221007861,吴羽,男,大四,8班,2004-08-18,15238164261,20221007861@school.edu.cn
7862,20221007862,郑翊九,女,大四,1班,2004-09-19,17330574398,20221007862@school.edu.cn
7863,20221007863,赵九,女,大四,11班,2004-08-10,18692461551,20221007863@school.edu.cn
7864,20221007864,刘岚,女,大四,6班,2004-02-19,18333082326,20221007864@school.edu.cn
7865,20221007865,袁腾瑶,男,大四,10班,2003-11-22,13255202739,20221007865@school.edu.cn
7866,20221007866,董宇娜,女,大四,2班,2003-04-22,17661424632,20221007866@school.edu.cn
7867,20221007867,吕宥,女,大四,1班,2004-09-20,18836136549,20221007867@school.edu.cn
7868,20221007868,彭琳,女,大四,1班,2004-09-03,18291994097,20221007868@school.edu.cn
7869,20221007869,许腾骞,男,大四,1班,2004-02-05,18035347606,20221007869@school.edu.cn
7870,20221007870,程雨涵,男,大四,11班,2003-04-27,17501593431,20221007870@school.edu.cn
7871,20221007871,周七,女,大四,9班,2003-05-07,13164578100,20221007871@school.edu.cn
7872,20221007872,高宇,女,大四,3班,2004-02-22,18281206830,20221007872@school.edu.cn
7873,20221007873,于睿,女,大四,12班,2003-06-16,18999603797,20221007873@school.edu.cn
7874,20221007874,谢嘉翎,女,大四,5班,2003-01-02,13352582311,20221007874@school.edu.cn
7875,20221007875,谢奕,女,大四,8班,2003-04-17,17554257137,20221007875@school.edu.cn
7876,20221007876,何六璐,女,大四,11班,2004-06-01,13502088658,20221007876@school.edu.cn
7877,20221007877,冯彤涵,男,大四,6班,2004-09-28,15586292416,20221007877@school.edu.cn
7878,20221007878,袁雨霖,男,大四,12班,2003-07-22,18620269755,20221007878@school.edu.cn
7879,20221007879,吴奕,男,大四,3班,2004-09-25,15987170776,20221007879@school.edu.cn
7880,20221007880,陈乐,男,大四,2班,2003-01-08,15223192404,20221007880@school.edu.cn
7881,20221007881,郭浩,女,大四,2班,2003-08-18,15279212299,20221007881@school.edu.cn
7882,20221007882,程腾骁,女,大四,5班,2003-04-07,17310388486,20221007882@school.edu.cn
7883,20221007883,马菲御,女,大四,2班,2004-04-19,15894539113,20221007883@school.edu.cn
7884,20221007884,曹璇铠,女,大四,2班,2004-07-08,13556676117,20221007884@school.edu.cn
7885,20221007885,宋泽,女,大四,8班,2004-06-24,15821822392,20221007885@school.edu.cn
7886,20221007886,刘颖,女,大四,2班,2003-10-08,15655946788,20221007886@school.edu.cn
7887,20221007887,马羽祺,女,大四,6班,2004-09-28,15797415017,20221007887@school.edu.cn
7888,20221007888,袁颖钰,男,大四,8班,2003-12-06,15945975378,20221007888@school.edu.cn
7889,20221007889,郑宁,男,大四,8班,2004-03-23,18847666601,20221007889@school.edu.cn
7890,20221007890,陈宁琳,男,大四,1班,2004-09-19,13058572209,20221007890@school.edu.cn
7891,20221007891,董欣斌,女,大四,6班,2003-05-07,17578852183,20221007891@school.edu.cn
7892,20221007892,梁宇,女,大四,6班,2003-11-03,13118729023,20221007892@school.edu.cn
7893,20221007893,黄思,女,大四,6班,2003-01-11,15081496638,20221007893@school.edu.cn
7894,20221007894,朱四熙,女,大四,7班,2004-10-02,13178010138,20221007894@school.edu.cn
7895,20221007895,杨彦,男,大四,9班,2004-02-19,13686233725,20221007895@school.edu.cn
7896,20221007896,许依,女,大四,11班,2003-08-03,15897445344,20221007896@school.edu.cn
7897,20221007897,郭渲驰,女,大四,3班,2004-08-24,15169232813,20221007897@school.edu.cn
7898,20221007898,郑奚二,女,大四,4班,2003-02-12,15781188449,20221007898@school.edu.cn
7899,20221007899,唐琳一,男,大四,10班,2003-09-05,15388810036,20221007899@school.edu.cn
7900,20221007900,彭佳昊,女,大四,10班,2003-04-12,13649536502,20221007900@school.edu.cn
7901,20221007901,梁睿函,女,大四,8班,2004-11-12,13951103842,20221007901@school.edu.cn
7902,20221007902,曾霖浩,女,大四,10班,2004-03-10,18809404706,20221007902@school.edu.cn
7903,20221007903,谢梓,男,大四,7班,2003-05-10,18883077690,20221007903@school.edu.cn
7904,20221007904,孙序,女,大四,3班,2004-02-15,18396856106,20221007904@school.edu.cn
7905,20221007905,高曜扬,女,大四,3班,2003-08-23,18540154090,20221007905@school.edu.cn
7906,20221007906,邓晨,男,大四,5班,2004-05-14,17529467141,20221007906@school.edu.cn
7907,20221007907,杨序洁,男,大四,4班,2003-08-20,18932405297,20221007907@school.edu.cn
7908,20221007908,黄琛翎,女,大四,5班,2004-09-03,13069980162,20221007908@school.edu.cn
7909,20221007909,沈九珊,女,大四,12班,2004-12-01,15505531347,20221007909@school.edu.cn
7910,20221007910,吕腾斌,女,大四,12班,2003-02-24,15295492993,20221007910@school.edu.cn
7911,20221007911,徐翊诺,女,大四,3班,2003-07-19,17867898937,20221007911@school.edu.cn
7912,20221007912,陈宥颖,男,大四,6班,2003-12-04,15516857226,20221007912@school.edu.cn
7913,20221007913,林嘉凝,男,大四,4班,2003-11-25,18774014748,20221007913@school.edu.cn
7914,20221007914,周露钰,女,大四,10班,2004-11-05,13855719604,20221007914@school.edu.cn
7915,20221007915,杨序斌,女,大四,2班,2003-11-27,17700175525,20221007915@school.edu.cn
7916,20221007916,唐四晨,女,大四,12班,2004-09-28,13934727141,20221007916@school.edu.cn
7917,20221007917,孙瑶,女,大四,11班,2004-11-18,17883928131,20221007917@school.edu.cn
7918,20221007918,黄祺颖,女,大四,4班,2004-11-09,18931469602,20221007918@school.edu.cn
7919,20221007919,刘欣,男,大四,4班,2004-03-12,17896621502,20221007919@school.edu.cn
7920,20221007920,王睿,女,大四,11班,2004-05-24,13404724260,20221007920@school.edu.cn
7921,20221007921,张琳,女,大四,9班,2003-08-07,15326102342,20221007921@school.edu.cn
7922,20221007922,于菲锴,男,大四,11班,2004-07-19,17564555395,20221007922@school.edu.cn
7923,20221007923,宋奕昊,女,大四,9班,2004-06-09,18986472608,20221007923@school.edu.cn
7924,20221007924,徐林八,女,大四,8班,2004-07-16,18182133367,20221007924@school.edu.cn
7925,20221007925,于颖茹,女,大四,5班,2003-11-13,17700465649,20221007925@school.edu.cn
7926,20221007926,高浩航,女,大四,9班,2004-09-26,15011430111,20221007926@school.edu.cn
7927,20221007927,徐依,女,大四,1班,2003-06-10,13830447584,20221007927@school.edu.cn
7928,20221007928,高睿,女,大四,1班,2004-03-22,17600966210,20221007928@school.edu.cn
7929,20221007929,冯景致,女,大四,10班,2004-12-18,18546373055,20221007929@school.edu.cn
7930,20221007930,萧翊驰,男,大四,12班,2003-12-04,18227422566,20221007930@school.edu.cn
7931,20221007931,冯妍煜,男,大四,4班,2003-04-05,13517591647,20221007931@school.edu.cn
7932,20221007932,邓涵驰,女,大四,1班,2004-11-30,15979996691,20221007932@school.edu.cn
7933,20221007933,曹浩,男,大四,6班,2004-03-17,15985952019,20221007933@school.edu.cn
7934,20221007934,朱清希,女,大四,4班,2004-01-12,18244217267,20221007934@school.edu.cn
7935,20221007935,梁璇志,男,大四,6班,2003-01-24,15683395905,20221007935@school.edu.cn
7936,20221007936,吴琛悦,男,大四,4班,2003-01-17,18341648517,20221007936@school.edu.cn
7937,20221007937,唐宥,女,大四,4班,2004-02-07,15725874115,20221007937@school.edu.cn
7938,20221007938,赵婷滢,男,大四,7班,2004-12-07,13408407157,20221007938@school.edu.cn
7939,20221007939,袁序,男,大四,12班,2004-03-03,18227597655,20221007939@school.edu.cn
7940,20221007940,李妍,女,大四,2班,2004-08-20,17862524873,20221007940@school.edu.cn
7941,20221007941,高文诺,男,大四,10班,2004-04-09,13510833325,20221007941@school.edu.cn
7942,20221007942,唐琛宇,男,大四,8班,2003-12-12,13790894972,20221007942@school.edu.cn
7943,20221007943,吴露,男,大四,1班,2004-08-13,13903883770,20221007943@school.edu.cn
7944,20221007944,马琛骐,女,大四,2班,2004-05-05,17832959121,20221007944@school.edu.cn
7945,20221007945,高雪,女,大四,2班,2003-01-27,18319661487,20221007945@school.edu.cn
7946,20221007946,宋睿二,男,大四,1班,2003-09-04,15871602914,20221007946@school.edu.cn
7947,20221007947,程瑶六,女,大四,7班,2004-12-17,13767042764,20221007947@school.edu.cn
7948,20221007948,傅珺文,女,大四,6班,2004-04-17,13788642568,20221007948@school.edu.cn
7949,20221007949,黄雅琪,女,大四,8班,2004-01-28,15030921213,20221007949@school.edu.cn
7950,20221007950,吴泽,女,大四,2班,2003-05-08,17807917434,20221007950@school.edu.cn
7951,20221007951,许浩,女,大四,8班,2004-08-02,13349759561,20221007951@school.edu.cn
7952,20221007952,程珺,女,大四,9班,2003-06-26,17688736244,20221007952@school.edu.cn
7953,20221007953,曹渲,女,大四,4班,2003-09-16,13413391107,20221007953@school.edu.cn
7954,20221007954,胡霖,男,大四,2班,2004-01-09,15243712741,20221007954@school.edu.cn
7955,20221007955,傅祺,男,大四,7班,2004-02-09,13302852173,20221007955@school.edu.cn
7956,20221007956,曹瑾驰,女,大四,3班,2004-01-29,15545748384,20221007956@school.edu.cn
7957,20221007957,傅彦骐,女,大四,12班,2003-04-26,15849792413,20221007957@school.edu.cn
7958,20221007958,陈博,女,大四,1班,2003-01-04,18278381984,20221007958@school.edu.cn
7959,20221007959,林涵翎,男,大四,7班,2004-04-15,18632502276,20221007959@school.edu.cn
7960,20221007960,曹明霖,女,大四,7班,2004-11-26,18548965600,20221007960@school.edu.cn
7961,20221007961,冯宇,男,大四,12班,2004-06-22,13781175630,20221007961@school.edu.cn
7962,20221007962,曹璇骐,女,大四,5班,2003-12-13,15308643204,20221007962@school.edu.cn
7963,20221007963,程瑾,女,大四,6班,2003-04-29,13087259159,20221007963@school.edu.cn
7964,20221007964,曹瑞函,女,大四,7班,2004-04-03,18594771005,20221007964@school.edu.cn
7965,20221007965,孙雨凝,女,大四,12班,2003-08-14,13492374379,20221007965@school.edu.cn
7966,20221007966,邓琛,女,大四,10班,2004-09-18,13125658340,20221007966@school.edu.cn
7967,20221007967,梁宁,男,大四,3班,2004-12-10,18273575866,20221007967@school.edu.cn
7968,20221007968,冯宁欣,男,大四,7班,2004-11-09,13926532234,20221007968@school.edu.cn
7969,20221007969,吴颖可,男,大四,4班,2004-06-20,13465374891,20221007969@school.edu.cn
7970,20221007970,刘佳,女,大四,2班,2004-03-24,15796825255,20221007970@school.edu.cn
7971,20221007971,陈瑾哲,女,大四,4班,2003-07-11,13110307809,20221007971@school.edu.cn
7972,20221007972,吴筱诺,女,大四,3班,2003-11-08,18792258646,20221007972@school.edu.cn
7973,20221007973,傅梓,男,大四,8班,2003-10-31,15319972781,20221007973@school.edu.cn
7974,20221007974,韩茗萱,女,大四,6班,2003-05-16,15776929865,20221007974@school.edu.cn
7975,20221007975,袁宁霄,女,大四,4班,2003-12-24,13898803279,20221007975@school.edu.cn
7976,20221007976,胡雪,男,大四,12班,2003-08-31,15849639022,20221007976@school.edu.cn
7977,20221007977,冯岚衡,男,大四,12班,2003-05-05,15827885828,20221007977@school.edu.cn
7978,20221007978,程八八,女,大四,11班,2004-11-13,13945452404,20221007978@school.edu.cn
7979,20221007979,傅宇,男,大四,11班,2003-08-31,18074352475,20221007979@school.edu.cn
7980,20221007980,马凯茹,男,大四,12班,2003-08-18,13787343453,20221007980@school.edu.cn
7981,20221007981,徐欣衡,女,大四,4班,2003-11-26,17335649991,20221007981@school.edu.cn
7982,20221007982,吕嘉腾,女,大四,4班,2003-11-09,18054288014,20221007982@school.edu.cn
7983,20221007983,胡涵,女,大四,5班,2004-09-29,17576204016,20221007983@school.edu.cn
7984,20221007984,黄二希,女,大四,7班,2003-03-03,18134879919,20221007984@school.edu.cn
7985,20221007985,朱三悦,女,大四,2班,2003-04-22,18180116337,20221007985@school.edu.cn
7986,20221007986,谢莹珏,女,大四,5班,2004-03-04,18569575789,20221007986@school.edu.cn
7987,20221007987,黄瑞然,男,大四,2班,2003-09-22,13157324041,20221007987@school.edu.cn
7988,20221007988,何岚宁,女,大四,8班,2004-12-23,18759572387,20221007988@school.edu.cn
7989,20221007989,袁琳衡,女,大四,11班,2003-08-22,13175199268,20221007989@school.edu.cn
7990,20221007990,刘莹衡,女,大四,10班,2003-01-14,13930437231,20221007990@school.edu.cn
7991,20221007991,吴浩,男,大四,6班,2004-01-29,13200292573,20221007991@school.edu.cn
7992,20221007992,韩涵琪,女,大四,2班,2003-02-21,18976227113,20221007992@school.edu.cn
7993,20221007993,张珺八,男,大四,1班,2004-01-04,13156927047,20221007993@school.edu.cn
7994,20221007994,唐姝二,男,大四,12班,2003-09-04,13863346976,20221007994@school.edu.cn
7995,20221007995,林杰熙,女,大四,9班,2004-07-07,15271535131,20221007995@school.edu.cn
7996,20221007996,刘九睿,女,大四,10班,2004-05-26,18024185295,20221007996@school.edu.cn
7997,20221007997,董序瑜,男,大四,5班,2004-02-12,15672713245,20221007997@school.edu.cn
7998,20221007998,李琛祺,女,大四,9班,2003-05-01,13491901934,20221007998@school.edu.cn
7999,20221007999,董姝辰,女,大四,4班,2004-06-10,15531527860,20221007999@school.edu.cn
8000,20221008000,萧奕,男,大四,2班,2003-03-14,17589208281,20221008000@school.edu.cn
8001,20221008001,韩泓宁,男,大四,2班,2004-01-04,18619569120,20221008001@school.edu.cn
8002,20221008002,袁六珂,女,大四,7班,2004-08-14,13249217629,20221008002@school.edu.cn
8003,20221008003,韩瑞,女,大四,12班,2003-10-03,18002912270,20221008003@school.edu.cn
8004,20221008004,孙璇,女,大四,8班,2003-07-19,13977205579,20221008004@school.edu.cn
8005,20221008005,马宁娅,男,大四,11班,2003-09-16,15219188954,20221008005@school.edu.cn
8006,20221008006,董颖怡,男,大四,6班,2004-04-27,15379276338,20221008006@school.edu.cn
8007,20221008007,杨欣扬,男,大四,11班,2003-10-14,13030283733,20221008007@school.edu.cn
8008,20221008008,林嘉蕾,女,大四,12班,2003-11-20,13706282932,20221008008@school.edu.cn
8009,20221008009,张颖斌,女,大四,1班,2004-12-16,13901663894,20221008009@school.edu.cn
8010,20221008010,赵昭昊,男,大四,4班,2003-09-07,17556977630,20221008010@school.edu.cn
8011,20221008011,于乐,男,大四,10班,2004-02-05,18199361468,20221008011@school.edu.cn
8012,20221008012,张博蓉,女,大四,1班,2003-10-07,15391413576,20221008012@school.edu.cn
8013,20221008013,刘雅璐,男,大四,1班,2003-08-07,17502567712,20221008013@school.edu.cn
8014,20221008014,傅沁衡,男,大四,12班,2003-05-08,13057880358,20221008014@school.edu.cn
8015,20221008015,朱宁明,女,大四,3班,2004-02-21,13148151778,20221008015@school.edu.cn
8016,20221008016,刘昭,女,大四,7班,2003-03-26,13147315786,20221008016@school.edu.cn
8017,20221008017,曾宥哲,男,大四,11班,2003-06-16,13179973898,20221008017@school.edu.cn
8018,20221008018,孙瑞,女,大四,11班,2003-09-27,13966693572,20221008018@school.edu.cn
8019,20221008019,曹雨骐,女,大四,8班,2004-11-10,18250133608,20221008019@school.edu.cn
8020,20221008020,朱子娜,男,大四,3班,2003-02-07,15770843603,20221008020@school.edu.cn
8021,20221008021,许露,男,大四,10班,2003-06-14,15634502355,20221008021@school.edu.cn
8022,20221008022,吕佳,女,大四,12班,2003-04-22,13808466560,20221008022@school.edu.cn
8023,20221008023,曾梓文,女,大四,4班,2003-01-21,17539048542,20221008023@school.edu.cn
8024,20221008024,刘菲宁,男,大四,10班,2004-02-08,18341831613,20221008024@school.edu.cn
8025,20221008025,吴启然,男,大四,8班,2003-04-07,15394634302,20221008025@school.edu.cn
8026,20221008026,萧景焱,男,大四,5班,2003-01-27,17690242923,20221008026@school.edu.cn
8027,20221008027,冯启,男,大四,2班,2004-01-31,15230363825,20221008027@school.edu.cn
8028,20221008028,孙睿,女,大四,8班,2003-04-27,13114581589,20221008028@school.edu.cn
8029,20221008029,郭雨坤,男,大四,5班,2003-01-27,15017069831,20221008029@school.edu.cn
8030,20221008030,梁宁,女,大四,3班,2004-10-31,17757416055,20221008030@school.edu.cn
8031,20221008031,梁霖,男,大四,5班,2003-01-30,18536153333,20221008031@school.edu.cn
8032,20221008032,赵一磊,男,大四,5班,2004-05-04,13458202164,20221008032@school.edu.cn
8033,20221008033,袁五,男,大四,10班,2003-02-16,17608515477,20221008033@school.edu.cn
8034,20221008034,彭羽,男,大四,7班,2003-10-21,15082544430,20221008034@school.edu.cn
8035,20221008035,徐淇御,女,大四,8班,2003-09-01,15186669305,20221008035@school.edu.cn
8036,20221008036,袁瑾磊,男,大四,1班,2004-07-14,13716958732,20221008036@school.edu.cn
8037,20221008037,黄祺渝,男,大四,3班,2004-03-07,15542558386,20221008037@school.edu.cn
8038,20221008038,韩晨文,男,大四,8班,2003-03-29,17887295578,20221008038@school.edu.cn
8039,20221008039,孙思可,女,大四,9班,2004-03-16,13152585448,20221008039@school.edu.cn
8040,20221008040,罗凯轩,女,大四,1班,2003-03-12,15379963985,20221008040@school.edu.cn
8041,20221008041,彭五馥,男,大四,5班,2004-05-12,18283739146,20221008041@school.edu.cn
8042,20221008042,罗一,女,大四,2班,2004-06-02,13304905251,20221008042@school.edu.cn
8043,20221008043,唐博娜,女,大四,7班,2003-08-03,15646771090,20221008043@school.edu.cn
8044,20221008044,林五致,男,大四,1班,2004-08-27,18708758550,20221008044@school.edu.cn
8045,20221008045,袁九,男,大四,10班,2004-04-14,15871733464,20221008045@school.edu.cn
8046,20221008046,邓启锴,女,大四,12班,2004-11-09,15967825215,20221008046@school.edu.cn
8047,20221008047,赵欣,男,大四,11班,2003-04-13,13758350630,20221008047@school.edu.cn
8048,20221008048,陈颖睿,男,大四,7班,2003-09-23,13659085326,20221008048@school.edu.cn
8049,20221008049,董妍,男,大四,4班,2004-03-21,13654653317,20221008049@school.edu.cn
8050,20221008050,吕奕,女,大四,10班,2004-08-11,18854350978,20221008050@school.edu.cn
8051,20221008051,唐泽翎,女,大四,10班,2003-06-25,17703640504,20221008051@school.edu.cn
8052,20221008052,冯明瑜,男,大四,1班,2004-03-12,15251516939,20221008052@school.edu.cn
8053,20221008053,何奚轩,女,大四,5班,2003-05-20,13703481798,20221008053@school.edu.cn
8054,20221008054,冯彦阳,女,大四,1班,2003-03-24,15338753255,20221008054@school.edu.cn
8055,20221008055,马婕萱,女,大四,9班,2003-07-26,17350301647,20221008055@school.edu.cn
8056,20221008056,冯颖,男,大四,11班,2004-05-11,13553258857,20221008056@school.edu.cn
8057,20221008057,彭欣致,女,大四,8班,2003-05-04,13591939358,20221008057@school.edu.cn
8058,20221008058,彭志,男,大四,7班,2004-08-22,18655636240,20221008058@school.edu.cn
8059,20221008059,赵依翎,男,大四,3班,2003-11-20,13866118648,20221008059@school.edu.cn
8060,20221008060,吴颖希,女,大四,6班,2004-02-07,15932426402,20221008060@school.edu.cn
8061,20221008061,沈明琪,男,大四,6班,2004-10-10,18206654315,20221008061@school.edu.cn
8062,20221008062,梁彦雯,男,大四,11班,2003-08-01,13481340129,20221008062@school.edu.cn
8063,20221008063,于欣铠,女,大四,3班,2003-11-29,17814377914,20221008063@school.edu.cn
8064,20221008064,马琳,男,大四,7班,2003-05-08,18693907127,20221008064@school.edu.cn
8065,20221008065,陈羽,女,大四,9班,2003-08-12,18515141196,20221008065@school.edu.cn
8066,20221008066,周清滢,男,大四,3班,2003-03-31,18055896017,20221008066@school.edu.cn
8067,20221008067,黄宸焱,女,大四,7班,2003-08-02,18074493850,20221008067@school.edu.cn
8068,20221008068,董霖彤,男,大四,2班,2004-08-22,17744694310,20221008068@school.edu.cn
8069,20221008069,李浩潇,女,大四,11班,2004-04-05,17513450511,20221008069@school.edu.cn
8070,20221008070,吴三,男,大四,8班,2004-12-22,15979443337,20221008070@school.edu.cn
8071,20221008071,赵三铠,男,大四,3班,2003-07-01,18091398236,20221008071@school.edu.cn
8072,20221008072,徐思,男,大四,2班,2004-10-31,17801472306,20221008072@school.edu.cn
8073,20221008073,韩三,男,大四,7班,2004-07-12,17387469590,20221008073@school.edu.cn
8074,20221008074,程妍,男,大四,6班,2003-12-26,15257548027,20221008074@school.edu.cn
8075,20221008075,程泓昊,男,大四,4班,2003-01-17,13979598396,20221008075@school.edu.cn
8076,20221008076,许睿霖,女,大四,8班,2003-10-01,15304886652,20221008076@school.edu.cn
8077,20221008077,宋乐,男,大四,12班,2003-05-08,18995382393,20221008077@school.edu.cn
8078,20221008078,王筱,男,大四,8班,2004-01-09,13638722763,20221008078@school.edu.cn
8079,20221008079,刘筱轩,女,大四,1班,2004-03-14,13895376363,20221008079@school.edu.cn
8080,20221008080,许渲芸,女,大四,9班,2004-06-01,15606468399,20221008080@school.edu.cn
8081,20221008081,朱宁婧,男,大四,12班,2004-03-27,17891500211,20221008081@school.edu.cn
8082,20221008082,周珂珂,女,大四,7班,2004-06-13,15825314452,20221008082@school.edu.cn
8083,20221008083,曾瑶,男,大四,10班,2003-10-24,15768989928,20221008083@school.edu.cn
8084,20221008084,罗彦,女,大四,8班,2003-08-18,13304666519,20221008084@school.edu.cn
8085,20221008085,董博璐,女,大四,11班,2004-03-17,13500746807,20221008085@school.edu.cn
8086,20221008086,刘彦,男,大四,7班,2004-11-12,18360281161,20221008086@school.edu.cn
8087,20221008087,于雨霄,男,大四,4班,2003-02-09,13501133694,20221008087@school.edu.cn
8088,20221008088,郑羽恺,男,大四,8班,2003-10-13,15002668185,20221008088@school.edu.cn
8089,20221008089,程淇,女,大四,5班,2004-01-17,18343814986,20221008089@school.edu.cn
8090,20221008090,李祺骐,男,大四,7班,2004-09-16,17391684378,20221008090@school.edu.cn
8091,20221008091,吕岚,女,大四,8班,2003-03-02,15897137751,20221008091@school.edu.cn
8092,20221008092,吕泓瑾,女,大四,12班,2003-09-09,13783407481,20221008092@school.edu.cn
8093,20221008093,郭彦琪,男,大四,10班,2003-06-07,18129732020,20221008093@school.edu.cn
8094,20221008094,周珂霖,男,大四,2班,2003-10-11,15653421230,20221008094@school.edu.cn
8095,20221008095,周浩宇,女,大四,1班,2004-06-08,15520597151,20221008095@school.edu.cn
8096,20221008096,董杰娅,男,大四,7班,2003-01-29,17793452527,20221008096@school.edu.cn
8097,20221008097,孙颖,女,大四,8班,2004-05-06,18243180055,20221008097@school.edu.cn
8098,20221008098,黄涵,女,大四,9班,2004-04-30,18838663580,20221008098@school.edu.cn
8099,20221008099,何曜妍,男,大四,6班,2004-03-04,13410888966,20221008099@school.edu.cn
8100,20221008100,谢宇可,男,大四,7班,2004-11-30,18114970237,20221008100@school.edu.cn
8101,20221008101,李雨,男,大四,11班,2004-03-09,18985026781,20221008101@school.edu.cn
8102,20221008102,王清琪,女,大四,2班,2004-01-02,18244158569,20221008102@school.edu.cn
8103,20221008103,刘筱,女,大四,3班,2004-06-04,15395485986,20221008103@school.edu.cn
8104,20221008104,孙淇睿,男,大四,3班,2003-08-19,15999896608,20221008104@school.edu.cn
8105,20221008105,曹祺翎,女,大四,7班,2004-08-19,17615448596,20221008105@school.edu.cn
8106,20221008106,曹林明,女,大四,9班,2003-12-16,13227588653,20221008106@school.edu.cn
8107,20221008107,王瑞钰,男,大四,1班,2004-08-17,18569168783,20221008107@school.edu.cn
8108,20221008108,吴宁衡,女,大四,12班,2003-09-26,15639932309,20221008108@school.edu.cn
8109,20221008109,邓睿琪,男,大四,3班,2003-06-17,13146417095,20221008109@school.edu.cn
8110,20221008110,何梓衡,女,大四,8班,2004-01-12,13952879372,20221008110@school.edu.cn
8111,20221008111,徐霖峻,女,大四,8班,2003-08-12,17362823166,20221008111@school.edu.cn
8112,20221008112,黄宥,女,大四,11班,2003-11-19,17816585976,20221008112@school.edu.cn
8113,20221008113,周珂,男,大四,9班,2003-03-17,13469356372,20221008113@school.edu.cn
8114,20221008114,彭翊致,女,大四,5班,2004-03-09,15151275854,20221008114@school.edu.cn
8115,20221008115,郭若馥,女,大四,8班,2003-08-18,15812560636,20221008115@school.edu.cn
8116,20221008116,张淇峻,女,大四,10班,2003-01-30,15546728922,20221008116@school.edu.cn
8117,20221008117,李瑜焱,男,大四,7班,2003-06-16,13500191223,20221008117@school.edu.cn
8118,20221008118,徐雅晨,男,大四,5班,2004-02-18,13482348314,20221008118@school.edu.cn
8119,20221008119,梁四,男,大四,5班,2003-02-05,17754245575,20221008119@school.edu.cn
8120,20221008120,朱沁婧,男,大四,8班,2003-03-14,13699982296,20221008120@school.edu.cn
8121,20221008121,郭雪浩,男,大四,3班,2003-02-01,15772727490,20221008121@school.edu.cn
8122,20221008122,萧琳铠,女,大四,11班,2003-05-31,17700148471,20221008122@school.edu.cn
8123,20221008123,赵梓悦,女,大四,11班,2004-03-14,18809215846,20221008123@school.edu.cn
8124,20221008124,袁乐诺,男,大四,4班,2003-11-26,18016028335,20221008124@school.edu.cn
8125,20221008125,郑景琳,女,大四,4班,2003-03-30,13180810282,20221008125@school.edu.cn
8126,20221008126,徐乐,男,大四,1班,2004-01-17,15801128168,20221008126@school.edu.cn
8127,20221008127,李瑞,男,大四,12班,2003-03-09,15016609257,20221008127@school.edu.cn
8128,20221008128,赵依芷,男,大四,10班,2004-01-25,18805662052,20221008128@school.edu.cn
8129,20221008129,吴杰六,女,大四,8班,2004-06-16,13020277004,20221008129@school.edu.cn
8130,20221008130,于婷航,女,大四,8班,2003-08-19,13647336634,20221008130@school.edu.cn
8131,20221008131,邓宁珊,男,大四,6班,2004-09-19,17788167360,20221008131@school.edu.cn
8132,20221008132,梁芸志,女,大四,4班,2003-03-12,15678884665,20221008132@school.edu.cn
8133,20221008133,吴彦骁,男,大四,4班,2004-01-01,13663978178,20221008133@school.edu.cn
8134,20221008134,唐宁潇,女,大四,7班,2004-09-01,15633606922,20221008134@school.edu.cn
8135,20221008135,胡泓珊,女,大四,9班,2003-11-10,18021088440,20221008135@school.edu.cn
8136,20221008136,何姝斌,女,大四,1班,2004-03-13,18793103711,20221008136@school.edu.cn
8137,20221008137,罗乐磊,男,大四,5班,2003-09-27,15130197633,20221008137@school.edu.cn
8138,20221008138,赵颖蓉,女,大四,6班,2004-03-31,13679377835,20221008138@school.edu.cn
8139,20221008139,邓珂,男,大四,6班,2003-06-28,17706123728,20221008139@school.edu.cn
8140,20221008140,周瑶琳,女,大四,11班,2003-09-01,18675308192,20221008140@school.edu.cn
8141,20221008141,沈四衡,男,大四,1班,2003-03-07,13710122067,20221008141@school.edu.cn
8142,20221008142,曹彦六,女,大四,1班,2003-05-23,13102685268,20221008142@school.edu.cn
8143,20221008143,林瑞瑾,男,大四,9班,2004-12-25,13242258092,20221008143@school.edu.cn
8144,20221008144,沈瑾凯,女,大四,8班,2004-08-08,13124765005,20221008144@school.edu.cn
8145,20221008145,徐景,男,大四,7班,2004-04-24,15716019186,20221008145@school.edu.cn
8146,20221008146,邓浩宁,女,大四,2班,2003-09-03,15617980688,20221008146@school.edu.cn
8147,20221008147,宋瑞,女,大四,5班,2003-02-13,13056428882,20221008147@school.edu.cn
8148,20221008148,周茗瑶,男,大四,2班,2004-06-11,13717939912,20221008148@school.edu.cn
8149,20221008149,曾志璐,男,大四,3班,2003-02-13,15284329285,20221008149@school.edu.cn
8150,20221008150,王启睿,女,大四,3班,2004-08-26,13880907338,20221008150@school.edu.cn
8151,20221008151,邓雅,女,大四,1班,2003-04-14,18099297104,20221008151@school.edu.cn
8152,20221008152,郭瑶蕾,男,大四,11班,2004-05-05,15884711539,20221008152@school.edu.cn
8153,20221008153,彭瑾,女,大四,4班,2004-10-25,15974690320,20221008153@school.edu.cn
8154,20221008154,曾宁滢,女,大四,9班,2004-05-12,15987179455,20221008154@school.edu.cn
8155,20221008155,陈佳四,女,大四,9班,2003-11-06,13624261562,20221008155@school.edu.cn
8156,20221008156,傅乐雪,男,大四,1班,2003-12-19,15751581871,20221008156@school.edu.cn
8157,20221008157,董六,男,大四,11班,2003-07-26,15534260851,20221008157@school.edu.cn
8158,20221008158,于欣六,男,大四,11班,2003-09-28,13460139838,20221008158@school.edu.cn
8159,20221008159,宋宁,女,大四,12班,2003-06-19,15504685188,20221008159@school.edu.cn
8160,20221008160,李二,女,大四,4班,2004-01-20,13151119265,20221008160@school.edu.cn
8161,20221008161,曹翊芸,女,大四,11班,2004-03-30,18227344551,20221008161@school.edu.cn
8162,20221008162,孙菲阳,男,大四,10班,2003-07-09,13495252723,20221008162@school.edu.cn
8163,20221008163,冯林娜,女,大四,2班,2003-05-14,13780911769,20221008163@school.edu.cn
8164,20221008164,周莹,女,大四,2班,2003-02-04,15094854448,20221008164@school.edu.cn
8165,20221008165,于序,男,大四,7班,2003-09-18,18291099522,20221008165@school.edu.cn
8166,20221008166,何五哲,女,大四,9班,2003-05-04,13103620082,20221008166@school.edu.cn
8167,20221008167,沈雪欣,女,大四,5班,2003-08-10,15272324467,20221008167@school.edu.cn
8168,20221008168,赵羽驰,男,大四,9班,2003-06-26,13764475045,20221008168@school.edu.cn
8169,20221008169,朱雪,女,大四,3班,2004-08-08,17673720842,20221008169@school.edu.cn
8170,20221008170,吕奚芷,男,大四,7班,2004-07-14,13582438679,20221008170@school.edu.cn
8171,20221008171,曾雅泽,女,大四,1班,2004-06-18,15003519792,20221008171@school.edu.cn
8172,20221008172,彭珂坤,女,大四,5班,2004-10-24,18108215380,20221008172@school.edu.cn
8173,20221008173,黄瑶琪,女,大四,7班,2004-02-20,15790966184,20221008173@school.edu.cn
8174,20221008174,何泓,女,大四,12班,2004-12-10,18312849246,20221008174@school.edu.cn
8175,20221008175,彭浩四,男,大四,10班,2004-04-20,13901873594,20221008175@school.edu.cn
8176,20221008176,徐语,男,大四,10班,2003-05-22,15322259724,20221008176@school.edu.cn
8177,20221008177,曾八锴,女,大四,1班,2003-01-01,13274555972,20221008177@school.edu.cn
8178,20221008178,冯羽蕾,男,大四,8班,2003-11-06,15163521178,20221008178@school.edu.cn
8179,20221008179,马琛,男,大四,11班,2004-09-14,18754103278,20221008179@school.edu.cn
8180,20221008180,王序,男,大四,5班,2003-09-07,18318826353,20221008180@school.edu.cn
8181,20221008181,谢欣致,男,大四,11班,2003-12-11,17684019345,20221008181@school.edu.cn
8182,20221008182,曾杰洁,女,大四,3班,2004-01-30,13398202451,20221008182@school.edu.cn
8183,20221008183,袁琛翎,男,大四,3班,2003-04-16,17878213206,20221008183@school.edu.cn
8184,20221008184,沈曜煜,男,大四,10班,2004-09-19,15258532910,20221008184@school.edu.cn
8185,20221008185,萧明凝,男,大四,3班,2004-01-28,18556133051,20221008185@school.edu.cn
8186,20221008186,沈欣蓉,女,大四,11班,2004-05-26,15840591374,20221008186@school.edu.cn
8187,20221008187,彭语凯,男,大四,10班,2003-10-08,13316944984,20221008187@school.edu.cn
8188,20221008188,吕序轩,女,大四,6班,2003-06-29,13553051460,20221008188@school.edu.cn
8189,20221008189,黄六希,男,大四,11班,2004-04-13,13363636602,20221008189@school.edu.cn
8190,20221008190,韩景,男,大四,7班,2003-10-07,18296829780,20221008190@school.edu.cn
8191,20221008191,沈泽晟,女,大四,3班,2004-12-05,18962289376,20221008191@school.edu.cn
8192,20221008192,朱曜,男,大四,6班,2004-05-11,15048499904,20221008192@school.edu.cn
8193,20221008193,王颖亦,男,大四,7班,2004-06-12,18578326989,20221008193@school.edu.cn
8194,20221008194,彭泓琪,女,大四,6班,2004-07-22,13520026043,20221008194@school.edu.cn
8195,20221008195,彭奚,男,大四,6班,2003-07-26,13945583012,20221008195@school.edu.cn
8196,20221008196,朱颖腾,男,大四,3班,2004-10-03,18359045801,20221008196@school.edu.cn
8197,20221008197,董依娜,男,大四,3班,2004-07-13,17502862195,20221008197@school.edu.cn
8198,20221008198,郭雨然,女,大四,8班,2003-10-19,15813771769,20221008198@school.edu.cn
8199,20221008199,唐宁,女,大四,6班,2004-05-14,15162630298,20221008199@school.edu.cn
8200,20221008200,梁宥,男,大四,5班,2004-11-29,13919389652,20221008200@school.edu.cn
8201,20221008201,冯凯,女,大四,12班,2003-06-22,17393022511,20221008201@school.edu.cn
8202,20221008202,张五博,女,大四,7班,2004-06-06,13186969395,20221008202@school.edu.cn
8203,20221008203,郭浩六,女,大四,2班,2004-11-22,13061481068,20221008203@school.edu.cn
8204,20221008204,彭颖钰,男,大四,3班,2004-03-20,18780859359,20221008204@school.edu.cn
8205,20221008205,陈彤坤,女,大四,2班,2003-03-03,17688858263,20221008205@school.edu.cn
8206,20221008206,林涵,女,大四,5班,2003-10-10,15925443522,20221008206@school.edu.cn
8207,20221008207,梁瑶宇,女,大四,10班,2004-03-27,15673556734,20221008207@school.edu.cn
8208,20221008208,胡志萌,男,大四,7班,2003-04-09,18019367373,20221008208@school.edu.cn
8209,20221008209,马茗可,男,大四,8班,2003-11-14,13519787682,20221008209@school.edu.cn
8210,20221008210,梁杰致,男,大四,1班,2004-01-28,13595876062,20221008210@school.edu.cn
8211,20221008211,唐昭,女,大四,8班,2004-01-01,15563423533,20221008211@school.edu.cn
8212,20221008212,吴颖妍,女,大四,3班,2003-09-11,17362982415,20221008212@school.edu.cn
8213,20221008213,郭浩峻,女,大四,6班,2003-09-17,15851788928,20221008213@school.edu.cn
8214,20221008214,陈奚,女,大四,5班,2004-04-24,15507342326,20221008214@school.edu.cn
8215,20221008215,郑四亦,女,大四,8班,2004-08-09,18854383153,20221008215@school.edu.cn
8216,20221008216,吕欣,男,大四,7班,2003-10-16,13378167352,20221008216@school.edu.cn
8217,20221008217,邓淇子,男,大四,4班,2003-08-25,15787740708,20221008217@school.edu.cn
8218,20221008218,宋文博,男,大四,6班,2003-11-04,15538082103,20221008218@school.edu.cn
8219,20221008219,张星,女,大四,5班,2004-08-31,15028466669,20221008219@school.edu.cn
8220,20221008220,郑瑶铠,女,大四,7班,2003-06-13,13576674611,20221008220@school.edu.cn
8221,20221008221,曾婕芷,男,大四,5班,2004-11-27,13505434815,20221008221@school.edu.cn
8222,20221008222,萧浩涵,男,大四,8班,2004-01-22,13474848524,20221008222@school.edu.cn
8223,20221008223,沈祺扬,女,大四,12班,2004-11-21,15908254154,20221008223@school.edu.cn
8224,20221008224,袁浩,男,大四,6班,2003-02-06,15869976255,20221008224@school.edu.cn
8225,20221008225,梁清衡,男,大四,4班,2004-12-20,13160993664,20221008225@school.edu.cn
8226,20221008226,韩曜琳,男,大四,1班,2004-06-22,18864691210,20221008226@school.edu.cn
8227,20221008227,何雅博,女,大四,8班,2003-02-01,18109825709,20221008227@school.edu.cn
8228,20221008228,吴若衡,男,大四,10班,2004-08-17,17649922390,20221008228@school.edu.cn
8229,20221008229,王曜,男,大四,2班,2003-10-14,18084615083,20221008229@school.edu.cn
8230,20221008230,韩渲翎,男,大四,9班,2003-07-09,17554172733,20221008230@school.edu.cn
8231,20221008231,周景琛,男,大四,1班,2003-07-14,18557396610,20221008231@school.edu.cn
8232,20221008232,高颖五,男,大四,2班,2004-11-21,17359161887,20221008232@school.edu.cn
8233,20221008233,程二,女,大四,8班,2003-09-06,18609651169,20221008233@school.edu.cn
8234,20221008234,陈若六,男,大四,5班,2003-08-08,15974994782,20221008234@school.edu.cn
8235,20221008235,傅菲文,男,大四,9班,2003-08-30,13436612797,20221008235@school.edu.cn
8236,20221008236,邓若娅,女,大四,4班,2003-07-24,13833047363,20221008236@school.edu.cn
8237,20221008237,徐霖霖,男,大四,11班,2004-08-05,13289779713,20221008237@school.edu.cn
8238,20221008238,高三,女,大四,8班,2003-02-13,15504686120,20221008238@school.edu.cn
8239,20221008239,周珂二,男,大四,2班,2003-02-19,13142029470,20221008239@school.edu.cn
8240,20221008240,陈博,男,大四,4班,2003-05-08,17636037700,20221008240@school.edu.cn
8241,20221008241,罗淇辰,男,大四,9班,2003-11-18,15507211616,20221008241@school.edu.cn
8242,20221008242,傅宸六,女,大四,5班,2003-03-25,18669111448,20221008242@school.edu.cn
8243,20221008243,郑杰瑾,女,大四,8班,2003-07-04,18792758959,20221008243@school.edu.cn
8244,20221008244,唐杰焱,男,大四,5班,2003-03-11,18615906952,20221008244@school.edu.cn
8245,20221008245,萧宁馥,男,大四,7班,2004-12-15,17819002307,20221008245@school.edu.cn
8246,20221008246,赵乐,男,大四,7班,2004-09-21,17825935170,20221008246@school.edu.cn
8247,20221008247,吕杰航,女,大四,6班,2004-11-11,18974843930,20221008247@school.edu.cn
8248,20221008248,刘珂瑜,男,大四,3班,2004-06-15,18703723819,20221008248@school.edu.cn
8249,20221008249,胡昭,男,大四,9班,2003-06-14,17768640127,20221008249@school.edu.cn
8250,20221008250,邓雅函,男,大四,12班,2003-08-02,15888469221,20221008250@school.edu.cn
8251,20221008251,韩七,女,大四,8班,2003-01-04,15141861271,20221008251@school.edu.cn
8252,20221008252,宋芸锴,女,大四,8班,2004-07-14,15360836078,20221008252@school.edu.cn
8253,20221008253,张晨宁,男,大四,11班,2003-09-13,18077549021,20221008253@school.edu.cn
8254,20221008254,沈启,男,大四,8班,2003-03-02,15801981493,20221008254@school.edu.cn
8255,20221008255,陈姝娅,男,大四,7班,2004-11-08,13718955497,20221008255@school.edu.cn
8256,20221008256,徐莹子,女,大四,3班,2003-03-07,18581732866,20221008256@school.edu.cn
8257,20221008257,林祺航,女,大四,1班,2004-07-14,13574961310,20221008257@school.edu.cn
8258,20221008258,梁宸志,女,大四,6班,2003-04-03,13728963877,20221008258@school.edu.cn
8259,20221008259,萧一,女,大四,11班,2003-04-06,15830420605,20221008259@school.edu.cn
8260,20221008260,刘启博,男,大四,11班,2003-06-19,13239644723,20221008260@school.edu.cn
8261,20221008261,董序欣,男,大四,6班,2004-09-15,13947359320,20221008261@school.edu.cn
8262,20221008262,李一,男,大四,7班,2004-04-30,15516431150,20221008262@school.edu.cn
8263,20221008263,于瑶辰,女,大四,7班,2003-07-10,17884598849,20221008263@school.edu.cn
8264,20221008264,张彦珏,女,大四,4班,2003-10-08,17642466440,20221008264@school.edu.cn
8265,20221008265,黄奕婧,女,大四,10班,2003-11-19,17589917052,20221008265@school.edu.cn
8266,20221008266,何乐翎,女,大四,11班,2004-05-20,18039014539,20221008266@school.edu.cn
8267,20221008267,陈宁琪,男,大四,7班,2004-02-26,15851399747,20221008267@school.edu.cn
8268,20221008268,郭瑜骞,男,大四,6班,2004-06-25,15794474097,20221008268@school.edu.cn
8269,20221008269,朱子七,男,大四,12班,2003-05-17,18304692563,20221008269@school.edu.cn
8270,20221008270,唐宥驰,女,大四,8班,2004-01-03,18142596178,20221008270@school.edu.cn
8271,20221008271,胡明八,男,大四,3班,2004-07-27,18668042926,20221008271@school.edu.cn
8272,20221008272,唐宥御,女,大四,12班,2004-09-06,15663786766,20221008272@school.edu.cn
8273,20221008273,宋羽亦,女,大四,6班,2003-12-05,18646658958,20221008273@school.edu.cn
8274,20221008274,韩涵彤,女,大四,6班,2004-08-28,17526585650,20221008274@school.edu.cn
8275,20221008275,傅淇洁,女,大四,6班,2003-05-27,15924013010,20221008275@school.edu.cn
8276,20221008276,程岚滢,女,大四,10班,2003-05-25,18972874514,20221008276@school.edu.cn
8277,20221008277,曹莹斌,女,大四,8班,2003-07-16,13536291760,20221008277@school.edu.cn
8278,20221008278,邓志凝,男,大四,10班,2003-02-16,18961673669,20221008278@school.edu.cn
8279,20221008279,黄芸志,女,大四,2班,2003-03-28,15559594986,20221008279@school.edu.cn
8280,20221008280,袁珂六,男,大四,11班,2004-07-05,18644646285,20221008280@school.edu.cn
8281,20221008281,徐浩霄,男,大四,4班,2003-05-09,13131639878,20221008281@school.edu.cn
8282,20221008282,林浩潇,女,大四,8班,2003-07-29,13150383575,20221008282@school.edu.cn
8283,20221008283,黄筱辰,男,大四,10班,2004-10-18,17787125766,20221008283@school.edu.cn
8284,20221008284,孙二芸,女,大四,4班,2004-11-25,15513964165,20221008284@school.edu.cn
8285,20221008285,陈曜斌,男,大四,11班,2003-06-08,17671823079,20221008285@school.edu.cn
8286,20221008286,曾泓,女,大四,1班,2003-04-18,18198452882,20221008286@school.edu.cn
8287,20221008287,黄乐骞,女,大四,5班,2003-05-03,18558794638,20221008287@school.edu.cn
8288,20221008288,郭姝珏,男,大四,6班,2004-02-06,18710284233,20221008288@school.edu.cn
8289,20221008289,袁莹,女,大四,8班,2004-12-04,17627296994,20221008289@school.edu.cn
8290,20221008290,曹三凝,男,大四,1班,2003-06-18,15051364457,20221008290@school.edu.cn
8291,20221008291,许菲,女,大四,8班,2004-01-04,15325352567,20221008291@school.edu.cn
8292,20221008292,董宇蕾,男,大四,5班,2003-09-03,13715881511,20221008292@school.edu.cn
8293,20221008293,吴泓致,男,大四,8班,2003-12-21,18923981638,20221008293@school.edu.cn
8294,20221008294,陈琳,男,大四,7班,2004-11-02,15864130234,20221008294@school.edu.cn
8295,20221008295,韩芸,男,大四,7班,2004-02-17,15514352745,20221008295@school.edu.cn
8296,20221008296,宋芸,女,大四,11班,2004-10-05,18779963692,20221008296@school.edu.cn
8297,20221008297,傅锦,男,大四,2班,2003-07-29,18136759715,20221008297@school.edu.cn
8298,20221008298,吴羽,男,大四,3班,2004-07-14,18221162267,20221008298@school.edu.cn
8299,20221008299,吕志,女,大四,8班,2004-12-22,17627844578,20221008299@school.edu.cn
8300,20221008300,曾佳宇,男,大四,10班,2004-03-13,18909764909,20221008300@school.edu.cn
8301,20221008301,刘乐,男,大四,6班,2004-12-29,15511935243,20221008301@school.edu.cn
8302,20221008302,曹依,女,大四,5班,2004-10-20,15752847532,20221008302@school.edu.cn
8303,20221008303,何奚帆,女,大四,4班,2003-04-27,13733002550,20221008303@school.edu.cn
8304,20221008304,李一珂,男,大四,7班,2003-03-16,18051846194,20221008304@school.edu.cn
8305,20221008305,萧珂,女,大四,10班,2003-01-18,13735029041,20221008305@school.edu.cn
8306,20221008306,傅岚睿,女,大四,5班,2003-08-12,13855395906,20221008306@school.edu.cn
8307,20221008307,吕嘉诺,女,大四,10班,2003-01-05,15782539887,20221008307@school.edu.cn
8308,20221008308,邓宸瑶,男,大四,5班,2003-12-23,13020888087,20221008308@school.edu.cn
8309,20221008309,韩筱琪,女,大四,10班,2003-03-18,15657550472,20221008309@school.edu.cn
8310,20221008310,宋祺峻,女,大四,6班,2003-05-23,18852168991,20221008310@school.edu.cn
8311,20221008311,高妍凯,男,大四,5班,2003-01-16,18668408174,20221008311@school.edu.cn
8312,20221008312,曾佳希,男,大四,12班,2003-05-09,17707645297,20221008312@school.edu.cn
8313,20221008313,黄睿希,男,大四,7班,2003-12-01,15990186307,20221008313@school.edu.cn
8314,20221008314,程瑜,女,大四,11班,2003-08-06,13558771224,20221008314@school.edu.cn
8315,20221008315,黄宁博,男,大四,4班,2003-03-21,13799217599,20221008315@school.edu.cn
8316,20221008316,高莹琛,男,大四,5班,2004-06-04,18250318994,20221008316@school.edu.cn
8317,20221008317,张泽馥,男,大四,2班,2003-12-05,13781070438,20221008317@school.edu.cn
8318,20221008318,冯雨滢,女,大四,3班,2003-11-02,17539538974,20221008318@school.edu.cn
8319,20221008319,周二八,男,大四,6班,2004-11-09,17724640710,20221008319@school.edu.cn
8320,20221008320,周睿琳,男,大四,6班,2003-08-03,13720709945,20221008320@school.edu.cn
8321,20221008321,宋宥,男,大四,10班,2004-06-30,13611696037,20221008321@school.edu.cn
8322,20221008322,许乐琳,男,大四,6班,2003-05-10,18754854696,20221008322@school.edu.cn
8323,20221008323,萧思,男,大四,10班,2003-10-05,18958051923,20221008323@school.edu.cn
8324,20221008324,吕祺,男,大四,2班,2004-12-15,17353070012,20221008324@school.edu.cn
8325,20221008325,彭淇茹,女,大四,5班,2003-01-28,13384652902,20221008325@school.edu.cn
8326,20221008326,马嘉六,女,大四,1班,2004-04-03,13644555451,20221008326@school.edu.cn
8327,20221008327,唐子雯,女,大四,7班,2003-09-03,13606178870,20221008327@school.edu.cn
8328,20221008328,于奕,女,大四,1班,2004-11-14,17797037161,20221008328@school.edu.cn
8329,20221008329,宋宁晨,女,大四,12班,2004-12-09,13425161965,20221008329@school.edu.cn
8330,20221008330,高羽,女,大四,9班,2004-02-10,17867378427,20221008330@school.edu.cn
8331,20221008331,韩明,女,大四,4班,2004-08-30,15072909980,20221008331@school.edu.cn
8332,20221008332,傅琳可,男,大四,12班,2004-12-14,17591416040,20221008332@school.edu.cn
8333,20221008333,于若祺,女,大四,8班,2004-10-20,13796034860,20221008333@school.edu.cn
8334,20221008334,胡羽阳,女,大四,4班,2003-08-02,13764222928,20221008334@school.edu.cn
8335,20221008335,何浩珊,女,大四,11班,2003-10-27,13785792279,20221008335@school.edu.cn
8336,20221008336,李清熙,男,大四,12班,2004-01-27,18219734279,20221008336@school.edu.cn
8337,20221008337,邓涵,女,大四,10班,2003-05-29,18940584167,20221008337@school.edu.cn
8338,20221008338,吴宁,女,大四,12班,2004-09-04,15779424422,20221008338@school.edu.cn
8339,20221008339,萧琳衡,男,大四,8班,2004-05-15,13783115094,20221008339@school.edu.cn
8340,20221008340,曾杰,女,大四,2班,2003-05-18,18648045705,20221008340@school.edu.cn
8341,20221008341,董泓坤,女,大四,10班,2003-04-21,18056095916,20221008341@school.edu.cn
8342,20221008342,唐奕六,男,大四,5班,2003-02-04,17893056597,20221008342@school.edu.cn
8343,20221008343,杨宸,男,大四,8班,2003-03-08,18559789114,20221008343@school.edu.cn
8344,20221008344,郑宥阳,女,大四,10班,2003-09-25,13811145880,20221008344@school.edu.cn
8345,20221008345,韩露,男,大四,12班,2004-03-30,13826163085,20221008345@school.edu.cn
8346,20221008346,何七坤,男,大四,11班,2003-02-11,13647597802,20221008346@school.edu.cn
8347,20221008347,陈瑜斌,女,大四,9班,2004-04-28,13103636337,20221008347@school.edu.cn
8348,20221008348,徐语颖,女,大四,11班,2004-01-26,15043192395,20221008348@school.edu.cn
8349,20221008349,孙翊,女,大四,4班,2003-09-09,13614309289,20221008349@school.edu.cn
8350,20221008350,胡奕洁,男,大四,4班,2004-07-13,15063325926,20221008350@school.edu.cn
8351,20221008351,马序,女,大四,1班,2004-12-09,15085928348,20221008351@school.edu.cn
8352,20221008352,吴五雪,女,大四,6班,2003-07-07,13732066571,20221008352@school.edu.cn
8353,20221008353,曾雪,男,大四,9班,2004-02-25,13177772648,20221008353@school.edu.cn
8354,20221008354,程三骐,女,大四,1班,2004-03-22,17825769023,20221008354@school.edu.cn
8355,20221008355,沈彦衡,女,大四,7班,2003-05-17,15035148973,20221008355@school.edu.cn
8356,20221008356,梁依阳,女,大四,4班,2003-08-03,13742789549,20221008356@school.edu.cn
8357,20221008357,程瑜珂,女,大四,4班,2003-09-29,13727070702,20221008357@school.edu.cn
8358,20221008358,宋博哲,女,大四,3班,2004-02-22,15263059902,20221008358@school.edu.cn
8359,20221008359,周宁萌,女,大四,10班,2004-07-27,13310518729,20221008359@school.edu.cn
8360,20221008360,郑子辰,男,大四,7班,2004-06-29,15799148212,20221008360@school.edu.cn
8361,20221008361,杨翊芷,女,大四,2班,2003-01-04,18717668598,20221008361@school.edu.cn
8362,20221008362,傅浩,女,大四,8班,2003-09-15,18841460741,20221008362@school.edu.cn
8363,20221008363,吕瑞六,女,大四,1班,2003-04-10,15656823495,20221008363@school.edu.cn
8364,20221008364,李博霄,男,大四,1班,2003-10-08,13284272023,20221008364@school.edu.cn
8365,20221008365,徐霖晟,男,大四,5班,2004-08-01,15913703406,20221008365@school.edu.cn
8366,20221008366,王雨御,男,大四,11班,2003-11-07,18530180694,20221008366@school.edu.cn
8367,20221008367,唐景,男,大四,10班,2003-09-21,13440526173,20221008367@school.edu.cn
8368,20221008368,罗宁琛,女,大四,3班,2004-01-04,18996735769,20221008368@school.edu.cn
8369,20221008369,彭腾滢,男,大四,2班,2003-03-11,15513613726,20221008369@school.edu.cn
8370,20221008370,赵婕,男,大四,7班,2004-09-02,18394163509,20221008370@school.edu.cn
8371,20221008371,何锦,女,大四,5班,2003-07-04,18209252350,20221008371@school.edu.cn
8372,20221008372,曾星睿,男,大四,11班,2004-03-27,13958649069,20221008372@school.edu.cn
8373,20221008373,曹嘉八,女,大四,11班,2004-04-22,13982952142,20221008373@school.edu.cn
8374,20221008374,郭依,男,大四,6班,2003-12-30,18389583094,20221008374@school.edu.cn
8375,20221008375,韩乐宁,男,大四,4班,2003-03-28,15196233295,20221008375@school.edu.cn
8376,20221008376,程曜,男,大四,7班,2003-09-09,17799042912,20221008376@school.edu.cn
8377,20221008377,吴博怡,男,大四,8班,2003-04-27,13286087477,20221008377@school.edu.cn
8378,20221008378,许姝琪,女,大四,3班,2003-07-13,13627816278,20221008378@school.edu.cn
8379,20221008379,郑涵然,女,大四,4班,2004-01-04,18237755864,20221008379@school.edu.cn
8380,20221008380,沈翊琳,男,大四,12班,2004-12-24,18013420516,20221008380@school.edu.cn
8381,20221008381,邓璇五,女,大四,6班,2003-02-15,13509195993,20221008381@school.edu.cn
8382,20221008382,冯语九,男,大四,1班,2004-06-30,13956053895,20221008382@school.edu.cn
8383,20221008383,郑彦坤,男,大四,8班,2003-08-16,15367060084,20221008383@school.edu.cn
8384,20221008384,周二茹,女,大四,2班,2003-07-10,17556036340,20221008384@school.edu.cn
8385,20221008385,邓露轩,女,大四,3班,2004-06-21,18392895377,20221008385@school.edu.cn
8386,20221008386,郭宥瑶,女,大四,3班,2004-04-24,15712935692,20221008386@school.edu.cn
8387,20221008387,高彦骁,女,大四,5班,2003-02-28,13914851842,20221008387@school.edu.cn
8388,20221008388,刘序御,男,大四,5班,2003-09-22,18037541578,20221008388@school.edu.cn
8389,20221008389,吕宸,男,大四,3班,2003-02-09,15691054584,20221008389@school.edu.cn
8390,20221008390,张泽,女,大四,7班,2003-02-20,15938569396,20221008390@school.edu.cn
8391,20221008391,韩一,男,大四,12班,2004-04-11,15526500149,20221008391@school.edu.cn
8392,20221008392,杨博滢,女,大四,7班,2003-09-22,17703050587,20221008392@school.edu.cn
8393,20221008393,林雅坤,男,大四,6班,2003-11-17,15379924228,20221008393@school.edu.cn
8394,20221008394,邓璇凝,女,大四,6班,2003-03-13,15938948295,20221008394@school.edu.cn
8395,20221008395,吴语,女,大四,11班,2004-07-30,17729443360,20221008395@school.edu.cn
8396,20221008396,陈妍四,女,大四,8班,2004-12-15,13880888460,20221008396@school.edu.cn
8397,20221008397,刘雅凯,女,大四,1班,2003-01-19,17608796131,20221008397@school.edu.cn
8398,20221008398,胡菲,男,大四,6班,2003-01-21,18960743912,20221008398@school.edu.cn
8399,20221008399,吕明,男,大四,4班,2003-05-20,18633972963,20221008399@school.edu.cn
8400,20221008400,胡珂骁,男,大四,11班,2003-08-28,17718510692,20221008400@school.edu.cn
8401,20221008401,程志,男,大四,10班,2004-04-26,13641401820,20221008401@school.edu.cn
8402,20221008402,傅琳琳,男,大四,8班,2004-09-03,13525844762,20221008402@school.edu.cn
8403,20221008403,高昭滢,女,大四,3班,2003-08-15,15316170452,20221008403@school.edu.cn
8404,20221008404,马睿,女,大四,5班,2003-10-10,13568515837,20221008404@school.edu.cn
8405,20221008405,陈菲宁,男,大四,9班,2004-06-27,13913642572,20221008405@school.edu.cn
8406,20221008406,冯九文,女,大四,6班,2003-02-06,18085648139,20221008406@school.edu.cn
8407,20221008407,林嘉,女,大四,2班,2004-07-09,13341344891,20221008407@school.edu.cn
8408,20221008408,罗颖昊,男,大四,2班,2003-03-16,13913841666,20221008408@school.edu.cn
8409,20221008409,冯浩,男,大四,6班,2004-01-08,18042755235,20221008409@school.edu.cn
8410,20221008410,孙翊涵,男,大四,9班,2003-10-22,17501640979,20221008410@school.edu.cn
8411,20221008411,许璇娜,男,大四,10班,2004-10-08,18021185938,20221008411@school.edu.cn
8412,20221008412,吴岚,女,大四,12班,2004-03-14,18964486725,20221008412@school.edu.cn
8413,20221008413,邓瑾芸,男,大四,3班,2003-12-06,18529003510,20221008413@school.edu.cn
8414,20221008414,彭宁蕾,女,大四,10班,2003-07-06,15606345103,20221008414@school.edu.cn
8415,20221008415,郑五函,女,大四,5班,2004-11-14,18608220839,20221008415@school.edu.cn
8416,20221008416,刘芸凝,女,大四,2班,2004-10-01,15753617561,20221008416@school.edu.cn
8417,20221008417,朱露霖,男,大四,4班,2004-08-13,18533006062,20221008417@school.edu.cn
8418,20221008418,唐露蕾,男,大四,10班,2003-01-20,15350338855,20221008418@school.edu.cn
8419,20221008419,高泽瑶,女,大四,4班,2004-04-10,13785401035,20221008419@school.edu.cn
8420,20221008420,谢曜,男,大四,3班,2003-01-31,13043335671,20221008420@school.edu.cn
8421,20221008421,赵宸,女,大四,5班,2003-07-12,13778730093,20221008421@school.edu.cn
8422,20221008422,林杰娜,女,大四,2班,2004-11-03,13056114596,20221008422@school.edu.cn
8423,20221008423,董奚熙,男,大四,6班,2004-02-19,15914348290,20221008423@school.edu.cn
8424,20221008424,萧奕锴,男,大四,12班,2003-10-10,13463615080,20221008424@school.edu.cn
8425,20221008425,周瑞,男,大四,1班,2003-02-09,15901594503,20221008425@school.edu.cn
8426,20221008426,王若,男,大四,6班,2004-04-12,18293523087,20221008426@school.edu.cn
8427,20221008427,赵乐,男,大四,6班,2004-05-15,18749937843,20221008427@school.edu.cn
8428,20221008428,孙欣,女,大四,10班,2003-02-01,18101478435,20221008428@school.edu.cn
8429,20221008429,董祺,女,大四,5班,2004-06-26,15194174133,20221008429@school.edu.cn
8430,20221008430,许颖衡,女,大四,5班,2004-07-05,13172507515,20221008430@school.edu.cn
8431,20221008431,徐瑞诺,男,大四,1班,2004-12-19,18025029173,20221008431@school.edu.cn
8432,20221008432,韩嫣翎,女,大四,4班,2003-02-11,17760665307,20221008432@school.edu.cn
8433,20221008433,袁泽雯,男,大四,3班,2003-03-21,13388720453,20221008433@school.edu.cn
8434,20221008434,彭思凯,男,大四,3班,2003-10-20,13131324900,20221008434@school.edu.cn
8435,20221008435,于昭,男,大四,8班,2003-01-10,13926232616,20221008435@school.edu.cn
8436,20221008436,何七八,男,大四,7班,2003-02-04,15083640276,20221008436@school.edu.cn
8437,20221008437,周岚致,男,大四,3班,2004-07-27,18623815872,20221008437@school.edu.cn
8438,20221008438,唐渲,男,大四,12班,2003-11-04,15232840278,20221008438@school.edu.cn
8439,20221008439,傅菲四,女,大四,7班,2004-09-21,17333259533,20221008439@school.edu.cn
8440,20221008440,程珂珊,女,大四,10班,2004-12-02,17800818886,20221008440@school.edu.cn
8441,20221008441,许婕骁,男,大四,6班,2003-02-03,15087912779,20221008441@school.edu.cn
8442,20221008442,朱雅骞,男,大四,6班,2003-05-18,13553464403,20221008442@school.edu.cn
8443,20221008443,李语博,女,大四,12班,2003-01-28,13847840917,20221008443@school.edu.cn
8444,20221008444,刘佳希,女,大四,8班,2003-04-20,15675987437,20221008444@school.edu.cn
8445,20221008445,陈珺宇,男,大四,10班,2004-04-12,13604067382,20221008445@school.edu.cn
8446,20221008446,彭妍子,女,大四,12班,2003-10-12,17771622491,20221008446@school.edu.cn
8447,20221008447,徐岚,男,大四,7班,2004-09-05,15720748645,20221008447@school.edu.cn
8448,20221008448,孙九,男,大四,12班,2004-05-09,13572964377,20221008448@school.edu.cn
8449,20221008449,沈泽,女,大四,7班,2003-11-03,15316268413,20221008449@school.edu.cn
8450,20221008450,周雅茹,男,大四,3班,2003-07-27,15314528074,20221008450@school.edu.cn
8451,20221008451,董婕,女,大四,6班,2004-05-09,18966393305,20221008451@school.edu.cn
8452,20221008452,何若希,女,大四,10班,2003-01-28,13758828957,20221008452@school.edu.cn
8453,20221008453,沈欣子,女,大四,10班,2003-02-15,15666707899,20221008453@school.edu.cn
8454,20221008454,张浩洁,女,大四,5班,2004-07-05,15195977359,20221008454@school.edu.cn
8455,20221008455,傅志,男,大四,8班,2003-08-20,18047973205,20221008455@school.edu.cn
8456,20221008456,黄志,男,大四,9班,2003-03-01,13303628511,20221008456@school.edu.cn
8457,20221008457,唐腾致,男,大四,12班,2004-01-22,15329834895,20221008457@school.edu.cn
8458,20221008458,杨一,男,大四,9班,2003-01-14,18939684191,20221008458@school.edu.cn
8459,20221008459,萧语,男,大四,3班,2004-11-24,15582668308,20221008459@school.edu.cn
8460,20221008460,刘子晨,女,大四,3班,2004-07-13,13566657227,20221008460@school.edu.cn
8461,20221008461,于林,女,大四,8班,2003-11-21,15540520033,20221008461@school.edu.cn
8462,20221008462,梁宥,女,大四,9班,2004-04-02,13535758456,20221008462@school.edu.cn
8463,20221008463,胡奚妍,男,大四,3班,2004-08-09,18379015814,20221008463@school.edu.cn
8464,20221008464,张珺亦,男,大四,3班,2003-07-12,13899244126,20221008464@school.edu.cn
8465,20221008465,韩志恺,女,大四,5班,2003-02-28,17885095087,20221008465@school.edu.cn
8466,20221008466,袁四,女,大四,4班,2004-12-10,18892055374,20221008466@school.edu.cn
8467,20221008467,唐志煜,女,大四,10班,2003-06-09,13022145967,20221008467@school.edu.cn
8468,20221008468,赵筱宇,女,大四,5班,2003-01-26,15057017971,20221008468@school.edu.cn
8469,20221008469,曹琛珏,女,大四,12班,2004-02-08,15578764639,20221008469@school.edu.cn
8470,20221008470,高昭驰,男,大四,6班,2004-03-04,18034156610,20221008470@school.edu.cn
8471,20221008471,沈思,男,大四,10班,2004-10-24,15205969590,20221008471@school.edu.cn
8472,20221008472,许宥子,女,大四,4班,2003-12-25,18037290790,20221008472@school.edu.cn
8473,20221008473,曹星,男,大四,4班,2004-08-27,15726381612,20221008473@school.edu.cn
8474,20221008474,宋宁致,男,大四,10班,2003-06-27,13777284371,20221008474@school.edu.cn
8475,20221008475,罗若磊,男,大四,5班,2003-08-12,15793235752,20221008475@school.edu.cn
8476,20221008476,李璇五,女,大四,5班,2004-10-22,18295984512,20221008476@school.edu.cn
8477,20221008477,黄博六,男,大四,7班,2003-05-11,15972132573,20221008477@school.edu.cn
8478,20221008478,宋璇琪,男,大四,5班,2003-09-07,13550979518,20221008478@school.edu.cn
8479,20221008479,宋依蓉,女,大四,1班,2003-09-09,17376258036,20221008479@school.edu.cn
8480,20221008480,赵颖涵,男,大四,2班,2004-03-14,18823266099,20221008480@school.edu.cn
8481,20221008481,谢语雪,男,大四,11班,2004-11-17,13401992323,20221008481@school.edu.cn
8482,20221008482,林昭晨,女,大四,5班,2003-02-11,15655726807,20221008482@school.edu.cn
8483,20221008483,郑六,女,大四,8班,2004-02-15,15857240816,20221008483@school.edu.cn
8484,20221008484,曹依霄,女,大四,3班,2003-02-13,18054339376,20221008484@school.edu.cn
8485,20221008485,孙璇博,男,大四,6班,2003-02-02,13738191350,20221008485@school.edu.cn
8486,20221008486,黄星霖,男,大四,8班,2003-06-12,13673554417,20221008486@school.edu.cn
8487,20221008487,梁嘉泽,女,大四,2班,2003-11-08,13400545983,20221008487@school.edu.cn
8488,20221008488,杨雨,男,大四,4班,2004-02-16,18057100534,20221008488@school.edu.cn
8489,20221008489,吴晨琪,男,大四,4班,2004-01-19,17373835142,20221008489@school.edu.cn
8490,20221008490,李璇,女,大四,1班,2004-03-29,17878534155,20221008490@school.edu.cn
8491,20221008491,王璇一,女,大四,5班,2004-10-25,17575656328,20221008491@school.edu.cn
8492,20221008492,傅语,女,大四,5班,2003-10-21,18301816496,20221008492@school.edu.cn
8493,20221008493,刘四辰,女,大四,3班,2003-01-04,17614843371,20221008493@school.edu.cn
8494,20221008494,曹彤琪,女,大四,2班,2004-04-12,15663739921,20221008494@school.edu.cn
8495,20221008495,唐欣涵,男,大四,6班,2003-05-31,13963109973,20221008495@school.edu.cn
8496,20221008496,韩宥晟,男,大四,11班,2003-02-24,17889594839,20221008496@school.edu.cn
8497,20221008497,宋清,男,大四,6班,2003-08-22,17522149514,20221008497@school.edu.cn
8498,20221008498,刘睿斌,男,大四,9班,2003-05-08,15033577720,20221008498@school.edu.cn
8499,20221008499,朱八,男,大四,3班,2003-10-14,15372358225,20221008499@school.edu.cn
8500,20221008500,赵翊芸,女,大四,11班,2004-09-30,15591078646,20221008500@school.edu.cn
8501,20221008501,郭茗,男,大四,8班,2003-06-17,18976395469,20221008501@school.edu.cn
8502,20221008502,张乐然,女,大四,3班,2003-12-03,18860013614,20221008502@school.edu.cn
8503,20221008503,冯泓斌,女,大四,10班,2004-12-25,15001759908,20221008503@school.edu.cn
8504,20221008504,周晨潇,女,大四,3班,2004-06-25,18845587805,20221008504@school.edu.cn
8505,20221008505,陈涵泽,男,大四,7班,2003-05-08,18625773293,20221008505@school.edu.cn
8506,20221008506,傅思希,女,大四,12班,2004-09-18,13936837624,20221008506@school.edu.cn
8507,20221008507,彭星璐,女,大四,8班,2003-08-21,13841134004,20221008507@school.edu.cn
8508,20221008508,程宥,男,大四,1班,2003-04-30,18921916687,20221008508@school.edu.cn
8509,20221008509,吴珺琛,女,大四,11班,2004-08-28,15339220680,20221008509@school.edu.cn
8510,20221008510,沈琛亦,男,大四,7班,2003-11-21,17348336201,20221008510@school.edu.cn
8511,20221008511,谢霖,女,大四,1班,2003-02-17,18738267843,20221008511@school.edu.cn
8512,20221008512,林羽焱,女,大四,11班,2004-09-18,15537610362,20221008512@school.edu.cn
8513,20221008513,程志亦,男,大四,8班,2003-07-20,17895426382,20221008513@school.edu.cn
8514,20221008514,郑霖,男,大四,12班,2004-07-06,15536906754,20221008514@school.edu.cn
8515,20221008515,曾嘉二,女,大四,7班,2004-09-30,13502705850,20221008515@school.edu.cn
8516,20221008516,李茗腾,女,大四,11班,2003-03-18,15647788224,20221008516@school.edu.cn
8517,20221008517,刘祺,男,大四,8班,2003-11-14,18981532376,20221008517@school.edu.cn
8518,20221008518,刘菲,女,大四,1班,2004-03-20,18380126102,20221008518@school.edu.cn
8519,20221008519,林志辰,女,大四,1班,2003-01-06,18325763266,20221008519@school.edu.cn
8520,20221008520,董五然,女,大四,5班,2003-08-25,13091466675,20221008520@school.edu.cn
8521,20221008521,韩泽睿,男,大四,4班,2003-10-03,17880061007,20221008521@school.edu.cn
8522,20221008522,朱宁欣,男,大四,1班,2004-08-07,13566770270,20221008522@school.edu.cn
8523,20221008523,刘珺凝,女,大四,1班,2004-04-09,17651121489,20221008523@school.edu.cn
8524,20221008524,于琛萌,女,大四,8班,2004-04-26,18571521266,20221008524@school.edu.cn
8525,20221008525,梁林九,男,大四,1班,2003-03-16,18658559804,20221008525@school.edu.cn
8526,20221008526,吕沁,男,大四,1班,2004-10-13,18190086574,20221008526@school.edu.cn
8527,20221008527,林晨婧,女,大四,1班,2003-06-16,18260745532,20221008527@school.edu.cn
8528,20221008528,梁琛,男,大四,1班,2004-03-02,15141451873,20221008528@school.edu.cn
8529,20221008529,韩露,女,大四,9班,2004-05-14,18807734726,20221008529@school.edu.cn
8530,20221008530,张八一,男,大四,11班,2004-04-30,17571326915,20221008530@school.edu.cn
8531,20221008531,孙露轩,男,大四,1班,2004-03-12,18550106613,20221008531@school.edu.cn
8532,20221008532,冯泽婧,男,大四,7班,2004-05-24,13704245850,20221008532@school.edu.cn
8533,20221008533,陈雅,男,大四,1班,2004-04-18,18799353134,20221008533@school.edu.cn
8534,20221008534,曾沁涵,男,大四,1班,2004-02-24,15003953386,20221008534@school.edu.cn
8535,20221008535,王颖三,女,大四,7班,2004-10-21,15229483991,20221008535@school.edu.cn
8536,20221008536,谢祺,男,大四,3班,2003-09-10,13641882664,20221008536@school.edu.cn
8537,20221008537,张涵子,女,大四,12班,2004-04-15,18331959561,20221008537@school.edu.cn
8538,20221008538,林瑜珂,男,大四,4班,2003-03-05,13393493763,20221008538@school.edu.cn
8539,20221008539,高三志,女,大四,5班,2003-12-14,15268514488,20221008539@school.edu.cn
8540,20221008540,董茗,男,大四,11班,2004-11-21,13041724788,20221008540@school.edu.cn
8541,20221008541,冯星焱,女,大四,4班,2003-04-19,13635625935,20221008541@school.edu.cn
8542,20221008542,曹乐志,女,大四,8班,2004-04-12,15102450992,20221008542@school.edu.cn
8543,20221008543,吕嘉一,男,大四,11班,2003-05-22,17723675970,20221008543@school.edu.cn
8544,20221008544,吕泓峻,男,大四,5班,2003-03-21,13757330912,20221008544@school.edu.cn
8545,20221008545,郑四,女,大四,4班,2003-03-14,15551105934,20221008545@school.edu.cn
8546,20221008546,胡姝珂,男,大四,10班,2003-12-08,15713085723,20221008546@school.edu.cn
8547,20221008547,唐雪诺,女,大四,1班,2003-10-05,17343628651,20221008547@school.edu.cn
8548,20221008548,许颖御,女,大四,1班,2004-12-19,13983356578,20221008548@school.edu.cn
8549,20221008549,马宥昊,男,大四,2班,2003-08-26,15543001702,20221008549@school.edu.cn
8550,20221008550,赵妍一,女,大四,10班,2003-01-19,13242073818,20221008550@school.edu.cn
8551,20221008551,邓佳,男,大四,3班,2003-03-15,15725368666,20221008551@school.edu.cn
8552,20221008552,宋瑶,女,大四,1班,2003-05-03,18662777713,20221008552@school.edu.cn
8553,20221008553,孙宁二,男,大四,7班,2004-12-02,13150745026,20221008553@school.edu.cn
8554,20221008554,孙锦祺,男,大四,6班,2004-12-27,13093168557,20221008554@school.edu.cn
8555,20221008555,曾六雯,女,大四,4班,2004-11-21,15858861727,20221008555@school.edu.cn
8556,20221008556,邓佳娅,男,大四,2班,2003-11-01,17734069606,20221008556@school.edu.cn
8557,20221008557,朱六,男,大四,12班,2004-01-15,15746481075,20221008557@school.edu.cn
8558,20221008558,傅明欣,女,大四,11班,2003-05-30,15192827351,20221008558@school.edu.cn
8559,20221008559,唐二,女,大四,4班,2004-06-06,15095527029,20221008559@school.edu.cn
8560,20221008560,杨林雯,男,大四,3班,2003-05-06,13372547983,20221008560@school.edu.cn
8561,20221008561,林八骐,男,大四,8班,2004-06-05,17355615112,20221008561@school.edu.cn
8562,20221008562,徐昭骐,男,大四,2班,2003-07-26,13114174942,20221008562@school.edu.cn
8563,20221008563,刘芸,女,大四,11班,2003-03-02,18874239890,20221008563@school.edu.cn
8564,20221008564,吴语娅,女,大四,2班,2004-04-05,18635259703,20221008564@school.edu.cn
8565,20221008565,郭一锴,女,大四,7班,2003-08-28,13730112794,20221008565@school.edu.cn
8566,20221008566,何羽瑾,女,大四,10班,2003-06-03,17696755908,20221008566@school.edu.cn
8567,20221008567,韩文翎,女,大四,5班,2003-12-28,18860714384,20221008567@school.edu.cn
8568,20221008568,冯瑜晨,女,大四,7班,2003-01-09,17628946895,20221008568@school.edu.cn
8569,20221008569,徐依铠,女,大四,3班,2003-07-03,18721124958,20221008569@school.edu.cn
8570,20221008570,吕博阳,女,大四,10班,2004-08-23,18272844374,20221008570@school.edu.cn
8571,20221008571,宋语峻,男,大四,12班,2004-07-23,13343573442,20221008571@school.edu.cn
8572,20221008572,沈奕骁,男,大四,10班,2003-02-16,18948772036,20221008572@school.edu.cn
8573,20221008573,吕文凝,男,大四,8班,2003-05-02,15521680875,20221008573@school.edu.cn
8574,20221008574,郭若阳,女,大四,1班,2003-08-11,18288256518,20221008574@school.edu.cn
8575,20221008575,程琳然,男,大四,6班,2004-06-07,17679990342,20221008575@school.edu.cn
8576,20221008576,邓若,女,大四,12班,2004-10-17,18122810289,20221008576@school.edu.cn
8577,20221008577,胡茗可,男,大四,5班,2004-05-06,17694778560,20221008577@school.edu.cn
8578,20221008578,梁珺悦,男,大四,10班,2003-10-10,17789075879,20221008578@school.edu.cn
8579,20221008579,傅明斌,女,大四,7班,2004-01-02,15610963309,20221008579@school.edu.cn
8580,20221008580,袁泓,女,大四,6班,2004-05-23,18705196129,20221008580@school.edu.cn
8581,20221008581,孙沁浩,女,大四,10班,2003-01-14,15300486812,20221008581@school.edu.cn
8582,20221008582,袁泽琛,男,大四,3班,2003-12-14,13173331624,20221008582@school.edu.cn
8583,20221008583,梁二子,男,大四,12班,2004-07-30,13551521851,20221008583@school.edu.cn
8584,20221008584,周瑾琪,女,大四,11班,2004-03-29,15388835542,20221008584@school.edu.cn
8585,20221008585,孙翊凝,男,大四,11班,2004-04-04,15735168886,20221008585@school.edu.cn
8586,20221008586,冯若茹,男,大四,11班,2004-07-31,13476651816,20221008586@school.edu.cn
8587,20221008587,唐瑞悦,男,大四,11班,2004-12-11,13582464608,20221008587@school.edu.cn
8588,20221008588,马曜颖,女,大四,9班,2003-08-03,17345343228,20221008588@school.edu.cn
8589,20221008589,董文坤,男,大四,4班,2003-01-05,13229411707,20221008589@school.edu.cn
8590,20221008590,彭林函,女,大四,1班,2004-01-19,15990987376,20221008590@school.edu.cn
8591,20221008591,于宁璐,女,大四,3班,2003-09-27,15508719330,20221008591@school.edu.cn
8592,20221008592,宋菲蓉,女,大四,5班,2003-05-10,13984674015,20221008592@school.edu.cn
8593,20221008593,郭文磊,男,大四,10班,2004-07-10,18994552853,20221008593@school.edu.cn
8594,20221008594,沈泓子,男,大四,12班,2003-01-14,18796463232,20221008594@school.edu.cn
8595,20221008595,沈五琪,女,大四,2班,2003-12-31,18090540008,20221008595@school.edu.cn
8596,20221008596,曾璇航,男,大四,9班,2003-05-24,15349643286,20221008596@school.edu.cn
8597,20221008597,罗珂驰,女,大四,10班,2003-11-07,17868767143,20221008597@school.edu.cn
8598,20221008598,沈景馥,女,大四,6班,2004-01-27,15611724109,20221008598@school.edu.cn
8599,20221008599,孙宇熙,女,大四,1班,2003-10-02,18704960204,20221008599@school.edu.cn
8600,20221008600,王沁辰,女,大四,2班,2003-10-26,13630671572,20221008600@school.edu.cn
8601,20221008601,郑宥八,女,大四,7班,2003-09-03,13391438622,20221008601@school.edu.cn
8602,20221008602,王乐煜,男,大四,9班,2003-07-25,13758095884,20221008602@school.edu.cn
8603,20221008603,胡婷凯,女,大四,10班,2004-12-10,13413797073,20221008603@school.edu.cn
8604,20221008604,何姝芷,女,大四,6班,2003-10-09,13879182787,20221008604@school.edu.cn
8605,20221008605,吴睿,男,大四,4班,2004-05-12,18781176010,20221008605@school.edu.cn
8606,20221008606,曾瑜,男,大四,7班,2003-10-25,13222605638,20221008606@school.edu.cn
8607,20221008607,宋奚祺,男,大四,1班,2004-02-19,13605088543,20221008607@school.edu.cn
8608,20221008608,赵祺珊,女,大四,6班,2004-05-31,13884979806,20221008608@school.edu.cn
8609,20221008609,周颖昊,女,大四,5班,2004-10-05,18799782986,20221008609@school.edu.cn
8610,20221008610,朱子,男,大四,8班,2004-02-26,15900557448,20221008610@school.edu.cn
8611,20221008611,李莹,男,大四,5班,2003-10-31,15737840001,20221008611@school.edu.cn
8612,20221008612,林清萌,男,大四,7班,2004-02-04,15293539314,20221008612@school.edu.cn
8613,20221008613,谢露翎,女,大四,12班,2003-09-19,18687936556,20221008613@school.edu.cn
8614,20221008614,林浩祺,男,大四,8班,2004-06-21,15985911489,20221008614@school.edu.cn
8615,20221008615,孙琛,女,大四,2班,2003-06-09,17365341282,20221008615@school.edu.cn
8616,20221008616,徐明恺,男,大四,8班,2004-10-07,13231246141,20221008616@school.edu.cn
8617,20221008617,郭瑾,女,大四,2班,2003-06-05,15927515685,20221008617@school.edu.cn
8618,20221008618,罗泽凯,女,大四,3班,2004-09-20,13559906646,20221008618@school.edu.cn
8619,20221008619,何思,女,大四,11班,2004-01-19,13399049454,20221008619@school.edu.cn
8620,20221008620,谢琛,男,大四,7班,2004-07-08,13337112231,20221008620@school.edu.cn
8621,20221008621,唐琛衡,女,大四,6班,2003-06-25,15306628754,20221008621@school.edu.cn
8622,20221008622,韩博萌,女,大四,7班,2003-11-07,17671523940,20221008622@school.edu.cn
8623,20221008623,宋嫣睿,女,大四,2班,2003-09-16,13078194296,20221008623@school.edu.cn
8624,20221008624,赵四萱,女,大四,3班,2003-10-04,18020342698,20221008624@school.edu.cn
8625,20221008625,唐莹子,男,大四,7班,2004-01-24,18624350185,20221008625@school.edu.cn
8626,20221008626,刘宁琪,男,大四,12班,2003-12-15,15796035183,20221008626@school.edu.cn
8627,20221008627,郭三,男,大四,5班,2003-05-09,18662980836,20221008627@school.edu.cn
8628,20221008628,郑梓璐,女,大四,3班,2004-11-02,15520189265,20221008628@school.edu.cn
8629,20221008629,罗浩志,男,大四,1班,2003-05-27,18926902061,20221008629@school.edu.cn
8630,20221008630,胡昭宇,女,大四,11班,2003-06-21,18951653374,20221008630@school.edu.cn
8631,20221008631,许林,男,大四,5班,2004-04-15,18766048230,20221008631@school.edu.cn
8632,20221008632,郭珂博,女,大四,2班,2003-06-05,17899781777,20221008632@school.edu.cn
8633,20221008633,董奕瑾,女,大四,1班,2003-05-12,15038674691,20221008633@school.edu.cn
8634,20221008634,梁文浩,男,大四,3班,2003-12-05,18811465558,20221008634@school.edu.cn
8635,20221008635,梁晨,男,大四,11班,2003-08-07,15010630266,20221008635@school.edu.cn
8636,20221008636,吴博峻,男,大四,4班,2003-03-08,15107732513,20221008636@school.edu.cn
8637,20221008637,曾凯,女,大四,8班,2003-06-26,17842853347,20221008637@school.edu.cn
8638,20221008638,沈彦茹,男,大四,5班,2004-09-17,13817472311,20221008638@school.edu.cn
8639,20221008639,萧星,男,大四,7班,2004-08-26,15935531616,20221008639@school.edu.cn
8640,20221008640,程杰芸,女,大四,12班,2003-08-18,18839155326,20221008640@school.edu.cn
8641,20221008641,林明琪,女,大四,9班,2003-01-25,15989531471,20221008641@school.edu.cn
8642,20221008642,李瑜,女,大四,7班,2004-05-02,13874127343,20221008642@school.edu.cn
8643,20221008643,赵霖铠,女,大四,2班,2003-11-27,18276176597,20221008643@school.edu.cn
8644,20221008644,宋瑜,女,大四,5班,2003-09-10,15893331741,20221008644@school.edu.cn
8645,20221008645,沈若明,男,大四,9班,2004-01-01,15595108412,20221008645@school.edu.cn
8646,20221008646,罗彦,女,大四,8班,2004-04-06,17629643347,20221008646@school.edu.cn
8647,20221008647,李四欣,男,大四,10班,2004-12-14,18935506334,20221008647@school.edu.cn
8648,20221008648,梁璇娜,男,大四,7班,2003-10-13,13844755137,20221008648@school.edu.cn
8649,20221008649,张颖,男,大四,11班,2003-10-29,13997231743,20221008649@school.edu.cn
8650,20221008650,梁菲,女,大四,7班,2004-08-27,13256319404,20221008650@school.edu.cn
8651,20221008651,韩二,男,大四,10班,2003-04-17,15706683482,20221008651@school.edu.cn
8652,20221008652,林志渝,男,大四,9班,2004-04-22,13686593845,20221008652@school.edu.cn
8653,20221008653,许五婧,男,大四,1班,2004-01-22,15526433080,20221008653@school.edu.cn
8654,20221008654,曾宁,男,大四,6班,2003-09-02,13487500874,20221008654@school.edu.cn
8655,20221008655,沈渲馥,女,大四,3班,2004-10-01,15353827186,20221008655@school.edu.cn
8656,20221008656,赵浩雯,男,大四,4班,2004-11-26,13449279175,20221008656@school.edu.cn
8657,20221008657,何泓怡,女,大四,4班,2003-04-09,17350264792,20221008657@school.edu.cn
8658,20221008658,董霖志,男,大四,2班,2004-06-01,18608580296,20221008658@school.edu.cn
8659,20221008659,邓乐瑾,男,大四,5班,2004-04-24,13099872861,20221008659@school.edu.cn
8660,20221008660,许语,男,大四,2班,2003-12-01,15658550793,20221008660@school.edu.cn
8661,20221008661,高芸娅,男,大四,7班,2003-01-21,15606625128,20221008661@school.edu.cn
8662,20221008662,黄梓九,男,大四,4班,2004-08-16,18321293807,20221008662@school.edu.cn
8663,20221008663,韩雅辰,男,大四,9班,2004-05-21,17828255285,20221008663@school.edu.cn
8664,20221008664,唐渲宇,女,大四,1班,2004-09-30,15254366882,20221008664@school.edu.cn
8665,20221008665,梁颖渝,女,大四,7班,2003-04-23,17770869137,20221008665@school.edu.cn
8666,20221008666,罗璇,女,大四,11班,2004-01-21,13763015395,20221008666@school.edu.cn
8667,20221008667,徐颖,男,大四,10班,2003-02-25,15973669593,20221008667@school.edu.cn
8668,20221008668,赵渲四,男,大四,11班,2003-12-18,18608696841,20221008668@school.edu.cn
8669,20221008669,马渲珂,女,大四,8班,2003-02-19,18678707509,20221008669@school.edu.cn
8670,20221008670,程雨,女,大四,6班,2004-01-11,18690372418,20221008670@school.edu.cn
8671,20221008671,许沁,男,大四,11班,2004-01-20,17310057779,20221008671@school.edu.cn
8672,20221008672,唐雪御,女,大四,12班,2004-07-04,18643137105,20221008672@school.edu.cn
8673,20221008673,马腾,男,大四,9班,2004-09-20,13595161008,20221008673@school.edu.cn
8674,20221008674,孙梓驰,男,大四,6班,2004-09-21,18953357432,20221008674@school.edu.cn
8675,20221008675,罗珂瑶,男,大四,9班,2004-04-14,13476033191,20221008675@school.edu.cn
8676,20221008676,周彦馥,女,大四,2班,2004-01-30,15613480898,20221008676@school.edu.cn
8677,20221008677,刘若琪,男,大四,10班,2003-03-15,13830473350,20221008677@school.edu.cn
8678,20221008678,何林蓉,女,大四,6班,2004-06-02,15648534237,20221008678@school.edu.cn
8679,20221008679,周淇璐,男,大四,3班,2004-03-15,17722520052,20221008679@school.edu.cn
8680,20221008680,萧瑾琪,女,大四,8班,2004-09-30,18093334568,20221008680@school.edu.cn
8681,20221008681,曾彦,男,大四,8班,2004-12-01,13934978478,20221008681@school.edu.cn
8682,20221008682,梁明,女,大四,1班,2004-10-17,17729995899,20221008682@school.edu.cn
8683,20221008683,曹岚宁,男,大四,7班,2003-09-08,18041176153,20221008683@school.edu.cn
8684,20221008684,吴琛,女,大四,3班,2003-11-13,18080609942,20221008684@school.edu.cn
8685,20221008685,董涵萱,女,大四,7班,2003-07-11,13620080532,20221008685@school.edu.cn
8686,20221008686,王语博,女,大四,8班,2004-05-21,15027117709,20221008686@school.edu.cn
8687,20221008687,许嘉,女,大四,6班,2003-01-30,13031050828,20221008687@school.edu.cn
8688,20221008688,梁露,女,大四,1班,2004-10-14,13958016219,20221008688@school.edu.cn
8689,20221008689,胡文明,男,大四,1班,2004-04-24,17579525813,20221008689@school.edu.cn
8690,20221008690,马宁然,女,大四,8班,2004-10-15,13718784183,20221008690@school.edu.cn
8691,20221008691,梁琛,男,大四,2班,2003-03-04,13943963273,20221008691@school.edu.cn
8692,20221008692,吴三,男,大四,4班,2004-02-08,13662688085,20221008692@school.edu.cn
8693,20221008693,程一颖,女,大四,11班,2004-01-24,17547115755,20221008693@school.edu.cn
8694,20221008694,郑腾婧,男,大四,10班,2003-09-19,18825851235,20221008694@school.edu.cn
8695,20221008695,孙若,男,大四,2班,2004-07-23,13725237400,20221008695@school.edu.cn
8696,20221008696,唐梓娅,女,大四,6班,2004-09-13,18578947356,20221008696@school.edu.cn
8697,20221008697,黄瑾五,男,大四,1班,2004-07-13,15844554507,20221008697@school.edu.cn
8698,20221008698,胡六驰,女,大四,8班,2003-09-21,18186141108,20221008698@school.edu.cn
8699,20221008699,许腾,男,大四,4班,2004-10-09,13020679573,20221008699@school.edu.cn
8700,20221008700,彭泓志,女,大四,8班,2003-02-10,15515276821,20221008700@school.edu.cn
8701,20221008701,唐宇御,男,大四,8班,2003-04-07,15689246013,20221008701@school.edu.cn
8702,20221008702,刘宁,女,大四,2班,2004-03-17,18515499461,20221008702@school.edu.cn
8703,20221008703,徐璇函,女,大四,10班,2003-06-21,13824596556,20221008703@school.edu.cn
8704,20221008704,程锦宁,男,大四,4班,2003-01-17,15949231307,20221008704@school.edu.cn
8705,20221008705,周明,男,大四,9班,2004-01-29,15913552336,20221008705@school.edu.cn
8706,20221008706,许涵琳,男,大四,12班,2003-05-15,18039216980,20221008706@school.edu.cn
8707,20221008707,赵芸,女,大四,12班,2003-11-28,15825485281,20221008707@school.edu.cn
8708,20221008708,唐宇渝,女,大四,6班,2004-01-21,13963459068,20221008708@school.edu.cn
8709,20221008709,曾璇颖,男,大四,3班,2003-02-18,18981995365,20221008709@school.edu.cn
8710,20221008710,傅梓欣,女,大四,6班,2003-11-13,17649132105,20221008710@school.edu.cn
8711,20221008711,吕泓航,男,大四,5班,2003-12-29,17626943210,20221008711@school.edu.cn
8712,20221008712,郭五然,女,大四,12班,2003-02-22,13579191949,20221008712@school.edu.cn
8713,20221008713,刘奕驰,女,大四,9班,2003-08-31,13406808950,20221008713@school.edu.cn
8714,20221008714,吕颖文,男,大四,3班,2003-02-16,18236443447,20221008714@school.edu.cn
8715,20221008715,郑婷,男,大四,2班,2003-04-06,17328152453,20221008715@school.edu.cn
8716,20221008716,张乐,男,大四,12班,2004-12-11,18102395344,20221008716@school.edu.cn
8717,20221008717,林四,女,大四,7班,2004-10-27,13473812271,20221008717@school.edu.cn
8718,20221008718,黄琛,女,大四,7班,2004-10-04,13609940762,20221008718@school.edu.cn
8719,20221008719,赵琛四,男,大四,12班,2003-07-18,17302954723,20221008719@school.edu.cn
8720,20221008720,陈颖,女,大四,5班,2003-01-25,15660848187,20221008720@school.edu.cn
8721,20221008721,胡涵,女,大四,1班,2003-12-07,18664292854,20221008721@school.edu.cn
8722,20221008722,朱宇睿,男,大四,1班,2004-08-15,17881201894,20221008722@school.edu.cn
8723,20221008723,马瑾,女,大四,6班,2003-11-09,15893350959,20221008723@school.edu.cn
8724,20221008724,冯淇驰,女,大四,12班,2004-08-26,18767940314,20221008724@school.edu.cn
8725,20221008725,唐欣,女,大四,9班,2003-09-06,18266047617,20221008725@school.edu.cn
8726,20221008726,黄翊琪,男,大四,4班,2003-02-15,18256179867,20221008726@school.edu.cn
8727,20221008727,徐瑜琪,女,大四,8班,2003-08-26,13580429549,20221008727@school.edu.cn
8728,20221008728,曾若蕾,男,大四,6班,2004-09-16,18619034157,20221008728@school.edu.cn
8729,20221008729,陈奕二,女,大四,8班,2004-06-23,13606740088,20221008729@school.edu.cn
8730,20221008730,邓曜霄,女,大四,11班,2003-08-23,18582251659,20221008730@school.edu.cn
8731,20221008731,郭彦帆,女,大四,6班,2004-04-10,18647511686,20221008731@school.edu.cn
8732,20221008732,高嘉子,女,大四,6班,2003-11-16,18682178009,20221008732@school.edu.cn
8733,20221008733,何莹,女,大四,2班,2004-08-23,18029224867,20221008733@school.edu.cn
8734,20221008734,邓岚铠,女,大四,9班,2003-06-14,18981932426,20221008734@school.edu.cn
8735,20221008735,李昭博,女,大四,4班,2004-10-30,18256309965,20221008735@school.edu.cn
8736,20221008736,孙曜,女,大四,10班,2003-07-01,15667783269,20221008736@school.edu.cn
8737,20221008737,胡一,女,大四,2班,2003-08-15,13822558871,20221008737@school.edu.cn
8738,20221008738,吴瑶怡,男,大四,3班,2003-04-17,13537472275,20221008738@school.edu.cn
8739,20221008739,刘志欣,女,大四,8班,2003-01-29,18959764548,20221008739@school.edu.cn
8740,20221008740,李若,男,大四,2班,2003-05-31,13932920731,20221008740@school.edu.cn
8741,20221008741,唐淇,女,大四,7班,2003-07-12,13000787866,20221008741@school.edu.cn
8742,20221008742,许晨,男,大四,4班,2003-05-19,17894682799,20221008742@school.edu.cn
8743,20221008743,冯宥,男,大四,9班,2003-11-06,17857539258,20221008743@school.edu.cn
8744,20221008744,傅宁诺,女,大四,9班,2004-04-22,13019595935,20221008744@school.edu.cn
8745,20221008745,郑泽衡,男,大四,2班,2003-08-22,17623418900,20221008745@school.edu.cn
8746,20221008746,刘彤渝,女,大四,2班,2004-04-03,17542235516,20221008746@school.edu.cn
8747,20221008747,宋宁潇,男,大四,6班,2003-04-04,13295481948,20221008747@school.edu.cn
8748,20221008748,萧三悦,男,大四,10班,2003-03-10,13970387273,20221008748@school.edu.cn
8749,20221008749,朱景亦,男,大四,7班,2004-02-25,15134400235,20221008749@school.edu.cn
8750,20221008750,韩凯欣,男,大四,2班,2003-09-28,18861722115,20221008750@school.edu.cn
8751,20221008751,袁七,女,大四,10班,2004-04-21,15833717040,20221008751@school.edu.cn
8752,20221008752,梁博蓉,男,大四,8班,2003-03-08,15293483234,20221008752@school.edu.cn
8753,20221008753,吴瑜航,女,大四,8班,2003-04-03,13242509627,20221008753@school.edu.cn
8754,20221008754,郑一雯,男,大四,5班,2004-02-27,17898997068,20221008754@school.edu.cn
8755,20221008755,孙婕凯,男,大四,8班,2004-09-02,15593657552,20221008755@school.edu.cn
8756,20221008756,林雨泽,男,大四,10班,2004-08-15,15149039404,20221008756@school.edu.cn
8757,20221008757,彭腾,男,大四,5班,2004-05-13,13625076928,20221008757@school.edu.cn
8758,20221008758,彭腾磊,男,大四,2班,2004-09-13,13207842048,20221008758@school.edu.cn
8759,20221008759,赵奕宁,女,大四,3班,2003-05-18,13642693644,20221008759@school.edu.cn
8760,20221008760,韩妍,女,大四,3班,2003-04-14,13438828640,20221008760@school.edu.cn
8761,20221008761,高奕珏,女,大四,5班,2003-02-27,18842098913,20221008761@school.edu.cn
8762,20221008762,傅林滢,男,大四,1班,2003-10-08,13610664811,20221008762@school.edu.cn
8763,20221008763,董若娜,男,大四,9班,2004-09-26,15348541203,20221008763@school.edu.cn
8764,20221008764,袁景琪,女,大四,9班,2004-10-16,13742861861,20221008764@school.edu.cn
8765,20221008765,赵嘉晟,男,大四,3班,2003-12-16,13439727214,20221008765@school.edu.cn
8766,20221008766,吕明,女,大四,9班,2004-11-12,15047718195,20221008766@school.edu.cn
8767,20221008767,孙颖阳,女,大四,10班,2003-02-24,15346514141,20221008767@school.edu.cn
8768,20221008768,吴梓芷,女,大四,7班,2003-05-10,17526801440,20221008768@school.edu.cn
8769,20221008769,曾五珊,男,大四,11班,2003-01-16,18611492608,20221008769@school.edu.cn
8770,20221008770,曹若哲,女,大四,12班,2003-03-01,18078484795,20221008770@school.edu.cn
8771,20221008771,杨凯浩,女,大四,11班,2004-04-18,15597148246,20221008771@school.edu.cn
8772,20221008772,罗二驰,女,大四,8班,2004-06-20,13689567750,20221008772@school.edu.cn
8773,20221008773,罗二,男,大四,12班,2004-01-15,13202557054,20221008773@school.edu.cn
8774,20221008774,李五晨,女,大四,6班,2004-04-02,17568291328,20221008774@school.edu.cn
8775,20221008775,李婷睿,女,大四,9班,2003-05-25,13471207058,20221008775@school.edu.cn
8776,20221008776,何五钰,女,大四,5班,2004-09-27,17714746329,20221008776@school.edu.cn
8777,20221008777,赵宁怡,男,大四,8班,2004-12-08,15987139224,20221008777@school.edu.cn
8778,20221008778,郭彤,女,大四,1班,2004-10-08,15180983037,20221008778@school.edu.cn
8779,20221008779,邓昭帆,男,大四,1班,2004-03-09,13818475868,20221008779@school.edu.cn
8780,20221008780,徐翊,男,大四,6班,2004-09-27,17658836419,20221008780@school.edu.cn
8781,20221008781,吕星明,女,大四,9班,2003-08-04,13025545933,20221008781@school.edu.cn
8782,20221008782,何杰骞,女,大四,7班,2003-02-28,15032506183,20221008782@school.edu.cn
8783,20221008783,沈明恺,男,大四,5班,2003-08-02,18137642396,20221008783@school.edu.cn
8784,20221008784,彭乐衡,女,大四,3班,2003-04-29,15184768952,20221008784@school.edu.cn
8785,20221008785,王明,女,大四,2班,2004-01-25,17872325997,20221008785@school.edu.cn
8786,20221008786,沈杰一,女,大四,10班,2004-06-22,13492061852,20221008786@school.edu.cn
8787,20221008787,陈宇,女,大四,7班,2004-07-28,13225983347,20221008787@school.edu.cn
8788,20221008788,徐霖,男,大四,10班,2003-06-30,13422872408,20221008788@school.edu.cn
8789,20221008789,曹子琪,男,大四,1班,2003-08-02,17897473794,20221008789@school.edu.cn
8790,20221008790,韩雪瑶,女,大四,10班,2003-10-11,15300088560,20221008790@school.edu.cn
8791,20221008791,萧星睿,男,大四,8班,2004-09-21,15645541741,20221008791@school.edu.cn
8792,20221008792,谢九琛,男,大四,7班,2004-11-29,17790506391,20221008792@school.edu.cn
8793,20221008793,韩序,女,大四,10班,2004-04-19,13868959274,20221008793@school.edu.cn
8794,20221008794,傅宥欣,女,大四,2班,2004-09-03,15589894130,20221008794@school.edu.cn
8795,20221008795,林淇瑾,男,大四,2班,2003-07-24,13730958730,20221008795@school.edu.cn
8796,20221008796,李晨,男,大四,10班,2004-08-08,15258536099,20221008796@school.edu.cn
8797,20221008797,陈景芸,男,大四,4班,2004-01-12,13237859998,20221008797@school.edu.cn
8798,20221008798,彭林坤,女,大四,6班,2004-12-06,13130378242,20221008798@school.edu.cn
8799,20221008799,何茗帆,女,大四,9班,2003-06-26,13196439336,20221008799@school.edu.cn
8800,20221008800,萧清六,男,大四,5班,2004-11-19,15250895405,20221008800@school.edu.cn
8801,20221008801,沈二霄,女,大四,5班,2004-10-04,15523445369,20221008801@school.edu.cn
8802,20221008802,于奚,女,大四,12班,2004-01-27,18197805356,20221008802@school.edu.cn
8803,20221008803,马雪峻,女,大四,3班,2003-04-26,17826250887,20221008803@school.edu.cn
8804,20221008804,胡珺潇,女,大四,6班,2004-04-18,17839560946,20221008804@school.edu.cn
8805,20221008805,许宇,男,大四,8班,2004-06-06,17572690514,20221008805@school.edu.cn
8806,20221008806,罗宇志,男,大四,5班,2003-08-20,18145603766,20221008806@school.edu.cn
8807,20221008807,袁浩渝,男,大四,2班,2003-06-09,13061675962,20221008807@school.edu.cn
8808,20221008808,唐明明,男,大四,12班,2003-09-20,17325748233,20221008808@school.edu.cn
8809,20221008809,宋博,男,大四,10班,2004-12-07,13914749244,20221008809@school.edu.cn
8810,20221008810,周文,男,大四,6班,2004-07-25,17316233512,20221008810@school.edu.cn
8811,20221008811,萧莹怡,男,大四,11班,2003-08-07,15018706584,20221008811@school.edu.cn
8812,20221008812,韩乐娅,男,大四,4班,2003-02-17,17544850395,20221008812@school.edu.cn
8813,20221008813,胡若衡,男,大四,9班,2004-05-07,13432959381,20221008813@school.edu.cn
8814,20221008814,吕彤娅,男,大四,8班,2004-04-26,15168893290,20221008814@school.edu.cn
8815,20221008815,彭锦,男,大四,12班,2004-06-26,17844499531,20221008815@school.edu.cn
8816,20221008816,郑启茹,男,大四,5班,2004-02-21,18132326628,20221008816@school.edu.cn
8817,20221008817,彭语茹,男,大四,12班,2003-02-10,13130582352,20221008817@school.edu.cn
8818,20221008818,周昭珂,男,大四,1班,2003-12-18,17367895737,20221008818@school.edu.cn
8819,20221008819,杨泽,男,大四,11班,2004-01-09,15161500937,20221008819@school.edu.cn
8820,20221008820,唐杰,男,大四,3班,2004-05-10,17539735737,20221008820@school.edu.cn
8821,20221008821,杨彤琳,男,大四,3班,2003-08-30,13146452319,20221008821@school.edu.cn
8822,20221008822,林星茹,女,大四,9班,2004-07-28,18378615413,20221008822@school.edu.cn
8823,20221008823,曹三,女,大四,6班,2003-04-23,13371849213,20221008823@school.edu.cn
8824,20221008824,宋筱琛,女,大四,6班,2003-04-18,18841120739,20221008824@school.edu.cn
8825,20221008825,谢茗驰,男,大四,12班,2004-11-02,18720902080,20221008825@school.edu.cn
8826,20221008826,马婷,男,大四,2班,2003-07-03,13367294376,20221008826@school.edu.cn
8827,20221008827,高彦渝,女,大四,10班,2004-11-14,13346426938,20221008827@school.edu.cn
8828,20221008828,周嫣骞,女,大四,8班,2003-11-23,13303609909,20221008828@school.edu.cn
8829,20221008829,冯二煜,女,大四,5班,2003-08-11,13110478039,20221008829@school.edu.cn
8830,20221008830,萧文,男,大四,2班,2004-05-02,17644761621,20221008830@school.edu.cn
8831,20221008831,宋八瑶,女,大四,7班,2004-09-10,13181029265,20221008831@school.edu.cn
8832,20221008832,程彤潇,女,大四,7班,2004-12-22,17306767840,20221008832@school.edu.cn
8833,20221008833,马瑜,男,大四,11班,2003-01-06,13872057470,20221008833@school.edu.cn
8834,20221008834,许奕,男,大四,3班,2003-07-03,15179110475,20221008834@school.edu.cn
8835,20221008835,周翊坤,男,大四,8班,2003-06-27,18536372392,20221008835@school.edu.cn
8836,20221008836,陈启,女,大四,11班,2003-11-29,13224560473,20221008836@school.edu.cn
8837,20221008837,吴雪珂,男,大四,8班,2003-10-09,17650377321,20221008837@school.edu.cn
8838,20221008838,许欣二,女,大四,4班,2003-04-14,17566370952,20221008838@school.edu.cn
8839,20221008839,刘珺,女,大四,6班,2004-06-03,18820031323,20221008839@school.edu.cn
8840,20221008840,彭珺珊,男,大四,7班,2004-11-02,17558573486,20221008840@school.edu.cn
8841,20221008841,曹四恺,男,大四,9班,2003-02-13,17610740428,20221008841@school.edu.cn
8842,20221008842,唐序霖,男,大四,1班,2004-08-22,18943201181,20221008842@school.edu.cn
8843,20221008843,李乐昊,女,大四,6班,2003-07-28,13430170472,20221008843@school.edu.cn
8844,20221008844,许林文,女,大四,8班,2003-12-06,15817582938,20221008844@school.edu.cn
8845,20221008845,刘彦,女,大四,1班,2004-12-15,13587755996,20221008845@school.edu.cn
8846,20221008846,高睿熙,男,大四,5班,2004-02-22,15711569715,20221008846@school.edu.cn
8847,20221008847,徐志滢,男,大四,1班,2003-07-29,13435523117,20221008847@school.edu.cn
8848,20221008848,郑彦凝,男,大四,11班,2003-09-01,13266341586,20221008848@school.edu.cn
8849,20221008849,许九,女,大四,1班,2004-02-05,13800257218,20221008849@school.edu.cn
8850,20221008850,彭曜航,男,大四,7班,2004-01-06,13984019558,20221008850@school.edu.cn
8851,20221008851,程腾滢,女,大四,11班,2003-08-01,13889753589,20221008851@school.edu.cn
8852,20221008852,梁晨,女,大四,6班,2003-10-06,15825544021,20221008852@school.edu.cn
8853,20221008853,徐四三,女,大四,4班,2003-02-17,13045384163,20221008853@school.edu.cn
8854,20221008854,梁瑜扬,女,大四,9班,2003-03-13,17830359903,20221008854@school.edu.cn
8855,20221008855,胡文睿,女,大四,4班,2003-01-03,13211963368,20221008855@school.edu.cn
8856,20221008856,曾奚,男,大四,8班,2004-02-19,13979079930,20221008856@school.edu.cn
8857,20221008857,杨林子,男,大四,11班,2004-02-16,13925461946,20221008857@school.edu.cn
8858,20221008858,赵泽璐,女,大四,1班,2003-04-14,13270081662,20221008858@school.edu.cn
8859,20221008859,高奕,女,大四,3班,2003-05-21,18025152152,20221008859@school.edu.cn
8860,20221008860,孙颖,女,大四,11班,2004-09-27,17729576119,20221008860@school.edu.cn
8861,20221008861,曾瑞六,男,大四,5班,2004-09-28,13836316473,20221008861@school.edu.cn
8862,20221008862,徐岚悦,男,大四,4班,2004-03-24,13392954968,20221008862@school.edu.cn
8863,20221008863,傅乐浩,女,大四,5班,2004-08-04,18803932945,20221008863@school.edu.cn
8864,20221008864,宋文琛,女,大四,4班,2003-07-15,15998350790,20221008864@school.edu.cn
8865,20221008865,徐涵希,女,大四,3班,2003-09-10,15904533310,20221008865@school.edu.cn
8866,20221008866,沈婷珊,男,大四,5班,2003-08-27,18778527968,20221008866@school.edu.cn
8867,20221008867,林八煜,男,大四,4班,2003-04-12,18709275202,20221008867@school.edu.cn
8868,20221008868,吕霖萱,男,大四,6班,2004-01-02,18649488776,20221008868@school.edu.cn
8869,20221008869,张杰悦,男,大四,12班,2003-03-29,18052775498,20221008869@school.edu.cn
8870,20221008870,程奚琪,男,大四,11班,2003-10-15,18272491827,20221008870@school.edu.cn
8871,20221008871,曹婷洁,男,大四,11班,2004-01-05,18377513992,20221008871@school.edu.cn
8872,20221008872,何文驰,男,大四,5班,2003-04-18,17510856441,20221008872@school.edu.cn
8873,20221008873,胡奕蕾,男,大四,8班,2003-05-26,13107199441,20221008873@school.edu.cn
8874,20221008874,宋筱可,男,大四,11班,2003-11-22,13650106554,20221008874@school.edu.cn
8875,20221008875,李子衡,女,大四,8班,2004-11-07,18573348952,20221008875@school.edu.cn
8876,20221008876,刘珺琪,男,大四,12班,2004-12-23,15229763917,20221008876@school.edu.cn
8877,20221008877,邓婕衡,男,大四,10班,2004-03-19,18749850081,20221008877@school.edu.cn
8878,20221008878,宋一悦,男,大四,1班,2004-04-12,17671311683,20221008878@school.edu.cn
8879,20221008879,董嫣欣,女,大四,4班,2003-02-01,18229276682,20221008879@school.edu.cn
8880,20221008880,许思雯,女,大四,9班,2004-11-18,15859735644,20221008880@school.edu.cn
8881,20221008881,陈渲霖,男,大四,7班,2003-05-31,13577923439,20221008881@school.edu.cn
8882,20221008882,张林,女,大四,8班,2003-07-05,18858649742,20221008882@school.edu.cn
8883,20221008883,杨浩,女,大四,10班,2004-09-15,17520759188,20221008883@school.edu.cn
8884,20221008884,吕琳,男,大四,4班,2003-12-21,13731806493,20221008884@school.edu.cn
8885,20221008885,朱姝,男,大四,5班,2004-04-20,18068514098,20221008885@school.edu.cn
8886,20221008886,徐琳七,女,大四,5班,2003-01-27,15297420464,20221008886@school.edu.cn
8887,20221008887,吴林帆,男,大四,7班,2003-05-28,15246578194,20221008887@school.edu.cn
8888,20221008888,朱二宁,女,大四,4班,2004-12-24,18938796704,20221008888@school.edu.cn
8889,20221008889,陈婷御,男,大四,10班,2004-01-23,18876188280,20221008889@school.edu.cn
8890,20221008890,何佳琪,男,大四,2班,2004-02-15,18285149953,20221008890@school.edu.cn
8891,20221008891,曹浩茹,女,大四,12班,2004-02-17,13754861577,20221008891@school.edu.cn
8892,20221008892,马星瑾,男,大四,1班,2004-06-02,15685080303,20221008892@school.edu.cn
8893,20221008893,韩瑞琛,男,大四,2班,2003-05-23,17329778826,20221008893@school.edu.cn
8894,20221008894,赵雨六,女,大四,8班,2003-02-07,13849980235,20221008894@school.edu.cn
8895,20221008895,赵杰,男,大四,5班,2003-11-25,18066328741,20221008895@school.edu.cn
8896,20221008896,黄嫣萱,男,大四,9班,2004-04-23,17511230633,20221008896@school.edu.cn
8897,20221008897,唐五瑾,女,大四,12班,2004-12-24,15569589566,20221008897@school.edu.cn
8898,20221008898,郭景钰,女,大四,5班,2004-05-03,15896584092,20221008898@school.edu.cn
8899,20221008899,王芸妍,女,大四,4班,2004-12-09,18199860137,20221008899@school.edu.cn
8900,20221008900,谢林,男,大四,6班,2004-03-10,15819672690,20221008900@school.edu.cn
8901,20221008901,陈淇,男,大四,6班,2003-05-09,13871163765,20221008901@school.edu.cn
8902,20221008902,吴杰恺,女,大四,1班,2004-10-08,18863175631,20221008902@school.edu.cn
8903,20221008903,曹二一,女,大四,2班,2003-09-05,18176567182,20221008903@school.edu.cn
8904,20221008904,傅霖驰,男,大四,1班,2004-05-12,17338546140,20221008904@school.edu.cn
8905,20221008905,梁浩,女,大四,6班,2003-11-06,15100128398,20221008905@school.edu.cn
8906,20221008906,梁妍哲,男,大四,8班,2004-01-08,13839240161,20221008906@school.edu.cn
8907,20221008907,彭凯,男,大四,11班,2003-04-26,18672221630,20221008907@school.edu.cn
8908,20221008908,梁乐,女,大四,4班,2004-12-15,15791051755,20221008908@school.edu.cn
8909,20221008909,孙雨驰,男,大四,3班,2003-12-10,15259034635,20221008909@school.edu.cn
8910,20221008910,沈嘉泽,女,大四,12班,2003-01-18,18898977997,20221008910@school.edu.cn
8911,20221008911,宋明洁,女,大四,3班,2004-11-24,13170788587,20221008911@school.edu.cn
8912,20221008912,刘腾,男,大四,5班,2003-01-03,17591162998,20221008912@school.edu.cn
8913,20221008913,郭若衡,男,大四,8班,2003-04-04,13503245075,20221008913@school.edu.cn
8914,20221008914,韩茗帆,女,大四,4班,2003-03-28,18963156986,20221008914@school.edu.cn
8915,20221008915,李珺亦,女,大四,11班,2003-03-11,13351103046,20221008915@school.edu.cn
8916,20221008916,何婷峻,女,大四,4班,2004-06-19,15525308498,20221008916@school.edu.cn
8917,20221008917,林嘉轩,男,大四,4班,2004-11-21,18674010711,20221008917@school.edu.cn
8918,20221008918,罗瑾蕾,男,大四,11班,2003-05-29,17692432801,20221008918@school.edu.cn
8919,20221008919,刘乐,女,大四,9班,2004-08-31,18543572783,20221008919@school.edu.cn
8920,20221008920,吴景珊,女,大四,9班,2003-02-16,17501881762,20221008920@school.edu.cn
8921,20221008921,冯启钰,女,大四,9班,2004-02-14,15165461310,20221008921@school.edu.cn
8922,20221008922,马六函,男,大四,12班,2004-12-27,15694005827,20221008922@school.edu.cn
8923,20221008923,马锦,女,大四,4班,2003-08-15,18017742381,20221008923@school.edu.cn
8924,20221008924,袁志琪,男,大四,6班,2003-05-04,13618770283,20221008924@school.edu.cn
8925,20221008925,马乐坤,女,大四,3班,2004-09-10,17832085355,20221008925@school.edu.cn
8926,20221008926,周锦然,女,大四,7班,2004-09-05,18307130176,20221008926@school.edu.cn
8927,20221008927,萧雨晨,男,大四,4班,2003-11-07,13535536255,20221008927@school.edu.cn
8928,20221008928,邓芸琪,男,大四,4班,2003-12-06,15752385312,20221008928@school.edu.cn
8929,20221008929,陈宁,男,大四,3班,2003-02-04,13262180712,20221008929@school.edu.cn
8930,20221008930,孙泓婧,男,大四,9班,2004-10-17,13308567109,20221008930@school.edu.cn
8931,20221008931,梁睿,男,大四,7班,2003-08-03,18806247491,20221008931@school.edu.cn
8932,20221008932,周林,男,大四,8班,2004-04-07,18151692194,20221008932@school.edu.cn
8933,20221008933,萧奕衡,男,大四,8班,2003-01-12,13897442423,20221008933@school.edu.cn
8934,20221008934,郭凯辰,男,大四,5班,2003-12-05,18936241397,20221008934@school.edu.cn
8935,20221008935,谢琛璐,男,大四,6班,2003-09-23,15278573530,20221008935@school.edu.cn
8936,20221008936,唐菲,男,大四,12班,2004-04-19,18840463802,20221008936@school.edu.cn
8937,20221008937,李彤娅,男,大四,2班,2003-06-19,18230537777,20221008937@school.edu.cn
8938,20221008938,郭筱御,男,大四,2班,2003-12-02,13168538151,20221008938@school.edu.cn
8939,20221008939,刘渲煜,男,大四,5班,2003-02-04,15778915796,20221008939@school.edu.cn
8940,20221008940,沈宥萱,女,大四,9班,2003-01-25,15623705963,20221008940@school.edu.cn
8941,20221008941,郭欣博,女,大四,3班,2004-04-28,13123683755,20221008941@school.edu.cn
8942,20221008942,王涵昊,女,大四,1班,2003-01-27,13473685962,20221008942@school.edu.cn
8943,20221008943,郑语,男,大四,8班,2003-06-06,13365955783,20221008943@school.edu.cn
8944,20221008944,程梓三,女,大四,2班,2003-02-07,13468361119,20221008944@school.edu.cn
8945,20221008945,曹明,男,大四,12班,2003-02-26,18726680849,20221008945@school.edu.cn
8946,20221008946,宋琛晟,女,大四,11班,2004-12-14,17878713530,20221008946@school.edu.cn
8947,20221008947,孙八霖,男,大四,7班,2004-12-15,18005956973,20221008947@school.edu.cn
8948,20221008948,彭瑶哲,男,大四,7班,2003-08-15,13843600499,20221008948@school.edu.cn
8949,20221008949,于沁琳,男,大四,12班,2004-02-14,15250590814,20221008949@school.edu.cn
8950,20221008950,唐芸诺,女,大四,9班,2004-06-22,13561506859,20221008950@school.edu.cn
8951,20221008951,曹三,男,大四,2班,2004-07-20,15124204118,20221008951@school.edu.cn
8952,20221008952,郑九珂,女,大四,11班,2003-02-07,13624560029,20221008952@school.edu.cn
8953,20221008953,朱婕萌,女,大四,12班,2003-05-25,18067855264,20221008953@school.edu.cn
8954,20221008954,马序馥,男,大四,1班,2003-09-30,13647942657,20221008954@school.edu.cn
8955,20221008955,胡露,男,大四,4班,2003-06-17,18063927906,20221008955@school.edu.cn
8956,20221008956,彭嫣,女,大四,11班,2003-11-13,17838229288,20221008956@school.edu.cn
8957,20221008957,曹渲,女,大四,9班,2003-04-27,18760098249,20221008957@school.edu.cn
8958,20221008958,马志希,男,大四,7班,2003-09-30,15532620040,20221008958@school.edu.cn
8959,20221008959,罗翊,女,大四,3班,2004-09-23,15105450379,20221008959@school.edu.cn
8960,20221008960,孙腾御,女,大四,8班,2004-06-09,18037165286,20221008960@school.edu.cn
8961,20221008961,于曜骁,女,大四,1班,2003-08-16,17526736993,20221008961@school.edu.cn
8962,20221008962,曾凯钰,男,大四,6班,2004-08-10,18909420890,20221008962@school.edu.cn
8963,20221008963,韩琳,女,大四,1班,2003-10-30,15015655342,20221008963@school.edu.cn
8964,20221008964,周颖坤,男,大四,12班,2004-05-01,17763076777,20221008964@school.edu.cn
8965,20221008965,刘一,男,大四,2班,2003-08-24,15162677361,20221008965@school.edu.cn
8966,20221008966,许乐娜,男,大四,10班,2004-11-03,15229155144,20221008966@school.edu.cn
8967,20221008967,朱昭三,女,大四,10班,2003-12-25,15976530239,20221008967@school.edu.cn
8968,20221008968,王雅亦,男,大四,7班,2004-09-02,13408367838,20221008968@school.edu.cn
8969,20221008969,朱三亦,女,大四,6班,2003-12-01,17398859425,20221008969@school.edu.cn
8970,20221008970,彭岚然,女,大四,12班,2003-03-16,17331062290,20221008970@school.edu.cn
8971,20221008971,宋晨,女,大四,10班,2004-06-24,18650897351,20221008971@school.edu.cn
8972,20221008972,萧六婧,女,大四,4班,2004-02-04,13771891914,20221008972@school.edu.cn
8973,20221008973,郭嘉萌,男,大四,3班,2003-08-25,15653093318,20221008973@school.edu.cn
8974,20221008974,陈浩琛,女,大四,1班,2004-12-23,13247552614,20221008974@school.edu.cn
8975,20221008975,高渲悦,男,大四,12班,2003-01-09,18372640458,20221008975@school.edu.cn
8976,20221008976,吴清,男,大四,2班,2004-07-26,17556223239,20221008976@school.edu.cn
8977,20221008977,高菲一,男,大四,12班,2003-09-01,15076192693,20221008977@school.edu.cn
8978,20221008978,李杰宇,女,大四,11班,2004-03-07,13317025858,20221008978@school.edu.cn
8979,20221008979,杨璇睿,女,大四,8班,2004-08-07,13240236582,20221008979@school.edu.cn
8980,20221008980,杨宁,男,大四,11班,2003-08-27,18636090068,20221008980@school.edu.cn
8981,20221008981,郑晨雯,男,大四,7班,2004-01-22,13477748661,20221008981@school.edu.cn
8982,20221008982,傅清,女,大四,8班,2004-06-12,15276215226,20221008982@school.edu.cn
8983,20221008983,萧瑞骐,女,大四,4班,2004-12-17,13378193001,20221008983@school.edu.cn
8984,20221008984,周泽,女,大四,9班,2003-01-04,17345644710,20221008984@school.edu.cn
8985,20221008985,高凯,女,大四,5班,2003-11-28,17384640003,20221008985@school.edu.cn
8986,20221008986,沈婷,女,大四,8班,2003-11-28,15720500887,20221008986@school.edu.cn
8987,20221008987,罗姝,男,大四,4班,2003-06-01,17723695000,20221008987@school.edu.cn
8988,20221008988,谢欣洁,女,大四,11班,2003-02-15,18923772329,20221008988@school.edu.cn
8989,20221008989,赵露,男,大四,8班,2003-03-11,15643009764,20221008989@school.edu.cn
8990,20221008990,梁晨峻,男,大四,1班,2003-03-13,17616060969,20221008990@school.edu.cn
8991,20221008991,曹乐,男,大四,3班,2003-12-24,13006831353,20221008991@school.edu.cn
8992,20221008992,马腾晟,男,大四,10班,2003-11-17,13205204031,20221008992@school.edu.cn
8993,20221008993,郑雅,女,大四,12班,2003-01-01,18007719819,20221008993@school.edu.cn
8994,20221008994,李沁琪,男,大四,2班,2004-12-24,13613337275,20221008994@school.edu.cn
8995,20221008995,胡珺二,男,大四,7班,2004-04-15,15190656112,20221008995@school.edu.cn
8996,20221008996,徐睿怡,女,大四,1班,2004-08-24,13095826120,20221008996@school.edu.cn
8997,20221008997,许乐珂,女,大四,7班,2004-12-04,15683659851,20221008997@school.edu.cn
8998,20221008998,萧志,男,大四,8班,2003-01-01,17337399724,20221008998@school.edu.cn
8999,20221008999,程若腾,男,大四,5班,2004-12-25,13012233538,20221008999@school.edu.cn
9000,20221009000,谢泓娅,男,大四,10班,2004-07-20,13584272285,20221009000@school.edu.cn
9001,20221009001,赵杰雯,男,大四,11班,2004-05-11,15796581646,20221009001@school.edu.cn
9002,20221009002,刘婕煜,女,大四,12班,2004-03-31,17739080478,20221009002@school.edu.cn
9003,20221009003,陈乐骞,男,大四,2班,2004-04-22,18236234200,20221009003@school.edu.cn
9004,20221009004,唐雨馥,女,大四,8班,2003-12-09,15155127852,20221009004@school.edu.cn
9005,20221009005,孙涵滢,女,大四,8班,2004-07-21,15858431894,20221009005@school.edu.cn
9006,20221009006,杨祺婧,女,大四,6班,2003-04-28,13813967416,20221009006@school.edu.cn
9007,20221009007,刘景,男,大四,2班,2004-03-10,15754962479,20221009007@school.edu.cn
9008,20221009008,沈璇,女,大四,12班,2004-09-26,15320469891,20221009008@school.edu.cn
9009,20221009009,黄八亦,女,大四,11班,2004-09-18,13610520126,20221009009@school.edu.cn
9010,20221009010,王淇然,男,大四,11班,2003-09-29,18592162252,20221009010@school.edu.cn
9011,20221009011,萧雨腾,男,大四,3班,2004-03-08,13940573461,20221009011@school.edu.cn
9012,20221009012,沈七,男,大四,6班,2004-09-20,18969637599,20221009012@school.edu.cn
9013,20221009013,杨锦,女,大四,2班,2004-04-01,18153413738,20221009013@school.edu.cn
9014,20221009014,李梓熙,男,大四,4班,2004-12-10,13824907604,20221009014@school.edu.cn
9015,20221009015,程三芸,男,大四,8班,2004-11-13,18994907346,20221009015@school.edu.cn
9016,20221009016,邓琳扬,男,大四,8班,2004-11-07,18505426684,20221009016@school.edu.cn
9017,20221009017,朱林,女,大四,2班,2003-02-07,17719738627,20221009017@school.edu.cn
9018,20221009018,邓妍渝,男,大四,4班,2003-01-26,13075649372,20221009018@school.edu.cn
9019,20221009019,萧清蕾,女,大四,7班,2004-04-04,18870888869,20221009019@school.edu.cn
9020,20221009020,沈晨泽,女,大四,12班,2004-06-22,13122820830,20221009020@school.edu.cn
9021,20221009021,马浩希,男,大四,3班,2004-05-09,18752102340,20221009021@school.edu.cn
9022,20221009022,曹景浩,男,大四,6班,2004-01-17,15388594505,20221009022@school.edu.cn
9023,20221009023,胡宸函,男,大四,11班,2004-06-10,13629452609,20221009023@school.edu.cn
9024,20221009024,袁文,男,大四,5班,2004-11-29,17309347763,20221009024@school.edu.cn
9025,20221009025,韩若,男,大四,1班,2004-07-13,13196878533,20221009025@school.edu.cn
9026,20221009026,吕昭霄,男,大四,10班,2004-09-28,18337308906,20221009026@school.edu.cn
9027,20221009027,彭景彤,男,大四,8班,2004-07-20,15793364809,20221009027@school.edu.cn
9028,20221009028,胡宁斌,女,大四,6班,2003-08-03,17377849669,20221009028@school.edu.cn
9029,20221009029,吕锦五,男,大四,7班,2003-02-13,13484309648,20221009029@school.edu.cn
9030,20221009030,冯浩帆,女,大四,1班,2003-10-28,17610744801,20221009030@school.edu.cn
9031,20221009031,林四蓉,女,大四,1班,2003-11-13,13695830629,20221009031@school.edu.cn
9032,20221009032,郭婷萱,女,大四,5班,2003-05-28,18682234726,20221009032@school.edu.cn
9033,20221009033,胡姝恺,男,大四,2班,2004-12-11,15027875957,20221009033@school.edu.cn
9034,20221009034,王九腾,男,大四,10班,2004-06-12,13757721026,20221009034@school.edu.cn
9035,20221009035,黄博致,女,大四,11班,2003-05-09,17509536919,20221009035@school.edu.cn
9036,20221009036,彭琛芷,男,大四,2班,2004-02-01,15517659440,20221009036@school.edu.cn
9037,20221009037,周泓琛,女,大四,10班,2004-08-09,15765093705,20221009037@school.edu.cn
9038,20221009038,马妍可,男,大四,2班,2004-08-25,13442641519,20221009038@school.edu.cn
9039,20221009039,王锦琪,女,大四,5班,2003-05-22,18979028899,20221009039@school.edu.cn
9040,20221009040,彭琳宇,女,大四,11班,2003-08-12,15304366338,20221009040@school.edu.cn
9041,20221009041,邓渲,男,大四,7班,2004-03-15,18582285410,20221009041@school.edu.cn
9042,20221009042,谢琳,男,大四,12班,2004-05-29,13757648041,20221009042@school.edu.cn
9043,20221009043,杨涵煜,女,大四,2班,2003-11-02,13190788202,20221009043@school.edu.cn
9044,20221009044,孙奕,男,大四,1班,2004-03-17,13223770031,20221009044@school.edu.cn
9045,20221009045,赵瑾斌,女,大四,11班,2003-04-23,18926537968,20221009045@school.edu.cn
9046,20221009046,罗九,男,大四,4班,2004-06-16,18967141581,20221009046@school.edu.cn
9047,20221009047,冯婕晨,女,大四,3班,2003-10-28,17354306067,20221009047@school.edu.cn
9048,20221009048,黄雨明,女,大四,5班,2003-12-26,15621422440,20221009048@school.edu.cn
9049,20221009049,周婷琪,男,大四,11班,2004-09-23,18979935291,20221009049@school.edu.cn
9050,20221009050,胡泽一,女,大四,2班,2003-03-06,18650984600,20221009050@school.edu.cn
9051,20221009051,曾沁,男,大四,2班,2003-07-31,17641722624,20221009051@school.edu.cn
9052,20221009052,杨雪铠,男,大四,2班,2003-05-06,13103884220,20221009052@school.edu.cn
9053,20221009053,梁宇,女,大四,12班,2004-03-24,15312810975,20221009053@school.edu.cn
9054,20221009054,梁琛,男,大四,12班,2003-01-19,13551676592,20221009054@school.edu.cn
9055,20221009055,罗四煜,女,大四,7班,2004-09-15,17562090197,20221009055@school.edu.cn
9056,20221009056,陈林瑾,女,大四,8班,2003-07-26,15288463109,20221009056@school.edu.cn
9057,20221009057,吴瑶馥,女,大四,8班,2003-02-01,13827562863,20221009057@school.edu.cn
9058,20221009058,冯晨坤,男,大四,10班,2004-06-22,15063189863,20221009058@school.edu.cn
9059,20221009059,朱彤,女,大四,3班,2003-01-10,13779571351,20221009059@school.edu.cn
9060,20221009060,彭明瑾,女,大四,3班,2003-02-05,13679789325,20221009060@school.edu.cn
9061,20221009061,吴二,男,大四,4班,2003-09-27,13942318199,20221009061@school.edu.cn
9062,20221009062,黄雪,男,大四,2班,2003-04-26,17334374758,20221009062@school.edu.cn
9063,20221009063,萧九,男,大四,8班,2004-07-18,13834639036,20221009063@school.edu.cn
9064,20221009064,徐杰琛,女,大四,5班,2004-12-05,13686934155,20221009064@school.edu.cn
9065,20221009065,谢宁,男,大四,6班,2004-08-06,18664403598,20221009065@school.edu.cn
9066,20221009066,许晨骞,女,大四,3班,2004-04-10,13559492367,20221009066@school.edu.cn
9067,20221009067,于林,男,大四,2班,2003-10-21,13072919449,20221009067@school.edu.cn
9068,20221009068,刘涵,男,大四,2班,2003-06-26,18749106298,20221009068@school.edu.cn
9069,20221009069,马博函,男,大四,6班,2004-04-10,17819882170,20221009069@school.edu.cn
9070,20221009070,杨露,女,大四,4班,2004-08-13,15663525479,20221009070@school.edu.cn
9071,20221009071,李嘉航,男,大四,11班,2004-11-05,13586902574,20221009071@school.edu.cn
9072,20221009072,张五芷,男,大四,1班,2004-01-04,15518913543,20221009072@school.edu.cn
9073,20221009073,黄珂,女,大四,11班,2004-08-22,13995830244,20221009073@school.edu.cn
9074,20221009074,彭梓珂,女,大四,9班,2004-01-22,15204672143,20221009074@school.edu.cn
9075,20221009075,何芸凝,女,大四,9班,2003-05-12,13767840038,20221009075@school.edu.cn
9076,20221009076,吕景,男,大四,8班,2003-09-25,15556650229,20221009076@school.edu.cn
9077,20221009077,梁翊腾,男,大四,8班,2004-02-14,18918005269,20221009077@school.edu.cn
9078,20221009078,曹梓萱,男,大四,6班,2004-08-08,18145414309,20221009078@school.edu.cn
9079,20221009079,陈杰峻,男,大四,11班,2004-04-25,15867008899,20221009079@school.edu.cn
9080,20221009080,吴雪,男,大四,4班,2004-10-09,18350117790,20221009080@school.edu.cn
9081,20221009081,吕瑞文,女,大四,10班,2004-08-04,13044767581,20221009081@school.edu.cn
9082,20221009082,张璇焱,男,大四,8班,2003-10-16,18247510355,20221009082@school.edu.cn
9083,20221009083,袁露蕾,女,大四,11班,2003-06-18,18875401632,20221009083@school.edu.cn
9084,20221009084,萧奕娅,男,大四,7班,2004-09-06,15234916966,20221009084@school.edu.cn
9085,20221009085,张雨晨,女,大四,8班,2004-07-25,15585927095,20221009085@school.edu.cn
9086,20221009086,许雨滢,男,大四,2班,2003-09-21,15967540856,20221009086@school.edu.cn
9087,20221009087,李欣钰,男,大四,9班,2004-03-11,17878567357,20221009087@school.edu.cn
9088,20221009088,董婷,男,大四,4班,2004-08-28,15029576047,20221009088@school.edu.cn
9089,20221009089,梁颖函,女,大四,10班,2004-09-19,15836836128,20221009089@school.edu.cn
9090,20221009090,吕昭可,女,大四,3班,2003-06-17,13719567603,20221009090@school.edu.cn
9091,20221009091,周瑾,男,大四,12班,2003-12-02,13125185118,20221009091@school.edu.cn
9092,20221009092,彭茗茹,男,大四,4班,2003-10-03,17346259135,20221009092@school.edu.cn
9093,20221009093,谢晨明,女,大四,3班,2004-07-22,13827739570,20221009093@school.edu.cn
9094,20221009094,徐依亦,男,大四,7班,2004-11-07,15858088147,20221009094@school.edu.cn
9095,20221009095,王嫣斌,男,大四,7班,2004-06-26,18299379457,20221009095@school.edu.cn
9096,20221009096,宋凯骐,男,大四,6班,2003-07-25,13603363016,20221009096@school.edu.cn
9097,20221009097,董四轩,男,大四,10班,2003-08-22,15925444839,20221009097@school.edu.cn
9098,20221009098,赵瑶磊,女,大四,12班,2004-03-04,13086840268,20221009098@school.edu.cn
9099,20221009099,胡一,男,大四,12班,2003-05-02,13096013213,20221009099@school.edu.cn
9100,20221009100,曾宥航,女,大四,6班,2003-04-11,13263539477,20221009100@school.edu.cn
9101,20221009101,梁珂四,女,大四,6班,2003-12-21,13191912972,20221009101@school.edu.cn
9102,20221009102,赵佳,男,大四,3班,2004-11-09,17694876128,20221009102@school.edu.cn
9103,20221009103,冯七,男,大四,11班,2004-05-09,18303203907,20221009103@school.edu.cn
9104,20221009104,赵雪子,女,大四,2班,2003-10-15,13878748145,20221009104@school.edu.cn
9105,20221009105,周芸宇,男,大四,9班,2004-11-08,15654233394,20221009105@school.edu.cn
9106,20221009106,吕景骁,男,大四,12班,2003-01-02,13580590173,20221009106@school.edu.cn
9107,20221009107,邓星,女,大四,2班,2003-04-30,15233968904,20221009107@school.edu.cn
9108,20221009108,梁子颖,女,大四,3班,2003-06-10,18749876711,20221009108@school.edu.cn
9109,20221009109,董思骐,女,大四,6班,2004-03-06,13149985707,20221009109@school.edu.cn
9110,20221009110,曾璇蕾,女,大四,6班,2004-07-02,13303971389,20221009110@school.edu.cn
9111,20221009111,郭颖煜,男,大四,6班,2003-11-12,18321474018,20221009111@school.edu.cn
9112,20221009112,杨瑜萱,男,大四,2班,2003-04-10,13310938847,20221009112@school.edu.cn
9113,20221009113,董菲五,男,大四,12班,2004-09-05,18271455765,20221009113@school.edu.cn
9114,20221009114,李莹七,女,大四,12班,2003-09-03,17534870677,20221009114@school.edu.cn
9115,20221009115,沈羽九,男,大四,11班,2003-05-15,18207757202,20221009115@school.edu.cn
9116,20221009116,韩星子,女,大四,6班,2004-02-12,13951191217,20221009116@school.edu.cn
9117,20221009117,郑启辰,男,大四,10班,2004-04-01,18849824636,20221009117@school.edu.cn
9118,20221009118,傅杰雪,男,大四,5班,2003-03-23,13608976629,20221009118@school.edu.cn
9119,20221009119,许莹霖,男,大四,6班,2003-05-26,13161232860,20221009119@school.edu.cn
9120,20221009120,傅思宇,女,大四,12班,2003-11-17,17547593433,20221009120@school.edu.cn
9121,20221009121,邓琳,女,大四,8班,2004-07-19,15994010605,20221009121@school.edu.cn
9122,20221009122,徐睿,女,大四,1班,2003-10-28,13318160969,20221009122@school.edu.cn
9123,20221009123,郑思霖,女,大四,2班,2004-05-18,13252944532,20221009123@school.edu.cn
9124,20221009124,傅露,女,大四,10班,2003-12-25,18239303613,20221009124@school.edu.cn
9125,20221009125,林杰,男,大四,9班,2003-10-06,18032527333,20221009125@school.edu.cn
9126,20221009126,杨莹蕾,男,大四,9班,2004-12-10,13229306976,20221009126@school.edu.cn
9127,20221009127,胡四蕾,女,大四,10班,2003-05-16,18202596159,20221009127@school.edu.cn
9128,20221009128,傅瑶,女,大四,5班,2004-04-01,17508675983,20221009128@school.edu.cn
9129,20221009129,郭婕颖,男,大四,1班,2003-09-19,18087712463,20221009129@school.edu.cn
9130,20221009130,赵涵妍,男,大四,8班,2003-09-10,15070866395,20221009130@school.edu.cn
9131,20221009131,罗岚博,男,大四,10班,2004-09-08,13865796702,20221009131@school.edu.cn
9132,20221009132,何语颖,女,大四,4班,2003-02-22,18044263504,20221009132@school.edu.cn
9133,20221009133,冯奕,女,大四,3班,2004-08-15,13872239981,20221009133@school.edu.cn
9134,20221009134,梁欣颖,女,大四,9班,2003-08-28,15191901309,20221009134@school.edu.cn
9135,20221009135,程浩,女,大四,11班,2004-03-13,17871004207,20221009135@school.edu.cn
9136,20221009136,高岚,女,大四,1班,2003-01-13,17654366747,20221009136@school.edu.cn
9137,20221009137,林浩芸,女,大四,9班,2004-04-21,13141730306,20221009137@school.edu.cn
9138,20221009138,郭雅珂,男,大四,10班,2003-08-02,15391007697,20221009138@school.edu.cn
9139,20221009139,吴启,女,大四,9班,2004-07-26,15858535031,20221009139@school.edu.cn
9140,20221009140,董六珂,女,大四,8班,2003-09-23,18524805315,20221009140@school.edu.cn
9141,20221009141,罗琛霄,男,大四,11班,2004-04-09,17358984572,20221009141@school.edu.cn
9142,20221009142,沈莹昊,女,大四,3班,2003-02-14,17701797183,20221009142@school.edu.cn
9143,20221009143,冯序妍,女,大四,6班,2004-05-08,17874178167,20221009143@school.edu.cn
9144,20221009144,萧乐阳,男,大四,8班,2004-05-30,13252924188,20221009144@school.edu.cn
9145,20221009145,曾三娅,女,大四,10班,2003-03-29,15546672198,20221009145@school.edu.cn
9146,20221009146,罗宸晟,男,大四,7班,2003-02-05,15632125641,20221009146@school.edu.cn
9147,20221009147,李九雪,女,大四,11班,2004-08-17,15179690939,20221009147@school.edu.cn
9148,20221009148,谢泽熙,女,大四,9班,2003-04-20,18776220977,20221009148@school.edu.cn
9149,20221009149,郭雪博,女,大四,8班,2004-08-17,13090638209,20221009149@school.edu.cn
9150,20221009150,林博瑜,女,大四,2班,2003-05-12,17670228543,20221009150@school.edu.cn
9151,20221009151,黄彤,女,大四,4班,2004-11-03,13696797747,20221009151@school.edu.cn
9152,20221009152,何睿五,女,大四,8班,2003-07-19,18997587466,20221009152@school.edu.cn
9153,20221009153,程彦琪,男,大四,7班,2004-11-07,13655917123,20221009153@school.edu.cn
9154,20221009154,李宥晟,女,大四,12班,2003-03-10,13580091796,20221009154@school.edu.cn
9155,20221009155,杨涵,女,大四,12班,2003-11-02,18013887205,20221009155@school.edu.cn
9156,20221009156,马霖阳,女,大四,10班,2004-07-18,15326423348,20221009156@school.edu.cn
9157,20221009157,梁宁,男,大四,8班,2004-02-29,15983632556,20221009157@school.edu.cn
9158,20221009158,张岚衡,女,大四,11班,2003-10-24,13250553927,20221009158@school.edu.cn
9159,20221009159,曹清,女,大四,2班,2004-03-05,13424617750,20221009159@school.edu.cn
9160,20221009160,曾雪,女,大四,2班,2003-11-09,15729925390,20221009160@school.edu.cn
9161,20221009161,于颖晟,男,大四,1班,2004-11-27,18995154108,20221009161@school.edu.cn
9162,20221009162,彭子雪,女,大四,1班,2004-08-12,13515310161,20221009162@school.edu.cn
9163,20221009163,张八七,女,大四,11班,2003-09-05,15890877139,20221009163@school.edu.cn
9164,20221009164,马雅,男,大四,5班,2004-04-14,15535075324,20221009164@school.edu.cn
9165,20221009165,高浩娜,男,大四,12班,2004-08-31,13357310871,20221009165@school.edu.cn
9166,20221009166,董语,男,大四,5班,2004-02-01,17369291842,20221009166@school.edu.cn
9167,20221009167,曹子骞,男,大四,9班,2004-08-29,18555377183,20221009167@school.edu.cn
9168,20221009168,何彦娅,男,大四,7班,2003-04-05,15212155809,20221009168@school.edu.cn
9169,20221009169,郑雨,女,大四,11班,2004-08-14,15780752229,20221009169@school.edu.cn
9170,20221009170,何泽三,女,大四,4班,2003-12-02,18844856553,20221009170@school.edu.cn
9171,20221009171,周雪琳,女,大四,10班,2004-12-24,15197649153,20221009171@school.edu.cn
9172,20221009172,萧芸驰,男,大四,9班,2003-05-26,18701128750,20221009172@school.edu.cn
9173,20221009173,邓颖驰,女,大四,3班,2004-12-28,13122242355,20221009173@school.edu.cn
9174,20221009174,许嘉函,女,大四,11班,2004-05-24,17675926191,20221009174@school.edu.cn
9175,20221009175,董八,女,大四,8班,2004-05-21,15373528592,20221009175@school.edu.cn
9176,20221009176,张梓,男,大四,8班,2004-01-18,17674920031,20221009176@school.edu.cn
9177,20221009177,唐瑾,女,大四,3班,2003-10-03,18596041162,20221009177@school.edu.cn
9178,20221009178,唐思骞,男,大四,10班,2003-08-17,18222498757,20221009178@school.edu.cn
9179,20221009179,董思泽,男,大四,7班,2003-11-11,17741738896,20221009179@school.edu.cn
9180,20221009180,杨浩宁,男,大四,6班,2004-09-01,17881003751,20221009180@school.edu.cn
9181,20221009181,邓彦瑶,男,大四,10班,2004-09-13,15371900083,20221009181@school.edu.cn
9182,20221009182,林四,女,大四,2班,2003-02-15,13736120552,20221009182@school.edu.cn
9183,20221009183,吕子滢,男,大四,12班,2003-01-16,18608764697,20221009183@school.edu.cn
9184,20221009184,郭瑞腾,男,大四,8班,2004-06-18,13705686609,20221009184@school.edu.cn
9185,20221009185,许菲斌,男,大四,4班,2003-08-25,13753022325,20221009185@school.edu.cn
9186,20221009186,袁珂,男,大四,5班,2004-01-18,15292375346,20221009186@school.edu.cn
9187,20221009187,何浩翎,女,大四,3班,2004-02-20,13258626744,20221009187@school.edu.cn
9188,20221009188,吕雪洁,女,大四,12班,2004-09-16,15293840915,20221009188@school.edu.cn
9189,20221009189,梁宁锴,男,大四,7班,2004-06-30,15635199459,20221009189@school.edu.cn
9190,20221009190,马五娅,女,大四,4班,2004-01-11,17537594608,20221009190@school.edu.cn
9191,20221009191,曹婕,女,大四,2班,2003-05-21,18735875088,20221009191@school.edu.cn
9192,20221009192,罗琛,男,大四,2班,2003-03-25,13036366281,20221009192@school.edu.cn
9193,20221009193,韩梓浩,女,大四,10班,2004-02-17,18055921912,20221009193@school.edu.cn
9194,20221009194,胡露珂,女,大四,6班,2004-11-14,15866640088,20221009194@school.edu.cn
9195,20221009195,于六琪,男,大四,3班,2003-01-30,18592651799,20221009195@school.edu.cn
9196,20221009196,徐宁明,男,大四,3班,2003-10-31,17349108566,20221009196@school.edu.cn
9197,20221009197,傅锦,男,大四,11班,2004-11-07,13447431704,20221009197@school.edu.cn
9198,20221009198,许宸晟,男,大四,7班,2003-02-25,15663166210,20221009198@school.edu.cn
9199,20221009199,何宥珏,男,大四,3班,2003-06-09,18265210240,20221009199@school.edu.cn
9200,20221009200,胡婷,女,大四,2班,2004-01-05,13684987119,20221009200@school.edu.cn
9201,20221009201,罗林八,女,大四,8班,2004-09-24,15168704808,20221009201@school.edu.cn
9202,20221009202,袁奚轩,女,大四,1班,2004-10-23,15089489753,20221009202@school.edu.cn
9203,20221009203,于昭,男,大四,11班,2003-08-29,13834479991,20221009203@school.edu.cn
9204,20221009204,周二瑾,男,大四,6班,2004-02-18,17315257045,20221009204@school.edu.cn
9205,20221009205,徐菲琪,男,大四,4班,2004-02-10,15717489589,20221009205@school.edu.cn
9206,20221009206,吕瑜瑜,男,大四,12班,2003-09-20,17331438774,20221009206@school.edu.cn
9207,20221009207,宋梓馥,女,大四,3班,2003-03-03,17367280954,20221009207@school.edu.cn
9208,20221009208,曹沁文,男,大四,12班,2003-11-28,15980084685,20221009208@school.edu.cn
9209,20221009209,高淇妍,男,大四,7班,2004-08-18,15829566707,20221009209@school.edu.cn
9210,20221009210,曾宁轩,女,大四,11班,2004-08-28,17505775546,20221009210@school.edu.cn
9211,20221009211,吕欣萱,男,大四,9班,2003-10-04,17622583825,20221009211@school.edu.cn
9212,20221009212,赵彤晨,男,大四,5班,2004-02-01,15265948202,20221009212@school.edu.cn
9213,20221009213,孙菲颖,男,大四,1班,2003-01-18,18148093118,20221009213@school.edu.cn
9214,20221009214,罗锦扬,男,大四,2班,2003-02-01,13560681835,20221009214@school.edu.cn
9215,20221009215,黄若腾,男,大四,3班,2004-08-31,15822728497,20221009215@school.edu.cn
9216,20221009216,胡羽,男,大四,7班,2003-10-19,17704102203,20221009216@school.edu.cn
9217,20221009217,吕晨璐,女,大四,12班,2003-03-12,17543842783,20221009217@school.edu.cn
9218,20221009218,何茗三,男,大四,10班,2004-08-22,15081797990,20221009218@school.edu.cn
9219,20221009219,曾雪致,男,大四,11班,2003-05-18,13082297410,20221009219@school.edu.cn
9220,20221009220,沈宇二,女,大四,4班,2004-12-15,18057827954,20221009220@school.edu.cn
9221,20221009221,周文馥,女,大四,12班,2004-10-04,13910306055,20221009221@school.edu.cn
9222,20221009222,唐宥,女,大四,7班,2004-11-07,15653994576,20221009222@school.edu.cn
9223,20221009223,吕瑶蕾,男,大四,8班,2003-09-07,15845786771,20221009223@school.edu.cn
9224,20221009224,韩嘉,女,大四,8班,2004-05-31,13717702382,20221009224@school.edu.cn
9225,20221009225,徐涵雯,女,大四,3班,2004-01-07,17853511112,20221009225@school.edu.cn
9226,20221009226,郭菲峻,女,大四,3班,2004-10-27,18552965253,20221009226@school.edu.cn
9227,20221009227,赵志恺,女,大四,4班,2004-02-22,13250813743,20221009227@school.edu.cn
9228,20221009228,于三,女,大四,3班,2003-09-01,13356908817,20221009228@school.edu.cn
9229,20221009229,王依,男,大四,11班,2004-07-08,13569091760,20221009229@school.edu.cn
9230,20221009230,程林,男,大四,5班,2004-12-04,13733309180,20221009230@school.edu.cn
9231,20221009231,吕雨斌,男,大四,7班,2003-03-09,18578280762,20221009231@school.edu.cn
9232,20221009232,曹颖二,女,大四,5班,2003-08-25,13307863031,20221009232@school.edu.cn
9233,20221009233,郭序,男,大四,9班,2003-03-25,18600477072,20221009233@school.edu.cn
9234,20221009234,傅瑜翎,男,大四,2班,2003-11-11,15902148309,20221009234@school.edu.cn
9235,20221009235,罗祺,女,大四,3班,2004-05-25,15588848008,20221009235@school.edu.cn
9236,20221009236,董睿恺,女,大四,7班,2004-11-10,18115403077,20221009236@school.edu.cn
9237,20221009237,何泽五,男,大四,9班,2003-07-02,18029631316,20221009237@school.edu.cn
9238,20221009238,梁琛,女,大四,2班,2004-04-04,15696401783,20221009238@school.edu.cn
9239,20221009239,罗奕骁,男,大四,11班,2004-07-28,15242773015,20221009239@school.edu.cn
9240,20221009240,韩腾怡,女,大四,10班,2004-04-06,18843715556,20221009240@school.edu.cn
9241,20221009241,程若,男,大四,1班,2004-08-06,15368660204,20221009241@school.edu.cn
9242,20221009242,彭昭琪,男,大四,3班,2003-06-20,18824392278,20221009242@school.edu.cn
9243,20221009243,袁瑞三,男,大四,10班,2004-11-14,13367056683,20221009243@school.edu.cn
9244,20221009244,董博琪,男,大四,8班,2004-04-15,17667701537,20221009244@school.edu.cn
9245,20221009245,萧曜熙,男,大四,6班,2004-07-10,15655791236,20221009245@school.edu.cn
9246,20221009246,徐依阳,女,大四,9班,2004-04-12,15770925478,20221009246@school.edu.cn
9247,20221009247,彭璇,女,大四,3班,2003-07-05,15290586833,20221009247@school.edu.cn
9248,20221009248,王宇,男,大四,7班,2003-07-08,18816173756,20221009248@school.edu.cn
9249,20221009249,胡瑜,女,大四,11班,2004-10-23,15788302385,20221009249@school.edu.cn
9250,20221009250,吕嘉阳,男,大四,5班,2003-12-29,17890059112,20221009250@school.edu.cn
9251,20221009251,黄宁,女,大四,6班,2004-02-24,17796696169,20221009251@school.edu.cn
9252,20221009252,沈露,男,大四,7班,2003-11-01,15151221370,20221009252@school.edu.cn
9253,20221009253,何启涵,女,大四,12班,2003-04-01,17697739782,20221009253@school.edu.cn
9254,20221009254,袁宁,女,大四,11班,2004-11-20,18606938902,20221009254@school.edu.cn
9255,20221009255,马琛骐,女,大四,8班,2004-04-28,17797735842,20221009255@school.edu.cn
9256,20221009256,冯渲泽,女,大四,4班,2004-05-08,13368852724,20221009256@school.edu.cn
9257,20221009257,彭露璐,男,大四,5班,2003-03-03,13815597310,20221009257@school.edu.cn
9258,20221009258,何祺浩,女,大四,4班,2003-07-02,18161810396,20221009258@school.edu.cn
9259,20221009259,韩依,男,大四,4班,2004-10-10,18618079844,20221009259@school.edu.cn
9260,20221009260,高泽恺,女,大四,10班,2003-04-07,15891604284,20221009260@school.edu.cn
9261,20221009261,王雅扬,女,大四,12班,2004-11-02,13027066502,20221009261@school.edu.cn
9262,20221009262,何婕珏,女,大四,9班,2003-06-15,17584007934,20221009262@school.edu.cn
9263,20221009263,梁瑶,男,大四,8班,2004-08-18,15258864277,20221009263@school.edu.cn
9264,20221009264,黄沁驰,女,大四,9班,2003-05-18,17653675774,20221009264@school.edu.cn
9265,20221009265,郭欣琛,女,大四,8班,2004-06-19,17733075753,20221009265@school.edu.cn
9266,20221009266,周露,女,大四,9班,2004-09-26,13242879197,20221009266@school.edu.cn
9267,20221009267,许文然,女,大四,10班,2003-02-04,17514468928,20221009267@school.edu.cn
9268,20221009268,赵欣,女,大四,4班,2003-06-18,18751580716,20221009268@school.edu.cn
9269,20221009269,傅清,男,大四,12班,2003-09-23,15022292006,20221009269@school.edu.cn
9270,20221009270,周依磊,男,大四,1班,2003-01-18,18129279528,20221009270@school.edu.cn
9271,20221009271,曹宁二,女,大四,11班,2003-05-03,15293563986,20221009271@school.edu.cn
9272,20221009272,赵睿萱,男,大四,4班,2004-11-30,13866230054,20221009272@school.edu.cn
9273,20221009273,周六,男,大四,9班,2004-07-12,18944229819,20221009273@school.edu.cn
9274,20221009274,陈淇七,女,大四,5班,2004-08-29,13534294770,20221009274@school.edu.cn
9275,20221009275,周姝琳,男,大四,10班,2004-03-02,13514795147,20221009275@school.edu.cn
9276,20221009276,赵依,男,大四,8班,2003-10-10,17370193359,20221009276@school.edu.cn
9277,20221009277,傅祺,女,大四,12班,2004-07-24,13867754806,20221009277@school.edu.cn
9278,20221009278,马乐妍,男,大四,1班,2004-04-08,15822021377,20221009278@school.edu.cn
9279,20221009279,吴明,女,大四,7班,2004-03-22,17524945870,20221009279@school.edu.cn
9280,20221009280,胡嘉骞,男,大四,7班,2003-06-16,17863133446,20221009280@school.edu.cn
9281,20221009281,胡婷一,女,大四,6班,2004-11-28,18162912627,20221009281@school.edu.cn
9282,20221009282,曹佳,男,大四,12班,2003-04-23,17882459919,20221009282@school.edu.cn
9283,20221009283,林霖三,男,大四,11班,2004-03-02,13333405935,20221009283@school.edu.cn
9284,20221009284,冯宸,男,大四,3班,2003-12-03,13920820693,20221009284@school.edu.cn
9285,20221009285,孙凯轩,男,大四,2班,2004-02-23,18510851195,20221009285@school.edu.cn
9286,20221009286,曾宸璐,男,大四,4班,2004-10-29,13044219480,20221009286@school.edu.cn
9287,20221009287,董羽辰,男,大四,7班,2003-09-13,13173685300,20221009287@school.edu.cn
9288,20221009288,唐八辰,男,大四,5班,2003-08-13,18103748774,20221009288@school.edu.cn
9289,20221009289,郭子琛,男,大四,8班,2004-12-30,17647496443,20221009289@school.edu.cn
9290,20221009290,程沁,男,大四,11班,2004-06-19,18182752429,20221009290@school.edu.cn
9291,20221009291,萧语衡,女,大四,7班,2004-04-07,17746194747,20221009291@school.edu.cn
9292,20221009292,冯茗芸,女,大四,1班,2003-12-27,17360045258,20221009292@school.edu.cn
9293,20221009293,周博,女,大四,5班,2003-05-03,15046140622,20221009293@school.edu.cn
9294,20221009294,吴梓,男,大四,11班,2003-04-13,15316910934,20221009294@school.edu.cn
9295,20221009295,袁八怡,男,大四,8班,2004-03-16,13780444565,20221009295@school.edu.cn
9296,20221009296,陈志琪,女,大四,8班,2004-01-01,15877669495,20221009296@school.edu.cn
9297,20221009297,彭昭,男,大四,12班,2003-09-12,15673596912,20221009297@school.edu.cn
9298,20221009298,林彤,女,大四,9班,2004-03-13,18781627897,20221009298@school.edu.cn
9299,20221009299,于祺,女,大四,4班,2003-08-20,13261198127,20221009299@school.edu.cn
9300,20221009300,沈曜,女,大四,1班,2003-03-09,15362746195,20221009300@school.edu.cn
9301,20221009301,许七焱,女,大四,12班,2003-09-12,18624003950,20221009301@school.edu.cn
9302,20221009302,周昭,女,大四,2班,2003-12-17,13569080845,20221009302@school.edu.cn
9303,20221009303,王一,女,大四,7班,2003-12-27,18351092395,20221009303@school.edu.cn
9304,20221009304,徐腾,男,大四,10班,2004-11-02,17895625019,20221009304@school.edu.cn
9305,20221009305,沈奕晟,男,大四,8班,2003-08-28,15750086944,20221009305@school.edu.cn
9306,20221009306,林珂洁,男,大四,9班,2003-07-13,15363821400,20221009306@school.edu.cn
9307,20221009307,韩雅子,男,大四,4班,2004-07-10,15536475494,20221009307@school.edu.cn
9308,20221009308,何嫣,女,大四,12班,2004-05-30,18152937173,20221009308@school.edu.cn
9309,20221009309,赵乐妍,男,大四,1班,2004-02-12,18022460483,20221009309@school.edu.cn
9310,20221009310,胡依哲,男,大四,2班,2004-03-28,17630502825,20221009310@school.edu.cn
9311,20221009311,高曜,女,大四,5班,2004-05-30,18739276042,20221009311@school.edu.cn
9312,20221009312,王羽瑜,男,大四,2班,2003-10-19,17890355895,20221009312@school.edu.cn
9313,20221009313,胡嫣璐,女,大四,6班,2004-11-24,15275666036,20221009313@school.edu.cn
9314,20221009314,袁宇,女,大四,8班,2004-06-25,15081062147,20221009314@school.edu.cn
9315,20221009315,谢颖,女,大四,8班,2003-02-28,15101314011,20221009315@school.edu.cn
9316,20221009316,彭筱,男,大四,5班,2004-08-06,15016531627,20221009316@school.edu.cn
9317,20221009317,宋锦御,女,大四,6班,2003-09-07,13401599379,20221009317@school.edu.cn
9318,20221009318,曾颖骞,女,大四,10班,2004-08-29,17789623115,20221009318@school.edu.cn
9319,20221009319,罗八浩,女,大四,4班,2003-08-29,15617221262,20221009319@school.edu.cn
9320,20221009320,徐乐晟,男,大四,1班,2004-01-06,18757667772,20221009320@school.edu.cn
9321,20221009321,邓莹希,女,大四,2班,2004-06-09,15744548047,20221009321@school.edu.cn
9322,20221009322,胡乐,男,大四,3班,2003-05-14,18026560547,20221009322@school.edu.cn
9323,20221009323,傅宥骐,男,大四,6班,2004-02-19,17660751505,20221009323@school.edu.cn
9324,20221009324,许文颖,女,大四,3班,2004-10-07,15240979440,20221009324@school.edu.cn
9325,20221009325,韩宥,男,大四,4班,2004-10-02,15892523092,20221009325@school.edu.cn
9326,20221009326,程姝,男,大四,6班,2004-06-18,17759933239,20221009326@school.edu.cn
9327,20221009327,黄启珂,男,大四,5班,2003-09-21,15241633709,20221009327@school.edu.cn
9328,20221009328,梁茗航,男,大四,3班,2003-08-13,15527063194,20221009328@school.edu.cn
9329,20221009329,许茗彤,男,大四,10班,2003-06-02,15601070777,20221009329@school.edu.cn
9330,20221009330,唐沁斌,男,大四,12班,2004-05-25,18142748330,20221009330@school.edu.cn
9331,20221009331,马颖璐,男,大四,3班,2004-03-09,18527724119,20221009331@school.edu.cn
9332,20221009332,罗妍峻,男,大四,2班,2003-07-27,15205315800,20221009332@school.edu.cn
9333,20221009333,宋乐昊,男,大四,1班,2004-05-17,13861261010,20221009333@school.edu.cn
9334,20221009334,徐林熙,男,大四,6班,2004-02-04,17852232988,20221009334@school.edu.cn
9335,20221009335,谢珺焱,男,大四,7班,2004-03-28,18214125671,20221009335@school.edu.cn
9336,20221009336,杨五,女,大四,11班,2004-02-07,17354088331,20221009336@school.edu.cn
9337,20221009337,吕祺怡,女,大四,10班,2004-02-23,13535062322,20221009337@school.edu.cn
9338,20221009338,吕珺骞,女,大四,8班,2004-04-21,15373949180,20221009338@school.edu.cn
9339,20221009339,韩志霄,男,大四,10班,2003-10-23,13983831923,20221009339@school.edu.cn
9340,20221009340,董乐宇,男,大四,11班,2003-09-08,18395673716,20221009340@school.edu.cn
9341,20221009341,傅菲明,男,大四,9班,2003-11-25,15574049988,20221009341@school.edu.cn
9342,20221009342,唐若,女,大四,6班,2003-06-16,15044022818,20221009342@school.edu.cn
9343,20221009343,周琛雪,女,大四,4班,2003-12-09,13703651102,20221009343@school.edu.cn
9344,20221009344,徐莹,男,大四,1班,2003-02-27,15108661128,20221009344@school.edu.cn
9345,20221009345,徐晨锴,男,大四,3班,2003-04-19,18309522683,20221009345@school.edu.cn
9346,20221009346,宋启衡,女,大四,8班,2004-06-09,15610699390,20221009346@school.edu.cn
9347,20221009347,于雨,女,大四,11班,2004-11-18,13636358214,20221009347@school.edu.cn
9348,20221009348,朱羽晨,男,大四,7班,2004-04-27,13530334620,20221009348@school.edu.cn
9349,20221009349,曹晨,女,大四,5班,2004-02-23,15069453291,20221009349@school.edu.cn
9350,20221009350,沈文渝,女,大四,7班,2003-05-19,15840512986,20221009350@school.edu.cn
9351,20221009351,曹语,女,大四,9班,2003-05-16,13413440732,20221009351@school.edu.cn
9352,20221009352,郭乐骁,女,大四,5班,2004-04-12,15301489883,20221009352@school.edu.cn
9353,20221009353,傅凯锴,男,大四,7班,2003-07-19,13800983872,20221009353@school.edu.cn
9354,20221009354,何芸瑜,男,大四,2班,2004-07-03,17562950598,20221009354@school.edu.cn
9355,20221009355,韩嫣明,女,大四,12班,2003-06-04,17300291371,20221009355@school.edu.cn
9356,20221009356,孙莹诺,男,大四,4班,2003-01-03,17862499964,20221009356@school.edu.cn
9357,20221009357,韩佳骞,男,大四,3班,2003-07-05,18173362863,20221009357@school.edu.cn
9358,20221009358,郭腾茹,男,大四,10班,2003-05-24,13028082889,20221009358@school.edu.cn
9359,20221009359,彭文辰,女,大四,5班,2004-08-26,17337870528,20221009359@school.edu.cn
9360,20221009360,曾二蓉,男,大四,8班,2003-09-10,13564055989,20221009360@school.edu.cn
9361,20221009361,张七可,女,大四,9班,2003-01-09,17818882216,20221009361@school.edu.cn
9362,20221009362,宋腾一,女,大四,8班,2004-07-20,18537485758,20221009362@school.edu.cn
9363,20221009363,郭五晨,男,大四,3班,2004-06-28,18959298366,20221009363@school.edu.cn
9364,20221009364,袁露悦,男,大四,6班,2004-06-08,18920713868,20221009364@school.edu.cn
9365,20221009365,吕乐九,女,大四,2班,2003-09-03,18214011858,20221009365@school.edu.cn
9366,20221009366,袁羽煜,男,大四,1班,2004-04-01,18530152152,20221009366@school.edu.cn
9367,20221009367,梁涵骞,女,大四,10班,2004-01-30,15828610417,20221009367@school.edu.cn
9368,20221009368,曹琳,男,大四,11班,2004-02-10,13089498557,20221009368@school.edu.cn
9369,20221009369,冯岚蕾,女,大四,2班,2004-03-10,18506354803,20221009369@school.edu.cn
9370,20221009370,邓四蕾,女,大四,4班,2004-01-21,17698522940,20221009370@school.edu.cn
9371,20221009371,黄奚翎,女,大四,3班,2004-07-14,13019273537,20221009371@school.edu.cn
9372,20221009372,刘五,男,大四,9班,2003-08-04,15597167325,20221009372@school.edu.cn
9373,20221009373,胡七洁,男,大四,8班,2003-12-03,15682761581,20221009373@school.edu.cn
9374,20221009374,许锦,男,大四,11班,2003-08-29,18727056711,20221009374@school.edu.cn
9375,20221009375,杨雪翎,女,大四,4班,2003-11-05,13221115477,20221009375@school.edu.cn
9376,20221009376,谢宁,女,大四,1班,2004-02-23,13920067566,20221009376@school.edu.cn
9377,20221009377,邓林坤,女,大四,3班,2004-08-26,13772492854,20221009377@school.edu.cn
9378,20221009378,黄琛宁,男,大四,8班,2003-12-23,18948242644,20221009378@school.edu.cn
9379,20221009379,谢瑶,男,大四,1班,2003-05-08,13517092779,20221009379@school.edu.cn
9380,20221009380,于若琪,男,大四,11班,2004-05-24,18509689065,20221009380@school.edu.cn
9381,20221009381,彭欣扬,男,大四,8班,2003-02-22,18083776916,20221009381@school.edu.cn
9382,20221009382,黄六骁,男,大四,2班,2004-12-16,13212128362,20221009382@school.edu.cn
9383,20221009383,陈景恺,男,大四,6班,2003-01-22,13539845802,20221009383@school.edu.cn
9384,20221009384,罗岚,女,大四,1班,2003-10-21,13554023856,20221009384@school.edu.cn
9385,20221009385,赵文,男,大四,4班,2003-03-29,18002865955,20221009385@school.edu.cn
9386,20221009386,彭博娜,男,大四,4班,2004-01-28,15885675868,20221009386@school.edu.cn
9387,20221009387,马子睿,女,大四,7班,2003-07-31,13476279226,20221009387@school.edu.cn
9388,20221009388,韩清妍,女,大四,8班,2003-09-23,18662691516,20221009388@school.edu.cn
9389,20221009389,陈梓骞,女,大四,12班,2003-12-22,18300697388,20221009389@school.edu.cn
9390,20221009390,孙晨熙,女,大四,2班,2004-11-05,15831329505,20221009390@school.edu.cn
9391,20221009391,郑涵,男,大四,11班,2004-04-03,17770286726,20221009391@school.edu.cn
9392,20221009392,郭梓阳,男,大四,4班,2004-01-05,15272414769,20221009392@school.edu.cn
9393,20221009393,赵姝悦,女,大四,12班,2003-02-21,18908658442,20221009393@school.edu.cn
9394,20221009394,董二,男,大四,4班,2004-05-15,15204907079,20221009394@school.edu.cn
9395,20221009395,吴彤蓉,男,大四,5班,2004-12-26,13420594105,20221009395@school.edu.cn
9396,20221009396,程婷博,男,大四,10班,2004-03-09,18613422773,20221009396@school.edu.cn
9397,20221009397,郭嘉驰,男,大四,8班,2004-06-13,17744193191,20221009397@school.edu.cn
9398,20221009398,萧五渝,女,大四,12班,2003-06-30,13808065449,20221009398@school.edu.cn
9399,20221009399,谢泽,男,大四,8班,2004-02-19,13069351504,20221009399@school.edu.cn
9400,20221009400,杨七彤,男,大四,2班,2003-01-01,18883276724,20221009400@school.edu.cn
9401,20221009401,许淇怡,女,大四,8班,2003-11-22,15792325527,20221009401@school.edu.cn
9402,20221009402,王茗峻,女,大四,7班,2004-03-08,17743396439,20221009402@school.edu.cn
9403,20221009403,孙渲琪,女,大四,6班,2004-08-31,13187024894,20221009403@school.edu.cn
9404,20221009404,曾林轩,女,大四,7班,2003-01-26,13230812835,20221009404@school.edu.cn
9405,20221009405,林腾泽,女,大四,2班,2003-10-19,15690164376,20221009405@school.edu.cn
9406,20221009406,何凯,男,大四,10班,2004-02-12,18278700736,20221009406@school.edu.cn
9407,20221009407,杨杰一,女,大四,7班,2003-06-23,17575146159,20221009407@school.edu.cn
9408,20221009408,董晨滢,男,大四,6班,2003-04-24,13407694829,20221009408@school.edu.cn
9409,20221009409,张子骐,女,大四,3班,2003-09-13,18783906474,20221009409@school.edu.cn
9410,20221009410,张八浩,男,大四,8班,2004-12-26,13390316151,20221009410@school.edu.cn
9411,20221009411,郑七阳,女,大四,4班,2003-05-07,13311332030,20221009411@school.edu.cn
9412,20221009412,程涵浩,男,大四,4班,2003-12-07,15328981936,20221009412@school.edu.cn
9413,20221009413,赵彦御,男,大四,12班,2004-10-16,15099788940,20221009413@school.edu.cn
9414,20221009414,赵奕昊,男,大四,11班,2003-12-02,15592517783,20221009414@school.edu.cn
9415,20221009415,李雅凝,男,大四,8班,2004-08-11,18034899289,20221009415@school.edu.cn
9416,20221009416,林露,女,大四,5班,2003-06-22,18169003824,20221009416@school.edu.cn
9417,20221009417,唐若航,男,大四,3班,2004-02-29,17797224190,20221009417@school.edu.cn
9418,20221009418,冯奚哲,男,大四,9班,2004-02-27,18133433009,20221009418@school.edu.cn
9419,20221009419,梁祺芸,男,大四,6班,2003-10-18,15176270155,20221009419@school.edu.cn
9420,20221009420,吴泓馥,女,大四,1班,2003-03-21,18869151892,20221009420@school.edu.cn
9421,20221009421,李宁祺,男,大四,9班,2003-03-07,17794611479,20221009421@school.edu.cn
9422,20221009422,许思,男,大四,11班,2004-06-27,15792386399,20221009422@school.edu.cn
9423,20221009423,曾乐,女,大四,9班,2003-11-05,13332084343,20221009423@school.edu.cn
9424,20221009424,林筱珏,女,大四,3班,2003-11-16,17567288313,20221009424@school.edu.cn
9425,20221009425,吕霖三,女,大四,10班,2003-09-30,13365498958,20221009425@school.edu.cn
9426,20221009426,孙瑶晟,女,大四,11班,2003-06-30,15229216400,20221009426@school.edu.cn
9427,20221009427,曾清坤,女,大四,4班,2003-10-16,15256455307,20221009427@school.edu.cn
9428,20221009428,陈雅三,女,大四,1班,2003-09-27,18770255895,20221009428@school.edu.cn
9429,20221009429,黄凯凝,女,大四,4班,2003-03-18,15109995787,20221009429@school.edu.cn
9430,20221009430,赵三祺,男,大四,1班,2004-08-05,15005523405,20221009430@school.edu.cn
9431,20221009431,罗菲,男,大四,5班,2004-04-01,18765187647,20221009431@school.edu.cn
9432,20221009432,刘雪蕾,男,大四,7班,2003-11-24,15596306464,20221009432@school.edu.cn
9433,20221009433,曹莹骁,女,大四,5班,2003-09-13,15805211686,20221009433@school.edu.cn
9434,20221009434,林二,女,大四,2班,2003-08-16,18672562634,20221009434@school.edu.cn
9435,20221009435,杨博恺,男,大四,4班,2004-09-14,18098213139,20221009435@school.edu.cn
9436,20221009436,刘浩馥,男,大四,7班,2003-10-18,18337578189,20221009436@school.edu.cn
9437,20221009437,林六煜,男,大四,6班,2004-06-29,17615642569,20221009437@school.edu.cn
9438,20221009438,梁祺,男,大四,3班,2003-09-11,13781674690,20221009438@school.edu.cn
9439,20221009439,王五,男,大四,10班,2003-10-31,15828419165,20221009439@school.edu.cn
9440,20221009440,袁思,女,大四,7班,2003-07-06,18958859793,20221009440@school.edu.cn
9441,20221009441,罗婕晨,女,大四,9班,2003-02-16,13788347131,20221009441@school.edu.cn
9442,20221009442,宋杰阳,男,大四,2班,2003-05-31,18047880510,20221009442@school.edu.cn
9443,20221009443,林志磊,男,大四,7班,2004-04-06,15042606826,20221009443@school.edu.cn
9444,20221009444,郑博宇,女,大四,6班,2003-02-01,15725618262,20221009444@school.edu.cn
9445,20221009445,董沁磊,男,大四,10班,2004-07-29,17770704182,20221009445@school.edu.cn
9446,20221009446,程奕珂,男,大四,10班,2004-07-14,18246549104,20221009446@school.edu.cn
9447,20221009447,彭珂,女,大四,1班,2004-07-18,18922546907,20221009447@school.edu.cn
9448,20221009448,梁妍,女,大四,8班,2003-07-22,15708701627,20221009448@school.edu.cn
9449,20221009449,何乐,女,大四,2班,2003-05-21,15935284240,20221009449@school.edu.cn
9450,20221009450,徐三骞,男,大四,10班,2003-05-08,18004258048,20221009450@school.edu.cn
9451,20221009451,董景欣,女,大四,1班,2003-04-24,15996731293,20221009451@school.edu.cn
9452,20221009452,邓雅二,女,大四,11班,2003-10-31,15717650430,20221009452@school.edu.cn
9453,20221009453,彭序,女,大四,12班,2004-02-19,15287600159,20221009453@school.edu.cn
9454,20221009454,宋腾,男,大四,6班,2004-05-19,13055696609,20221009454@school.edu.cn
9455,20221009455,马雨,女,大四,6班,2004-06-15,18073478749,20221009455@school.edu.cn
9456,20221009456,董颖坤,男,大四,8班,2004-01-06,15177213053,20221009456@school.edu.cn
9457,20221009457,马宁,男,大四,8班,2003-09-21,15628630317,20221009457@school.edu.cn
9458,20221009458,吴彤泽,女,大四,7班,2003-06-12,13767690961,20221009458@school.edu.cn
9459,20221009459,程璇斌,女,大四,11班,2004-04-24,13760343173,20221009459@school.edu.cn
9460,20221009460,唐芸,男,大四,8班,2004-03-27,17315050008,20221009460@school.edu.cn
9461,20221009461,彭瑞可,男,大四,4班,2003-04-27,13784926274,20221009461@school.edu.cn
9462,20221009462,郭欣,女,大四,4班,2003-11-12,18610528176,20221009462@school.edu.cn
9463,20221009463,罗启恺,男,大四,4班,2003-09-26,13399930331,20221009463@school.edu.cn
9464,20221009464,曾星七,女,大四,3班,2004-11-02,15576950151,20221009464@school.edu.cn
9465,20221009465,高佳五,女,大四,1班,2004-11-08,15860779915,20221009465@school.edu.cn
9466,20221009466,袁腾七,男,大四,8班,2004-01-05,17505919362,20221009466@school.edu.cn
9467,20221009467,傅岚晟,男,大四,5班,2003-11-20,18896313432,20221009467@school.edu.cn
9468,20221009468,于睿,女,大四,9班,2004-09-05,17797999062,20221009468@school.edu.cn
9469,20221009469,胡曜,女,大四,4班,2003-01-30,18315545989,20221009469@school.edu.cn
9470,20221009470,宋渲颖,男,大四,2班,2004-07-23,17584320067,20221009470@school.edu.cn
9471,20221009471,刘霖,男,大四,3班,2004-05-31,15085188111,20221009471@school.edu.cn
9472,20221009472,曹凯驰,女,大四,6班,2003-02-12,15834186551,20221009472@school.edu.cn
9473,20221009473,马泓航,女,大四,6班,2004-04-23,13854957827,20221009473@school.edu.cn
9474,20221009474,周启衡,女,大四,7班,2004-08-15,13986665985,20221009474@school.edu.cn
9475,20221009475,胡宇,女,大四,9班,2004-04-28,13678003789,20221009475@school.edu.cn
9476,20221009476,林思琛,女,大四,8班,2003-03-24,13697927178,20221009476@school.edu.cn
9477,20221009477,何浩然,男,大四,5班,2004-01-23,18042272172,20221009477@school.edu.cn
9478,20221009478,傅瑜衡,男,大四,8班,2003-05-24,13151303074,20221009478@school.edu.cn
9479,20221009479,萧序馥,男,大四,5班,2003-06-27,18567488036,20221009479@school.edu.cn
9480,20221009480,陈林,男,大四,6班,2003-07-21,13701347395,20221009480@school.edu.cn
9481,20221009481,唐锦,男,大四,7班,2003-10-01,13040006916,20221009481@school.edu.cn
9482,20221009482,罗宸八,男,大四,2班,2003-11-09,13522050043,20221009482@school.edu.cn
9483,20221009483,傅语,女,大四,7班,2004-07-01,18306502476,20221009483@school.edu.cn
9484,20221009484,韩渲辰,男,大四,4班,2004-10-25,13987297009,20221009484@school.edu.cn
9485,20221009485,朱博涵,女,大四,5班,2004-08-08,18707975316,20221009485@school.edu.cn
9486,20221009486,曹睿,女,大四,10班,2004-08-05,17576406545,20221009486@school.edu.cn
9487,20221009487,罗琛蓉,男,大四,2班,2003-06-25,15158196145,20221009487@school.edu.cn
9488,20221009488,唐彦,男,大四,2班,2003-01-13,17830219158,20221009488@school.edu.cn
9489,20221009489,程序凯,男,大四,1班,2003-08-30,15090508269,20221009489@school.edu.cn
9490,20221009490,曾杰翎,男,大四,11班,2004-01-02,18591649861,20221009490@school.edu.cn
9491,20221009491,韩晨洁,男,大四,8班,2004-03-16,15163666887,20221009491@school.edu.cn
9492,20221009492,何昭娜,女,大四,2班,2004-12-24,18757892043,20221009492@school.edu.cn
9493,20221009493,王思,女,大四,11班,2003-05-19,15949239874,20221009493@school.edu.cn
9494,20221009494,傅涵腾,男,大四,10班,2004-08-20,15907536333,20221009494@school.edu.cn
9495,20221009495,谢泽,男,大四,12班,2004-10-28,13051355152,20221009495@school.edu.cn
9496,20221009496,于霖三,男,大四,2班,2004-11-14,13126368552,20221009496@school.edu.cn
9497,20221009497,胡语琪,男,大四,5班,2004-11-10,18210749740,20221009497@school.edu.cn
9498,20221009498,彭宁颖,女,大四,5班,2004-02-05,17722052974,20221009498@school.edu.cn
9499,20221009499,沈颖帆,男,大四,7班,2003-02-11,18578277266,20221009499@school.edu.cn
9500,20221009500,曾五,男,大四,8班,2004-04-02,15048340999,20221009500@school.edu.cn
9501,20221009501,曾筱骐,男,大四,11班,2003-03-19,13030886164,20221009501@school.edu.cn
9502,20221009502,黄六,男,大四,3班,2003-06-26,13857745836,20221009502@school.edu.cn
9503,20221009503,沈志茹,男,大四,9班,2003-07-09,18123928510,20221009503@school.edu.cn
9504,20221009504,梁妍蕾,女,大四,5班,2004-11-24,18719819432,20221009504@school.edu.cn
9505,20221009505,程依致,男,大四,12班,2003-01-25,17387796460,20221009505@school.edu.cn
9506,20221009506,郑七,女,大四,2班,2004-04-25,18087837473,20221009506@school.edu.cn
9507,20221009507,唐婕霄,男,大四,4班,2003-10-09,18122677620,20221009507@school.edu.cn
9508,20221009508,梁宸,女,大四,5班,2004-10-28,13466044118,20221009508@school.edu.cn
9509,20221009509,沈渲妍,女,大四,10班,2003-09-06,13233599274,20221009509@school.edu.cn
9510,20221009510,曹景娅,男,大四,10班,2003-02-19,13389528857,20221009510@school.edu.cn
9511,20221009511,傅奕,女,大四,3班,2004-03-15,18616731689,20221009511@school.edu.cn
9512,20221009512,谢淇,男,大四,2班,2004-04-08,13708426803,20221009512@school.edu.cn
9513,20221009513,沈宁一,女,大四,1班,2003-06-12,17734831809,20221009513@school.edu.cn
9514,20221009514,高瑜,女,大四,9班,2004-09-23,17511586440,20221009514@school.edu.cn
9515,20221009515,梁依,女,大四,9班,2004-05-14,13916196202,20221009515@school.edu.cn
9516,20221009516,郭霖,女,大四,5班,2003-02-25,18790534348,20221009516@school.edu.cn
9517,20221009517,刘六焱,女,大四,11班,2004-04-01,15193824724,20221009517@school.edu.cn
9518,20221009518,唐羽,男,大四,4班,2003-06-10,15955932866,20221009518@school.edu.cn
9519,20221009519,黄五悦,男,大四,4班,2003-06-26,15155369369,20221009519@school.edu.cn
9520,20221009520,唐璇锴,男,大四,6班,2004-05-15,13265524652,20221009520@school.edu.cn
9521,20221009521,董七琛,男,大四,4班,2004-06-08,15011132348,20221009521@school.edu.cn
9522,20221009522,黄清芷,女,大四,9班,2004-07-21,17562962007,20221009522@school.edu.cn
9523,20221009523,萧星,男,大四,12班,2004-03-29,18993394901,20221009523@school.edu.cn
9524,20221009524,曹梓,男,大四,9班,2004-06-24,18694801692,20221009524@school.edu.cn
9525,20221009525,胡颖煜,女,大四,8班,2003-07-21,17708981027,20221009525@school.edu.cn
9526,20221009526,唐茗,女,大四,8班,2003-10-24,18295395530,20221009526@school.edu.cn
9527,20221009527,胡乐昊,女,大四,6班,2003-07-16,15560508918,20221009527@school.edu.cn
9528,20221009528,林宇,男,大四,1班,2004-08-11,13445978750,20221009528@school.edu.cn
9529,20221009529,张宸琛,女,大四,12班,2004-10-13,15570489316,20221009529@school.edu.cn
9530,20221009530,陈泓,女,大四,8班,2004-03-03,15536325082,20221009530@school.edu.cn
9531,20221009531,程睿,男,大四,11班,2003-02-22,15324788146,20221009531@school.edu.cn
9532,20221009532,宋晨,女,大四,4班,2003-09-27,13404216438,20221009532@school.edu.cn
9533,20221009533,李三哲,男,大四,4班,2003-07-11,13432761914,20221009533@school.edu.cn
9534,20221009534,宋四,女,大四,2班,2003-01-18,18556460397,20221009534@school.edu.cn
9535,20221009535,胡序帆,女,大四,12班,2003-11-22,13560075952,20221009535@school.edu.cn
9536,20221009536,吕佳,女,大四,4班,2003-09-21,15781432777,20221009536@school.edu.cn
9537,20221009537,萧四航,女,大四,5班,2004-09-04,15144320628,20221009537@school.edu.cn
9538,20221009538,胡瑾,女,大四,10班,2004-05-31,18139032205,20221009538@school.edu.cn
9539,20221009539,赵奕,男,大四,4班,2003-10-06,18308288359,20221009539@school.edu.cn
9540,20221009540,彭颖蕾,女,大四,5班,2003-07-21,15760590583,20221009540@school.edu.cn
9541,20221009541,李翊八,女,大四,8班,2003-01-19,15853164938,20221009541@school.edu.cn
9542,20221009542,杨语,男,大四,3班,2003-07-29,15612651320,20221009542@school.edu.cn
9543,20221009543,徐雪钰,女,大四,12班,2004-09-17,17856408243,20221009543@school.edu.cn
9544,20221009544,吴渲,女,大四,9班,2003-01-16,18788134825,20221009544@school.edu.cn
9545,20221009545,张嘉,女,大四,5班,2004-04-22,13705001639,20221009545@school.edu.cn
9546,20221009546,杨曜洁,男,大四,4班,2003-04-26,18523071331,20221009546@school.edu.cn
9547,20221009547,曾腾腾,男,大四,7班,2003-12-26,18333564042,20221009547@school.edu.cn
9548,20221009548,罗四,女,大四,1班,2004-10-07,15726863216,20221009548@school.edu.cn
9549,20221009549,刘晨蓉,女,大四,10班,2003-03-28,18840201156,20221009549@school.edu.cn
9550,20221009550,何文熙,男,大四,12班,2003-06-22,15593382080,20221009550@school.edu.cn
9551,20221009551,沈芸明,男,大四,4班,2003-03-14,18198606542,20221009551@school.edu.cn
9552,20221009552,冯露子,女,大四,12班,2004-03-30,13123923361,20221009552@school.edu.cn
9553,20221009553,吕锦霄,男,大四,8班,2003-12-31,15504360939,20221009553@school.edu.cn
9554,20221009554,郑五宁,女,大四,6班,2004-04-07,13074207420,20221009554@school.edu.cn
9555,20221009555,陈嫣然,女,大四,2班,2004-12-15,18773642682,20221009555@school.edu.cn
9556,20221009556,郑一,男,大四,4班,2003-10-08,17761445275,20221009556@school.edu.cn
9557,20221009557,李宁珏,男,大四,5班,2003-09-02,13432629545,20221009557@school.edu.cn
9558,20221009558,何奚珂,女,大四,9班,2004-06-25,18514657221,20221009558@school.edu.cn
9559,20221009559,吴凯睿,女,大四,8班,2004-02-28,13666643077,20221009559@school.edu.cn
9560,20221009560,谢露坤,女,大四,5班,2003-06-23,18247442404,20221009560@school.edu.cn
9561,20221009561,孙露,男,大四,6班,2004-08-14,17748166252,20221009561@school.edu.cn
9562,20221009562,唐瑶,女,大四,11班,2004-12-26,18259418206,20221009562@school.edu.cn
9563,20221009563,陈岚瑾,女,大四,11班,2004-12-27,13488865667,20221009563@school.edu.cn
9564,20221009564,刘菲子,男,大四,1班,2003-10-21,15026370177,20221009564@school.edu.cn
9565,20221009565,赵珺洁,男,大四,5班,2004-10-11,18279975269,20221009565@school.edu.cn
9566,20221009566,张浩七,男,大四,11班,2003-09-23,18247108465,20221009566@school.edu.cn
9567,20221009567,沈彦哲,男,大四,7班,2003-01-06,15523828818,20221009567@school.edu.cn
9568,20221009568,冯三煜,男,大四,10班,2004-07-01,13489776393,20221009568@school.edu.cn
9569,20221009569,邓凯志,女,大四,7班,2003-04-22,17324110815,20221009569@school.edu.cn
9570,20221009570,张璇,女,大四,1班,2003-01-25,13001334519,20221009570@school.edu.cn
9571,20221009571,彭瑜可,女,大四,4班,2003-11-12,18064512807,20221009571@school.edu.cn
9572,20221009572,高一琛,女,大四,7班,2003-04-02,18798590971,20221009572@school.edu.cn
9573,20221009573,曾莹,男,大四,12班,2004-05-21,18740824267,20221009573@school.edu.cn
9574,20221009574,宋子衡,女,大四,1班,2003-11-27,15006957282,20221009574@school.edu.cn
9575,20221009575,萧欣,女,大四,11班,2004-03-16,15688447502,20221009575@school.edu.cn
9576,20221009576,曾芸瑾,男,大四,8班,2003-10-12,13600895989,20221009576@school.edu.cn
9577,20221009577,韩启蕾,女,大四,2班,2004-05-30,18901946287,20221009577@school.edu.cn
9578,20221009578,马彤,女,大四,8班,2003-10-15,15516756973,20221009578@school.edu.cn
9579,20221009579,张浩哲,女,大四,7班,2003-07-24,18190199672,20221009579@school.edu.cn
9580,20221009580,徐颖晟,男,大四,9班,2004-04-10,13129055623,20221009580@school.edu.cn
9581,20221009581,于颖诺,男,大四,1班,2003-04-24,18149599305,20221009581@school.edu.cn
9582,20221009582,程珂芸,男,大四,11班,2003-01-05,15360005348,20221009582@school.edu.cn
9583,20221009583,杨颖,女,大四,8班,2003-12-24,13599102139,20221009583@school.edu.cn
9584,20221009584,马彤航,男,大四,5班,2004-01-19,13458785052,20221009584@school.edu.cn
9585,20221009585,邓琳明,女,大四,3班,2004-07-20,15994992785,20221009585@school.edu.cn
9586,20221009586,吴锦八,女,大四,7班,2003-11-22,13362284287,20221009586@school.edu.cn
9587,20221009587,孙妍,男,大四,4班,2003-10-15,18946057744,20221009587@school.edu.cn
9588,20221009588,谢沁,男,大四,4班,2004-06-22,13941915409,20221009588@school.edu.cn
9589,20221009589,邓八颖,男,大四,9班,2004-01-05,13664514822,20221009589@school.edu.cn
9590,20221009590,徐宥,男,大四,8班,2004-09-19,15275621705,20221009590@school.edu.cn
9591,20221009591,刘凯晨,女,大四,7班,2003-07-24,13880156326,20221009591@school.edu.cn
9592,20221009592,黄锦瑜,女,大四,4班,2003-07-26,13835975594,20221009592@school.edu.cn
9593,20221009593,何颖恺,女,大四,1班,2003-05-27,13654927652,20221009593@school.edu.cn
9594,20221009594,林乐睿,男,大四,2班,2004-03-26,18682522886,20221009594@school.edu.cn
9595,20221009595,吴宇磊,男,大四,8班,2004-10-12,17747573828,20221009595@school.edu.cn
9596,20221009596,朱筱八,男,大四,4班,2003-05-30,15554155837,20221009596@school.edu.cn
9597,20221009597,于筱致,女,大四,1班,2004-06-13,18205027450,20221009597@school.edu.cn
9598,20221009598,何珂,女,大四,2班,2004-09-02,17363205442,20221009598@school.edu.cn
9599,20221009599,林瑾,女,大四,6班,2003-08-31,17891315478,20221009599@school.edu.cn
9600,20221009600,赵昭,女,大四,9班,2004-05-14,17582356101,20221009600@school.edu.cn
9601,20221009601,吴珺琛,女,大四,1班,2003-04-27,13699890429,20221009601@school.edu.cn
9602,20221009602,刘筱,男,大四,6班,2003-11-26,13590378590,20221009602@school.edu.cn
9603,20221009603,唐姝坤,女,大四,9班,2003-04-02,13749076142,20221009603@school.edu.cn
9604,20221009604,徐五骁,男,大四,1班,2003-10-22,15383465258,20221009604@school.edu.cn
9605,20221009605,赵筱,女,大四,4班,2004-12-24,17763743055,20221009605@school.edu.cn
9606,20221009606,赵文霄,女,大四,4班,2003-09-18,13238084619,20221009606@school.edu.cn
9607,20221009607,郑四昊,女,大四,11班,2003-11-02,13004698896,20221009607@school.edu.cn
9608,20221009608,罗乐,女,大四,3班,2003-06-10,18298105482,20221009608@school.edu.cn
9609,20221009609,梁雨坤,男,大四,11班,2003-08-20,15829585351,20221009609@school.edu.cn
9610,20221009610,杨雨,男,大四,3班,2004-12-19,18685077860,20221009610@school.edu.cn
9611,20221009611,程宁骐,女,大四,6班,2004-04-02,18887432550,20221009611@school.edu.cn
9612,20221009612,冯杰驰,女,大四,5班,2004-04-06,15398570969,20221009612@school.edu.cn
9613,20221009613,胡浩,男,大四,1班,2004-08-16,15652793191,20221009613@school.edu.cn
9614,20221009614,吴奚二,男,大四,9班,2004-06-23,18097071138,20221009614@school.edu.cn
9615,20221009615,罗莹昊,男,大四,9班,2003-04-07,17695202847,20221009615@school.edu.cn
9616,20221009616,刘景函,男,大四,5班,2004-01-19,13379039429,20221009616@school.edu.cn
9617,20221009617,邓嘉哲,女,大四,4班,2003-11-16,15049788240,20221009617@school.edu.cn
9618,20221009618,何锦,女,大四,8班,2003-06-03,13243071776,20221009618@school.edu.cn
9619,20221009619,于五文,女,大四,3班,2004-08-06,13887249065,20221009619@school.edu.cn
9620,20221009620,梁梓,女,大四,12班,2003-03-16,18941939142,20221009620@school.edu.cn
9621,20221009621,梁六阳,男,大四,9班,2003-10-16,17875279395,20221009621@school.edu.cn
9622,20221009622,唐宸滢,女,大四,5班,2003-10-17,17314209076,20221009622@school.edu.cn
9623,20221009623,杨锦二,男,大四,1班,2004-10-04,18513311403,20221009623@school.edu.cn
9624,20221009624,谢嫣亦,男,大四,4班,2003-01-27,13280473062,20221009624@school.edu.cn
9625,20221009625,邓嫣霄,男,大四,11班,2003-12-14,18117145515,20221009625@school.edu.cn
9626,20221009626,郑博,男,大四,9班,2004-11-23,13221934633,20221009626@school.edu.cn
9627,20221009627,朱序,男,大四,5班,2003-10-15,13139744259,20221009627@school.edu.cn
9628,20221009628,唐渲祺,男,大四,4班,2003-10-03,18138554840,20221009628@school.edu.cn
9629,20221009629,马渲,男,大四,8班,2004-09-13,15258139355,20221009629@school.edu.cn
9630,20221009630,曹博悦,男,大四,12班,2003-02-26,17589918347,20221009630@school.edu.cn
9631,20221009631,唐瑞萱,男,大四,12班,2003-03-15,15212234984,20221009631@school.edu.cn
9632,20221009632,林浩骞,女,大四,1班,2003-03-14,17313382359,20221009632@school.edu.cn
9633,20221009633,李林,男,大四,12班,2004-04-14,18738119231,20221009633@school.edu.cn
9634,20221009634,郑六磊,女,大四,6班,2003-04-05,18315296124,20221009634@school.edu.cn
9635,20221009635,谢羽八,男,大四,5班,2003-12-13,18040095632,20221009635@school.edu.cn
9636,20221009636,吴景御,男,大四,4班,2004-06-20,15896115159,20221009636@school.edu.cn
9637,20221009637,周淇珏,女,大四,5班,2004-04-25,15375563733,20221009637@school.edu.cn
9638,20221009638,林一霄,女,大四,7班,2003-10-23,13931421209,20221009638@school.edu.cn
9639,20221009639,杨宸,男,大四,3班,2003-05-03,17564826833,20221009639@school.edu.cn
9640,20221009640,孙嫣蕾,女,大四,11班,2003-11-29,13051769680,20221009640@school.edu.cn
9641,20221009641,傅淇,女,大四,7班,2004-06-22,13758786225,20221009641@school.edu.cn
9642,20221009642,罗羽函,男,大四,9班,2004-12-12,17581051676,20221009642@school.edu.cn
9643,20221009643,许明子,女,大四,10班,2003-05-08,18549675051,20221009643@school.edu.cn
9644,20221009644,赵翊,女,大四,3班,2003-09-04,17896798791,20221009644@school.edu.cn
9645,20221009645,王筱,男,大四,9班,2003-06-04,15903807432,20221009645@school.edu.cn
9646,20221009646,吕露琪,女,大四,2班,2004-06-20,13133736055,20221009646@school.edu.cn
9647,20221009647,曾翊凝,男,大四,2班,2003-01-15,15507177781,20221009647@school.edu.cn
9648,20221009648,胡宇骐,女,大四,3班,2003-12-23,13467204164,20221009648@school.edu.cn
9649,20221009649,何雪,女,大四,3班,2003-05-27,15826992745,20221009649@school.edu.cn
9650,20221009650,董二帆,女,大四,6班,2004-07-06,13212396601,20221009650@school.edu.cn
9651,20221009651,彭姝磊,男,大四,11班,2003-11-09,18029675027,20221009651@school.edu.cn
9652,20221009652,马雪洁,男,大四,5班,2004-08-05,18587384181,20221009652@school.edu.cn
9653,20221009653,吴彤洁,男,大四,2班,2003-10-02,13599503131,20221009653@school.edu.cn
9654,20221009654,于茗航,女,大四,4班,2004-01-01,18659716298,20221009654@school.edu.cn
9655,20221009655,赵九,女,大四,9班,2004-12-26,15691651174,20221009655@school.edu.cn
9656,20221009656,宋奚御,女,大四,3班,2004-01-04,13838174151,20221009656@school.edu.cn
9657,20221009657,李妍熙,女,大四,11班,2004-06-27,18141863839,20221009657@school.edu.cn
9658,20221009658,许瑾,男,大四,10班,2003-10-12,13500474331,20221009658@school.edu.cn
9659,20221009659,彭彦衡,女,大四,1班,2003-07-23,15891017387,20221009659@school.edu.cn
9660,20221009660,董博,男,大四,12班,2003-07-03,17805073643,20221009660@school.edu.cn
9661,20221009661,吕乐悦,男,大四,10班,2004-07-16,13952993590,20221009661@school.edu.cn
9662,20221009662,胡乐希,男,大四,1班,2003-04-13,13405873552,20221009662@school.edu.cn
9663,20221009663,程依,男,大四,11班,2004-09-08,17512403905,20221009663@school.edu.cn
9664,20221009664,郭子衡,男,大四,9班,2004-01-26,18064857496,20221009664@school.edu.cn
9665,20221009665,何宇,男,大四,6班,2004-09-10,18230160965,20221009665@school.edu.cn
9666,20221009666,马景五,女,大四,12班,2004-05-16,13129452030,20221009666@school.edu.cn
9667,20221009667,梁瑞,女,大四,2班,2004-11-29,15282074030,20221009667@school.edu.cn
9668,20221009668,周彤昊,女,大四,12班,2004-07-07,15323674805,20221009668@school.edu.cn
9669,20221009669,郭景骁,男,大四,3班,2003-06-21,15358837492,20221009669@school.edu.cn
9670,20221009670,郑瑾,男,大四,12班,2003-06-06,17830684594,20221009670@school.edu.cn
9671,20221009671,宋泓,女,大四,10班,2004-05-02,13784306707,20221009671@school.edu.cn
9672,20221009672,邓璇,女,大四,7班,2003-09-23,18734945286,20221009672@school.edu.cn
9673,20221009673,于莹彤,女,大四,9班,2003-01-25,15337059979,20221009673@school.edu.cn
9674,20221009674,王浩,男,大四,4班,2003-07-04,15608684113,20221009674@school.edu.cn
9675,20221009675,萧岚瑾,女,大四,8班,2003-01-16,17852063048,20221009675@school.edu.cn
9676,20221009676,邓婷骞,男,大四,8班,2003-08-08,13358771842,20221009676@school.edu.cn
9677,20221009677,梁璇,女,大四,6班,2004-07-14,15067788926,20221009677@school.edu.cn
9678,20221009678,何泽琪,女,大四,9班,2003-05-12,13052100295,20221009678@school.edu.cn
9679,20221009679,曾二晟,男,大四,1班,2003-04-25,15807917521,20221009679@school.edu.cn
9680,20221009680,徐清函,男,大四,6班,2004-07-08,13300075358,20221009680@school.edu.cn
9681,20221009681,黄婷,男,大四,9班,2004-05-02,13828596986,20221009681@school.edu.cn
9682,20221009682,萧雨恺,女,大四,10班,2003-10-03,18626009862,20221009682@school.edu.cn
9683,20221009683,董奕,女,大四,6班,2003-12-01,15167967342,20221009683@school.edu.cn
9684,20221009684,郑睿煜,女,大四,3班,2003-04-01,13438625031,20221009684@school.edu.cn
9685,20221009685,彭五,男,大四,1班,2004-04-12,18680330062,20221009685@school.edu.cn
9686,20221009686,郭浩珏,女,大四,2班,2004-07-24,18982529048,20221009686@school.edu.cn
9687,20221009687,韩彦哲,男,大四,9班,2004-07-12,15121644760,20221009687@school.edu.cn
9688,20221009688,沈宥馥,女,大四,9班,2004-01-19,18203569295,20221009688@school.edu.cn
9689,20221009689,袁凯蕾,女,大四,5班,2003-05-05,13998709510,20221009689@school.edu.cn
9690,20221009690,宋嫣颖,男,大四,9班,2004-11-21,18832876826,20221009690@school.edu.cn
9691,20221009691,刘语霖,男,大四,9班,2004-02-21,18970427669,20221009691@school.edu.cn
9692,20221009692,萧五亦,女,大四,2班,2003-10-10,15724017960,20221009692@school.edu.cn
9693,20221009693,刘珺,女,大四,6班,2003-09-17,18843724391,20221009693@school.edu.cn
9694,20221009694,彭明霖,男,大四,11班,2004-12-16,15304656346,20221009694@school.edu.cn
9695,20221009695,彭二,男,大四,11班,2003-09-25,18805667284,20221009695@school.edu.cn
9696,20221009696,袁奕驰,女,大四,11班,2004-02-07,13193485659,20221009696@school.edu.cn
9697,20221009697,徐婕辰,男,大四,4班,2004-08-09,15290593956,20221009697@school.edu.cn
9698,20221009698,周宸瑜,男,大四,7班,2004-03-03,13620201301,20221009698@school.edu.cn
9699,20221009699,傅莹珏,男,大四,10班,2004-01-09,17781194337,20221009699@school.edu.cn
9700,20221009700,梁佳,女,大四,1班,2003-07-17,15928305749,20221009700@school.edu.cn
9701,20221009701,宋珺一,男,大四,6班,2004-02-20,15298985164,20221009701@school.edu.cn
9702,20221009702,赵芸晨,女,大四,10班,2004-01-31,13677053125,20221009702@school.edu.cn
9703,20221009703,袁锦娜,女,大四,12班,2004-04-09,13888758806,20221009703@school.edu.cn
9704,20221009704,傅锦晟,女,大四,10班,2004-01-31,15294582593,20221009704@school.edu.cn
9705,20221009705,邓嫣御,女,大四,2班,2004-11-08,18012201832,20221009705@school.edu.cn
9706,20221009706,刘三斌,男,大四,8班,2003-12-22,18047964292,20221009706@school.edu.cn
9707,20221009707,沈宥,女,大四,4班,2003-11-08,17527893449,20221009707@school.edu.cn
9708,20221009708,李五珏,女,大四,3班,2003-11-25,17382891380,20221009708@school.edu.cn
9709,20221009709,谢启,男,大四,10班,2003-05-19,17603427901,20221009709@school.edu.cn
9710,20221009710,张依扬,男,大四,3班,2004-09-20,13861125723,20221009710@school.edu.cn
9711,20221009711,谢明悦,男,大四,6班,2003-10-17,15203136609,20221009711@school.edu.cn
9712,20221009712,朱雅凝,男,大四,5班,2004-09-30,15591932707,20221009712@school.edu.cn
9713,20221009713,杨序瑾,女,大四,3班,2004-12-16,18392137067,20221009713@school.edu.cn
9714,20221009714,周瑶珊,女,大四,5班,2004-08-27,15327536073,20221009714@school.edu.cn
9715,20221009715,曾浩,男,大四,11班,2003-05-05,13213159045,20221009715@school.edu.cn
9716,20221009716,唐琳琪,男,大四,4班,2003-06-13,13243144602,20221009716@school.edu.cn
9717,20221009717,于婕翎,女,大四,10班,2003-10-23,18853924703,20221009717@school.edu.cn
9718,20221009718,何林晨,女,大四,10班,2003-12-25,15683904266,20221009718@school.edu.cn
9719,20221009719,罗颖萌,女,大四,8班,2004-06-02,13840174228,20221009719@school.edu.cn
9720,20221009720,程序凝,男,大四,12班,2004-04-13,17339469977,20221009720@school.edu.cn
9721,20221009721,袁姝七,女,大四,7班,2004-11-15,18518100797,20221009721@school.edu.cn
9722,20221009722,刘曜琪,男,大四,1班,2004-07-29,13649454324,20221009722@school.edu.cn
9723,20221009723,邓雪霄,男,大四,9班,2003-07-19,13798031276,20221009723@school.edu.cn
9724,20221009724,吴序祺,男,大四,5班,2004-05-24,17817086912,20221009724@school.edu.cn
9725,20221009725,郑梓晟,男,大四,1班,2004-01-12,17877793573,20221009725@school.edu.cn
9726,20221009726,傅彤,男,大四,4班,2004-12-19,18720688821,20221009726@school.edu.cn
9727,20221009727,唐琳,女,大四,12班,2003-06-20,18241830460,20221009727@school.edu.cn
9728,20221009728,冯祺芷,男,大四,11班,2003-10-19,15299518081,20221009728@school.edu.cn
9729,20221009729,曾锦,女,大四,9班,2003-06-08,15183197813,20221009729@school.edu.cn
9730,20221009730,高佳,女,大四,9班,2004-08-31,13961154427,20221009730@school.edu.cn
9731,20221009731,沈露煜,女,大四,4班,2004-02-25,13542862301,20221009731@school.edu.cn
9732,20221009732,徐奕二,女,大四,2班,2004-07-30,15096863650,20221009732@school.edu.cn
9733,20221009733,吕芸,男,大四,3班,2003-08-02,13487596307,20221009733@school.edu.cn
9734,20221009734,邓泓辰,男,大四,7班,2003-03-29,18299569962,20221009734@school.edu.cn
9735,20221009735,黄霖渝,男,大四,7班,2003-08-30,17823367953,20221009735@school.edu.cn
9736,20221009736,郑三磊,女,大四,6班,2004-07-17,15523780631,20221009736@school.edu.cn
9737,20221009737,邓婕博,男,大四,12班,2004-08-11,18081839936,20221009737@school.edu.cn
9738,20221009738,朱星,男,大四,3班,2004-11-09,15843674599,20221009738@school.edu.cn
9739,20221009739,刘浩涵,女,大四,4班,2004-04-01,13150509538,20221009739@school.edu.cn
9740,20221009740,胡宥,女,大四,12班,2003-09-17,15550399268,20221009740@school.edu.cn
9741,20221009741,孙瑞蕾,女,大四,8班,2003-04-09,15386014617,20221009741@school.edu.cn
9742,20221009742,陈茗,男,大四,1班,2004-03-10,18248394972,20221009742@school.edu.cn
9743,20221009743,曹曜,女,大四,8班,2003-03-23,18645226755,20221009743@school.edu.cn
9744,20221009744,杨沁宁,男,大四,7班,2003-10-23,15320465700,20221009744@school.edu.cn
9745,20221009745,林语妍,男,大四,6班,2004-11-15,17376019856,20221009745@school.edu.cn
9746,20221009746,吴宸志,男,大四,2班,2004-11-01,15759394283,20221009746@school.edu.cn
9747,20221009747,许琛瑜,女,大四,6班,2003-06-01,13711803849,20221009747@school.edu.cn
9748,20221009748,胡雨,男,大四,10班,2003-04-14,15297227653,20221009748@school.edu.cn
9749,20221009749,彭语磊,男,大四,10班,2004-04-24,13394026857,20221009749@school.edu.cn
9750,20221009750,萧五轩,女,大四,1班,2003-09-26,18765508297,20221009750@school.edu.cn
9751,20221009751,梁嫣焱,男,大四,1班,2004-09-24,13814768301,20221009751@school.edu.cn
9752,20221009752,邓翊潇,女,大四,7班,2003-01-17,13928672206,20221009752@school.edu.cn
9753,20221009753,梁清,男,大四,3班,2004-03-19,17565710397,20221009753@school.edu.cn
9754,20221009754,傅景三,男,大四,11班,2004-02-26,13696032266,20221009754@school.edu.cn
9755,20221009755,陈欣萱,男,大四,10班,2003-02-26,17567395755,20221009755@school.edu.cn
9756,20221009756,朱宸,男,大四,4班,2003-09-05,15663809306,20221009756@school.edu.cn
9757,20221009757,吕璇轩,男,大四,5班,2004-11-27,15119912428,20221009757@school.edu.cn
9758,20221009758,杨婷五,男,大四,7班,2004-04-25,18895609176,20221009758@school.edu.cn
9759,20221009759,何八骞,女,大四,3班,2004-10-18,17772818151,20221009759@school.edu.cn
9760,20221009760,唐嘉琳,女,大四,11班,2004-03-18,18517734677,20221009760@school.edu.cn
9761,20221009761,邓瑜,女,大四,1班,2004-10-28,13769393121,20221009761@school.edu.cn
9762,20221009762,周明焱,男,大四,8班,2003-01-06,15170460573,20221009762@school.edu.cn
9763,20221009763,王曜坤,女,大四,11班,2003-07-24,15885271285,20221009763@school.edu.cn
9764,20221009764,高语五,男,大四,1班,2004-08-07,18952951588,20221009764@school.edu.cn
9765,20221009765,王清宇,男,大四,7班,2004-01-22,13627827695,20221009765@school.edu.cn
9766,20221009766,陈二,男,大四,3班,2004-02-17,13305371697,20221009766@school.edu.cn
9767,20221009767,林四怡,女,大四,4班,2004-07-09,17522481685,20221009767@school.edu.cn
9768,20221009768,袁腾悦,女,大四,11班,2004-03-11,15033982170,20221009768@school.edu.cn
9769,20221009769,黄九驰,男,大四,8班,2003-05-20,17760632079,20221009769@school.edu.cn
9770,20221009770,冯林铠,女,大四,2班,2004-08-12,17637640288,20221009770@school.edu.cn
9771,20221009771,孙宸瑾,女,大四,3班,2004-05-05,18049589540,20221009771@school.edu.cn
9772,20221009772,于渲九,男,大四,10班,2003-02-16,18520886982,20221009772@school.edu.cn
9773,20221009773,吴妍,女,大四,3班,2003-08-29,18649262779,20221009773@school.edu.cn
9774,20221009774,吴七睿,男,大四,1班,2004-07-19,13827716657,20221009774@school.edu.cn
9775,20221009775,吕奚,男,大四,3班,2004-03-10,15371297232,20221009775@school.edu.cn
9776,20221009776,李涵浩,女,大四,10班,2004-11-13,18780113941,20221009776@school.edu.cn
9777,20221009777,冯文,男,大四,7班,2003-10-29,17334846034,20221009777@school.edu.cn
9778,20221009778,宋淇,女,大四,8班,2004-02-22,18686554692,20221009778@school.edu.cn
9779,20221009779,罗文可,男,大四,6班,2003-05-03,17717846852,20221009779@school.edu.cn
9780,20221009780,许清恺,男,大四,4班,2003-06-26,17605888676,20221009780@school.edu.cn
9781,20221009781,胡彦睿,女,大四,7班,2004-08-25,15155796826,20221009781@school.edu.cn
9782,20221009782,赵颖,男,大四,11班,2003-07-23,15574285063,20221009782@school.edu.cn
9783,20221009783,何彤希,女,大四,4班,2003-04-20,15792721126,20221009783@school.edu.cn
9784,20221009784,黄子,女,大四,3班,2004-07-23,17711397201,20221009784@school.edu.cn
9785,20221009785,曹泽八,女,大四,4班,2003-05-02,18782723104,20221009785@school.edu.cn
9786,20221009786,曾珂,女,大四,8班,2003-07-12,13460830980,20221009786@school.edu.cn
9787,20221009787,周淇诺,男,大四,4班,2004-12-01,17864539388,20221009787@school.edu.cn
9788,20221009788,何序函,女,大四,2班,2004-03-11,17648010027,20221009788@school.edu.cn
9789,20221009789,罗语航,男,大四,1班,2004-12-28,15123714159,20221009789@school.edu.cn
9790,20221009790,韩睿子,男,大四,4班,2003-09-14,13874969971,20221009790@school.edu.cn
9791,20221009791,郭泽腾,男,大四,2班,2004-09-11,18106813198,20221009791@school.edu.cn
9792,20221009792,吴奚,女,大四,7班,2004-12-30,15821652476,20221009792@school.edu.cn
9793,20221009793,周睿洁,女,大四,5班,2003-12-08,17655231538,20221009793@school.edu.cn
9794,20221009794,马沁,男,大四,1班,2004-06-17,13168943806,20221009794@school.edu.cn
9795,20221009795,徐露,男,大四,8班,2004-08-08,18617979791,20221009795@school.edu.cn
9796,20221009796,曹琳琪,男,大四,11班,2003-03-29,13578702589,20221009796@school.edu.cn
9797,20221009797,梁岚,女,大四,11班,2004-06-27,13564227026,20221009797@school.edu.cn
9798,20221009798,郑三蕾,男,大四,2班,2003-12-15,18847509364,20221009798@school.edu.cn
9799,20221009799,林佳,男,大四,10班,2003-07-07,18225901424,20221009799@school.edu.cn
9800,20221009800,张语,女,大四,11班,2003-01-09,18195441382,20221009800@school.edu.cn
9801,20221009801,徐浩六,女,大四,6班,2003-01-31,15072102965,20221009801@school.edu.cn
9802,20221009802,谢嫣骞,男,大四,6班,2004-03-04,15517599304,20221009802@school.edu.cn
9803,20221009803,董瑜诺,男,大四,8班,2004-11-08,18860008643,20221009803@school.edu.cn
9804,20221009804,徐曜,男,大四,2班,2003-05-06,13818699897,20221009804@school.edu.cn
9805,20221009805,吕腾,女,大四,4班,2003-08-05,15916984904,20221009805@school.edu.cn
9806,20221009806,何五一,女,大四,3班,2004-02-25,15908521459,20221009806@school.edu.cn
9807,20221009807,郭欣宇,女,大四,1班,2003-05-18,18285156777,20221009807@school.edu.cn
9808,20221009808,黄宸蓉,女,大四,1班,2004-09-06,15745086949,20221009808@school.edu.cn
9809,20221009809,程珂锴,女,大四,7班,2004-02-16,13248317494,20221009809@school.edu.cn
9810,20221009810,何文,男,大四,3班,2004-01-28,17684759627,20221009810@school.edu.cn
9811,20221009811,宋语九,女,大四,7班,2003-04-12,17621891890,20221009811@school.edu.cn
9812,20221009812,傅浩希,男,大四,2班,2004-04-04,15891309963,20221009812@school.edu.cn
9813,20221009813,朱沁磊,女,大四,5班,2003-11-23,17586988883,20221009813@school.edu.cn
9814,20221009814,曾珺轩,男,大四,1班,2004-12-29,17767314270,20221009814@school.edu.cn
9815,20221009815,罗腾四,男,大四,9班,2004-05-19,13904079461,20221009815@school.edu.cn
9816,20221009816,董琛娜,女,大四,10班,2004-02-25,18705085490,20221009816@school.edu.cn
9817,20221009817,胡羽七,男,大四,1班,2004-08-28,18821638598,20221009817@school.edu.cn
9818,20221009818,李林衡,女,大四,2班,2004-01-24,18172830353,20221009818@school.edu.cn
9819,20221009819,王语志,男,大四,12班,2003-03-11,13925444231,20221009819@school.edu.cn
9820,20221009820,胡姝,女,大四,5班,2004-03-21,18607590284,20221009820@school.edu.cn
9821,20221009821,梁思霖,女,大四,5班,2003-01-04,17521406333,20221009821@school.edu.cn
9822,20221009822,周乐腾,男,大四,7班,2004-04-01,18330026766,20221009822@school.edu.cn
9823,20221009823,杨菲芷,男,大四,8班,2004-08-30,15116200365,20221009823@school.edu.cn
9824,20221009824,李子,女,大四,12班,2003-11-22,13974000798,20221009824@school.edu.cn
9825,20221009825,程霖磊,女,大四,9班,2004-02-17,13519561545,20221009825@school.edu.cn
9826,20221009826,黄琛,女,大四,3班,2004-03-10,17865017063,20221009826@school.edu.cn
9827,20221009827,罗婕,女,大四,6班,2003-05-09,15513018000,20221009827@school.edu.cn
9828,20221009828,于序,女,大四,6班,2003-07-14,15771991193,20221009828@school.edu.cn
9829,20221009829,沈三蕾,男,大四,11班,2003-11-20,15985256564,20221009829@school.edu.cn
9830,20221009830,韩七蕾,女,大四,11班,2004-12-11,18820968031,20221009830@school.edu.cn
9831,20221009831,林依,女,大四,3班,2003-05-11,13747910813,20221009831@school.edu.cn
9832,20221009832,朱瑞博,男,大四,9班,2003-11-04,13077674412,20221009832@school.edu.cn
9833,20221009833,孙羽衡,男,大四,11班,2004-08-11,18206969468,20221009833@school.edu.cn
9834,20221009834,林昭,男,大四,12班,2004-03-07,18072055838,20221009834@school.edu.cn
9835,20221009835,朱渲睿,男,大四,5班,2004-01-21,15216150785,20221009835@school.edu.cn
9836,20221009836,梁九,男,大四,6班,2003-10-30,17647139113,20221009836@school.edu.cn
9837,20221009837,曾莹璐,男,大四,6班,2004-07-11,15706360821,20221009837@school.edu.cn
9838,20221009838,胡博馥,男,大四,12班,2003-07-14,18330985587,20221009838@school.edu.cn
9839,20221009839,袁筱悦,女,大四,1班,2004-04-07,17780961953,20221009839@school.edu.cn
9840,20221009840,徐腾,男,大四,11班,2004-01-20,13019671125,20221009840@school.edu.cn
9841,20221009841,胡瑶,女,大四,9班,2003-07-03,18880916304,20221009841@school.edu.cn
9842,20221009842,于奚,女,大四,12班,2003-05-20,13808577012,20221009842@school.edu.cn
9843,20221009843,韩雨,女,大四,9班,2003-07-26,18313121041,20221009843@school.edu.cn
9844,20221009844,吴乐琪,女,大四,10班,2003-08-15,18735966230,20221009844@school.edu.cn
9845,20221009845,袁颖骐,男,大四,2班,2003-07-20,15593077222,20221009845@school.edu.cn
9846,20221009846,刘序琪,女,大四,6班,2003-07-18,15792079801,20221009846@school.edu.cn
9847,20221009847,吕菲,女,大四,3班,2003-06-23,17879875122,20221009847@school.edu.cn
9848,20221009848,程婕腾,女,大四,12班,2003-05-14,13841240238,20221009848@school.edu.cn
9849,20221009849,林林子,男,大四,10班,2003-12-30,15528962199,20221009849@school.edu.cn
9850,20221009850,马瑜珊,女,大四,1班,2003-07-15,15120118652,20221009850@school.edu.cn
9851,20221009851,周睿,男,大四,9班,2003-06-06,13724513169,20221009851@school.edu.cn
9852,20221009852,赵沁,男,大四,12班,2003-05-18,13040169242,20221009852@school.edu.cn
9853,20221009853,高瑾,男,大四,8班,2003-08-16,18794538584,20221009853@school.edu.cn
9854,20221009854,徐乐雯,男,大四,10班,2004-07-24,17685217994,20221009854@school.edu.cn
9855,20221009855,黄泽,男,大四,8班,2004-12-04,17806932566,20221009855@school.edu.cn
9856,20221009856,朱姝焱,女,大四,4班,2003-08-27,18855305334,20221009856@school.edu.cn
9857,20221009857,孙奚,女,大四,4班,2003-09-20,17741370561,20221009857@school.edu.cn
9858,20221009858,刘宁驰,男,大四,2班,2003-03-30,13159227279,20221009858@school.edu.cn
9859,20221009859,曾若熙,男,大四,3班,2003-03-21,17565167133,20221009859@school.edu.cn
9860,20221009860,曹欣颖,男,大四,8班,2004-05-09,13610767582,20221009860@school.edu.cn
9861,20221009861,林乐磊,女,大四,5班,2004-07-30,17773819439,20221009861@school.edu.cn
9862,20221009862,许涵晨,女,大四,9班,2003-06-16,18934361662,20221009862@school.edu.cn
9863,20221009863,郭文,男,大四,1班,2003-08-11,17320246251,20221009863@school.edu.cn
9864,20221009864,李妍珂,女,大四,4班,2003-09-27,15699117106,20221009864@school.edu.cn
9865,20221009865,黄宸磊,女,大四,9班,2004-02-25,15915702742,20221009865@school.edu.cn
9866,20221009866,宋雨婧,男,大四,12班,2004-10-18,18080755828,20221009866@school.edu.cn
9867,20221009867,张三熙,男,大四,6班,2003-04-01,17301124046,20221009867@school.edu.cn
9868,20221009868,吕凯,男,大四,3班,2003-10-21,18376893785,20221009868@school.edu.cn
9869,20221009869,何婕瑜,男,大四,2班,2003-05-02,18983901056,20221009869@school.edu.cn
9870,20221009870,傅杰,女,大四,6班,2003-09-15,17356451829,20221009870@school.edu.cn
9871,20221009871,孙乐博,女,大四,5班,2004-03-09,18848129961,20221009871@school.edu.cn
9872,20221009872,刘一瑜,男,大四,9班,2004-05-25,15518171656,20221009872@school.edu.cn
9873,20221009873,袁杰三,女,大四,9班,2004-10-09,18073107843,20221009873@school.edu.cn
9874,20221009874,傅嫣,男,大四,2班,2003-11-04,17550725535,20221009874@school.edu.cn
9875,20221009875,谢昭九,女,大四,12班,2003-02-09,15970825968,20221009875@school.edu.cn
9876,20221009876,冯梓,男,大四,11班,2003-09-22,13165143117,20221009876@school.edu.cn
9877,20221009877,张菲霄,男,大四,5班,2003-02-14,15104447387,20221009877@school.edu.cn
9878,20221009878,冯筱钰,女,大四,6班,2003-05-13,15079634832,20221009878@school.edu.cn
9879,20221009879,沈瑞颖,女,大四,12班,2003-09-12,17390094311,20221009879@school.edu.cn
9880,20221009880,沈翊,女,大四,9班,2003-09-16,13488347567,20221009880@school.edu.cn
9881,20221009881,谢昭昊,男,大四,8班,2003-01-23,17666681743,20221009881@school.edu.cn
9882,20221009882,宋三晟,男,大四,2班,2003-07-11,18341785112,20221009882@school.edu.cn
9883,20221009883,曹序三,女,大四,12班,2003-12-23,17887648984,20221009883@school.edu.cn
9884,20221009884,杨婕,男,大四,4班,2003-03-21,18861787020,20221009884@school.edu.cn
9885,20221009885,谢景,女,大四,7班,2003-11-06,15237794390,20221009885@school.edu.cn
9886,20221009886,孙瑜,女,大四,7班,2004-10-17,18607755569,20221009886@school.edu.cn
9887,20221009887,曹瑶,男,大四,7班,2003-12-07,17808406909,20221009887@school.edu.cn
9888,20221009888,高锦宁,男,大四,11班,2003-05-25,17715642193,20221009888@school.edu.cn
9889,20221009889,董璇,女,大四,5班,2003-05-02,18771731823,20221009889@school.edu.cn
9890,20221009890,何佳,男,大四,10班,2004-08-14,15620445270,20221009890@school.edu.cn
9891,20221009891,孙翊,男,大四,2班,2004-02-17,13689323981,20221009891@school.edu.cn
9892,20221009892,袁乐,男,大四,7班,2004-04-19,18626250582,20221009892@school.edu.cn
9893,20221009893,徐璇煜,男,大四,4班,2004-03-22,15736850878,20221009893@school.edu.cn
9894,20221009894,梁晨昊,女,大四,1班,2004-04-17,18735405349,20221009894@school.edu.cn
9895,20221009895,朱露,女,大四,9班,2003-09-09,13010055766,20221009895@school.edu.cn
9896,20221009896,许菲锴,男,大四,11班,2003-05-08,13659919122,20221009896@school.edu.cn
9897,20221009897,程浩,女,大四,8班,2004-11-04,18044927891,20221009897@school.edu.cn
9898,20221009898,周语八,男,大四,5班,2004-10-28,18224033873,20221009898@school.edu.cn
9899,20221009899,曹博希,女,大四,10班,2003-06-22,13604525723,20221009899@school.edu.cn
9900,20221009900,程曜峻,男,大四,9班,2003-05-18,15016107706,20221009900@school.edu.cn
9901,20221009901,黄九,男,大四,11班,2004-02-08,13274506741,20221009901@school.edu.cn
9902,20221009902,曾睿琪,女,大四,7班,2004-01-03,13782142594,20221009902@school.edu.cn
9903,20221009903,彭颖文,女,大四,1班,2004-07-30,15558236157,20221009903@school.edu.cn
9904,20221009904,曹雪斌,女,大四,9班,2004-02-01,13877966504,20221009904@school.edu.cn
9905,20221009905,董杰扬,女,大四,8班,2003-06-24,15784666982,20221009905@school.edu.cn
9906,20221009906,陈若七,女,大四,11班,2004-09-23,18337809876,20221009906@school.edu.cn
9907,20221009907,郑若子,女,大四,3班,2003-08-21,18652450367,20221009907@school.edu.cn
9908,20221009908,宋沁扬,男,大四,10班,2004-11-14,17309953383,20221009908@school.edu.cn
9909,20221009909,郭雪琪,男,大四,2班,2003-05-05,17803301181,20221009909@school.edu.cn
9910,20221009910,林雅然,男,大四,3班,2003-03-26,18537115653,20221009910@school.edu.cn
9911,20221009911,袁奕霄,女,大四,6班,2003-03-25,18804163690,20221009911@school.edu.cn
9912,20221009912,杨曜二,男,大四,7班,2004-06-30,13351978177,20221009912@school.edu.cn
9913,20221009913,林彦渝,男,大四,10班,2004-02-08,15382128403,20221009913@school.edu.cn
9914,20221009914,马瑞衡,女,大四,6班,2003-01-08,13540355339,20221009914@school.edu.cn
9915,20221009915,彭筱博,男,大四,9班,2003-12-05,15075924000,20221009915@school.edu.cn
9916,20221009916,孙七辰,女,大四,7班,2003-05-22,17752404240,20221009916@school.edu.cn
9917,20221009917,沈沁萱,男,大四,4班,2004-07-02,18644207947,20221009917@school.edu.cn
9918,20221009918,于梓,男,大四,11班,2004-01-15,15029113563,20221009918@school.edu.cn
9919,20221009919,陈姝,男,大四,11班,2004-11-10,18347188492,20221009919@school.edu.cn
9920,20221009920,韩涵二,男,大四,5班,2004-07-16,18155061987,20221009920@school.edu.cn
9921,20221009921,郭凯渝,男,大四,4班,2003-06-01,18588922437,20221009921@school.edu.cn
9922,20221009922,曾霖,女,大四,11班,2003-04-03,17376577108,20221009922@school.edu.cn
9923,20221009923,郑星扬,女,大四,8班,2004-03-29,13659630256,20221009923@school.edu.cn
9924,20221009924,于雪,男,大四,6班,2003-03-10,17374101670,20221009924@school.edu.cn
9925,20221009925,黄婷焱,女,大四,11班,2004-08-16,18957363164,20221009925@school.edu.cn
9926,20221009926,周博凝,男,大四,8班,2003-11-29,17576962911,20221009926@school.edu.cn
9927,20221009927,郑清悦,女,大四,11班,2004-05-04,17676756573,20221009927@school.edu.cn
9928,20221009928,刘瑞博,男,大四,10班,2003-01-02,18957649115,20221009928@school.edu.cn
9929,20221009929,萧昭浩,女,大四,10班,2003-06-25,15279149751,20221009929@school.edu.cn
9930,20221009930,彭七滢,女,大四,11班,2003-11-30,13475649114,20221009930@school.edu.cn
9931,20221009931,彭沁四,男,大四,1班,2003-01-10,15789780850,20221009931@school.edu.cn
9932,20221009932,周莹,男,大四,8班,2003-07-14,18310847753,20221009932@school.edu.cn
9933,20221009933,冯泓萌,男,大四,8班,2004-09-30,15775168291,20221009933@school.edu.cn
9934,20221009934,程博恺,男,大四,7班,2004-12-19,13982611950,20221009934@school.edu.cn
9935,20221009935,傅筱,女,大四,6班,2003-06-26,17830391622,20221009935@school.edu.cn
9936,20221009936,于晨,男,大四,1班,2004-10-11,18730313653,20221009936@school.edu.cn
9937,20221009937,陈若文,女,大四,9班,2004-06-14,15303507097,20221009937@school.edu.cn
9938,20221009938,黄宁,男,大四,2班,2003-06-09,13373507146,20221009938@school.edu.cn
9939,20221009939,曾霖珏,男,大四,3班,2004-05-09,13558396045,20221009939@school.edu.cn
9940,20221009940,曹子萌,女,大四,9班,2003-11-30,15108120195,20221009940@school.edu.cn
9941,20221009941,胡露坤,男,大四,9班,2003-03-06,18982750460,20221009941@school.edu.cn
9942,20221009942,朱宥昊,女,大四,2班,2003-07-20,17898673547,20221009942@school.edu.cn
9943,20221009943,朱昭,男,大四,6班,2004-10-01,13342666121,20221009943@school.edu.cn
9944,20221009944,黄宸,男,大四,1班,2004-04-01,15718465261,20221009944@school.edu.cn
9945,20221009945,陈八茹,男,大四,5班,2004-03-17,13430876843,20221009945@school.edu.cn
9946,20221009946,罗志,女,大四,6班,2003-06-22,13952015026,20221009946@school.edu.cn
9947,20221009947,高茗,女,大四,1班,2003-08-09,13023732882,20221009947@school.edu.cn
9948,20221009948,许序婧,男,大四,7班,2003-09-28,13525588928,20221009948@school.edu.cn
9949,20221009949,朱瑜三,男,大四,3班,2004-07-21,13101851957,20221009949@school.edu.cn
9950,20221009950,萧奚悦,女,大四,7班,2004-11-16,17766623866,20221009950@school.edu.cn
9951,20221009951,董六扬,男,大四,3班,2004-05-31,18358111114,20221009951@school.edu.cn
9952,20221009952,杨子阳,女,大四,11班,2003-05-06,13685903890,20221009952@school.edu.cn
9953,20221009953,孙嘉亦,男,大四,2班,2003-09-20,17751473710,20221009953@school.edu.cn
9954,20221009954,赵晨萱,女,大四,12班,2003-11-01,13469474435,20221009954@school.edu.cn
9955,20221009955,林欣峻,男,大四,3班,2003-08-06,17635419700,20221009955@school.edu.cn
9956,20221009956,郭浩,男,大四,10班,2004-11-08,13786340156,20221009956@school.edu.cn
9957,20221009957,冯梓熙,男,大四,2班,2003-04-13,18290836318,20221009957@school.edu.cn
9958,20221009958,谢杰瑜,女,大四,5班,2003-02-20,15125241615,20221009958@school.edu.cn
9959,20221009959,朱彦晨,女,大四,3班,2004-08-16,18937383742,20221009959@school.edu.cn
9960,20221009960,袁嘉,女,大四,7班,2003-01-22,15944909908,20221009960@school.edu.cn
9961,20221009961,朱筱航,女,大四,5班,2004-05-15,15174363464,20221009961@school.edu.cn
9962,20221009962,彭五,男,大四,9班,2004-10-29,17764287566,20221009962@school.edu.cn
9963,20221009963,王浩琳,男,大四,11班,2003-05-18,17611659384,20221009963@school.edu.cn
9964,20221009964,傅奚渝,男,大四,9班,2003-10-28,17357890824,20221009964@school.edu.cn
9965,20221009965,杨四辰,女,大四,10班,2004-06-20,15669557411,20221009965@school.edu.cn
9966,20221009966,程婷,女,大四,9班,2004-06-17,13197366314,20221009966@school.edu.cn
9967,20221009967,吕依珂,女,大四,3班,2003-07-06,13334048020,20221009967@school.edu.cn
9968,20221009968,郑八怡,女,大四,2班,2003-01-31,18546836943,20221009968@school.edu.cn
9969,20221009969,冯杰霄,女,大四,5班,2003-02-05,15674571501,20221009969@school.edu.cn
9970,20221009970,赵若瑶,女,大四,10班,2004-04-25,18021966047,20221009970@school.edu.cn
9971,20221009971,王清宁,女,大四,12班,2003-11-15,18683894058,20221009971@school.edu.cn
9972,20221009972,徐晨,男,大四,6班,2003-03-17,18968364630,20221009972@school.edu.cn
9973,20221009973,郑一希,男,大四,8班,2003-04-15,17800164107,20221009973@school.edu.cn
9974,20221009974,朱珂,女,大四,3班,2003-06-16,13366554499,20221009974@school.edu.cn
9975,20221009975,黄语婧,男,大四,10班,2003-11-03,17792763900,20221009975@school.edu.cn
9976,20221009976,何泽涵,女,大四,6班,2003-08-19,15345844678,20221009976@school.edu.cn
9977,20221009977,宋清,男,大四,8班,2004-07-13,15841832940,20221009977@school.edu.cn
9978,20221009978,高一衡,男,大四,4班,2004-09-24,13728543778,20221009978@school.edu.cn
9979,20221009979,郭曜,男,大四,8班,2004-09-09,13088024833,20221009979@school.edu.cn
9980,20221009980,郑岚函,男,大四,8班,2003-03-25,13978184119,20221009980@school.edu.cn
9981,20221009981,周九霖,女,大四,11班,2004-11-17,18657511954,20221009981@school.edu.cn
9982,20221009982,朱宸,女,大四,8班,2003-06-30,13719173581,20221009982@school.edu.cn
9983,20221009983,沈八九,女,大四,4班,2003-11-10,15657923031,20221009983@school.edu.cn
9984,20221009984,高九宇,女,大四,10班,2004-06-28,18914905084,20221009984@school.edu.cn
9985,20221009985,赵岚,男,大四,6班,2003-11-05,18352379313,20221009985@school.edu.cn
9986,20221009986,吕曜钰,女,大四,3班,2004-01-06,18783508176,20221009986@school.edu.cn
9987,20221009987,周宸颖,女,大四,11班,2003-09-28,15256231926,20221009987@school.edu.cn
9988,20221009988,王璇,女,大四,11班,2003-02-05,15767914960,20221009988@school.edu.cn
9989,20221009989,曾泓,女,大四,12班,2004-12-06,18561458107,20221009989@school.edu.cn
9990,20221009990,胡淇,男,大四,3班,2004-11-08,13599065279,20221009990@school.edu.cn
9991,20221009991,吕景轩,女,大四,1班,2004-08-13,13520069236,20221009991@school.edu.cn
9992,20221009992,王四霖,女,大四,7班,2004-04-05,13123191830,20221009992@school.edu.cn
9993,20221009993,谢颖泽,女,大四,1班,2003-01-03,15331296183,20221009993@school.edu.cn
9994,20221009994,谢思驰,男,大四,12班,2003-03-21,15628745087,20221009994@school.edu.cn
9995,20221009995,张博蕾,男,大四,10班,2004-03-20,18158477390,20221009995@school.edu.cn
9996,20221009996,曹莹,女,大四,5班,2003-05-12,15362671664,20221009996@school.edu.cn
9997,20221009997,邓露文,男,大四,9班,2004-03-17,18040935668,20221009997@school.edu.cn
9998,20221009998,朱欣珊,男,大四,7班,2003-09-07,15896831704,20221009998@school.edu.cn
9999,20221009999,罗珂,男,大四,7班,2004-10-24,13853518409,20221009999@school.edu.cn
10000,20221010000,胡三焱,女,大四,5班,2003-11-06,15234248663,20221010000@school.edu.cn
